"","Row.names","logFC","AveExpr","t","P.Value","adj.P.Val","common_name"
"1",100,0.332583690985674,-1.36944644134841,2.86470674435069,0.00521730721549178,0.0468184673811236,"ADA"
"2",1000,-0.129932341035537,-0.125976955440498,-1.0350873316614,0.303460349908143,0.53245041749451,"CDH2"
"3",10000,-0.239528092910756,0.284606478721137,-2.10557361755444,0.0380866692705647,0.152068146115175,"AKT3"
"4",10001,0.139404181780713,-2.30572624836659,1.03412403744877,0.303907866530266,0.532815334122472,"MED6"
"5",10005,0.0367232226901341,-0.534200111303148,0.328156187993743,0.74357203121424,0.87149992888925,"ACOT8"
"6",10007,-0.268174565145199,2.95086275094742,-3.125397490853,0.00240470954612885,0.0313378072062397,"GNPDA1"
"7",10009,-0.0349005264324562,-3.58944558545806,-0.206401592422114,0.836953370089153,0.923462122165598,"ZBTB33"
"8",10010,0.137978219135989,-0.540348416198222,1.61729477659096,0.109388975240354,0.290888426261818,"TANK"
"9",10011,-0.0244488029996308,-0.738691795092561,-0.296975786584904,0.767183886341954,0.884184103072078,"SRA1"
"10",100131017,0.141369160374105,-1.82445839751575,1.13422800971819,0.259774986252781,0.488211532645307,"ZNF316"
"11",100131187,-0.111426679267241,0.672473267009422,-0.536414002233146,0.593024064986021,0.775619371592626,"TSTD1"
"12",100131755,-0.241049332445843,-2.34033993270304,-2.00896647812091,0.047601273062885,0.1757819296258,"ARMCX4"
"13",100131801,-0.158889275156139,-1.88961008639272,-1.30627193508926,0.194859437365131,0.413102101997987,"PET100"
"14",100132916,-0.340170411644305,-1.85445991621207,-1.23668130910022,0.21949125843578,0.440849916321603,"SHISAL2B"
"15",100137047,0.0183797870251732,-1.2162335838603,0.148137184274427,0.882572952937746,0.945580866666414,"JMJD7"
"16",10014,-0.208475110882836,-1.44673391192781,-1.9193112279697,0.0581810449518592,0.197760791131603,"HDAC5"
"17",10016,0.016944550521361,1.9132302837249,0.232700082516719,0.816533929356839,0.913515069820556,"PDCD6"
"18",10020,-0.245824872563805,1.54948651376259,-3.11602009384515,0.0024745625063209,0.0314919295715027,"GNE"
"19",10026,-0.0366048833120906,0.574816609582524,-0.399591771200806,0.690424093374728,0.836687677222918,"PIGK"
"20",100287932,-0.061813118354515,0.19084681873179,-0.589408578181313,0.557095352768562,0.746604655549695,"TIMM23"
"21",100288695,-0.0660225990936096,-6.23785821463884,-0.225353489701152,0.822226089569328,0.916073622397971,"LIMS4"
"22",100293534,0.164621585381456,1.05156051448954,0.76779966719764,0.444658758271384,0.660531330655798,"C4B_2"
"23",1003,0.0510033890928268,-0.584213320534177,0.417719186103795,0.677168516014386,0.828791285692059,"CDH5"
"24",100302736,-0.146485518478768,3.1686248814712,-2.23439740572023,0.0279868050508315,0.124990693230855,"TMED7-TICAM2"
"25",1004,-0.205950548005637,-1.75231282440171,-0.935467482972979,0.35210395478412,0.582223619198526,"CDH6"
"26",10040,-0.16944112470811,1.29800015618022,-1.96300839632559,0.0527991072528951,0.187179971057174,"TOM1L1"
"27",10042,-0.10889333551385,-5.00644649027222,-0.604650070885009,0.546965304329405,0.738999127883312,"HMGXB4"
"28",10043,-0.196426039822805,1.44997903282698,-2.13748098400259,0.0353284393430933,0.144563973791938,"TOM1"
"29",10048,-0.153105228819412,-0.805998246066141,-1.85657794324335,0.0667126302578612,0.215535124775744,"RANBP9"
"30",100505876,-0.0512264996799809,-0.80679205067891,-0.324970400911458,0.745973730233934,0.872511677548126,"CEBPZOS"
"31",100506658,0.617311391306389,0.0301518974806001,2.65350631103977,0.00944939129921385,0.0646167603470449,"OCLN"
"32",100526664,0.022478117259306,-1.60282836670063,0.153299974848558,0.878512224454137,0.943680826817466,"LY75-CD302"
"33",100526737,-0.00200099383498653,2.70950376238261,-0.030144876160287,0.976019679846682,0.989235269963496,"RBM14-RBM4"
"34",100527963,0.155201686664542,-5.40522629824119,0.72275259227083,0.47174578610352,0.682435926255811,"PMF1-BGLAP"
"35",100528030,-0.0835644785158633,-4.54621114030016,-0.31451682458816,0.753871999251859,0.877040623845321,"POC1B-GALNT4"
"36",100528062,-0.252154661977975,-1.84395830880424,-1.40043835342015,0.164893401587618,0.376111370845336,"ARMCX5-GPRASP2"
"37",100529261,0.0153679042007801,-0.000821810882782928,0.201435223415337,0.840822529799183,0.926041875835945,"CHURC1-FNTB"
"38",10053,-0.0673527985956588,1.57909019973095,-0.882729078418673,0.379784400274543,0.606558228172355,"AP1M2"
"39",100532731,-0.203242529784194,-0.324776190038892,-1.78921876206224,0.0770153733900807,0.234950478065763,"COMMD3-BMI1"
"40",100534599,0.0316268696739523,-0.85599803824526,0.335629178093079,0.737948283953678,0.868228669770729,"ISY1-RAB43"
"41",10055,-0.119771566185272,1.37823228810291,-1.46344917790979,0.146902485538961,0.350435293073048,"SAE1"
"42",10057,-0.273189939617991,1.34487167605842,-1.34303180905733,0.182710603073156,0.39825201763602,"ABCC5"
"43",10058,-0.39738940218052,0.41248027758002,-3.77695035790929,0.000287821527352654,0.0124665405411112,"ABCB6"
"44",10059,-0.273407220913426,2.2503373894131,-3.15142312588642,0.00222034179017643,0.0301514555489003,"DNM1L"
"45",10063,-0.31102794996224,2.07854026784809,-1.9876102796445,0.0499595849104711,0.18134354357213,"COX17"
"46",10067,-0.135391067169921,1.70620433767588,-1.577872208076,0.118178218702251,0.304014210559269,"SCAMP3"
"47",10072,0.187821845891632,2.20034017340743,2.33878258078599,0.021609228818391,0.106707519297895,"DPP3"
"48",10073,0.120538727540253,-0.766467347514571,1.24688090326308,0.215745191881349,0.436611931344451,"SNUPN"
"49",10078,-0.079844144602663,-0.52025907456066,-0.931270014076485,0.354258295977231,0.584369099894718,"TSSC4"
"50",10079,-0.346283958311955,3.01556534174116,-2.15659045178977,0.0337609201186827,0.140300966613727,"ATP9A"
"51",10081,-0.105844256272315,-2.30126183038127,-0.913160621928916,0.36364971625136,0.592888435469035,"PDCD7"
"52",10084,0.0270390411168218,0.779830766431279,0.224317442380716,0.823029595656589,0.916168962303254,"PQBP1"
"53",10085,-0.188672344237481,1.50406051659843,-1.36174656333062,0.176749190846187,0.390668539219984,"EDIL3"
"54",100885850,-0.0332659487741104,0.572917897671835,-0.423136732020578,0.67322638922581,0.826392920274963,"PTGES3L-AARSD1"
"55",1009,-0.329156196492811,-3.6079396649122,-1.51972879627137,0.132159150861809,0.326698698344658,"CDH11"
"56",10095,0.142716432983611,2.50230543686634,1.81523272754079,0.0728899284518986,0.226530825740635,"ARPC1B"
"57",10099,-0.0419739326665103,1.94568096686434,-0.208212679464477,0.835543394866491,0.922661007961489,"TSPAN3"
"58",100996928,-0.274952255956803,1.48585392574345,-2.73119064316599,0.0076220016515253,0.0572629695680077,"FMC1-LUC7L2"
"59",10101,0.18819130705639,0.0423605983090663,2.1589145632026,0.0335744652440341,0.139822636684877,"NUBP2"
"60",10102,-0.221533585765351,1.41064615140049,-2.44456362595139,0.016493825989723,0.0905537602190693,"TSFM"
"61",10105,0.441042211319328,1.30335389274657,3.28895398255296,0.00144622795916508,0.0247268724605995,"PPIF"
"62",10106,-0.128574020793426,-1.33213624755108,-0.996205629425897,0.321877944555207,0.5540334227737,"CTDSP2"
"63",10110,0.206506696401006,-2.34759354319273,1.01154024364618,0.314527373331077,0.545050541362549,"SGK2"
"64",1012,-0.168275093258359,-1.96849841458895,-0.627808764178366,0.531752814514311,0.726117636371266,"CDH13"
"65",10120,-0.105832100376313,0.20851106695449,-1.33878814123013,0.184083235079088,0.400230458919111,"ACTR1B"
"66",10128,-0.160267254852116,3.68278459118037,-1.95505125398978,0.0537463930030071,0.189160183630996,"LRPPRC"
"67",10129,-0.0318866127855615,-1.38995529120308,-0.336113656202543,0.737584181413635,0.868228669770729,"FRY"
"68",10130,0.120576990230414,3.95391424337729,1.24635290150122,0.215937957627843,0.436771511440024,"PDIA6"
"69",10133,-0.0653116149320269,-0.0905123712369652,-0.646781694267558,0.519454393296098,0.7173028270082,"OPTN"
"70",10135,0.271430800965979,3.17645387087101,1.72731396275677,0.0876148086357294,0.255031615465631,"NAMPT"
"71",10136,0.539044235934862,3.4815120087941,0.90530150763979,0.367774248705053,0.595583777731201,"CELA3A"
"72",10147,-0.0614142316953182,0.0859393156897468,-0.629697004885668,0.530522147839146,0.725405422908593,"SUGP2"
"73",10149,-0.229520965550233,-1.83046278759247,-1.4731466196331,0.144274602575409,0.346820894761681,"ADGRG2"
"74",10150,0.0507041750195414,1.99802462363556,0.680428172575433,0.498017267485698,0.702181483804106,"MBNL2"
"75",10152,-0.311083361829165,-0.272055374145907,-3.00094971030712,0.00350005957429906,0.038294769459978,"ABI2"
"76",10154,-0.413079295410827,-1.43920445003426,-2.60500985756212,0.0107831484089532,0.0699650792115803,"PLXNC1"
"77",10156,-0.264959763075594,0.37141881791687,-1.71332890893408,0.0901681755862571,0.259230268432941,"RASA4"
"78",10157,-0.174594640855528,-0.287769556430083,-1.75831797071424,0.0821653966397045,0.244228186234628,"AASS"
"79",10159,-0.366522821122613,1.73375041864002,-3.2894219231118,0.00144409054941019,0.0247268724605995,"ATP6AP2"
"80",10160,0.440446316228166,-0.137639869125894,4.61155992331223,1.34565902952241e-05,0.00247454902057905,"FARP1"
"81",10162,0.155476100187159,1.80338538028431,1.87675711906294,0.063860651406762,0.209389251247171,"LPCAT3"
"82",10166,0.247033490435455,-0.502681740104534,1.84961315297972,0.0677214266307164,0.217289135734102,"SLC25A15"
"83",1017,0.0886733496743692,-1.47673592127662,0.766814004579939,0.445241623183024,0.661039463738486,"CDK2"
"84",10171,0.202618758067197,-0.77581984634083,3.14803024808382,0.00224360723313818,0.0302001342039521,"RCL1"
"85",10174,-0.144397022667552,0.738967456072943,-1.68062996742595,0.0963764022554984,0.269257331381087,"SORBS3"
"86",10179,-0.0104452844618632,-0.706307530908183,-0.1068883422044,0.915120532642167,0.96115842391472,"RBM7"
"87",10180,-0.0901777567987566,-0.594795540299936,-0.815722929921079,0.416858069750504,0.637120227123654,"RBM6"
"88",10188,-0.0798827339622252,-1.67860396751324,-0.72151188645195,0.472504699905891,0.682890004243551,"TNK2"
"89",10189,-0.0252079840230044,2.4424025241407,-0.266712819990876,0.790313419902794,0.898061921277611,"ALYREF"
"90",1019,-0.211275226313717,0.847827016097071,-2.26558280849377,0.0259275264395067,0.119476844809078,"CDK4"
"91",10190,-0.211553682682297,0.00495778132514377,-1.90438462174099,0.0601226695690476,0.200998336500444,"TXNDC9"
"92",101928527,-0.205460355014178,-1.2253902181092,-1.60503359726364,0.11206445374736,0.29505948471814,"PIGBOS1"
"93",10193,0.0610946306322055,-1.30989441599447,0.58179637358769,0.562189277379654,0.750808917440452,"RNF41"
"94",10195,0.0669164603987146,-0.958140778841364,0.563283357125403,0.574672466725644,0.761437114569203,"ALG3"
"95",10196,-0.060412014031288,-3.17047426160014,-0.416677843273392,0.67792729452775,0.828791285692059,"PRMT3"
"96",10197,0.186670305286363,1.06637641282232,2.164075279594,0.0331636404294545,0.138663777217978,"PSME3"
"97",10199,-0.318401986787606,-0.389973194859482,-2.2045019579093,0.0300941247503002,0.130434985715375,"MPHOSPH10"
"98",102,0.261234666245094,1.55850166458866,3.30321215149387,0.00138241464077202,0.0241583227008428,"ADAM10"
"99",1020,-0.20982650595872,0.532085203835112,-2.72217496777865,0.00781617149519386,0.0578717257388419,"CDK5"
"100",10200,-0.0780599341750855,-0.792333268422257,-0.654667824974368,0.514386806771567,0.713360946253857,"MPHOSPH6"
"101",10201,-0.20807462483337,-3.55236936549654,-0.87000755234978,0.386660007429593,0.611995648685622,"NME6"
"102",10202,0.179641236867145,-1.69416502531329,0.663689231121199,0.508621915182853,0.709688864603854,"DHRS2"
"103",10204,0.167145984377153,2.65229762000475,1.24266612522601,0.217287462254126,0.437746714460424,"NUTF2"
"104",10209,0.0326970480286921,-0.184052144057591,0.233157488922701,0.816179851557777,0.913424604319081,"EIF1"
"105",1021,0.0165583705903141,0.0448854920128726,0.181048820852283,0.856745019452608,0.933552446192102,"CDK6"
"106",102157402,0.303746994451803,-0.726209485850408,1.20512745707405,0.231380468573371,0.453392086927994,"AK6"
"107",10216,0.128396225757842,0.194638738191288,0.463842588066818,0.643904290976374,0.810725033438561,"PRG4"
"108",1022,0.152568592859437,-1.15192411727217,1.77838212266303,0.0787901201193176,0.238116079415249,"CDK7"
"109",10226,0.469487821620162,1.77565695210726,2.86057158502374,0.00527987906646331,0.0471730679911962,"PLIN3"
"110",10227,0.218810895656528,0.502637847437377,1.64122210145975,0.104315891637086,0.282439763065034,"MFSD10"
"111",102288414,0.164182922722354,-0.540694250647012,1.4182750767472,0.159637331338286,0.367813040448348,"C11orf98"
"112",10229,0.030948645248658,0.478414589980731,0.364379176385328,0.716447798907404,0.853894483435659,"COQ7"
"113",10237,0.189723552715051,-0.0167670363274545,1.72723994401133,0.0876281650402436,0.255031615465631,"SLC35B1"
"114",10239,-0.264867281721249,1.18691012032423,-2.28998102379809,0.0244105412809081,0.115160569742389,"AP3S2"
"115",10241,-0.149261541017021,-1.97258572764524,-1.29549542304544,0.198532794949735,0.416755914979985,"CALCOCO2"
"116",10244,-0.061352430262667,-0.0818844575372577,-0.700373008646458,0.485539456142854,0.692232161712013,"RABEPK"
"117",10247,0.487525516855407,0.265003407223551,2.90451878423726,0.00464881680264612,0.043831701282092,"RIDA"
"118",10248,0.117420492401526,-0.916146227951645,1.11623573682614,0.267355769859741,0.495859367109168,"POP7"
"119",10250,0.175321721276634,0.621147005170631,1.27537995967674,0.205526835821634,0.423756707515347,"SRRM1"
"120",10254,0.030366555352196,0.229375908062228,0.359114145320652,0.720368748981901,0.856405845680981,"STAM2"
"121",10257,0.193962710944488,-0.745787390071593,1.55227434384135,0.124180842975678,0.313929989367675,"ABCC4"
"122",1026,-0.0867090276344089,-1.58039029403271,-0.38125145930805,0.70393434032355,0.844886386567452,"CDKN1A"
"123",10260,0.108181030797794,-0.629566295405231,1.34050709632151,0.183526299033479,0.39932095833658,"DENND4A"
"124",10262,-0.0281236113196591,0.440551357968617,-0.288709166329935,0.773482005039928,0.887407952698145,"SF3B4"
"125",1027,-0.35807192468513,-2.95171955940358,-1.81730822645126,0.0725688589272714,0.225876093354763,"CDKN1B"
"126",10270,0.0988540185375125,-0.488826696806445,0.893706898324308,0.373913072350424,0.600177415817704,"AKAP8"
"127",102724560,0.305372483012367,-1.0584944064179,1.27000486079161,0.207426206428986,0.426098412001713,"LOC102724560"
"128",102724594,0.0803371906712695,2.26717923340069,0.906784858965125,0.366993512347995,0.59509215548263,"LOC102724594"
"129",10277,0.00646242396313151,-0.442624126880942,0.0746797275652549,0.940638807904512,0.973289834852144,"UBE4B"
"130",1028,0.0595969797901934,-2.13732261476365,0.299528287682966,0.765242337608307,0.883403699123526,"CDKN1C"
"131",10280,0.0343793911261223,-0.0264496310650685,0.432095631504182,0.666727398902229,0.823580755576953,"SIGMAR1"
"132",102800317,-0.0262648076932193,-0.818075780797242,-0.272029883211053,0.786235387390386,0.895876548697361,"TPTEP2-CSNK1E"
"133",10282,-0.0853268027050396,-0.324943062086274,-0.719393577106426,0.4738020044767,0.684120607734177,"BET1"
"134",10283,0.0189247229666276,-1.08272629905142,0.225111994221675,0.822413364376446,0.916073622397971,"CWC27"
"135",10285,0.156687299434654,-0.179351338988007,1.36605177348396,0.175398894572944,0.389154797028386,"SMNDC1"
"136",10286,-0.0431210151775321,0.678909665943715,-0.544111411354794,0.587738922348719,0.772327447094078,"BCAS2"
"137",1029,-0.186502235062743,-1.65708892101402,-1.21352404331482,0.228172186809841,0.449788956720271,"CDKN2A"
"138",10295,0.0978172512145054,0.900731338610789,1.37617486481355,0.172254723475185,0.385893858854574,"BCKDK"
"139",10296,0.0021860727170937,-1.6515677638564,0.0302158447082381,0.975963241552847,0.989235269963496,"MAEA"
"140",10300,-0.00610590814519751,-1.7282579998974,-0.0432736061417793,0.965581335560051,0.984998876128901,"KATNB1"
"141",1031,0.0732478473962891,-0.353487799862462,0.700057643437583,0.485735405750023,0.692232161712013,"CDKN2C"
"142",10311,-0.121844730425407,-0.75868729911468,-1.35131259663128,0.180054391854993,0.394001375117984,"VPS26C"
"143",10312,0.60853923938815,-1.0973943655146,3.4176876816754,0.000957864617190629,0.0211183556826811,"TCIRG1"
"144",10314,0.209767428800666,2.12977593187217,2.51842291785347,0.0135937630493382,0.0794812600591229,"LANCL1"
"145",10317,-0.129054388002221,-0.432133461049924,-0.74187769494936,0.460134207020283,0.675186173246593,"B3GALT5"
"146",10319,0.048710006072963,0.174628613526134,0.2246778329055,0.822750073474888,0.916157307070461,"LAMC3"
"147",10322,0.311898713649508,-0.238715033749485,2.74737033145532,0.0072845341408458,0.0556125255678004,"SMYD5"
"148",10325,-0.252402694472736,-3.44980977541916,-1.54737689252676,0.125356395604898,0.315947748225816,"RRAGB"
"149",10327,0.142518489855165,5.11538019015316,1.65067664775086,0.102364458870787,0.279250243799506,"AKR1A1"
"150",10328,0.0774153578446062,1.37954958416588,0.925006317636198,0.357488836106535,0.587487677649775,"EMC8"
"151",10330,-0.157687659875652,3.36252780959179,-1.86513920915562,0.0654898701631728,0.212798741694841,"CNPY2"
"152",10331,0.275365104874224,-2.7384334248179,1.37827754191975,0.17160705629952,0.385268511911651,"B3GNT3"
"153",10342,-0.0166031651257281,3.19780350728549,-0.171176319525096,0.864477579023649,0.937196089308147,"TFG"
"154",10346,0.16136739657833,-1.11942433797823,1.27459565181913,0.205803178804606,0.424039214388934,"TRIM22"
"155",10347,-0.15856912556604,-0.186392558866007,-2.02591368079297,0.0457981889959002,0.171095121154495,"ABCA7"
"156",10351,-0.160782288762491,-4.77064129004059,-0.505851904270348,0.614223711695956,0.791540025695943,"ABCA8"
"157",10352,-0.0552267040447248,0.314322921170961,-0.655508801665349,0.513847946117425,0.713360946253857,"WARS2"
"158",10360,0.249339811689369,-1.96311083242723,2.03888996965763,0.0444574410594256,0.167719590179935,"NPM3"
"159",10361,-0.191067313414825,0.437816459109717,-1.51016142824504,0.134579807359077,0.330817323816586,"NPM2"
"160",10362,-0.224761607090872,-0.340674533846495,-1.82113612932055,0.071979789544985,0.224726321580426,"HMG20B"
"161",10363,-0.105845980568623,-0.675108833811227,-1.17058067246903,0.244923270400717,0.470351385965054,"HMG20A"
"162",10367,0.0164168888236613,-0.4479272662142,0.203053157988672,0.839561607631089,0.92533100180783,"MICU1"
"163",10376,0.419201157222055,-1.56201407944373,1.26972117449355,0.207526809835827,0.426162448568854,"TUBA1B"
"164",10379,-0.0218100094194984,-2.89906962094661,-0.148527113325667,0.882266148103176,0.945580866666414,"IRF9"
"165",10381,-0.0402156146703088,3.89209861662213,-0.360777129818718,0.719129484518875,0.855595420813502,"TUBB3"
"166",10382,0.47191533321431,-1.99490674697243,1.65571701119549,0.101336255314041,0.277555526603118,"TUBB4A"
"167",10383,0.0325854552875224,5.66207515736075,0.357661165108032,0.721452129257673,0.856906038751294,"TUBB4B"
"168",10384,-0.113201998555945,-1.98515315280827,-0.895371323572754,0.373027891014261,0.599452114377766,"BTN3A3"
"169",10389,-0.160528971357911,-1.48685076083451,-0.948152342591858,0.345644875660318,0.5770541607892,"SCML2"
"170",10390,0.185649766879088,2.08769833519566,2.14552273394098,0.0346612489588595,0.142881629354922,"CEPT1"
"171",10391,-0.330577341466706,0.379315679417692,-2.1743667878051,0.0323574199645109,0.136501610819359,"CORO2B"
"172",103910,0.247713794098376,3.84815407099618,2.28068752520614,0.0249788975020942,0.117062269637609,"MYL12B"
"173",10393,0.0314626471955675,-1.7396615892098,0.24590136377087,0.80633042988048,0.908529184747043,"ANAPC10"
"174",10396,-0.420667194463539,2.38834824200633,-2.64126214440978,0.00977121564196245,0.0659798917605781,"ATP8A1"
"175",10397,0.110626222763413,1.12264950589966,0.899462664060045,0.370857633781956,0.597617263364044,"NDRG1"
"176",10398,0.0137762266021233,1.6547556410893,0.0789532731240779,0.937248804286844,0.973289834852144,"MYL9"
"177",10399,0.307055209810553,4.19972142175934,3.31885631319594,0.0013154411717228,0.0238975233062856,"RACK1"
"178",104,-0.18031512793991,-2.51947545407608,-0.819657763971673,0.414622683737386,0.634518713656446,"ADARB1"
"179",10402,-0.443656309639498,0.00844825011986633,-2.58719596069331,0.0113143292314211,0.0717657248454083,"ST3GAL6"
"180",10404,-0.243130541912874,3.32736488358671,-1.92608894898099,0.0573170584127007,0.196569231507533,"CPQ"
"181",10409,0.385784391508622,-3.05787916595602,1.48292488910076,0.14166207125666,0.343006624604883,"BASP1"
"182",1041,-0.270083797534755,-2.10393269427019,-1.45882302239281,0.148169161356068,0.351947147433127,"CDSN"
"183",10410,0.733761276638215,-2.8567991354452,4.31054261443187,4.22829785725306e-05,0.0043095858207076,"IFITM3"
"184",10412,0.25779160694592,-1.07825459221771,1.90670060928259,0.0598178754979833,0.20038402595138,"NSA2"
"185",10413,0.592485897629843,-0.991254094449532,3.24529647794501,0.00165921100070171,0.0270138915711064,"YAP1"
"186",10417,-0.228392982127213,-1.50535556206438,-1.42093110966687,0.158865807293698,0.367004277052733,"SPON2"
"187",10422,-0.00264154704177388,-0.86962202221941,-0.0322831685727434,0.974319240946328,0.988818039174696,"UBAC1"
"188",10423,0.0435451444754986,2.26574508120653,0.457138995686663,0.648696126416177,0.814752777561386,"CDIPT"
"189",10425,-0.0337684545528403,-0.63992150510698,-0.442947956823754,0.658888853588262,0.820503100694817,"ARIH2"
"190",10428,0.00110500001527147,-0.594550075129793,0.0107620240760678,0.991437640254,0.995166677985127,"CFDP1"
"191",10434,0.173504725264677,2.69967613367243,1.78571278417305,0.0775858956514971,0.236104227817992,"LYPLA1"
"192",10436,0.192349391932443,1.01620119496466,2.43628230158203,0.0168512503318476,0.0912912396618538,"EMG1"
"193",10437,0.296965629782089,-0.0817317063689904,1.17936344861157,0.241427811603291,0.465415800132224,"IFI30"
"194",10438,-0.0125158037342457,-1.97220316100242,-0.084292341102196,0.933015203881437,0.971145891372607,"C1D"
"195",10444,0.320040975082784,-2.78427097232453,1.85359584491543,0.0671430131094536,0.216224456697705,"ZER1"
"196",10445,0.0650889366405452,-1.57974857944426,0.512255255736623,0.609753900656942,0.787764563719703,"MCRS1"
"197",10447,-0.146903226420926,2.56057896708124,-2.00214364431132,0.0483441371773624,0.177792878367076,"FAM3C"
"198",10449,-0.0674251877583742,3.75622364640116,-0.858295001224041,0.393058142518692,0.616873147220591,"ACAA2"
"199",10450,-0.000745735635576644,0.182056235266341,-0.00921634050957803,0.992667361346139,0.995749675427782,"PPIE"
"200",10451,-0.182916768978315,-2.54916984786944,-0.861681071585026,0.391201785064248,0.615849334886985,"VAV3"
"201",10452,-0.115430997880091,1.50323571818397,-1.4961934388978,0.138176308312514,0.337093076479416,"TOMM40"
"202",10457,0.463154457138769,-0.555103258815092,1.59243944610649,0.114866982548143,0.299258717691216,"GPNMB"
"203",10458,-0.322569447040625,-0.211667357441014,-3.12055328188761,0.00244056195922841,0.0313566510209802,"BAIAP2"
"204",10463,-0.424305826208525,1.34394509955923,-4.92407596017928,3.92665224854802e-06,0.00155180695354026,"SLC30A9"
"205",10464,0.160219880537204,-0.607106365909084,1.62978479486893,0.106716617111811,0.286762852674897,"PIBF1"
"206",1047,-0.70603849727323,-0.265145185092925,-4.4583831534138,2.42252761520071e-05,0.00330432766713377,"CLGN"
"207",10471,-0.153567816152374,-1.81769287669122,-0.965326751003671,0.337022938343019,0.569404568001501,"PFDN6"
"208",10473,0.12700229675275,-0.0897841115234259,0.781288623725856,0.436726761582209,0.653971422930374,"HMGN4"
"209",10475,0.0948721319576054,-2.58182006899753,0.475660062092565,0.635493624579516,0.806978924056059,"TRIM38"
"210",10476,-0.175731713799737,3.47090344149571,-2.59491202938513,0.0110814133293825,0.0708298186108962,"ATP5PD"
"211",10479,0.0120268409469213,-1.22935089508119,0.0818134239270193,0.934980622755736,0.972764076938182,"SLC9A6"
"212",10486,0.0379341088704402,0.136743683484765,0.452800614152918,0.651805191027321,0.816985963350153,"CAP2"
"213",10489,-0.0100421261494048,-0.213944692277601,-0.12509694729275,0.900731745326399,0.953071648531288,"LRRC41"
"214",10490,-0.268011821700587,0.857393585223178,-4.27787276028729,4.77527845479251e-05,0.00444963171635853,"VTI1B"
"215",10491,-0.0946859416973214,-0.665826162793179,-0.780348063617414,0.437277142647896,0.653997831767248,"CRTAP"
"216",10493,-0.357707989990272,6.4410603516719,-3.0798045514537,0.00276244324063668,0.033443543611495,"VAT1"
"217",10497,0.191286684298096,-1.47367120235326,1.50131792058355,0.136848196056027,0.334651086610317,"UNC13B"
"218",10498,0.123871344683235,0.0871121437658663,1.72997929958083,0.0871349705335183,0.254196379887719,"CARM1"
"219",10499,0.0817925614733004,-1.8384015554409,0.730430330255585,0.46706470559962,0.679595987446408,"NCOA2"
"220",1051,0.0724156042816317,-0.385992030856387,0.422906558489218,0.673393692461981,0.826392920274963,"CEBPB"
"221",10514,0.245193987804676,0.862613816793534,3.0216987965684,0.00329004719591538,0.0373968697935715,"MYBBP1A"
"222",10519,0.380031587533389,-0.768484698761579,2.74063851835822,0.0074232512378941,0.0562546299539824,"CIB1"
"223",1052,0.230027462935242,-2.80935209214967,1.87539730972202,0.0640495656220987,0.209749244936431,"CEBPD"
"224",10525,-0.266442308348604,4.57145522286363,-3.04294129964779,0.00308718331832602,0.0360442209601365,"HYOU1"
"225",10529,-0.313648613058958,0.899427305128182,-2.92367365846502,0.004396135643682,0.0427630437098576,"NEBL"
"226",10531,-0.0124457860563416,1.72569238221883,-0.133906217257323,0.893782080883601,0.950291774201202,"PITRM1"
"227",10534,0.418112715117093,0.496868772420365,3.44226345216164,0.000884388257518793,0.0204074252806404,"ZNRD2"
"228",10535,0.136246160983299,-1.61191662367063,0.825348186300058,0.411402726431489,0.631771312193265,"RNASEH2A"
"229",10536,-0.155228112714265,-2.65362046493426,-1.03215137999625,0.304825692879205,0.533814579997877,"P3H3"
"230",10540,-0.074662990123342,2.71600536554151,-0.926443824768423,0.356745769951035,0.586895077984308,"DCTN2"
"231",10541,0.0138793166719355,3.58719229492958,0.1559074239136,0.876462595749995,0.942471213901067,"ANP32B"
"232",10542,-0.123277569419207,-1.51531774203876,-0.726976811857516,0.469167050624565,0.680469602252736,"LAMTOR5"
"233",10544,-0.118708611680343,-0.0539590318529184,-0.85366080737391,0.395607545325282,0.619290771029477,"PROCR"
"234",10548,0.133514965445027,0.668211432494123,1.43170748867568,0.155764908382504,0.363223083340464,"TM9SF1"
"235",10549,0.280216323063649,2.96905300253897,1.77701362385887,0.0790166309880822,0.238214185169376,"PRDX4"
"236",10551,0.993702931224997,1.81293354186163,2.55652239939069,0.0122845738181191,0.0750275762145425,"AGR2"
"237",10553,-0.0397092642353418,0.830478135921387,-0.500461707875099,0.617997639447565,0.794401991817624,"HTATIP2"
"238",10554,-0.140256663712971,0.800566167623296,-1.55311914328881,0.123978950215855,0.313608466189637,"AGPAT1"
"239",10555,0.115990448284199,0.00031998469322029,1.00827458508078,0.316083269109892,0.547115699155524,"AGPAT2"
"240",10556,-0.000788707722134463,-0.634848286756839,-0.0109741978835873,0.991268839718719,0.995159983348626,"RPP30"
"241",10558,0.13149478730204,1.0290114288565,1.87473817891623,0.0641413054326623,0.209749244936431,"SPTLC1"
"242",10559,-0.413086519957296,-2.21643092132767,-3.01718340233656,0.0033347305616128,0.0375570205269347,"SLC35A1"
"243",10562,1.10567311771301,0.0324634520502162,2.0252170765331,0.045871133785105,0.171263393657527,"OLFM4"
"244",10567,-0.149828769644486,0.0394705703679816,-1.64140112748065,0.104278663197204,0.282439763065034,"RABAC1"
"245",10569,0.00631157765606671,-2.6560851680763,0.0470159070234402,0.962606939053519,0.983470179471702,"SLU7"
"246",10570,-0.232109642292174,-0.132639269457284,-1.75279550621154,0.08311506329121,0.24597890958604,"DPYSL4"
"247",10573,-0.243730102251569,0.142336709320231,-3.09436582298156,0.00264314359317874,0.0323245890872799,"MRPL28"
"248",10577,0.0366007723447908,0.308644702474585,0.285759587396942,0.775732912353696,0.888776213555321,"NPC2"
"249",10579,-0.192852749733189,-0.348015221354766,-1.96204637632951,0.0529128748720242,0.18730059167502,"TACC2"
"250",10580,0.100886299717972,0.214881513942491,0.955321917641018,0.342028346710722,0.573598358500112,"SORBS1"
"251",10585,-0.286642896117489,-1.12945730641753,-2.47168393174733,0.0153702409711917,0.0865527881478666,"POMT1"
"252",10587,0.0567129277156222,1.3896566842801,0.706044379266071,0.482023034811984,0.690207416850278,"TXNRD2"
"253",10588,-0.222414894315244,1.79698247532838,-2.67288281744953,0.0089597089846576,0.0624922642348545,"MTHFS"
"254",10589,-0.0872819760054915,-0.00755354105458327,-1.0537873765825,0.294861130867422,0.524098640404201,"DRAP1"
"255",10590,-0.798625738164342,5.35987944451254,-4.15787987943174,7.43129819083706e-05,0.0059238062721244,"SCGN"
"256",10591,0.234078130323094,1.30040060410524,2.19325861092662,0.0309218407790974,0.132878786862621,"DNPH1"
"257",1060,0.108491903581907,-0.829101586446607,1.29248444472391,0.199568285390643,0.417501750418461,"CENPC"
"258",10602,-0.164730898628219,-4.22821238156848,-0.700537791790195,0.485437086788823,0.692232161712013,"CDC42EP3"
"259",10605,0.10933368664134,0.610678324808931,1.51605465701802,0.133084662328492,0.328325424988859,"PAIP1"
"260",10607,0.0990735345185546,-0.096844301098051,1.21020725189926,0.229435639443089,0.451027104932196,"TBL3"
"261",10609,-0.201120704318005,-1.10832565104167,-1.45641285296522,0.148832437530172,0.352676537868357,"P3H4"
"262",10611,0.104185953382883,1.93033401787559,1.42043580173703,0.159009466134704,0.367055322728399,"PDLIM5"
"263",10612,-0.13691524207235,-0.14828905888539,-1.59361426396045,0.114603205446642,0.298971961227292,"TRIM3"
"264",10613,-0.1664228617653,0.457166080457104,-2.15830802799525,0.0336230387336069,0.139822636684877,"ERLIN1"
"265",10614,-0.0463351725287682,-1.57769230692107,-0.38070678367558,0.704337054234894,0.845204465081872,"HEXIM1"
"266",10617,0.0840924839766108,-0.440013502061081,1.05110484883386,0.296084386681855,0.524795254245806,"STAMBP"
"267",10618,-0.185431188353719,0.830774784728577,-2.64583855175891,0.00964978484440593,0.0653756946743527,"TGOLN2"
"268",10625,0.197038780259273,-0.847067856343283,1.58938860347719,0.115554245020876,0.300157408353,"IVNS1ABP"
"269",10628,-0.0116763501504535,-3.24639499236696,-0.0550344770673928,0.95623558149485,0.980714041634095,"TXNIP"
"270",10629,0.0168029782428543,-1.12192419115863,0.179314274457533,0.858102599352851,0.934311836131916,"TAF6L"
"271",10632,-0.278794997162147,3.91747272450076,-1.99566550891666,0.0490586145146014,0.179248270993535,"ATP5MG"
"272",10636,-0.357262082011096,-4.81770791918168,-1.2134255574315,0.228209629899018,0.449788956720271,"RGS14"
"273",10641,-0.0380858712446805,-1.02210228781002,-0.360951497477466,0.718999588283633,0.855595420813502,"NPRL2"
"274",10644,0.079665375686795,-0.536583039329534,0.449807529331286,0.653953758803889,0.818175330521457,"IGF2BP2"
"275",10653,-0.152381454393766,0.569676990584734,-1.32207811021587,0.189563708361095,0.406975180804617,"SPINT2"
"276",10656,-0.128411458671438,0.0573935689992854,-1.23180598695643,0.22129853082478,0.443174676085645,"KHDRBS3"
"277",10659,-0.344340503943876,-0.275420497789474,-2.16710960460536,0.0329241377883349,0.138321942330458,"CELF2"
"278",1066,0.691765116622882,0.173752371108258,2.16555681243439,0.0330465125947591,0.138456992700772,"CES1"
"279",10667,0.0162321213946712,-0.822968759396667,0.153931379782404,0.878015821558545,0.943332944639655,"FARS2"
"280",10671,-0.134972931275274,-0.0602380431634432,-1.60974660129159,0.111029895731615,0.293624084446639,"DCTN6"
"281",10678,0.191401432070991,-2.0086691227171,1.29756829071873,0.197822251104983,0.416402046488505,"B3GNT2"
"282",10682,0.190225574750324,0.611451245507188,1.80040718013632,0.0752179124630449,0.231538388514629,"EBP"
"283",10687,-0.440998008949957,-0.818504565889847,-3.58954637603812,0.000544019051287658,0.0159788570937447,"PNMA2"
"284",1069,-0.19248948283464,-0.527333847345093,-1.53495440682425,0.128377787599183,0.320586624030468,"CETN2"
"285",10693,0.0202427354684831,-2.92089095437122,0.102415465033793,0.918659605965401,0.963721186363978,"CCT6B"
"286",10695,-0.186676682314112,0.190461436473734,-1.83364790231896,0.070082099119559,0.221733981647347,"CNPY3"
"287",107080638,-0.231114972526831,-2.63703570201174,-1.11927103380593,0.26606615638806,0.494686408566694,"TBC1D7-LOC100130357"
"288",10714,-0.0202864816185917,-1.66527332310956,-0.169505042631961,0.865787922539471,0.937626302433223,"POLD3"
"289",10715,0.48033209385293,-4.12811370760487,1.59374231238677,0.114574484573991,0.298971961227292,"CERS1"
"290",10717,-0.0650233863096246,-1.5071659647582,-0.503104192627038,0.616146222996154,0.792686128013077,"AP4B1"
"291",1072,0.148212286645937,4.62116279397916,2.00054477575141,0.0485196460257194,0.178088889749119,"CFL1"
"292",10723,0.16277729694885,0.188802860128648,1.83309415544177,0.0701651952207612,0.221882518426086,"SLC12A7"
"293",10724,0.165873810703808,-0.253470321859788,1.88054500162484,0.0633368785933561,0.20867512657328,"OGA"
"294",10725,-0.212280379914759,-2.48913845309243,-1.60733733105432,0.111557795858225,0.294512581065715,"NFAT5"
"295",10726,-0.0184551224397085,3.00755722942907,-0.236205873631654,0.813821078413892,0.911623868542594,"NUDC"
"296",10728,0.00832289643958339,1.46193773908113,0.103920482799112,0.917468604616443,0.963130202691248,"PTGES3"
"297",1073,-0.0329936243894795,0.291076612850464,-0.306719775488984,0.759780263616368,0.880908813388226,"CFL2"
"298",10741,0.207260073682138,1.1942586615442,3.02306385301701,0.00327664847460757,0.0373830266489615,"RBBP9"
"299",10743,0.0573249318216082,-1.06356720797015,0.439248029745254,0.661557056308706,0.821820532092094,"RAI1"
"300",10746,-0.147183467059277,-0.917982738214809,-1.72884805477603,0.0873383633547207,0.254550272683417,"MAP3K2"
"301",1075,0.455614199735913,0.549890260122837,3.59042054773357,0.000542431481013579,0.0159788570937447,"CTSC"
"302",10755,0.232718020003409,0.0062891433927124,3.44016393846522,0.000890451569468596,0.0204218015027656,"GIPC1"
"303",10758,-0.00397572476692654,-1.65754989897692,-0.041105759834822,0.967304574482116,0.985937475617939,"TRAF3IP2"
"304",10763,-0.0398868051883889,0.92699914513517,-0.228001103159717,0.820173597294377,0.915313734580525,"NES"
"305",10765,0.0458998862086741,-0.586538134349133,0.415398684811011,0.678859813181366,0.829717549443892,"KDM5B"
"306",10771,-0.157491352141206,-2.0509753945881,-1.05327686538455,0.295093662632278,0.524098640404201,"ZMYND11"
"307",10785,0.174391455140988,-1.38821212323401,1.70084642641635,0.092498349442232,0.263215664375383,"WDR4"
"308",10788,0.778678454902308,1.09027338136244,2.69062695426411,0.00853161868995169,0.0608212259220947,"IQGAP2"
"309",10791,-0.259350940696203,-2.02346608326542,-1.67681996651852,0.0971218766840125,0.270478257298761,"VAMP5"
"310",10797,0.325291140617678,-0.293331054153248,2.04264748629168,0.0440755483519553,0.166870833688684,"MTHFD2"
"311",10799,0.251025553760812,-2.88335206510122,1.34179586764758,0.18310957460698,0.398764830367451,"RPP40"
"312",1080,0.637086211942582,-1.04699780340403,1.93533966414735,0.0561553621572548,0.194077484752945,"CFTR"
"313",10801,0.356449665631966,2.06678779349914,3.04690555946781,0.00305063388190776,0.0358026592106115,"SEPTIN9"
"314",10802,0.187613360096211,0.699659738715769,2.51393182927009,0.0137560731267219,0.080184973268584,"SEC24A"
"315",10807,0.197107743441065,-2.30837873624523,1.36583209296674,0.175467605636559,0.389154797028386,"ENTR1"
"316",10808,-0.0809297044057722,2.20491704496944,-1.04689051843176,0.298013125545581,0.527261611704856,"HSPH1"
"317",10809,0.0743257709583007,2.78712172192202,0.724335848157345,0.470778334848466,0.681397591056397,"STARD10"
"318",10810,-0.29408932497067,-1.95828423051764,-2.22745988050892,0.028463951595593,0.126419489792872,"WASF3"
"319",10813,0.131648206271286,-1.0778308177101,1.39320907982919,0.167061059937793,0.379021697870457,"UTP14A"
"320",10814,-0.372460035246339,-0.109291611705274,-1.92691361013833,0.0572126794279044,0.196404600854853,"CPLX2"
"321",10815,-0.256584113241433,-2.82605690845283,-1.30273627971691,0.196058995253454,0.414108266348745,"CPLX1"
"322",10840,0.703692690592659,-0.392919915504088,2.31703941163889,0.0228201444518593,0.110990528245256,"ALDH1L1"
"323",10841,-0.652267083286808,-0.0693537002045927,-2.92160846101054,0.00442275668975279,0.0428860672380768,"FTCD"
"324",10845,0.194301325665675,0.82551289284911,2.64985021321276,0.00954446619186701,0.0648770027526907,"CLPX"
"325",10848,0.456659328319157,-0.162048254231337,3.01273578469505,0.00337929213030343,0.0377129001741862,"PPP1R13L"
"326",10849,0.0476144026533222,-0.996990312730385,0.496330916079139,0.620896761968801,0.796490744876254,"POLR1G"
"327",10857,-0.125299949452231,3.49820116723805,-1.75406763224019,0.0828955050518344,0.245565931471119,"PGRMC1"
"328",10867,-0.0773454226328392,-1.96334329734276,-0.410130322388172,0.682705758834378,0.832594466069027,"TSPAN9"
"329",10868,-0.00736833344158372,-2.78424630361979,-0.0361778818628031,0.971222350218318,0.98714402809075,"USP20"
"330",10873,-0.22231138888823,-0.082263426590039,-2.1148328948749,0.0372676843017363,0.149901078796892,"ME3"
"331",10882,-0.568556521470086,-3.39562758913189,-1.73227331246415,0.0867237107631688,0.253601780211687,"C1QL1"
"332",10884,-0.231274127420535,0.824922711434342,-2.69526157443347,0.00842291142184067,0.0603969980224977,"MRPS30"
"333",10898,-0.0501675179664747,-2.4080734493073,-0.301929484306354,0.763417246227964,0.883123832896201,"CPSF4"
"334",10899,-0.126807185008117,-1.37691706001341,-0.857661753605277,0.393405911753898,0.616909804958338,"JTB"
"335",10900,-0.433436806118322,0.16626864807699,-3.98029326456548,0.000141065452010984,0.00857286875686556,"RUNDC3A"
"336",10901,-0.176618961422504,1.31057131293593,-1.25613092834147,0.212388567239024,0.431098222788733,"DHRS4"
"337",10902,-0.149918815090011,0.697856557579598,-1.45913020545793,0.148084790155781,0.351894867199451,"BRD8"
"338",10905,-0.163866460684927,0.269542008036338,-2.4029407104692,0.0183612321582393,0.0963922401124775,"MAN1A2"
"339",10906,-0.00901493261412889,-1.05901829134299,-0.0967068342973675,0.923178816688837,0.965820960769743,"TRAFD1"
"340",10908,-0.176578453693435,0.69980825487176,-1.99541726021496,0.0490861723925278,0.179248270993535,"PNPLA6"
"341",10916,-0.077603505926054,0.390547120575536,-0.672833508616733,0.502813847948799,0.704814836105282,"MAGED2"
"342",10919,-0.0861698207383588,-1.46935527165114,-0.609887626551042,0.543505767058375,0.737075915323032,"EHMT2"
"343",10920,-0.057872198702595,0.908376498096606,-0.685278447177301,0.494966973121027,0.699238279253149,"COPS8"
"344",10923,0.0861623039706212,1.50743557309313,0.855999727770166,0.394319570402141,0.617886523874782,"SUB1"
"345",10924,-0.0296256392766306,0.141442439804717,-0.145138695749416,0.884932825552976,0.945896179452007,"SMPDL3A"
"346",10927,-0.0311957126271909,-1.2065833882707,-0.307517433221616,0.75917517151642,0.880706332029443,"SPIN1"
"347",10928,0.0162213330083075,-1.07294157971796,0.198157566488024,0.843378211124148,0.927186290892624,"RALBP1"
"348",10929,-0.0245277177513388,-3.30611138137167,-0.154220369943824,0.877788637261448,0.943253966300904,"SRSF8"
"349",10930,-0.200367185886121,1.00786470243562,-1.09557749353865,0.276248986029948,0.504497553184117,"APOBEC2"
"350",10933,-0.0625656049283086,0.0079797361315127,-0.739514604026495,0.461560065088788,0.676469837515516,"MORF4L1"
"351",10935,-0.193156077166471,5.78589371848223,-2.79126802234747,0.00643648370951385,0.0522600646028322,"PRDX3"
"352",10944,-0.0338346842733888,0.4307747381189,-0.262619153866069,0.793457132788419,0.899896504260036,"C11orf58"
"353",10947,-0.0303260144450628,-1.36530634640181,-0.237104575199925,0.813126009459196,0.911623868542594,"AP3M2"
"354",10948,0.0309292101722169,-2.5250537949799,0.206187498565027,0.837120082660927,0.923480062432202,"STARD3"
"355",10949,-0.0513182391089555,3.00979296146785,-0.732229542265239,0.465971535925763,0.679233027867924,"HNRNPA0"
"356",10951,-0.106030707299214,1.76472516051032,-1.13335926459925,0.260137506122121,0.488215240003485,"CBX1"
"357",10952,0.255286713300678,3.50419857415749,1.61181131645411,0.110579089433226,0.29255795299187,"SEC61B"
"358",10953,-0.209381405979298,1.73357745584528,-2.38943477007103,0.0190064094396454,0.0988417244607568,"TOMM34"
"359",10954,0.390074740682301,1.15429452586105,3.30307619832086,0.00138301043872697,0.0241583227008428,"PDIA5"
"360",10959,-0.193769750147167,3.27589995756356,-2.4598939473841,0.015849996378071,0.0882086486039672,"TMED2"
"361",10960,0.216593831375276,3.28642817204539,2.38374956074192,0.0192839672197553,0.0996338306354022,"LMAN2"
"362",10961,-0.128352911735817,4.64201728559459,-1.29342485605605,0.199244443202364,0.417268393110248,"ERP29"
"363",10963,-0.0608208500048795,4.21541399976842,-0.764306943960534,0.446726151261548,0.662225207548263,"STIP1"
"364",10969,0.140760071585766,0.149302355717986,1.41624252574166,0.160229690785834,0.368900915995291,"EBNA1BP2"
"365",10971,-0.0840381017258105,5.07824138342186,-1.08041230907495,0.282906710560311,0.510805858138485,"YWHAQ"
"366",10972,-0.0508648543023131,4.84233214986588,-0.697447048107398,0.487359148038279,0.692713313325601,"TMED10"
"367",10978,0.148498048500394,-0.246461158058434,1.98502053721358,0.0502522265872099,0.181868022872815,"CLP1"
"368",10979,-0.00286960878102205,1.52324803778992,-0.0258911770099802,0.979402680121987,0.989691674836351,"FERMT2"
"369",10981,0.20129477698007,-0.183652045087274,1.61313130544225,0.110291656577373,0.292175307756546,"RAB32"
"370",10982,-0.265933033064267,1.25104997958751,-3.35223901119238,0.00118257748495883,0.0231342601003081,"MAPRE2"
"371",10985,0.239698755941435,2.05180901749341,3.42981485892429,0.000920916252969147,0.0207108340230079,"GCN1"
"372",11000,-0.0439259414826255,-0.130063494446553,-0.490011147000547,0.625343779571368,0.800029053513201,"SLC27A3"
"373",11001,-0.201839842232252,-0.645467699170735,-2.05181839926585,0.0431552764340398,0.164322014114228,"SLC27A2"
"374",11011,0.100712249661347,-1.08828562095983,1.07811532193535,0.283924684821802,0.511965251303237,"TLK2"
"375",11017,-0.0396053808949577,-0.412811085327716,-0.353756789000314,0.724366146625964,0.858000657659237,"SNRNP27"
"376",11018,0.0156608212403424,1.78684939073146,0.190655254605285,0.849234249742637,0.930724696866094,"TMED1"
"377",11019,-0.898117899880831,-2.24149015568651,-4.78792882588841,6.74969238017044e-06,0.00165718447317945,"LIAS"
"378",11020,-0.219066119344497,0.383930136453155,-2.90698979218206,0.00461548547185959,0.0437864757747669,"IFT27"
"379",11022,-0.193550995920014,-1.447612734195,-2.00044735796951,0.0485303572066419,0.178088889749119,"TDRKH"
"380",11030,0.469904744669523,-1.84852521223506,2.45393044192091,0.0160977264763569,0.0892573126575235,"RBPMS"
"381",11034,0.102060895590891,3.93023157732062,1.28074800649923,0.203642817726117,0.422283653784765,"DSTN"
"382",11035,0.328067913411307,-1.05398768155528,2.24278824120506,0.0274190845323237,0.123385880395457,"RIPK3"
"383",1104,0.416353298149503,1.69550166512154,3.86505935581213,0.000211904567428584,0.0106616391601349,"RCC1"
"384",11041,-0.290202520897133,1.48247021062015,-2.54042207934807,0.0128232979429266,0.0768646511461753,"B4GAT1"
"385",11047,-0.0959436472729402,2.02784274823069,-1.24736720065478,0.215567763330618,0.436396745159412,"ADRM1"
"386",1105,0.345705392885345,-2.60398476643512,2.42295436581519,0.0174410210501389,0.0928781277188583,"CHD1"
"387",11054,0.152947054518083,0.124701663638296,1.51242901520306,0.134002952055772,0.329865835063917,"OGFR"
"388",11056,0.278891770926172,-1.12475132190328,2.0938049151199,0.0391500423962293,0.154834381590242,"DDX52"
"389",1106,0.100912138958436,-0.343326275815807,1.41569633766881,0.160389157631124,0.369129602377143,"CHD2"
"390",11060,0.24041463598395,-3.59766577020971,1.16355402269025,0.247745704838519,0.473431860616074,"WWP2"
"391",11068,-0.0518080732518773,-0.367850390588103,-0.787055737222791,0.43336094469026,0.651633875185893,"CYB561D2"
"392",11069,-0.264081079126919,-1.55289531705082,-2.37292696463195,0.0198223106446346,0.100719654583416,"RAPGEF4"
"393",1107,0.0666966431340787,-0.998770495698028,0.730992661684282,0.466722887553609,0.679595987446408,"CHD3"
"394",11075,0.073692239773769,-0.138732488102205,0.548477385347575,0.584751068692391,0.770057490929214,"STMN2"
"395",11076,-0.360244819972718,1.30986326486441,-2.8019811769197,0.00624371991826613,0.0517449007392266,"TPPP"
"396",11078,0.272166021647852,0.114885239750052,2.67480035484632,0.00891252438466028,0.0623064631811444,"TRIOBP"
"397",11080,0.166758228149521,-0.484210251774165,1.95645158093366,0.0535786472961933,0.188894736992553,"DNAJB4"
"398",11094,-0.404919160193438,1.22072789630276,-4.14568831765463,7.76965697220924e-05,0.00611412237120774,"CACFD1"
"399",11097,-0.00793210243420828,-0.956852644794799,-0.079061718183382,0.937162794681734,0.973289834852144,"NUP42"
"400",11112,-0.314683024372925,3.41295907633248,-3.65056601928526,0.000443152146793294,0.014782977592485,"HIBADH"
"401",11116,0.363514274134265,-3.14816304029685,2.01694492948408,0.0467449866186996,0.173600332737557,"CEP43"
"402",11120,-0.358262411457939,-0.351759090760507,-3.32304073597391,0.00129805056882297,0.0238736591164399,"BTN2A1"
"403",11123,-0.488834702299194,-0.892776078519445,-3.69865086363445,0.000376452226891655,0.013890033353962,"RCAN3"
"404",11127,-0.227570148854134,0.303711188617757,-2.90080830722591,0.00469928377922427,0.0441657914277614,"KIF3A"
"405",11129,-0.222965541960959,-2.18820738317527,-1.22875801954472,0.222433903247526,0.44416064352692,"CLASRP"
"406",1113,-0.729604661517536,2.83503327612288,-3.67343743842701,0.000410136820000465,0.0146361616346678,"CHGA"
"407",11133,-0.258271957304808,-2.59295307930328,-1.81122311621083,0.0735135442552568,0.227891987191296,"KPTN"
"408",11135,0.682041721236063,-1.08599574856837,3.19060064341492,0.00196749912584563,0.0284823340434916,"CDC42EP1"
"409",11137,0.253316454691139,-1.89069197619048,1.92886142767525,0.0569667785965678,0.195779444023367,"PWP1"
"410",11138,0.085078519383295,-1.39322476316146,0.841275385964877,0.40247082833456,0.62477641485016,"TBC1D8"
"411",1114,-0.492803721586441,2.02748635493812,-2.37489424822843,0.0197234715289518,0.100441267099484,"CHGB"
"412",11142,-0.536153925239061,-2.35384308804376,-3.21005291463078,0.00185219509574316,0.028071045673263,"PKIG"
"413",11143,-0.0238742132906358,-0.908501353088117,-0.273538884490435,0.785079107751324,0.89505623605279,"KAT7"
"414",11146,-0.0365147295837384,-1.04179349704972,-0.416982508957429,0.677705264260836,0.828791285692059,"GLMN"
"415",11151,0.319674208206597,-0.949619028370565,1.50627967945719,0.135571821948145,0.332456988860454,"CORO1A"
"416",11152,0.11013034482351,-0.747906963985032,1.40263967825615,0.164237641982964,0.375312973377302,"WDR45"
"417",11153,-0.196212705790388,-0.466873886235272,-2.08594667860457,0.039874275766438,0.156425641107569,"FICD"
"418",11154,-0.0666121397184258,-2.54209212560166,-0.480708995000411,0.631914672981869,0.804970846526629,"AP4S1"
"419",11157,-0.0404031968374217,1.53764931247274,-0.314155959225374,0.754145127182908,0.877192114960903,"LSM6"
"420",11160,0.118614500400417,2.34361554659325,1.4675742424327,0.145780130366667,0.348985351088378,"ERLIN2"
"421",11161,0.100182949143697,1.27703582248552,0.947188467256535,0.346132964230087,0.5770541607892,"ERG28"
"422",11162,0.039051720568382,-1.20700228485521,0.296556553798819,0.767502916449663,0.884184103072078,"NUDT6"
"423",11163,-0.0181804450120118,-0.848029107451145,-0.172798057454757,0.863206438130003,0.936271623474458,"NUDT4"
"424",11165,-0.216663438020408,1.18414802763755,-2.99911972764098,0.00351916505050131,0.0383670250088402,"NUDT3"
"425",11168,-0.178819041733105,1.31951188698319,-1.87820711234437,0.0636597240659751,0.209065482245562,"PSIP1"
"426",11176,0.000982344074144104,-1.1405118279256,0.0111990518065331,0.991089951613202,0.995143157697012,"BAZ2A"
"427",11187,0.335799300668405,0.872509609865018,3.27042729468763,0.00153327445263749,0.0258550510722223,"PKP3"
"428",11188,-0.376730083859559,2.03464497670049,-3.01571153766681,0.00334941685791907,0.0376221643399426,"NISCH"
"429",11189,-0.223872927813962,0.774021932946872,-2.31785549772164,0.0227736339522195,0.110990528245256,"CELF3"
"430",1119,0.0907459456221722,-1.31200696359206,0.791956096032323,0.430513013662445,0.649260166550391,"CHKA"
"431",11190,-0.00194288185781977,-2.29689723933743,-0.00830951810250722,0.99338882316754,0.996283548431253,"CEP250"
"432",11193,-0.0272923012277224,-3.28222626345224,-0.143025685745703,0.886596433312555,0.946257852142665,"WBP4"
"433",11194,-0.023334240163649,0.411303296222793,-0.302919229460884,0.76266535329276,0.882420346561916,"ABCB8"
"434",112,0.352878637337853,-0.958011695093147,2.93358051292012,0.00427047498498449,0.0421554064385421,"ADCY6"
"435",1120,-0.0859987082214423,-0.0280276074968855,-0.905159298908714,0.367849153043171,0.595583777731201,"CHKB"
"436",11201,-0.099711087443934,-3.22207085802008,-0.629068130064304,0.530931855534915,0.725421378193627,"POLI"
"437",1121,-0.259780325602394,0.867954760123707,-3.60670964996622,0.000513640073046008,0.0156851879022706,"CHM"
"438",11214,0.191209327272795,-0.569724018941949,2.01045028366488,0.0474410160418986,0.175311834115095,"AKAP13"
"439",11215,-0.0759136938361253,-2.9931965908525,-0.417639872328672,0.677226296596311,0.828791285692059,"AKAP11"
"440",11216,0.017588128581729,-1.37943385871255,0.176496543422545,0.860308865276719,0.935460020758927,"AKAP10"
"441",11222,-0.122093875296891,0.798769710824652,-1.51995981078295,0.132101128452074,0.326686835793244,"MRPL3"
"442",11224,0.292078162767197,3.98279617148012,2.34395100154612,0.0213298960879622,0.106010447115718,"RPL35"
"443",1123,-0.250917651818931,-1.30785679433695,-2.16510444454682,0.0330822378918298,0.138512125634414,"CHN1"
"444",11230,-0.402732414331363,2.2520314272833,-3.44582681587256,0.00087418640940611,0.0202481365318291,"PRAF2"
"445",11232,-0.108295825179509,0.0280627172030815,-0.77411398431974,0.440935347748401,0.657546444237047,"POLG2"
"446",11234,-0.219326691866704,-3.37417641370174,-1.0875050160788,0.279779268553637,0.507699204213595,"HPS5"
"447",11238,0.403345040102225,-2.4008613473613,2.57679262887943,0.0116353595557131,0.0728010570366638,"CA5B"
"448",11244,0.0226662061942453,-2.47326994435841,0.149097397797343,0.881817467983662,0.945580866666414,"ZHX1"
"449",112464,-0.232930645945298,0.280293005333857,-1.24287642824451,0.217210317558678,0.437746714460424,"CAVIN3"
"450",112483,0.285446137186312,-0.791560305314619,2.06249775016503,0.0421044959408198,0.161867624281461,"SAT2"
"451",112487,0.000700086807774003,-2.72406371051209,0.00435401521280162,0.996535851154573,0.997836387338788,"DTD2"
"452",11252,0.300460240273589,1.73376540814753,3.34835226417114,0.00119737161249202,0.0231342601003081,"PACSIN2"
"453",11253,-0.271798051949864,0.795705153831834,-3.59668988396082,0.00053117379445428,0.015884120627217,"MAN1B1"
"454",112574,0.105318508439605,-0.008456606250409,1.43901268637145,0.153689551359412,0.359644096928735,"SNX18"
"455",11258,-0.00485757629259576,2.50231229527007,-0.0652794972925803,0.948099333660246,0.978549472003798,"DCTN3"
"456",11259,0.296125287496946,-2.68536248426581,1.61270141961023,0.110385199941016,0.292296961707489,"FILIP1L"
"457",11261,-0.170292761051394,-0.232390922693014,-2.21052055276183,0.0296590549431258,0.129478861480019,"CHP1"
"458",112616,0.231479370633917,0.35606161971799,1.78207314956221,0.0781818672700886,0.237474749986479,"CMTM7"
"459",11266,-0.00461005741154219,-1.21264987438791,-0.0363573841442235,0.971079628817335,0.98714402809075,"DUSP12"
"460",11270,0.0477644065545793,3.48819715632231,0.526576550208892,0.599810647966423,0.780976703850677,"NRM"
"461",112724,0.0234702150910691,0.148304352609465,0.207883572451191,0.83579957284396,0.922661007961489,"RDH13"
"462",11273,-0.00303153869839745,2.43008873445037,-0.038564117799435,0.969325143898622,0.986522588832655,"ATXN2L"
"463",112752,-0.094368399330313,-2.627151328152,-0.576803198820365,0.565542986725161,0.753648035718419,"IFT43"
"464",11276,0.00807622239245198,2.54322493934614,0.0983204969995464,0.921901105935673,0.965147393276855,"SYNRG"
"465",11277,0.0838121760267336,-1.43851593831903,0.876585394591648,0.38309528326221,0.608717247743784,"TREX1"
"466",112812,-0.284496678367646,-1.04873689804505,-2.28611285821158,0.0246457045476196,0.11583103714647,"FDX2"
"467",112817,0.922808613915706,0.9788265337941,2.80172061183403,0.0062483449099747,0.0517449007392266,"HOGA1"
"468",112840,0.138985196356954,-1.68009588366897,1.07278339150513,0.286297392946694,0.515010922385444,"WDR89"
"469",11285,0.127576004265194,1.63916765550981,1.40833134064761,0.162551397619164,0.372950922539733,"B4GALT7"
"470",112869,0.158079210118743,-1.93789616689151,0.881626766358078,0.380377124780448,0.606587371239903,"SGF29"
"471",112936,-0.217632754704415,1.92397120211844,-2.44738435288509,0.0163736378862845,0.0900550083745649,"VPS26B"
"472",112939,-0.0134697752192654,-0.47234106271136,-0.158097064375856,0.874742042516611,0.941483006999712,"NACC1"
"473",112942,0.139461360420571,-1.7537591316265,1.09238930184679,0.277639548037924,0.505983238080991,"CFAP36"
"474",112950,0.155535055441548,-2.44899228912932,0.68243484574312,0.496754056176864,0.700776004783634,"MED8"
"475",112970,-0.0355838394469941,-0.354755425504374,-0.40895745877784,0.68356310438827,0.833143434220651,"KTI12"
"476",1130,-0.100400301810327,-1.92091043910306,-0.847496436130526,0.399014449551593,0.62164041423513,"LYST"
"477",113146,-0.158112540034461,-0.711081093841953,-1.25903278150862,0.211343497575439,0.430136780129369,"AHNAK2"
"478",113178,-0.106081177270364,-0.0212591967718881,-0.802395703561687,0.424482815988157,0.644871560967869,"SCAMP4"
"479",11320,-0.133194875417827,-0.790633408699551,-1.27903948921245,0.204241062200281,0.422800337338568,"MGAT4A"
"480",113201,-0.397783271615971,2.46107280712668,-4.59201649047052,1.4513483991666e-05,0.00247454902057905,"GOLM2"
"481",11321,-0.00252070063203469,-0.956054669638845,-0.0229360556052372,0.981753136872628,0.990679344233738,"GPN1"
"482",113230,0.186807495978417,-2.14646614915758,1.32489678946947,0.18863077322154,0.405823934817319,"MISP3"
"483",113235,-0.359040363197354,-1.88818445146025,-2.44322543883619,0.0165511198368292,0.0906503480595983,"SLC46A1"
"484",113246,-0.243031098476591,-2.01233832056867,-1.40050656216149,0.164873052615013,0.376111370845336,"C12orf57"
"485",113251,0.0899758660481402,-0.254651254027595,1.0460026648595,0.298420548679432,0.527271303253133,"LARP4"
"486",11328,-0.00429960670312268,0.926786451566527,-0.048852969104299,0.961147025419994,0.982762025991658,"FKBP9"
"487",11330,0.648930338551613,0.828805339532873,1.19587776318017,0.234952300044216,0.457966725205271,"CTRC"
"488",11331,-0.115647877008396,4.67981423496319,-1.58543171841516,0.116450504944706,0.301719374989701,"PHB2"
"489",11332,-0.079040871591603,0.351923424164383,-0.705083921998478,0.482617554917561,0.690207416850278,"ACOT7"
"490",11333,0.1927498987834,0.87141304109091,2.33352844805626,0.0218965088341329,0.107779287268571,"PDAP1"
"491",11334,0.0013981100706969,-0.407261737206653,0.00647768963121309,0.994846229754723,0.996548180456428,"TUSC2"
"492",11335,0.0761859306782397,0.394255650297362,0.763022285594799,0.447487956166043,0.66296912260371,"CBX3"
"493",11337,-0.0703081067445571,0.0546934982114161,-0.600730373770955,0.549561596777864,0.740876143426868,"GABARAP"
"494",11340,0.121940479459137,-0.357992966586457,1.3705450879461,0.173997963890395,0.387940247860242,"EXOSC8"
"495",11342,-0.0178723361390016,-2.06541816390075,-0.121962785410325,0.903206193366799,0.953652045355099,"RNF13"
"496",11344,-0.0106271758234739,0.315126432365486,-0.146834904206562,0.883597745406944,0.945894781722153,"TWF2"
"497",113444,0.248507186910919,-2.8099938588151,1.39309451110296,0.167095587233212,0.379021697870457,"SMIM12"
"498",11345,-0.186155005700002,0.440172021486585,-1.35426634008863,0.179114020026578,0.392844213900179,"GABARAPL2"
"499",11346,0.0263065643107789,0.860051775059106,0.26363574177241,0.792676127720382,0.899343081690888,"SYNPO"
"500",113612,-0.780067297340767,-0.159131417253915,-5.46727211022314,4.20920837341336e-07,0.000484910282121705,"CYP2U1"
"501",113655,-0.194134351601928,-1.41989672671008,-1.73124634250603,0.0869076235950359,0.253897664743613,"MFSD3"
"502",113675,-0.150566643237498,2.05567349366738,-1.54760221894603,0.125302116789291,0.315947748225816,"SDSL"
"503",113828,0.166652479020603,-1.95845633000898,1.26460172291549,0.209348507392851,0.427499934663619,"FAM83F"
"504",114034,0.0150357256033837,-1.22636068938365,0.146747261803482,0.883666720253182,0.945894781722153,"TOE1"
"505",114049,-0.071915987846747,-1.05406530280523,-0.680878378123091,0.497733709544872,0.701996670309381,"BUD23"
"506",114088,-0.239848760674961,-2.00568434155783,-1.85297147008123,0.0672334178990413,0.216347368689714,"TRIM9"
"507",114112,-0.0575879263804384,-1.09227926822341,-0.627149618738584,0.532182760792815,0.72622005018815,"TXNRD3"
"508",114134,-0.508484547333942,1.25970229472215,-3.34321891918377,0.00121717725652919,0.0233364381355248,"SLC2A13"
"509",114294,0.22421678862747,0.246022566990449,2.74753270962762,0.00728121755415272,0.0556125255678004,"LACTB"
"510",114569,0.112524158259164,2.22680896447794,1.08613846925624,0.28037996447584,0.508325274341038,"MAL2"
"511",114757,0.2029259319993,-0.137913367044107,0.909059863905176,0.365798145971516,0.59493084789962,"CYGB"
"512",114787,-0.272315403457717,0.313066501917319,-1.91001114247173,0.0593844588734733,0.199727018391989,"GPRIN1"
"513",114789,-0.277164610193027,1.18239474753884,-3.33851742115037,0.00123558634706536,0.0233587791264705,"SLC25A25"
"514",114790,-0.0991428940158294,-0.0191649652460226,-1.29116244844231,0.200024192112661,0.418312944186546,"STK11IP"
"515",114791,-0.0243611007787168,-4.46517318839036,-0.129446832413168,0.897299103671084,0.951088202007346,"TUBGCP5"
"516",114793,0.145782385865221,-0.906211248094398,1.03101988710163,0.305352990763243,0.534280689083462,"FMNL2"
"517",114801,-0.14864096438568,-0.970157523853541,-1.1368736190674,0.258673188027605,0.487471197585591,"TMEM200A"
"518",114818,0.0376825619632373,-1.29866011409772,0.213610796295026,0.831344035097466,0.919665421765545,"KLHL29"
"519",114823,0.340848140214909,-3.75511594481778,1.97585163442323,0.0513000877544956,0.184248062397363,"LENG8"
"520",114876,0.238389147169538,-1.66635682616217,1.34307083791725,0.182698014936614,0.39825201763602,"OSBPL1A"
"521",114880,-0.0451334087831028,-1.77445157074101,-0.383294922631518,0.702424229152636,0.844394813658221,"OSBPL6"
"522",114881,0.163207211166822,-2.78981241679829,1.03851411845952,0.301871983114429,0.530892253212367,"OSBPL7"
"523",114882,-0.0733199492739092,-0.200600739458166,-0.993217067864172,0.323323671873977,0.555588101333279,"OSBPL8"
"524",114883,0.0694322116416035,-0.440787490454191,0.836185153833576,0.405312468672071,0.627291612719552,"OSBPL9"
"525",114884,0.00703117973531908,-1.00553068051249,0.0777796133978565,0.938179701037525,0.973289834852144,"OSBPL10"
"526",114885,0.0585576028143426,-1.55106833977701,0.512671973640351,0.609463523939761,0.787764563719703,"OSBPL11"
"527",114908,-0.2501649169526,-0.0239535199177909,-1.03850962856964,0.301874060556484,0.530892253212367,"TMEM123"
"528",114971,-0.0232899918964597,-0.29611737598685,-0.266713427558803,0.790312953579751,0.898061921277611,"PTPMT1"
"529",114984,-0.0765206282027049,0.0703264278279059,-0.603623862385853,0.547644437611341,0.739591101883038,"FLYWCH2"
"530",114990,0.130232413140017,-2.86110464932226,0.701340203616417,0.484938768891176,0.692072973520127,"VASN"
"531",114991,-0.00285689589396193,0.644584570719496,-0.0310152360025082,0.975327527884367,0.989066086232819,"ZNF618"
"532",115,0.0664935987381474,-6.37966652662766,0.236816554491153,0.813348752621027,0.911623868542594,"ADCY9"
"533",115024,-0.0145000891883209,-1.80744176302808,-0.123951347874672,0.901636093565767,0.9531936517924,"NT5C3B"
"534",115098,0.109213017286557,1.30095861604277,1.19989465090759,0.23339630333477,0.456092489611213,"CCDC124"
"535",1152,0.180328223667415,3.7867050841598,0.965747781343816,0.336813352789228,0.569363910608725,"CKB"
"536",115207,-0.127301470381435,2.95869191507334,-0.633015918923471,0.528362605413464,0.723580917453781,"KCTD12"
"537",115209,-0.0165179448586756,-1.3957695417477,-0.157885254334115,0.874908450265144,0.941483006999712,"OMA1"
"538",115294,0.186363940151626,-0.647900795376743,1.82814747607853,0.0709111558283541,0.222977804546331,"PCMTD1"
"539",1153,-0.10016757131326,2.39667707728759,-0.642124882379174,0.522459097274293,0.719451107844501,"CIRBP"
"540",115416,-0.313173810357593,-2.71421948656108,-2.98702824798144,0.00364784833046028,0.0388723837714674,"MALSU1"
"541",115426,-0.00062401704721271,-1.45548855174881,-0.00637917471826837,0.9949246089666,0.996548180456428,"UHRF2"
"542",1155,-0.217653616994014,2.75144337084644,-2.41871878509066,0.0176322657870758,0.0934601445605105,"TBCB"
"543",115548,0.0700340579481305,-0.377330420611091,0.987300738720734,0.326198394663088,0.558495326762074,"FCHO2"
"544",115677,0.240749107557356,-1.42202593430783,1.63355339201855,0.105920704700867,0.285400037512696,"NOSTRIN"
"545",115704,-0.2089600240278,-1.09334076156756,-2.5925177071866,0.0111532201317969,0.0710887488774343,"EVI5L"
"546",115708,0.0206616689361486,-0.617227332003211,0.240501194083953,0.810500371029049,0.910971638132045,"TRMT61A"
"547",115752,0.0584514050173555,-2.50601774465306,0.486076277014451,0.628119656547454,0.80203837151826,"DIS3L"
"548",115817,0.336945140664466,0.427532883143181,2.03308449784456,0.0450530581519121,0.169342113249502,"DHRS1"
"549",115825,0.189055868865072,-1.01134509855784,2.0600642784042,0.0423419773655648,0.162434410668648,"WDFY2"
"550",115827,-0.692201038785679,1.70331214435741,-3.92866593184161,0.000169426800298826,0.009368844146254,"RAB3C"
"551",1159,-0.638711803909336,2.72251660287456,-4.33412497149502,3.87157070668122e-05,0.00424351803528738,"CKMT1B"
"552",115939,0.0878223130985893,-2.18483309204104,0.526508966757763,0.599857395345079,0.780976703850677,"TSR3"
"553",116,-0.861670238958551,-0.681935086595364,-3.75056129492629,0.000315199049176861,0.0128979450923171,"ADCYAP1"
"554",1160,-0.199140510611898,-1.62252499750935,-1.14269936331489,0.256258605595139,0.484421102908211,"CKMT2"
"555",116064,0.0855488504819921,-2.18549016227772,0.543834078853627,0.587928957177092,0.772411802044732,"LRRC58"
"556",116092,0.112526882299039,-2.44134287416192,0.648176620179136,0.518556117119697,0.716707373762823,"DNTTIP1"
"557",116113,-0.170556304437496,-0.531820646695466,-1.40344523838779,0.163998171146067,0.375312973377302,"FOXP4"
"558",116143,-0.183776631272726,-0.79592106440188,-2.27197391541583,0.0255223425190827,0.118409779578329,"DNAAF10"
"559",116151,-0.175760443430566,-1.75278554276059,-1.53750864050229,0.127751890530817,0.319796535105283,"FAM210B"
"560",116224,-0.0785192725329447,-1.99132352138801,-0.5618793355184,0.575624604399391,0.762283456699777,"PABIR1"
"561",116228,0.0678600165322772,0.0740395533414158,0.71266690727352,0.477934756629115,0.687178153241862,"COX20"
"562",116236,-0.196003465852484,0.257539569681191,-1.57350466944687,0.119185695737561,0.305198915493178,"ABHD15"
"563",116442,-0.438233386603965,0.718576641592589,-3.75208234658529,0.000313555910877238,0.0128979450923171,"RAB39B"
"564",116496,0.773041261943965,0.344912028924187,2.76085729416761,0.00701371208080242,0.0545090559748017,"NIBAN1"
"565",116540,-0.0596165654440106,0.545347657522072,-0.507686041245307,0.612941905785664,0.790552094497248,"MRPL53"
"566",116541,-0.200695624141619,0.809237877007197,-1.65309138127666,0.101870819150274,0.278398525353686,"MRPL54"
"567",116835,-0.0693505656485523,-0.120603583988615,-0.373527435004554,0.709653052850923,0.848928169635347,"HSPA12B"
"568",116840,-0.134051348219614,-1.09583060585992,-1.11530135539463,0.267753641075015,0.495987086001156,"CNTROB"
"569",116841,-0.0972928267803419,-3.4971339383295,-0.775045955395737,0.440387328564555,0.657208223372049,"SNAP47"
"570",116843,-0.0863250566313625,-1.17731165236325,-0.835382631626368,0.405761589984361,0.627662459507058,"SLC18B1"
"571",116966,-0.146606021457035,-1.93859778431127,-1.40948059580057,0.162212530324565,0.372488032597149,"WDR17"
"572",116983,-0.534283928657611,-4.43933124489983,-2.09267929126238,0.0392530802989039,0.15491969612841,"ACAP3"
"573",116985,-0.070182964846088,-0.342339234436335,-0.922347721682335,0.358865708278897,0.588961956528308,"ARAP1"
"574",116987,0.0967336670463195,-0.395336847869554,1.44829105458447,0.151084531901803,0.355855865575486,"AGAP1"
"575",117143,0.164408719483347,-2.04142974352394,1.6409675859995,0.104368836578539,0.282458518041918,"TADA1"
"576",117145,0.036054190160332,-2.65616912078015,0.256735861439157,0.797981153365096,0.902870761677619,"THEM4"
"577",117159,-0.143339996552845,0.382364162292532,-0.958892288967,0.340236569997436,0.572000018253701,"DCD"
"578",117177,-0.162852973445742,-0.746358340293876,-1.20506869275426,0.23140303631163,0.453392086927994,"RAB3IP"
"579",117178,-0.0307485318100165,-1.85950196997678,-0.221638624933798,0.825108024485144,0.917650489996343,"SSX2IP"
"580",117246,0.261455568613561,-0.216570217402773,2.69186101977224,0.00850254913896193,0.0607551182944683,"FTSJ3"
"581",117247,0.918273269160957,-1.37044573271725,2.75577294969,0.00711470852515608,0.0550554087526899,"SLC16A10"
"582",1174,0.00473043542045692,1.27836209297536,0.0712318790976794,0.943374625173322,0.975148778934633,"AP1S1"
"583",1175,0.135654433057055,3.15485527471306,1.72802914237231,0.0874858431805304,0.254859091334644,"AP2S1"
"584",1176,0.303597074588071,0.283708692494382,3.55091658306175,0.00061873695054217,0.0170369403964335,"AP3S1"
"585",118,0.27573910487812,1.28104336552575,3.26397428440301,0.00156472894196815,0.0260034677814832,"ADD1"
"586",1182,-0.147838085433303,0.379064496043947,-1.82627935728207,0.0711945838788633,0.22363989552122,"CLCN3"
"587",1183,-0.199721031998537,-1.86193754981127,-1.66435287519149,0.0995940501589592,0.275116237567818,"CLCN4"
"588",118426,-0.232624252188957,-0.275077823219147,-2.27685255094577,0.0252168066498206,0.117742434628269,"BORCS5"
"589",118487,-0.267763325482336,-2.11140580505239,-1.42782639577107,0.156876264726828,0.365013841127092,"CHCHD1"
"590",1185,-0.213122431940816,-1.54632880477018,-1.63015877416443,0.106637419359469,0.2867019185407,"CLCN6"
"591",1186,0.211456582700354,0.172928199070655,2.62464623763612,0.0102238342574194,0.0676956792578645,"CLCN7"
"592",118788,0.912846478004692,-1.27311912657653,2.74348962027792,0.00736420929323606,0.0560117926169553,"PIK3AP1"
"593",118813,-0.260221349637925,-0.993245209909042,-2.37220883778568,0.019858499788806,0.100736753474125,"ZFYVE27"
"594",118881,0.0390013560392135,1.50996068528877,0.299665399051969,0.765138086772231,0.883403699123526,"COMTD1"
"595",118924,-0.0910051779074641,-2.03500280367962,-0.641827776191414,0.522651106203752,0.719451107844501,"FRA10AC1"
"596",118932,1.1441278060189,-3.33981487940316,2.83866471458726,0.00562301761405899,0.0489561448441051,"ANKRD22"
"597",118980,0.0980800845413818,-0.678060925475924,0.813079417271813,0.418363905597936,0.639103447625717,"SFXN2"
"598",118987,-0.165884454431172,-0.525462917205847,-2.50662489839863,0.0140238714977528,0.0812259818526778,"PDZD8"
"599",119032,-0.0811161151955384,-0.362759420645777,-0.43187812715902,0.666884883100555,0.823609539732637,"BORCS7"
"600",1191,-0.345673549518577,4.67402429529794,-1.74555695445805,0.0843735142568349,0.248624402548465,"CLU"
"601",1192,0.150170602355703,4.72035000456883,2.08283851800471,0.0401639058365378,0.157137871093782,"CLIC1"
"602",1193,-0.0958557038762895,-0.303867711699,-0.42861487556458,0.669249432038104,0.824373472576737,"CLIC2"
"603",119559,0.0542142731045966,-0.947381328321914,0.56633989579439,0.572602298897781,0.76024938581756,"SFXN4"
"604",12,1.381569647319,4.38669069957915,2.65161363034161,0.00949850167778901,0.0647078837938612,"SERPINA3"
"605",120,0.182592059182432,0.950260042587202,2.38804217068896,0.0190740670540211,0.0988822834270112,"ADD3"
"606",1200,-0.438062027828885,4.79815280663179,-3.46782335743864,0.000813626493575578,0.0195079664748707,"TPP1"
"607",120071,-0.0482539538004141,-2.07005002140867,-0.323704680183159,0.746928629686384,0.873071309029441,"LARGE2"
"608",120103,-0.151123735635144,-1.87905372077279,-0.837941226078819,0.404330759858221,0.626503444444624,"SLC36A4"
"609",1203,-0.0891646275230066,-0.49299007569941,-1.00766560852569,0.316373978465073,0.547169196905781,"CLN5"
"610",120534,-0.17771325028743,-0.801648058387776,-1.52931335563605,0.129768676049062,0.323263041229359,"ARL14EP"
"611",1207,0.121201207695271,-0.197390908231166,1.21109525933005,0.229096878912451,0.450559642026475,"CLNS1A"
"612",1208,0.54561420879127,-0.0714291232767562,1.29264243657522,0.199513851641548,0.417501750418461,"CLPS"
"613",1211,-0.0298480170458566,2.06897360277252,-0.356617426339481,0.722230719463002,0.857040073327326,"CLTA"
"614",1212,0.0589504295878367,1.88753285761368,0.6182041247493,0.538035363568888,0.732090680910182,"CLTB"
"615",121214,-0.284425462223354,1.21846327734295,-1.76984776358439,0.0802115204287983,0.239811188538162,"SDR9C7"
"616",121260,0.124194798235714,-0.535011204147379,1.63692508434603,0.105212681821796,0.283889439172793,"SLC15A4"
"617",121391,-0.338184290902664,-1.62366927375329,-1.83477538980214,0.0699131604983547,0.221427749813674,"KRT74"
"618",121441,0.0799439963260096,-1.13396876271353,0.806838199184028,0.42193201653251,0.642475494288401,"NEDD1"
"619",121457,-0.174022078394279,-0.781874174062286,-1.42906217207801,0.156521736905682,0.364334655134062,"IKBIP"
"620",1215,-0.0355081065541979,-0.60535810131414,-0.129696632691958,0.897102036519765,0.951088202007346,"CMA1"
"621",121504,0.123100748527471,8.03516962588677,1.56142361102237,0.122008163098437,0.310612237701454,"H4C16"
"622",121506,1.08160755977954,1.41326659821674,1.95189539583826,0.0541260700386452,0.189723675463912,"ERP27"
"623",121512,-0.0674395607756454,0.275192896278634,-0.797536655519108,0.427283263585182,0.646758669870736,"FGD4"
"624",121551,0.00581481622626945,-1.66570472180873,0.0354786093021124,0.971778347364996,0.987175080540495,"ABTB3"
"625",122553,-0.0636283651988405,0.705171997311449,-0.858737118833469,0.392815451109583,0.616861358886276,"TRAPPC6B"
"626",122622,-0.0623499900452007,-1.77544070823414,-0.500474071073571,0.61798897160142,0.794401991817624,"ADSS1"
"627",122830,-0.194367987003424,-0.930247846762925,-2.49447336357926,0.0144796004270785,0.0832170294207939,"NAA30"
"628",122961,-0.0610659264732683,-0.592297270531029,-0.639618444193245,0.524080072703596,0.720862719714767,"ISCA2"
"629",123,0.358913451523463,-1.4958656330735,1.15392538066151,0.251650786479831,0.479253033637357,"PLIN2"
"630",123016,-0.214718956342889,-1.11196468682489,-1.85091408306883,0.0675320334303057,0.216908226685095,"TTC8"
"631",123036,0.697571976364405,-0.939864257641727,3.34985192630035,0.00119164296308059,0.0231342601003081,"TC2N"
"632",123096,-0.324348297751197,0.0408318820863055,-2.48571803018832,0.0148161451966192,0.0845181219487441,"SLC25A29"
"633",123169,-0.0692292390692323,-0.393431612275349,-0.868067699278944,0.387715188873284,0.612560059022964,"LEO1"
"634",123207,-0.0483622699253321,-0.92000629459654,-0.351795868913687,0.725831209326932,0.858741704481247,"C15orf40"
"635",123228,0.154826083243832,-1.96508494094347,1.13606315936938,0.259010363918005,0.487520887374645,"SENP8"
"636",123263,-0.231124796093779,-1.13043004523513,-1.58088287777284,0.117487700209525,0.303351066049253,"MTFMT"
"637",123283,-0.332515603932109,-0.822329956077548,-3.68006058433321,0.00040102121912005,0.0145465693910569,"TARS3"
"638",123803,0.182972915055838,-2.76738308046167,1.08012918213352,0.283032050102474,0.510805858138485,"NTAN1"
"639",123879,0.137182566042996,-1.33678286836785,1.28488384267355,0.202200010539329,0.420570540389834,"DCUN1D3"
"640",124044,0.181283052648911,-2.24758489386723,1.13446714968775,0.259675257669874,0.488173577818588,"SPATA2L"
"641",124045,0.00503702898663683,-2.98442933831871,0.0313119311525098,0.975091585938556,0.989066086232819,"SPATA33"
"642",124245,-0.017881961562282,-0.186755145536284,-0.226306404794285,0.821487224016181,0.916050060119592,"ZC3H18"
"643",124446,0.161263249995311,-2.32488093520064,1.3578230141281,0.177986630590972,0.391430289705263,"TMEM219"
"644",124454,-0.173911497551654,0.0203091379745555,-1.7911786309565,0.07669796521385,0.234448262192535,"EARS2"
"645",124540,-0.276415401585612,-0.96527004138265,-2.23815604844244,0.0277312347559377,0.124153405493761,"MSI2"
"646",124565,-0.463562405255073,0.903363699670062,-4.69644229700003,9.67069063278581e-06,0.00214099361443391,"SLC38A10"
"647",124641,0.265204329949468,-2.17749667972159,1.55898129271664,0.122585162942778,0.311731815276155,"OVCA2"
"648",124801,0.0476136436043196,0.729668202073454,0.583218470222554,0.561235904612438,0.750188585041626,"LSM12"
"649",124808,0.182009492323246,0.245136162393544,1.70039077487213,0.092584330300823,0.263215664375383,"CCDC43"
"650",124935,-0.230960260864113,0.50825846118716,-1.69557738977899,0.0934966020965625,0.264905449885941,"SLC43A2"
"651",124936,-0.141445059871073,-0.79427378402345,-1.31486393429544,0.191967225145555,0.409249423359525,"CYB5D2"
"652",124944,0.0254015428305362,0.730268166413664,0.215303972620287,0.83002786384869,0.919125208064813,"BACC1"
"653",124995,-0.0572932379091804,0.733905809170839,-0.590768841492016,0.556187507347933,0.74611207098577,"MRPL10"
"654",125,0.350182325898035,3.11873264422544,1.90505642117371,0.0600341232727072,0.200811688636445,"ADH1B"
"655",125228,-0.214930126941776,-0.669229375959032,-2.21493949737129,0.0293431318808407,0.128556847597859,"FAM210A"
"656",125476,0.116362843006905,-3.47526559586086,0.571581046354195,0.569060916598647,0.756802414304158,"INO80C"
"657",125950,0.0190586793172567,0.545912363675298,0.231810806889381,0.817222425608451,0.913515069820556,"RAVER1"
"658",125988,-0.0186133466064691,-1.4865185861198,-0.122842644739049,0.902511439157333,0.953652045355099,"MICOS13"
"659",126,0.756928684389705,0.757564816185037,2.29665783469238,0.0240092783984134,0.113886360749197,"ADH1C"
"660",126003,-0.152766134194757,0.63413539963393,-1.91241454498843,0.0590714672923304,0.199220146285892,"TRAPPC5"
"661",126119,-0.017064914517825,-3.03573756507102,-0.094870420179982,0.924633148890039,0.966189694907568,"JOSD2"
"662",126133,0.192397512759276,0.815381675855805,2.89910310658166,0.00472264532354943,0.0442558732762541,"ALDH16A1"
"663",126208,0.117204923755413,-1.35407006537927,1.36101517539388,0.176979365938896,0.39076231050845,"ZNF787"
"664",126299,0.0666833873233006,-1.25210709361205,0.40082255183901,0.689520971598663,0.836253650202053,"ZNF428"
"665",126306,-0.226937425831961,-1.62256540310234,-1.31014491717501,0.193551726542123,0.411506926745948,"JSRP1"
"666",126308,0.0910840862753897,-0.311774550692093,1.06951694357406,0.287757672770837,0.516449296920293,"MOB3A"
"667",126328,-0.143876585981546,2.23154276805016,-1.56867181422732,0.120308475240443,0.307304794434391,"NDUFA11"
"668",126353,-0.0548946020500582,-0.613475968502129,-0.252019051625432,0.801613193155799,0.905632574929191,"MISP"
"669",126382,-0.0303805101101742,-1.24341035689164,-0.311820378443217,0.755913611675992,0.878416839921856,"NR2C2AP"
"670",126393,-0.276765577405363,1.1963863672538,-1.28416131556727,0.202451520006295,0.420785163979233,"HSPB6"
"671",1264,-0.313901275605593,-0.676070176885562,-1.58863338299059,0.115724880078169,0.300473483045601,"CNN1"
"672",126432,-0.460141242104296,-5.85431093349581,-2.24003881271824,0.0276039866535845,0.123673919766205,"RINL"
"673",1265,0.327764876873683,-0.209216734196477,2.43269667707877,0.0170081404709041,0.0918978575795858,"CNN2"
"674",126526,-0.165635480647116,-1.18519718181706,-1.20803856859599,0.23026448054929,0.451987010429018,"C19orf47"
"675",1266,0.388569149926283,1.20176498747479,3.19374610820509,0.00194841093061268,0.0284823340434916,"CNN3"
"676",126695,0.193046076441743,-2.28081474547196,0.91122000443214,0.364665423491107,0.593403067176144,"KDF1"
"677",1267,-0.297469667880843,2.88506961123731,-3.30413356318544,0.00137838300821713,0.0241583227008428,"CNP"
"678",126789,-0.290156444224491,-1.26219199514987,-2.78251730808748,0.00659796085251676,0.0527321402509738,"PUSL1"
"679",126792,-0.117834078940088,-0.829132652392199,-1.21640373333696,0.227079332114827,0.4485476807466,"B3GALT6"
"680",1272,-0.186265077014439,1.25289550044514,-1.50553016712148,0.135764026367738,0.332795364954144,"CNTN1"
"681",127262,-0.0897605245611263,-0.539454753066418,-0.727648572748646,0.468757696553283,0.680414831602598,"TPRG1L"
"682",127281,-0.0567192172410979,0.463628227976394,-0.558304705369656,0.578052156165743,0.764343846304466,"PRXL2B"
"683",127435,-0.267047578898755,-1.70475131225188,-1.298588037207,0.197473394542184,0.415954597014389,"PODN"
"684",127687,-0.26062803156053,-0.801568514769616,-2.54347643575159,0.0127194920481357,0.0766030377930961,"C1orf122"
"685",127700,-0.238663753489604,-0.0404771570965583,-2.26437398993622,0.0260047961895036,0.119743015012133,"OSCP1"
"686",127733,-0.182076095696396,-2.67124007060094,-1.42596244810824,0.157412177490831,0.365402037713011,"UBXN10"
"687",1278,-0.240379559927893,-2.64729513839652,-0.362628012802269,0.717751079913009,0.854876145020828,"COL1A2"
"688",127829,-0.215725201566977,1.67963380387983,-2.31713674371588,0.0228145928828761,0.110990528245256,"ARL8A"
"689",128061,-0.0228327075997543,-1.19116408543618,-0.149431228523,0.88155483939115,0.945480273315198,"C1orf131"
"690",128077,-0.174278741909506,-0.321803846195243,-0.633400777490699,0.528112481599746,0.723561252691795,"LIX1L"
"691",1282,0.0440888041996217,-0.885242159007226,0.289533547112298,0.772853242058517,0.88701817497292,"COL4A1"
"692",128308,-0.19617979492067,-0.571888563364284,-1.37955475097481,0.171214556053067,0.384924158750266,"MRPL55"
"693",128387,-0.126029172602319,-0.0012364550667658,-1.29077715512038,0.200157210729349,0.418335031170749,"TATDN3"
"694",1284,0.17956475448303,-0.0958738716329122,0.77324430780904,0.441447094734456,0.657670453271866,"COL4A2"
"695",128486,0.00336124607260187,-0.090532940832253,0.0429243748955232,0.965858931527156,0.985118331956411,"FITM2"
"696",128637,-0.304590797823566,-2.05308371420404,-1.76994158176684,0.0801957805495919,0.239811188538162,"TBC1D20"
"697",128866,-0.0267469288012896,1.83784742812974,-0.29018382354079,0.772357377054448,0.886614845775239,"CHMP4B"
"698",128989,-0.220233418096226,1.87420313818335,-2.46984104533842,0.0154443635670229,0.0868904707372927,"TANGO2"
"699",129049,-0.404903519082909,0.471865805167098,-3.6104527282027,0.000507231891576215,0.0156451726155518,"SGSM1"
"700",1291,-0.291316284831547,4.62981453188699,-1.5695572516006,0.120102140659521,0.307161224736726,"COL6A1"
"701",1292,-0.213114135540019,4.92935265064237,-1.13640755441268,0.25886704728115,0.487471197585591,"COL6A2"
"702",129285,-0.283384244545026,1.35957784589727,-3.09736822171212,0.0026191484074936,0.0321526658503914,"PPP1R21"
"703",1293,-0.28030905610547,4.51879494887435,-1.6357764547607,0.105453452710549,0.284265829045829,"COL6A3"
"704",129450,0.054652118854335,-1.37491944055543,0.392477091450104,0.695653454234282,0.839325975129315,"TYW5"
"705",129607,0.10098847262815,-0.49403362989006,0.925871725231321,0.357041377003028,0.587224001083757,"CMPK2"
"706",129685,0.0915813116771154,-2.19286415808824,0.904707756893383,0.368087053790708,0.59581179751249,"TAF8"
"707",129804,-0.0203203301586589,-0.489032168879579,-0.154530816085554,0.877544597146187,0.943156844209997,"FBLN7"
"708",129831,-0.11527103563242,0.345963020725866,-1.55883406340038,0.122620015179987,0.311731815276155,"RBM45"
"709",129880,-0.0126687029712725,-0.934771239130176,-0.121827984861579,0.903312641201458,0.953652045355099,"BBS5"
"710",13,0.486771287677549,-1.07582625657557,1.33703934505357,0.184651144701956,0.400773948437271,"AADAC"
"711",130026,-0.311457737362085,-1.46923813334781,-2.34924146259215,0.0210472846718812,0.105116544602121,"ICA1L"
"712",130355,-0.0292204503575111,-1.3933343958515,-0.223067742670702,0.823999050871153,0.916749351866438,"C2orf76"
"713",130507,-0.0569790574653228,2.70964649089603,-0.667661618045657,0.506094432489126,0.707448787660727,"UBR3"
"714",130535,-0.19081023065402,-0.791413038858533,-1.72299441369423,0.088397055318511,0.256176168812569,"KCTD18"
"715",130589,0.434675955160959,0.824292964833309,2.35216383271273,0.0208926013852478,0.104518871900062,"GALM"
"716",1306,0.323841377596294,-1.03830850755598,2.15448645991158,0.0339304916361888,0.140821781144694,"COL15A1"
"717",130916,-0.0565489596332356,-0.870068509669533,-0.509521071218453,0.611660679706254,0.789397235499788,"MTERF4"
"718",131034,-0.0631948013931476,-2.37209549049838,-0.392201191250314,0.695856542441394,0.839325975129315,"CPNE4"
"719",131076,0.164593631403791,-0.680810919539217,1.49147149477368,0.139409018502442,0.339022407118855,"MIX23"
"720",131118,-0.178910973734434,0.767116620939754,-1.59740188559877,0.1137560857793,0.298136146248225,"DNAJC19"
"721",1312,0.0566744560040042,1.27201863197314,0.570944141368573,0.569490697197858,0.756904586055964,"COMT"
"722",131474,-0.124039676129131,-2.52580362712598,-0.802665295362454,0.424327760494316,0.644871560967869,"CHCHD4"
"723",131544,-0.0863103211594836,-1.70724072118616,-0.743531289295498,0.459137942498571,0.673885387627027,"CRYBG3"
"724",131870,-0.233059218352894,1.28512970596579,-2.25586264672405,0.0265546104437499,0.121273957517661,"NUDT16"
"725",131873,0.175250118369621,-0.0852383703268523,0.54014748068658,0.590457842688392,0.773665121087497,"COL6A6"
"726",132001,-0.168710998164455,-0.618223866309569,-1.64720110731297,0.103078353861899,0.280449882980646,"TAMM41"
"727",132158,0.0285669798944919,-1.16807703525398,0.188728789377796,0.85073936036118,0.930808947218703,"GLYCTK"
"728",132299,-0.161018271696268,1.53149936729903,-1.78460335067134,0.0777671596682163,0.2365385659284,"OCIAD2"
"729",132321,0.277409799622331,-1.61510927030645,1.78047840557047,0.0784441901482475,0.237690717438327,"C4orf33"
"730",132660,-0.188149717899447,-3.82325211832685,-0.827625642841647,0.410118255807884,0.631220123908924,"LIN54"
"731",1327,-0.119291390774499,4.29193975603597,-1.41997604631022,0.159142902806189,0.367225239633229,"COX4I1"
"732",132720,-0.0770507893911616,-0.713346788783967,-0.657107239177873,0.512824562189014,0.712636894434269,"FAM241A"
"733",132789,-0.313559450745917,1.69833795248971,-3.25449877089041,0.00161201294839304,0.0265982136484852,"GNPDA2"
"734",132864,0.0741459688925881,-2.85285012216161,0.318738258952736,0.75067925929062,0.875982755423161,"CPEB2"
"735",1329,-0.0930926417076403,2.69575519314087,-0.784438816315701,0.434886343778943,0.652808113992457,"COX5B"
"736",133308,0.0448432865603157,-3.20160770978564,0.313113078249178,0.754934627543219,0.877611504518992,"SLC9B2"
"737",133619,-0.0311423999457414,1.58613850356907,-0.38777187806524,0.699119957206185,0.84124648055902,"PRRC1"
"738",133686,0.430725243012188,0.416850012786397,3.50033280772297,0.000731328867778755,0.0183959334110865,"NADK2"
"739",133746,0.0959104455666435,-2.87203880946313,0.663062949263739,0.509021008450709,0.710084306788739,"JMY"
"740",1340,-0.066397934043567,1.96019574150554,-0.427143016456368,0.670317033987988,0.824860856980407,"COX6B1"
"741",134147,-0.0784257547448495,2.77214174085465,-1.13043282392853,0.261361304403207,0.488500513528283,"CMBL"
"742",134218,0.131641115782061,-2.43202224937348,0.885125046715209,0.378498056912658,0.605170800378638,"DNAJC21"
"743",134492,-0.0339356678988896,1.95146263554831,-0.446645259304409,0.656226947896953,0.819515972775483,"NUDCD2"
"744",1345,-0.118773136755306,3.67154747545071,-1.08339147298702,0.281590161811701,0.509456082734826,"COX6C"
"745",134549,-0.140708680013781,-2.36369554077297,-0.781343262722819,0.436694801335755,0.653971422930374,"SHROOM1"
"746",134553,-0.170661375408828,-1.61107056149241,-1.20824829521439,0.230184231453876,0.451987010429018,"C5orf24"
"747",1346,-0.121302056253165,-0.459294960121278,-0.643281587097351,0.521711912356267,0.7190088317189,"COX7A1"
"748",1347,0.111511452497779,0.599621145274818,0.542831556373444,0.588616150350804,0.772818380931174,"COX7A2"
"749",134957,-0.315107045611494,2.67988980158483,-2.78615609376229,0.00653036946222837,0.0524797643157746,"STXBP5"
"750",1350,0.0600576826329283,0.0538245949310259,0.296163867578092,0.767801781354962,0.884287290167423,"COX7C"
"751",1351,-0.0349889731203616,0.272299964938116,-0.231971341169166,0.817098125901134,0.913515069820556,"COX8A"
"752",135112,0.0523956427606679,-1.0129971473537,0.582176063660849,0.561934655524331,0.750795584590409,"NCOA7"
"753",135114,0.0732220421150607,0.740444012024452,0.797370634527797,0.427379140598844,0.646758669870736,"HINT3"
"754",135293,0.0589072041620867,-0.543223472256529,0.739600350374546,0.461508283017806,0.676469837515516,"PM20D2"
"755",135295,-0.196364822638923,-1.27684480099327,-1.46133956809607,0.147479063849494,0.351415567324587,"SRSF12"
"756",1355,-0.0650216325822409,0.0375645665865402,-0.606076753766933,0.546021846649451,0.738498021988612,"COX15"
"757",1356,0.226099589059848,-2.02949383505904,0.803707620807871,0.423728584811938,0.644411807129751,"CP"
"758",1357,0.746437405361327,4.67031674416521,1.22854209413329,0.222514496390564,0.44416064352692,"CPA1"
"759",1358,0.728783975462409,2.63419211406249,1.32638532180977,0.188139485937353,0.405193040239815,"CPA2"
"760",1359,-0.00685441447606161,0.530535562780461,-0.0183907517037522,0.985368706829409,0.99244826267086,"CPA3"
"761",1360,0.797223774288495,5.0665658506767,1.46926690087922,0.145321525106724,0.34811953849754,"CPB1"
"762",1362,-0.341718765253043,2.32352700990935,-4.127643029712,8.29779781433544e-05,0.00617026034145467,"CPD"
"763",1363,-0.632600525997079,5.77104734466471,-3.1999954274993,0.00191099901724144,0.0282662880239089,"CPE"
"764",136319,-0.190553090905335,0.356223696378633,-1.28179085539187,0.203278297987879,0.422089545573354,"MTPN"
"765",1365,0.225747247412085,-0.0362169250114373,2.55230318931443,0.012423742696171,0.0755543143150405,"CLDN3"
"766",136647,-0.157356346252291,-2.97375102556393,-0.916421921153069,0.361946830732782,0.591961003740426,"MPLKIP"
"767",1371,-0.0264163790572953,0.172827399782198,-0.315167486588991,0.753379612283553,0.877040623845321,"CPOX"
"768",1373,0.00188111985269179,-3.31911475270487,0.00813934819866161,0.993524209831818,0.996283548431253,"CPS1"
"769",1374,0.0514972103392892,1.49926954874454,0.598818220357841,0.550830389983582,0.741772034602726,"CPT1A"
"770",137492,-0.199568919802171,-1.05778840444531,-1.832565686045,0.0702445748130394,0.221911928189887,"VPS37A"
"771",1376,-0.166479496519449,2.37144504374707,-2.08557106152253,0.0399091811623416,0.156425641107569,"CPT2"
"772",137682,0.18186749358204,-2.2057620144331,1.10786642186115,0.270934278687197,0.498848899976286,"NDUFAF6"
"773",137695,-0.215717365961426,-0.419846196618091,-2.80261911445997,0.00623240984919358,0.0517449007392266,"TMEM68"
"774",137872,0.130494853842536,-2.82892082469695,0.618537727687315,0.537816514887291,0.732090680910182,"ADHFE1"
"775",137964,-0.152649791833817,-1.03893701873063,-1.32667315931487,0.18804459660269,0.405130829746337,"GPAT4"
"776",137994,-0.10818770050766,-3.99514650110296,-0.783809106175193,0.435253870895017,0.652880806342526,"LETM2"
"777",138046,-0.289617327440472,-2.09627779436116,-1.67060347328616,0.0983482728345525,0.272287640351143,"RALYL"
"778",1382,-0.26941871073211,-0.898334494593341,-1.52675045074412,0.13040451849231,0.32392672379838,"CRABP2"
"779",138311,-0.241005726357745,-2.03803451272169,-1.52781051571924,0.130141224736738,0.32360628714306,"DIPK1B"
"780",1384,0.356420929886418,1.12520391527872,3.01415309610597,0.00336503229433504,0.0376221643399426,"CRAT"
"781",138428,-0.0812308926836566,-0.320402757257494,-0.85117786693989,0.396977653268135,0.620328115010136,"PTRH1"
"782",1385,0.0658628204422306,0.378638682976226,0.871450694166712,0.385876168996426,0.61150455045427,"CREB1"
"783",1386,-0.073917593961137,-2.91839145014576,-0.407588627591695,0.684564224269484,0.833536046134912,"ATF2"
"784",1387,0.184826741195822,-1.10445235193952,1.60199340288268,0.112735904130642,0.296094556933626,"CREBBP"
"785",1392,-0.136236167072687,-2.35361737034952,-0.417358273057526,0.677431459032836,0.828791285692059,"CRH"
"786",139596,-0.105550304823562,-0.107052676821304,-1.36798865672718,0.174793964903865,0.388928873413974,"UPRT"
"787",1397,-0.23766624640784,2.52040775878105,-1.90233408954706,0.0603936206511242,0.201794253433098,"CRIP2"
"788",139735,-0.260379015861115,-4.52882614818605,-1.16237516276941,0.248221483504011,0.474045882311021,"ZFP92"
"789",1398,0.207342971590082,1.31178207805332,2.56686512478612,0.011949346841646,0.0737136592100734,"CRK"
"790",139818,-0.291856185192868,-3.31131462229008,-1.60475740909222,0.112125319256252,0.29505948471814,"DOCK11"
"791",1399,-0.140954701819904,2.50185561324345,-1.87497174415039,0.0641087845052992,0.209749244936431,"CRKL"
"792",1400,-0.414874986917683,3.75010544222639,-3.10902012864666,0.00252793158068044,0.0316017190269176,"CRMP1"
"793",140462,-1.03695329280733,1.74719466240194,-4.54066410244157,1.76886582294969e-05,0.00264812156616225,"ASB9"
"794",140465,-0.234360860408972,-1.54740166391775,-2.42778800081984,0.0172250347554974,0.0924189364766108,"MYL6B"
"795",140467,0.206440133541614,-3.14635279849401,1.3292163435015,0.187207763366288,0.404037008277875,"ZNF358"
"796",140576,0.273275654132277,-1.3958034487159,1.32262009278356,0.18938405325405,0.40673174208305,"S100A16"
"797",140606,0.00236079854438254,-3.35588173679549,0.0125695390080843,0.989999636774759,0.994699258556796,"SELENOM"
"798",140707,-0.0808473102594396,0.559055429450035,-0.741593058963901,0.460305819742805,0.675276558695348,"BRI3BP"
"799",140710,-0.214797356878016,-3.78724290974151,-1.11362148912277,0.268469989550446,0.496645206709053,"MTCL2"
"800",140733,-0.326972375661147,-0.741542932464572,-2.4029753716301,0.0183596017922118,0.0963922401124775,"MACROD2"
"801",140735,-0.0903091975513908,2.69506731877979,-0.903563768141204,0.368690215024936,0.595865693339305,"DYNLL2"
"802",140739,0.00319197977340568,-1.55002868412838,0.0275707442756076,0.978066858654436,0.989691674836351,"UBE2F"
"803",140775,-0.116689453001694,-1.51530008602738,-1.54853213454445,0.12507830677501,0.315548971222775,"SMCR8"
"804",1408,-0.26880769046561,-0.90569122633744,-1.55137831298968,0.124395264181386,0.314121183203483,"CRY2"
"805",140809,-0.00474664678834961,0.163994866427982,-0.0296866338968355,0.976384103524453,0.989264836841707,"SRXN1"
"806",140823,-0.131487690970862,-1.29937831710678,-1.04195220093849,0.30028404612431,0.529182737614417,"ROMO1"
"807",140890,-0.0200004773527613,-0.530351160038627,-0.216229612512553,0.82930853304292,0.918874020466012,"SREK1"
"808",140901,-0.128651843622599,-4.98424120218186,-0.592646940681774,0.554935263659677,0.745898304689952,"STK35"
"809",141,0.108612080886545,-1.22116797321018,1.40128653182576,0.16464049800602,0.375813825496822,"ADPRH"
"810",1410,0.330318656296579,0.612731444712647,1.60573031879075,0.111911030133236,0.294811117149271,"CRYAB"
"811",1412,-0.127499885520888,0.0363447969862546,-0.839542857111625,0.403436652206222,0.625890933405329,"CRYBA2"
"812",1421,0.0283183340232324,-0.874989040014985,0.224523380452171,0.822869865408838,0.916157307070461,"CRYGD"
"813",1429,0.23880322964351,4.53826449123781,2.09246664341747,0.039272572039069,0.15491969612841,"CRYZ"
"814",143,0.410905483452209,-0.207615112100971,2.88380379454472,0.00493708182589052,0.0453649824061617,"PARP4"
"815",143187,-0.157485997337705,0.0877347229853544,-2.13812185108001,0.0352748634867092,0.144441035411221,"VTI1A"
"816",143282,0.201698005171954,-4.77740336014238,0.879350092753474,0.381603144266684,0.607977177259764,"FGFBP3"
"817",143384,-0.0276565492494458,-1.62667356168379,-0.175013395869484,0.861470607419236,0.935711659589324,"CACUL1"
"818",143684,-0.114532852366147,-1.21726970317274,-0.715744844050796,0.476041240661632,0.685896962461346,"FAM76B"
"819",143872,0.306187596319738,-4.36061264515127,1.50003496084795,0.13717975715915,0.335166723632169,"ARHGAP42"
"820",143884,0.249116210257465,-2.9885493137632,1.5251392504937,0.130805505339275,0.324399244800912,"CWF19L2"
"821",143888,0.171906893728975,-0.102522289108312,1.35933303452721,0.1775096143207,0.391257659149122,"POGLUT3"
"822",144100,0.465923018083973,-0.980548882786634,2.25319422629469,0.0267290748630976,0.12170850260363,"PLEKHA7"
"823",144108,0.110306343486487,-2.92591044888958,0.429553849730356,0.668568709084917,0.824241082962368,"SPTY2D1"
"824",144363,-0.138338316898666,-2.53705596437979,-0.753063909420494,0.453418715190612,0.667986478648345,"ETFRF1"
"825",144402,0.0466647934224811,-1.45101199975842,0.392165242842655,0.695883005446902,0.839325975129315,"CPNE8"
"826",144501,0.535218586780953,0.464107320505573,2.46674000485465,0.0155698127187625,0.0872762652673646,"KRT80"
"827",144568,-0.166500715494648,-0.297651668913907,-1.17699678914528,0.242366184397858,0.467078065881964,"A2ML1"
"828",144577,-0.168701041949807,-1.12099919314099,-2.2037068346469,0.030152017470873,0.130434985715375,"KICS2"
"829",145173,-0.622008096813159,-3.44072718805368,-2.75807833544419,0.00706875045128063,0.0548520736661953,"B3GLCT"
"830",1452,0.15152249529331,0.71925076121625,2.04244033393068,0.0440965285505123,0.166870833688684,"CSNK1A1"
"831",145226,0.0693520408148696,-2.22405369174468,0.310677766728931,0.75677926350734,0.879089916617725,"RDH12"
"832",145482,-0.135866342601498,1.34752481045679,-1.63666303174125,0.105267573078735,0.283889439172793,"PTGR2"
"833",1455,0.00193322673414009,-1.66186801458151,0.0154660127750184,0.987695361909115,0.993600780733264,"CSNK1G2"
"834",145553,-0.191899785910522,1.60133013519563,-1.91705983168879,0.0584704648469478,0.198282714492025,"MDP1"
"835",145567,-0.235454267363007,0.0285784735997101,-3.52892450926516,0.000665509456977961,0.0175317469825353,"TTC7B"
"836",1456,0.0121057818423513,-1.28643596526261,0.143100042986254,0.886537881951822,0.946257852142665,"CSNK1G3"
"837",146206,-0.150042863071282,1.67159344763347,-1.46557477181893,0.146323313478529,0.349876314036311,"CARMIL2"
"838",146223,-0.0352571445270457,-0.0933072253748436,-0.487791619866183,0.62690889696055,0.801285838855717,"CMTM4"
"839",146330,-0.333281879267543,-2.08656915640563,-2.03011355692692,0.045360502479226,0.169977267532045,"FBXL16"
"840",1464,-0.40480760869357,-1.38053939978546,-3.66420533885433,0.000423172075679351,0.014782977592485,"CSPG4"
"841",146456,0.690715044055008,-0.392581911875426,2.91189880513209,0.00454992004961816,0.0436365769758691,"TMED6"
"842",1465,0.110412391129219,2.76833346941072,1.15162188775139,0.252591450940831,0.480495048036713,"CSRP1"
"843",1466,0.00585450814774191,0.257938917315147,0.0433757731962887,0.965500126094961,0.984998876128901,"CSRP2"
"844",146691,-0.228506526697835,1.5587246930788,-2.51817380453458,0.0136027208489858,0.0794812600591229,"TOM1L2"
"845",146705,0.120060045726002,-5.74514335702561,0.592853258101327,0.5547977846994,0.745898304689952,"TEPSIN"
"846",1468,-0.0312169084919105,1.6378327800297,-0.437219645619976,0.663021686191195,0.822645463885497,"SLC25A10"
"847",147007,0.0508637819521215,-0.580930750695412,0.587015656102826,0.55869417850919,0.747901481813315,"TMEM199"
"848",147015,0.0767722096121007,-0.348025139180368,0.691588875110365,0.491013648463701,0.695394964067881,"DHRS13"
"849",1471,-0.287007271823131,4.11705559842031,-1.73232899548163,0.086713748023961,0.253601780211687,"CST3"
"850",147179,0.0144159809902706,-0.528131436836206,0.170617700844697,0.864915514952202,0.937196089308147,"WIPF2"
"851",147339,-0.0961959468785469,-2.64048928227152,-0.608737556714659,0.544264467114326,0.737786064299412,"ARK2N"
"852",147407,-0.316998647741648,-0.365734152525901,-3.72738966192732,0.000341266835483456,0.0133833432803873,"SLC25A52"
"853",1475,-0.507437569999044,0.059495434038096,-2.23018007174233,0.0282760204089035,0.125858022675743,"CSTA"
"854",1476,-0.21145442466734,4.05519672238932,-1.42538362484502,0.157578884624689,0.365402037713011,"CSTB"
"855",147700,0.252479856444856,-2.29016404886117,1.31490854206084,0.191952293649525,0.409249423359525,"KLC3"
"856",147798,0.234998886607007,-0.357897977628527,2.61894506538383,0.0103834555033611,0.0685308063221834,"TMC4"
"857",1478,0.0817401728484451,0.579150889170905,1.08989399876807,0.278731276637537,0.50675790070696,"CSTF2"
"858",147808,0.115293384821057,0.304054416207691,0.922572491031541,0.35874917041883,0.588928164758165,"ZNF784"
"859",147965,-0.044670954230515,-0.662585882728189,-0.470633254862228,0.639065516336983,0.808613510467203,"FAM98C"
"860",147991,0.296601304491717,-0.735151538464626,2.11993125476142,0.0368232757019747,0.148730110977394,"DPY19L3"
"861",148398,-0.358645051752161,-0.220792151085058,-1.21868011386307,0.226218126108643,0.447732981917127,"SAMD11"
"862",148534,0.435242347893806,-1.56604575663559,3.32511395812069,0.00128951435462008,0.0238404792429459,"TLCD4"
"863",1486,-0.114564116465144,1.00667965716797,-1.08786931430864,0.279619283499599,0.507631813700249,"CTBS"
"864",1488,0.221537570520374,0.417003730701299,3.22855468344063,0.00174841136610032,0.0273769106253158,"CTBP2"
"865",148867,0.121346306512377,2.3985022918886,1.43973413320547,0.153485758721868,0.359441277006801,"SLC30A7"
"866",149041,0.281038235655761,-2.09655507910482,1.88193677456909,0.0631453391209407,0.208267647245746,"RC3H1"
"867",1491,0.77717226473585,-0.423381874678187,2.70239701742228,0.0082580075522638,0.0597731725893811,"CTH"
"868",149175,-0.192438557694913,-0.964646832015426,-2.00255206604867,0.0482993915190438,0.177734811237345,"MANEAL"
"869",1495,0.303765668497066,3.37620304971046,3.69363297695578,0.000382939073913126,0.013990952593326,"CTNNA1"
"870",1496,-0.330374975922904,0.878362009269179,-2.92986247331574,0.00431724189561079,0.0424900945275547,"CTNNA2"
"871",149951,-0.125584420460664,-0.495700542456703,-1.58291954664626,0.117022404832388,0.30285311244891,"COMMD7"
"872",149986,-0.0625992066668306,-1.09704485646635,-0.494880433176084,0.621916182927257,0.797435038815021,"LSM14B"
"873",150,-0.0466701006930657,-2.17771922206302,-0.314518455603302,0.753870764857558,0.877040623845321,"ADRA2A"
"874",1500,0.262353988387826,2.31946528547929,3.35319859198898,0.00117895156067737,0.0231342601003081,"CTNND1"
"875",1501,-0.00394064411346884,-2.95231318220077,-0.0258999813599037,0.979395677542969,0.989691674836351,"CTNND2"
"876",150274,-0.179250509966066,-1.06314680776065,-2.25896625808488,0.0263529519201697,0.120802403947723,"HSCB"
"877",150275,0.379878283769402,-0.972597199892158,1.66118245432356,0.100230808775584,0.276063937970159,"CCDC117"
"878",1503,0.231318753534585,0.409408777687615,2.99915697353794,0.00351877523378481,0.0383670250088402,"CTPS1"
"879",150472,-0.0681904120263368,-1.65570610626753,-0.69513238034471,0.488801318337965,0.693862740970959,"ZNG1B"
"880",1506,0.425226941776772,0.506576633531088,0.700593909165534,0.485402227322483,0.692232161712013,"CTRL"
"881",150684,0.0210279359431608,-0.832615303980287,0.246606722500409,0.80578617148361,0.908529184747043,"COMMD1"
"882",1508,-0.0314511122897123,4.00470869408669,-0.294453263750185,0.769104093719015,0.885004780596573,"CTSB"
"883",150864,0.795077332183781,-2.98250180298648,3.57094458046066,0.000578863337048112,0.0166810477126822,"FAM117B"
"884",1509,0.0949595423341538,5.02562922552953,1.07262318483023,0.28636889509637,0.515010922385444,"CTSD"
"885",1511,0.364004129701917,-0.408738961248633,0.967446528201472,0.335968596180034,0.568875929200841,"CTSG"
"886",151188,0.121638005196849,-1.52288638664952,0.773691555759145,0.44118387575778,0.657640014211575,"ARL6IP6"
"887",1512,0.499899871948832,-0.235856199089815,2.38226612311686,0.0193569803050297,0.0999269513139381,"CTSH"
"888",151393,0.0143596614151222,-1.82297938313182,0.113260826168723,0.910081405836036,0.958654482413178,"RMDN2"
"889",1514,0.0364584442213605,-0.704188845349993,0.260117389582962,0.795380037154073,0.901244723657319,"CTSL"
"890",151525,-0.0279888068759595,-2.76975075884856,-0.174041181086512,0.862232304050019,0.936029072212995,"WDSUB1"
"891",151613,-0.155612110442984,-2.13400030519586,-0.423403236476125,0.673032699148168,0.826392920274963,"TTC14"
"892",151636,0.00174631900577998,0.381857460950966,0.0198976056536837,0.984170039628576,0.991734612703729,"DTX3L"
"893",151742,-0.363650059950433,0.617566318983197,-3.42881487277057,0.000923911397585235,0.0207108340230079,"PPM1L"
"894",151903,0.183856223475902,-1.78581342456526,1.46652321074738,0.146065461225656,0.349395869447808,"CCDC12"
"895",151987,-0.053253367096067,0.0918986822852101,-0.599065009585983,0.550666552726957,0.741714132244472,"PPP4R2"
"896",1520,0.629561630797664,0.489028761474341,3.18311293289368,0.00201364285259388,0.028945526532134,"CTSS"
"897",152007,-0.115101072374223,0.743080178614833,-0.960947489829802,0.339207955079171,0.571438022064499,"GLIPR2"
"898",152100,-0.285249036351394,1.93658725944133,-2.24683499617285,0.0271489127925173,0.122610694768684,"CMC1"
"899",152137,0.032554714966486,-0.0844870475731411,0.326337062252366,0.744943123438511,0.872265095991994,"CCDC50"
"900",152185,-0.204774910299566,-2.68333359879787,-1.59346798334695,0.114636022794306,0.298971961227292,"SPICE1"
"901",1522,-0.0507692550853189,3.94690370593365,-0.374008495645979,0.709296394956709,0.848666914667501,"CTSZ"
"902",152273,0.178851674257254,-4.63949503440106,0.715635592551149,0.476108379425103,0.685896962461346,"FGD5"
"903",1523,-0.0568640466671611,-0.770823918898436,-0.756090371200017,0.451611534654595,0.666896924590497,"CUX1"
"904",152330,-0.139027562443048,-1.15474682815808,-1.20457336548797,0.231593324051854,0.453579928385995,"CNTN4"
"905",152404,-0.063385570026913,-1.85294616727222,-0.575164551039661,0.566645725513992,0.754544317540328,"IGSF11"
"906",152485,-0.0412281038171436,-1.24479885313299,-0.258383352263841,0.796713594678601,0.902250979385684,"ZNF827"
"907",1525,0.351887288143911,-1.24780589589561,2.4798848289578,0.0150442410115198,0.0851859329600633,"CXADR"
"908",152503,-0.113865394897762,-1.92377467416525,-0.801995183530948,0.424713236927045,0.644950482003514,"SH3D19"
"909",152518,-0.0112040898409675,-0.857673816568868,-0.119944185501176,0.904800403528401,0.954464687455504,"NFXL1"
"910",1528,0.543360118107332,2.94644457451639,2.87316910324495,0.00509137642240508,0.0461608101635485,"CYB5A"
"911",152926,-0.640841168244134,-1.01566579882747,-3.73649301889862,0.000330790003238605,0.0132705166005134,"PPM1K"
"912",153090,0.515906785552449,-0.694210202829907,3.54634667451715,0.000628192492949634,0.0170369403964335,"DAB2IP"
"913",153241,0.160422253142559,-2.08162344791571,1.04819582215013,0.297414827154956,0.526849122388779,"CEP120"
"914",153364,-0.195064390727405,-0.194397319352366,-2.29301719168835,0.0242273465987797,0.114654937103554,"MBLAC2"
"915",1534,-0.158060578495658,1.74998429720473,-1.39659977352177,0.166041681903019,0.378028131869707,"CYB561"
"916",153443,0.134896948938511,-2.47228072205674,0.731085497577674,0.46666647002892,0.679595987446408,"SRFBP1"
"917",1535,-0.104362471937107,-1.23413441164117,-0.807629078609688,0.421478868371975,0.641944737981931,"CYBA"
"918",153527,-0.04751580356718,-0.617505936101675,-0.331272988347666,0.741224792841858,0.870179979465368,"ZMAT2"
"919",153572,-0.3934408392834,-4.67492127944825,-1.61679534864635,0.10949694154629,0.290888426261818,"IRX2"
"920",1537,-0.0125195193127903,2.79464023203492,-0.165880274644842,0.868631161096109,0.938594142861381,"CYC1"
"921",153830,0.0358803260141762,-3.4402459469148,0.245814630303219,0.806397360459741,0.908529184747043,"RNF145"
"922",1540,-0.201724540899817,-0.120982902183266,-2.4562866073711,0.0159994382543117,0.0888728977420502,"CYLD"
"923",154796,0.231343867355077,-2.02728066189435,1.29345169829874,0.199235205482783,0.417268393110248,"AMOT"
"924",154807,0.0843665256766926,-0.308283644819889,0.881369261464259,0.380515671056301,0.606650698426903,"VKORC1L1"
"925",154810,0.26641775074249,-4.84788898843156,1.18830940826959,0.237904275000796,0.461376442323819,"AMOTL1"
"926",155435,0.122982006739336,-0.994759738910328,1.30069634017207,0.196753593875902,0.415293521048929,"RBM33"
"927",155465,0.280636697859443,-1.81492379612191,1.67813887615045,0.0968632865731919,0.26988055060656,"AGR3"
"928",157,0.0374449030960693,-2.21485969789668,0.271158125838666,0.786903594538294,0.896439172842622,"GRK3"
"929",157378,-0.367874460131305,1.85726861269668,-3.71212284829874,0.000359549124517213,0.0136783500282306,"TMEM65"
"930",157506,0.332920782333888,-0.443981417223005,2.66590938030938,0.0091332225302075,0.0633443162603544,"RDH10"
"931",157567,-0.205479225765143,-1.24143540968094,-1.45926378826082,0.148048111821498,0.351894867199451,"ANKRD46"
"932",157638,0.104008749971136,0.330842988706776,1.15370165623377,0.251742038461598,0.479278111686503,"LRATD2"
"933",157680,-0.0746827103152066,-1.86269186295144,-0.675439229105768,0.501165352893902,0.704342445187645,"VPS13B"
"934",157695,-0.0418634711951995,-1.20068969616087,-0.313654103426111,0.754525018448978,0.877301489532076,"TDRP"
"935",157922,-0.101072550424137,-1.10482939501359,-1.37190579135291,0.173575403538379,0.387465662346061,"CAMSAP1"
"936",158158,0.252012235334128,-2.33076597692761,1.13184769880547,0.260769118111085,0.488215240003485,"RASEF"
"937",158219,-0.197345901689294,0.143727087782393,-2.03680124417493,0.0446709527008429,0.168214912685751,"TTC39B"
"938",158399,-0.281545822312633,-1.17901850659302,-2.10603968784218,0.0380450762424242,0.152068146115175,"ZNF483"
"939",158471,-0.48604549920186,2.02014513782663,-2.53801487721094,0.0129056460860637,0.0771322840080416,"PRUNE2"
"940",158584,0.0694396692893857,-4.18103823234964,0.276379131762668,0.782904064189382,0.893743063000669,"FAAH2"
"941",158747,-0.206109065651947,-1.10649371488154,-2.22893525433755,0.0283618863549019,0.126057392068347,"MOSPD2"
"942",159013,0.115321629215421,-1.59847851552,1.2657087893214,0.208953575701023,0.427091923960332,"CXorf38"
"943",159195,-0.0174634876291481,-0.587692012463785,-0.0933647520106978,0.925825741108619,0.96661309728265,"USP54"
"944",1593,-0.395531665319695,2.00651749856866,-3.27200002004291,0.00152569864985425,0.0257981771702627,"CYP27A1"
"945",1595,0.131176391844513,1.72340460601389,1.24215411926963,0.217475363341284,0.437947434445145,"CYP51A1"
"946",1601,0.184696793193558,-1.63628284302688,1.12858302795301,0.262136949349482,0.489503071222124,"DAB2"
"947",1602,-0.0624183977544237,-0.220465338314254,-0.611950593601967,0.542146172358353,0.735564369128111,"DACH1"
"948",1603,0.343383225177964,4.17102372801048,2.568624964511,0.0118931354292441,0.0736374764832256,"DAD1"
"949",1604,0.0291830868254391,-0.662223791879168,0.213118037108514,0.831727166388925,0.919845287800941,"CD55"
"950",160418,0.143106841331726,-0.0286650526178011,1.26096482748016,0.210649793076186,0.429272387085535,"TMTC3"
"951",160428,0.896489081972071,1.65665988432775,3.47472074288738,0.000795467176954103,0.0193474180891081,"ALDH1L2"
"952",1605,0.195046856583164,-0.373640075234678,2.37237306540521,0.0198502185640273,0.100736753474125,"DAG1"
"953",160518,-0.265331244275878,-2.85031064616143,-1.7153472147331,0.089795958372025,0.2588748072424,"DENND5B"
"954",1606,0.256810382968275,-1.14895231935053,2.92424835827532,0.0043887538965516,0.0427630437098576,"DGKA"
"955",160622,-0.194652151660647,-2.45017616308754,-0.994994823012989,0.322463158526654,0.554575193902102,"TAMALIN"
"956",160760,-0.205498337518537,-2.49345836270332,-1.4749609178527,0.14378704548489,0.346120482976031,"PPTC7"
"957",160897,-0.265933376305824,-0.905006159219345,-2.56133723489133,0.0121274757618091,0.0745876214689222,"GPR180"
"958",1609,0.179479454424412,-3.20855913273545,1.01415099650107,0.31328719181636,0.543508128820619,"DGKQ"
"959",1611,0.827101486764166,-1.26534874830117,3.00150946805598,0.00349423476324453,0.038294769459978,"DAP"
"960",1612,-0.0122606329402475,-1.09292002501899,-0.13004607369528,0.896826373750653,0.951088202007346,"DAPK1"
"961",161253,0.0306069986729242,-0.922075651635753,0.20306178159157,0.839554888025774,0.92533100180783,"REM2"
"962",161291,0.324218437257708,-1.75723972590965,2.76662889245407,0.00690065192429482,0.0540257672338286,"TMEM30B"
"963",1613,0.257356184561091,-0.483389315791935,2.37763423043767,0.0195865403552366,0.100441267099484,"DAPK3"
"964",161424,0.164391148431898,-1.37973411614654,2.07156312977025,0.0412298718220974,0.159968026740575,"NOP9"
"965",161436,0.057789237599594,-0.761222762116336,0.533597205324033,0.594963636028405,0.777162544784497,"EML5"
"966",1616,0.0540987332925624,-2.32967229164517,0.353531767492918,0.724534214979302,0.858034152333196,"DAXX"
"967",161823,-0.142585739403488,-2.56147559322635,-0.877940707011913,0.382363352028211,0.608332362558102,"MAPDA"
"968",1622,-0.207248285624754,2.45944431870645,-1.1028748380319,0.273084379188895,0.501253564432248,"DBI"
"969",162394,0.184783207826404,-0.625723528520906,0.895800321664492,0.372799953643943,0.599452114377766,"SLFN5"
"970",162427,0.118222883107722,-0.534743949383432,1.03384964739609,0.30403542119372,0.532886754793562,"RETREG3"
"971",1627,0.3490065013506,1.21133370197922,2.86845155613453,0.00516123064883137,0.0465116866514583,"DBN1"
"972",1629,0.0567193230657241,2.20657418008517,0.679938936514436,0.498325507543186,0.70220425286224,"DBT"
"973",163033,0.182422278533394,-2.6562148152355,1.13065735418902,0.261267265712638,0.488500513528283,"ZNF579"
"974",163126,0.109490869265334,-2.32285541517939,0.729371527834012,0.467708690951032,0.679750189164545,"EID2"
"975",1632,0.0788470262023884,3.45149499549822,1.16702638997164,0.246348058189102,0.471928330391284,"ECI1"
"976",1633,-0.0163279089114274,-1.04115452766437,-0.197182688503262,0.844138675991907,0.927253366415027,"DCK"
"977",1635,0.034060136768259,-0.54823266578986,0.306084234226219,0.760262483493881,0.881038053185912,"DCTD"
"978",1636,-0.164450614755655,0.179393147438055,-1.0448483267168,0.298950823156393,0.527859674698517,"ACE"
"979",163782,-0.686946724886105,-2.45715455735443,-2.68588156152244,0.00864424463557238,0.061302564618995,"KANK4"
"980",163859,-0.125491701046296,-0.428178641183125,-1.24608032199682,0.216037521787539,0.436771511440024,"SDE2"
"981",163882,-0.171857017203319,-2.72781578682445,-1.01393848885131,0.313388016400759,0.543508128820619,"CNST"
"982",1641,-0.52332613711846,-1.95329705134518,-2.82651753610903,0.00582198954633917,0.0500495403857561,"DCX"
"983",164284,-0.134027474300891,1.25881133627183,-0.699161237765735,0.486292617718877,0.692339918751345,"APCDD1L"
"984",1643,0.332505668807045,-0.217427194718733,3.07339142044273,0.0028165563064349,0.0338980835468577,"DDB2"
"985",1644,0.191195806150675,1.12800896895412,0.989673107734735,0.325043646049655,0.557451215270406,"DDC"
"986",1646,0.828386702788684,-0.410372317620163,2.30783210190279,0.0233507325984455,0.112149293184084,"AKR1C2"
"987",164832,-0.222953143385016,-1.48683062455015,-1.23344981393274,0.220687959123406,0.442384942227128,"LONRF2"
"988",1650,0.192822417049224,4.3332712122362,1.98136770833835,0.0506674805785042,0.18293940928874,"DDOST"
"989",1652,0.141400755110597,2.60742578747544,0.955886568484956,0.341744570951536,0.573279086225889,"DDT"
"990",165324,-0.146388288325111,-5.99697161209354,-0.686855000861065,0.493977683513516,0.698625580969116,"UBXN2A"
"991",1659,0.120800195970876,-0.748826355121439,1.71743872925873,0.0894115682816777,0.258262685229618,"DHX8"
"992",166,-0.0420135675558457,-0.348758865074627,-0.377411186055937,0.706775497600946,0.847136888161416,"TLE5"
"993",1666,0.0632323973757032,3.77940715392138,0.751655524776082,0.454261112206928,0.668506798403468,"DECR1"
"994",166614,-0.17897482982189,-1.37364547561091,-1.5220403124025,0.131579486430758,0.325659228916126,"DCLK2"
"995",166785,0.0424208369348819,0.0212228442153707,0.535702072078276,0.593514002723188,0.77592948854418,"MMAA"
"996",166929,0.158743896053957,-1.52369642745085,1.35443120567462,0.179061642068814,0.392844213900179,"SGMS2"
"997",1674,0.182088420572081,-3.9170505922807,0.799344314712186,0.426240166705556,0.64615019590978,"DES"
"998",1676,-0.031410212955991,0.330231373350172,-0.419440318494699,0.67591513669972,0.828097227357861,"DFFA"
"999",1678,-0.173455702089027,-2.39010226530605,-1.45863264659722,0.148221468901048,0.351947147433127,"TIMM8A"
"1000",168620,0.518524883804036,-1.74066672570259,2.34099255568973,0.0214893944504494,0.106286787378613,"BHLHA15"
"1001",1687,-0.0400216093108212,-2.42495065704771,-0.269172550433352,0.788426144860273,0.897549255923305,"GSDME"
"1002",168850,-0.0553231169169111,0.275165135828679,-0.321301455668886,0.748742784366812,0.874221649313961,"ZNF800"
"1003",169026,-0.388724732639017,0.637027725849583,-2.99813120383043,0.0035295255877537,0.0384117518752344,"SLC30A8"
"1004",169714,-0.212152608333156,-0.204619423138967,-2.66288171158803,0.0092095025785015,0.0636082945225228,"QSOX2"
"1005",170302,-0.0167147598646222,-1.18238777790294,-0.107040442787395,0.915000215814362,0.96115842391472,"ARX"
"1006",170394,0.196221672048378,-2.81860447118647,1.25801486552416,0.21170965710839,0.430488420175434,"PWWP2B"
"1007",170463,-0.0588017640217426,-2.09212385614704,-0.356526558531646,0.722298517321971,0.857040073327326,"SSBP4"
"1008",170575,-0.0708832970213351,-0.462535907646572,-0.435668174384436,0.664142838258235,0.823038308344245,"GIMAP1"
"1009",170622,-0.0482726363041581,-2.95768490928957,-0.258007055749561,0.797003064553466,0.902250979385684,"COMMD6"
"1010",170954,0.104228273727389,-1.08562011106685,0.75804181276981,0.450448477669461,0.66588975186916,"PPP1R18"
"1011",171017,-0.0805341616151063,-2.09245654606624,-0.908666630168205,0.366004587733924,0.59509215548263,"ZNF384"
"1012",171024,-0.0924292824966948,-1.73712611293685,-0.558643229245185,0.577822052829772,0.764204214666912,"SYNPO2"
"1013",171425,0.248135483041926,0.363107201404954,2.17125530009552,0.0325993486410609,0.137427748598099,"CLYBL"
"1014",171568,0.309776783683771,-4.71816415497244,1.28918121267542,0.200708893313458,0.418888536945938,"POLR3H"
"1015",1716,-0.482310194080147,1.98234840254474,-5.3137560135298,7.99913420170225e-07,0.000636677824155262,"DGUOK"
"1016",1717,0.21782879146655,1.60075625980693,1.76926888979657,0.0803086945780208,0.23987093300238,"DHCR7"
"1017",1723,-0.0432929985439713,1.047788379336,-0.444202519964858,0.657985124762388,0.820321143415642,"DHODH"
"1018",1725,0.0619000229816554,-1.04612948833421,0.627461737854026,0.531979149943725,0.72622005018815,"DHPS"
"1019",1727,-0.224621673413259,3.76319241000614,-2.96277526152805,0.00391917524764817,0.0400264520300573,"CYB5R3"
"1020",1728,0.353686459614205,-0.0307973502943641,1.27627219136522,0.205212800539918,0.423251401113581,"NQO1"
"1021",1729,0.241205626018194,1.46698399051774,2.0876018959676,0.0397207731623168,0.156085855102625,"DIAPH1"
"1022",1737,-0.293702515021642,3.11964192965814,-3.09917840987855,0.00260477940086679,0.0321263416653941,"DLAT"
"1023",1741,0.217999400395825,-0.230482893070543,2.1755285870691,0.0322674881068025,0.136215847317437,"DLG3"
"1024",1742,-0.0967970789225936,-1.81514936024148,-0.520393901266642,0.604094099406565,0.785245570130769,"DLG4"
"1025",175,0.177163182292856,2.19647338727891,1.69166083310734,0.0942443001070572,0.265612569435323,"AGA"
"1026",1755,0.065328586574726,-1.31666805742952,0.230528821657931,0.81821521840877,0.913792760297131,"DMBT1"
"1027",1756,0.450243008205388,-1.65180947207984,2.99283329585308,0.00358553458487303,0.0386444783747051,"DMD"
"1028",1757,0.341272050793397,2.04893217749954,1.65832672589094,0.100807185621042,0.276774905330462,"SARDH"
"1029",1759,-0.131293388225191,2.38603734082799,-1.19787162640599,0.23417901840527,0.456715863013707,"DNM1"
"1030",1762,0.192813926924073,-2.799093737256,0.90069180056287,0.370207196895895,0.597039352219391,"DMWD"
"1031",1777,0.0788231399134993,-0.232814182505028,0.857833347900396,0.393311656255293,0.616909804958338,"DNASE2"
"1032",1780,-0.285618787901737,1.11131702128897,-2.3134589752886,0.0230251945650319,0.111496278945672,"DYNC1I1"
"1033",1783,-0.0539105717196031,1.77534842702585,-0.700086103556564,0.48571772050018,0.692232161712013,"DYNC1LI2"
"1034",1786,0.0920465289826333,-0.79821958296254,0.996717880399818,0.321630572828404,0.553829478475554,"DNMT1"
"1035",1788,0.181801149241684,-2.98866312219538,0.891785312575449,0.37493666030841,0.601348633648555,"DNMT3A"
"1036",1796,-0.37793669279869,-3.86041326291846,-1.86104384982025,0.0660724236704754,0.214124887269999,"DOK1"
"1037",1797,0.0473079290589592,-0.691479499765127,0.412703779807237,0.68082606020992,0.831101991873465,"DXO"
"1038",1798,0.31791274131048,-0.549893999678895,2.80696214767212,0.00615590893027153,0.0516580556340162,"DPAGT1"
"1039",18,0.00771988312801053,4.27049701910573,0.0752231169466294,0.940207700525354,0.973289834852144,"ABAT"
"1040",1800,1.10871365460826,0.729119580541485,3.42452427049618,0.000936867043165503,0.0208349678749893,"DPEP1"
"1041",1801,0.25627593729889,-3.12009980599207,1.36646331544584,0.17527022857049,0.389154797028386,"DPH1"
"1042",1802,0.0254081167380555,-1.51337060789314,0.217438449937085,0.828369343724393,0.918614459219571,"DPH2"
"1043",1803,0.0034820829524258,2.22913058204031,0.0182312013913236,0.985495627399624,0.99244826267086,"DPP4"
"1044",1804,-0.299837951019259,0.0559186721125195,-2.84354538130169,0.00554484381931472,0.0487547466122085,"DPP6"
"1045",1806,0.390006115171552,-1.87315216117398,2.57004884028627,0.0118478297548328,0.0735308180335328,"DPYD"
"1046",1808,-0.236602430514651,4.4497814836611,-2.36821115031611,0.0200610327781136,0.101262022361892,"DPYSL2"
"1047",1809,0.0555325574456349,2.09046127894447,0.341902199994519,0.73323853816032,0.865503489851547,"DPYSL3"
"1048",1810,-0.0354132399166396,-0.706096618469289,-0.293496035319919,0.769833137824957,0.885373018544048,"DR1"
"1049",1820,-0.123498876963715,-1.76608537896515,-0.979654197160897,0.329938777026788,0.562972202692314,"ARID3A"
"1050",1822,0.077876601495001,-0.757724101908955,1.00163762078666,0.319261205285049,0.551075724983024,"ATN1"
"1051",1823,-0.147792005629231,-1.1208153620901,-0.970358084269235,0.334523959734341,0.56765648720097,"DSC1"
"1052",1824,0.309913116945921,1.78941291635964,3.12075869007152,0.00243903166920811,0.0313566510209802,"DSC2"
"1053",1827,-0.281573680781857,-1.42472642408917,-1.99534619255765,0.0490940639852889,0.179248270993535,"RCAN1"
"1054",1828,-0.213034957198831,-1.29071654859704,-1.19099014042251,0.236855645168697,0.45977860532747,"DSG1"
"1055",1829,0.398792338925994,1.59136985854415,2.64468753475116,0.00968019656594181,0.0654372759050119,"DSG2"
"1056",183,-0.314840957574522,0.0539484530323517,-1.27383781839893,0.20607045451095,0.424103678984685,"AGT"
"1057",1832,0.133936401671488,2.26205979039155,1.05485257936218,0.29437634590207,0.523582153331471,"DSP"
"1058",1836,-0.0604112004927977,-2.10401734241484,-0.434487337621607,0.664996668609193,0.823104173102264,"SLC26A2"
"1059",1837,0.291393388138461,-0.232846786113671,3.14050233790549,0.00229604070467758,0.0306002899276956,"DTNA"
"1060",1841,0.152460144876993,0.360995549239292,2.19083705402188,0.031102691163246,0.133236911773057,"DTYMK"
"1061",1845,-0.064680708644772,1.99057439636308,-0.72906401387519,0.467895820987325,0.679750189164545,"DUSP3"
"1062",1854,-0.224374554121785,1.52498546638431,-3.10265333290326,0.00257740116668266,0.0320244703665955,"DUT"
"1063",1855,0.0412116588353224,-2.2141320434694,0.325431569304999,0.745625908841193,0.872511677548126,"DVL1"
"1064",1859,0.0848337312605056,-1.46012147058682,1.19443855848899,0.235511609558326,0.458620006176715,"DYRK1A"
"1065",1874,-0.0482494161683276,-2.99280608983043,-0.226003496422187,0.821722073853431,0.916050060119592,"E2F4"
"1066",1890,0.577843991698755,1.61065421179166,2.81790944281509,0.00596687701995438,0.0507267190422161,"TYMP"
"1067",1891,-0.0441105229096124,3.45612002964457,-0.403749189730458,0.687375272267794,0.835393249877447,"ECH1"
"1068",1892,-0.173540277071795,3.53802212689384,-2.04194845428628,0.0441463800162835,0.166956549932192,"ECHS1"
"1069",1893,-0.141839502696927,-1.89083582924253,-0.936744847804282,0.351450027962736,0.58222321903946,"ECM1"
"1070",190,-0.309409378446347,-1.04754042924639,-2.28929695614568,0.0244519843354861,0.115166557961395,"NR0B1"
"1071",1908,-0.141143003085485,1.80819124267215,-1.26436712401877,0.209432268091969,0.427500918373298,"EDN3"
"1072",1911,0.116275199774755,-5.4360009012168,0.419670442255559,0.675747622922814,0.82805727879821,"PHC1"
"1073",1912,-0.101362589048537,-0.406798557665418,-1.30599946914056,0.194951682966013,0.413102101997987,"PHC2"
"1074",1917,-0.53522352801927,4.21794709933353,-3.23482429609056,0.00171449415795652,0.0272555420862384,"EEF1A2"
"1075",1933,0.22580507483394,3.19702688181096,2.86217142296163,0.00525558953708497,0.0470647072483657,"EEF1B2"
"1076",1936,0.256634851210773,4.29104161870757,2.7941858151801,0.00638345074703925,0.0522321990235437,"EEF1D"
"1077",1939,0.160638475662764,-0.584228236388112,1.59657510499575,0.113940570035209,0.298364854469331,"EIF2D"
"1078",1947,0.258172902249254,-3.28025174814238,1.48144854294623,0.142054131330274,0.343684768665834,"EFNB1"
"1079",1954,-0.0532819412848475,-2.53979429784176,-0.389977434230168,0.69749424341379,0.840400399798177,"MEGF8"
"1080",1956,0.565361600466949,-0.763195144741074,3.20709023228879,0.00186933919385779,0.028117822835372,"EGFR"
"1081",195827,-0.43909801075727,-0.0482137209793568,-4.51106974619592,1.98140906665399e-05,0.00289568782169576,"PRXL2C"
"1082",196,-0.0273121018853923,-2.53098861112787,-0.146566688957774,0.883808834476597,0.945894781722153,"AHR"
"1083",196074,-0.240764960312053,-1.07019949248609,-2.18558606399105,0.031498027887313,0.134074129800504,"METTL15"
"1084",1962,-0.0115169300742466,0.713282103470999,-0.15211209048609,0.879446256247187,0.944043567828828,"EHHADH"
"1085",196374,-0.161755630519025,-1.11605015292665,-0.829542760006963,0.409038895821207,0.630190949435383,"KRT78"
"1086",1964,0.155197671135725,2.66336670052792,1.85565305935512,0.0668458636415911,0.215701151380531,"EIF1AX"
"1087",196403,-0.243004393768539,-1.43104950757072,-2.13499820001977,0.0355366649742411,0.145319153638835,"DTX3"
"1088",196463,0.107092289988995,1.54923392500607,1.06577998815649,0.289434552688525,0.518246582381029,"PLBD2"
"1089",196513,-0.00672617017399357,-4.00367630154183,-0.0387097551556518,0.969209358727992,0.986522588832655,"DCP1B"
"1090",196527,0.570221060611404,-1.69220669972787,3.35264948455414,0.00118102516728489,0.0231342601003081,"ANO6"
"1091",196528,0.201410160979697,-1.28592478247457,2.42050272324473,0.0175514907829249,0.0931124031336155,"ARID2"
"1092",1969,0.0503050060157513,-2.87040133273751,0.236203289593999,0.813823077161749,0.911623868542594,"EPHA2"
"1093",197,-0.386665354806088,4.19881913258713,-0.784144853365206,0.435057891075205,0.652876196542133,"AHSG"
"1094",197257,0.313993161124618,-1.21922997027223,2.22636676001171,0.0285397802377141,0.126542506197934,"LDHD"
"1095",197258,-0.0122204799785745,0.753704355745844,-0.159442981159442,0.873684760097858,0.94115076473862,"FCSK"
"1096",197259,0.202816107301232,2.6583487162611,1.417080645187,0.159985227792937,0.368476295757241,"MLKL"
"1097",1973,0.244681527438319,4.66376103586816,3.1284335502073,0.0023824899900604,0.031180647247315,"EIF4A1"
"1098",197322,-0.0640256444649679,0.768537038299095,-0.713891277078672,0.477181035264446,0.68641602869772,"ACSF3"
"1099",197370,0.10227200728528,-1.87751735837548,0.654660370038398,0.51439158490055,0.713360946253857,"NSMCE1"
"1100",1974,-0.100808649499529,4.18633344154307,-1.3038763562679,0.19567159656439,0.41361813281555,"EIF4A2"
"1101",1975,-0.0653049618654631,2.30416526651673,-0.729078478204846,0.467887018130795,0.679750189164545,"EIF4B"
"1102",1978,0.0226019983012531,-3.59392625166317,0.111807129772601,0.911230619361948,0.959042102476618,"EIF4EBP1"
"1103",1984,0.334353203432433,3.8936523868587,3.36674744258672,0.00112885759409099,0.0227902290447438,"EIF5A"
"1104",1992,0.380935467315398,4.02827442193364,2.70013132770229,0.00831004773265048,0.0598674565528271,"SERPINB1"
"1105",1996,-0.385133042084537,0.771397491893126,-3.33628180131432,0.00124443153704071,0.0233587791264705,"ELAVL4"
"1106",1997,0.0535889213379858,-0.672763758348091,0.56353010193643,0.574505214987128,0.761437114569203,"ELF1"
"1107",199731,0.160435672907294,-0.725796572853195,1.42691939062801,0.157136866245332,0.365270129607667,"CADM4"
"1108",1998,-0.0922610985991628,-3.89580878802357,-0.440040002292806,0.660985555843134,0.821780300134729,"ELF2"
"1109",199857,0.0123582441705719,0.0751151751498027,0.114661511145043,0.908974281215478,0.957652615533918,"ALG14"
"1110",199870,-0.450051555987915,-2.40644232500263,-2.95646948133244,0.00399271196449069,0.0404410330660789,"FAM76A"
"1111",199953,-0.0376061871990631,-0.309078415036738,-0.471228192191845,0.638642325847099,0.808244658979278,"TMEM201"
"1112",2,-0.476193728534176,1.85471078147519,-0.779023051476115,0.438053179470228,0.654839360834939,"A2M"
"1113",20,-0.13425868632742,-1.01248250975841,-1.44574066125464,0.15179715332489,0.357104708409939,"ABCA2"
"1114",200014,-0.0649410626320566,-0.0785652246326069,-0.831915156147962,0.407705591285283,0.629340701872662,"CC2D1B"
"1115",200185,0.227650162411719,1.76837545076922,1.74336873752415,0.0847570170531117,0.249514902000959,"KRTCAP2"
"1116",200186,-0.100860056627215,-0.872213587512389,-0.833919189294746,0.406581364809311,0.628550669455202,"CRTC2"
"1117",200558,-0.260224615460945,-3.33595493102846,-1.37954952888478,0.171216159465085,0.384924158750266,"APLF"
"1118",200576,-0.170597155618605,-1.70875692106301,-2.00796664394791,0.0477095200508398,0.17598619836061,"PIKFYVE"
"1119",200728,-0.371173360016574,0.0290834917250873,-3.23839966725874,0.00169542874445472,0.0271711269803213,"TMEM17"
"1120",200734,-0.167659922103315,-4.88786003378936,-0.839256069137913,0.403596662498907,0.625890933405329,"SPRED2"
"1121",200879,-0.0248868147361616,-2.58382554951326,-0.132969138752015,0.89452096108363,0.950509480714062,"LIPH"
"1122",2009,-0.00648867761185945,0.228519421872938,-0.0700732785014967,0.944294111955704,0.975934881155769,"EML1"
"1123",200916,0.940069696213627,-0.847043606320552,4.26685541887435,4.97466836882966e-05,0.00449036977174654,"RPL22L1"
"1124",200933,-0.313669408490999,-1.55861425934676,-2.67706756347693,0.00885702675845855,0.0621714907084374,"FBXO45"
"1125",201161,0.0900083033398358,1.28843732991652,0.710993216509158,0.478966149983325,0.687694556397111,"CENPV"
"1126",201163,-0.0374507694575692,-1.68708570067428,-0.412361761349149,0.681075760691354,0.831101991873465,"FLCN"
"1127",201229,-0.269115015792896,-1.52932084882195,-1.24351239142138,0.216977151404844,0.437746714460424,"LYRM9"
"1128",201266,0.328525765135128,-1.36189254960176,2.15001226411629,0.0342935536268675,0.141937850412483,"SLC39A11"
"1129",201292,0.0793466614179351,-0.780583959888059,0.967685720047027,0.335849761817012,0.568831633011263,"TRIM65"
"1130",201294,0.459528450306435,-2.04389474885712,2.28210340558433,0.0248915618513682,0.116807650339219,"UNC13D"
"1131",201475,-0.402879432260628,1.13329403020099,-4.31946627033858,4.08973129060569e-05,0.0043095858207076,"RAB12"
"1132",201562,0.309504152446191,-1.87866375046684,1.95689160985926,0.0535260279576208,0.18882645677608,"HACD2"
"1133",201627,-0.00880034254923645,-2.43815596472589,-0.0465984065516579,0.962938744732128,0.983610919481745,"DENND6A"
"1134",2017,0.0985719576341497,2.00637286956117,1.29481003539653,0.1987681512343,0.416964768378719,"CTTN"
"1135",201931,-0.140493454864862,0.0847986991351205,-1.70048417574652,0.0925667003600835,0.263215664375383,"TMEM192"
"1136",201965,0.0980063172486034,-0.162503896474312,1.05330392414498,0.295081334554562,0.524098640404201,"RWDD4"
"1137",202,0.183006381411734,-2.36842981976003,1.37767072959321,0.171793776203444,0.385405774245885,"CRYBG1"
"1138",2021,0.201708193773885,-0.653241827991232,1.39434130875355,0.166720136056795,0.378897335029769,"ENDOG"
"1139",2022,0.0217692653498715,0.127249712749226,0.0897988895396505,0.928650819507555,0.9680806267217,"ENG"
"1140",2023,-0.0497640139989759,6.02094257627189,-0.638042737780395,0.525100461638346,0.721528236744162,"ENO1"
"1141",2026,-0.680822370353664,4.23576215557631,-3.96702311547245,0.000147887144547541,0.00872818551185392,"ENO2"
"1142",2027,-0.00639265743504769,-0.896797730794733,-0.0315936007107307,0.974867594898746,0.989047487188183,"ENO3"
"1143",2028,-0.284550952428357,-0.327899031533404,-1.62687948568388,0.107333491671278,0.287691254095329,"ENPEP"
"1144",2029,0.0666654363105668,-2.85383429552265,0.467694320996063,0.641157788887736,0.809753067604976,"ENSA"
"1145",202915,-0.490360669946471,-2.09351942734579,-3.35648873017095,0.00116659842881131,0.0231342601003081,"TMEM184A"
"1146",2030,-0.379410571858588,0.519779737801637,-3.38713043524459,0.0010572516848098,0.0219756623929274,"SLC29A1"
"1147",203054,-0.164972533391284,-2.02344438679385,-1.67914702131976,0.0966660039163783,0.269453193478079,"ADCK5"
"1148",203069,0.112848078189921,-0.445584926289093,0.658357831443823,0.51202463658537,0.711847614804304,"R3HCC1"
"1149",203111,-0.247558912303439,0.326382140972552,-2.20780366646939,0.0298547663462754,0.129779430476939,"ERICH5"
"1150",203190,-0.371625675843627,-0.12985086025538,-2.21741427210662,0.029167492560971,0.128061566050959,"LGI3"
"1151",203228,-0.312979131405593,-1.5230762655389,-2.37676312820002,0.0196299820225107,0.100441267099484,"C9orf72"
"1152",2033,0.0262395231560244,-1.25967098330829,0.311354829561086,0.756266277708374,0.87866030902404,"EP300"
"1153",203547,-0.0337984939692406,2.1832829914483,-0.313719922500187,0.754475191746156,0.877301489532076,"VMA21"
"1154",2036,-0.304192587350002,1.15436675899138,-3.43974521840528,0.000891665494092731,0.0204218015027656,"EPB41L1"
"1155",2037,0.136381117211077,1.3754431923897,1.44007884542401,0.153388459023199,0.359441277006801,"EPB41L2"
"1156",2039,-0.287124417869364,0.184483342584648,-2.09279809794423,0.0392421938715911,0.15491969612841,"DMTN"
"1157",2040,-0.1298583594622,2.36895483707995,-0.810258022933549,0.419974657032018,0.640819556715707,"STOM"
"1158",205,-0.19924281761683,0.408925222323695,-1.16382390588837,0.247636873474174,0.473371264211921,"AK4"
"1159",205147,-0.495266345049912,-2.29248351743906,-2.42205608151028,0.0174814250953813,0.0929817913652083,"AMER3"
"1160",2052,0.29762040613637,4.74282293296874,1.67593858048888,0.0972949970869327,0.270592067113545,"EPHX1"
"1161",2053,-0.0205853319222746,2.79395692497163,-0.167550106059219,0.867321141900045,0.938288668115386,"EPHX2"
"1162",2054,-0.236957634845109,-1.64956275878995,-1.45626429150983,0.148873396809533,0.352676537868357,"STX2"
"1163",205428,0.128329865474832,-1.99247518389343,1.06884979492948,0.288056551864808,0.516834585017888,"DIPK2A"
"1164",2059,0.171833217998818,-1.2106503048036,1.24365919561161,0.216923353925505,0.437746714460424,"EPS8"
"1165",2063,-0.00598026510805938,-1.86625830561752,-0.0472910542504961,0.962388271251397,0.983470179471702,"NR2F6"
"1166",206358,-0.205872841462642,-5.14528457081546,-1.02916548746386,0.306218507437264,0.535489800185164,"SLC36A1"
"1167",207,-0.251117841712336,0.312336785635703,-3.40057607970014,0.00101238015732833,0.0215763521030601,"AKT1"
"1168",207063,0.0146709727241815,-1.03562459055191,0.108274335696432,0.914024237255808,0.960500045929833,"DHRSX"
"1169",2071,-0.0138217864895989,-1.57277755563076,-0.139652017255184,0.889253629267486,0.947610898688165,"ERCC3"
"1170",2072,-0.0308999566500725,-1.24676700405602,-0.350343613327204,0.726916891786882,0.859693526459481,"ERCC4"
"1171",2073,0.120711489341961,-1.49150065320585,1.28160590478596,0.20334291076253,0.422089545573354,"ERCC5"
"1172",2074,-0.00964148985643298,-2.18051324027567,-0.0555664641761805,0.955812973701244,0.980574967838582,"ERCC6"
"1173",2077,0.00289443142663881,-2.27656205731198,0.0213007052094541,0.983053939252292,0.991290468068107,"ERF"
"1174",2079,-0.00822574605143744,2.28757284601802,-0.0594722936580252,0.952710597753699,0.980157768720944,"ERH"
"1175",208,0.237763160079925,-1.32245281505532,2.54402867340624,0.0127008045510953,0.0765791142776255,"AKT2"
"1176",2081,0.134153894660275,-2.570377957905,0.67280449420904,0.502832220153963,0.704814836105282,"ERN1"
"1177",2091,0.262577002353015,3.26056485313167,3.23907649200321,0.00169184202379364,0.0271711269803213,"FBL"
"1178",2098,-0.2218475359663,4.61322538673891,-2.97371723437039,0.00379453402218023,0.0398134185096448,"ESD"
"1179",21,-0.307447772041017,-0.540472291008463,-2.87571375145469,0.00505405886159233,0.0460067067848367,"ABCA3"
"1180",210,0.334807330722473,1.25975378420999,3.56298040823231,0.000594418680122816,0.0169699621329946,"ALAD"
"1181",2101,0.190625964387749,-5.83453243516975,0.745465402098304,0.457974231211105,0.672820926561456,"ESRRA"
"1182",211,0.0598339615378443,-3.15121862571097,0.316271151286227,0.752544649895648,0.877040623845321,"ALAS1"
"1183",2110,-0.31044438919225,2.95669896859241,-3.21310526584508,0.00183468584069639,0.0280131882840658,"ETFDH"
"1184",2117,0.0471379444920355,-3.78587015968435,0.300937594200275,0.764170996425104,0.883383163553275,"ETV3"
"1185",2120,0.245132057664606,-3.14674694632074,1.11052450710075,0.269794148201808,0.497884917642445,"ETV6"
"1186",2125,0.291622072054791,-1.02636566801946,1.18633477277758,0.238678828825849,0.462247653407318,"EVPL"
"1187",213,-0.155623434169065,7.35823698931202,-0.590789945100334,0.556173428495669,0.74611207098577,"ALB"
"1188",2130,-0.0676175315070791,3.95698001965123,-0.68030708995589,0.498093545207409,0.702181483804106,"EWSR1"
"1189",2131,-0.127055137626419,-1.22700687124419,-1.09362611504759,0.277099524922578,0.50544929687215,"EXT1"
"1190",2132,-0.177190177968042,-3.62088367539122,-1.01875992910175,0.311105820045264,0.541260635895077,"EXT2"
"1191",2135,-0.161761225000853,-1.62419791833079,-1.1842051520787,0.239516202644993,0.463331374672225,"EXTL2"
"1192",2137,0.0733932946610489,-1.63617030009032,0.804468162907602,0.423291708766493,0.643906941365238,"EXTL3"
"1193",214,-0.288416485328886,1.86476376011105,-1.92444314194583,0.0575258529881142,0.196655446418441,"ALCAM"
"1194",2140,-0.221481092016467,-2.0153684176612,-1.71358820844491,0.0901202848224508,0.259230268432941,"EYA3"
"1195",215,-0.161129862263539,-0.846861112750991,-1.39669380157959,0.166013481266041,0.378028131869707,"ABCD1"
"1196",2159,0.0997544294631327,2.12683339931708,0.440088108135019,0.660950848344029,0.821780300134729,"F10"
"1197",216,0.0557123849368697,6.58057030943221,0.435909910583624,0.663968100126121,0.822987923783144,"ALDH1A1"
"1198",2162,-0.153468234845112,-0.013872336605274,-0.630934033074135,0.529716709015201,0.724788488616875,"F13A1"
"1199",2166,-0.0199831891553919,-0.169368494952388,-0.220247193723725,0.826188095132924,0.917858102082653,"FAAH"
"1200",2167,-0.512157392875669,1.42503464783429,-2.21841465018199,0.0290967554562872,0.127884750602782,"FABP4"
"1201",217,0.163187987470113,2.95926103072609,1.87076444965668,0.0646967218109715,0.21066762783859,"ALDH2"
"1202",2171,-0.049382237062443,3.38686925787482,-0.275012743902444,0.783950221193419,0.894568964061202,"FABP5"
"1203",2180,-0.289527032948945,2.23856238931159,-3.21440921353831,0.00182725323696363,0.0280131882840658,"ACSL1"
"1204",2182,0.283259446128511,-0.10520632658603,2.99134031418224,0.00360146610763208,0.0386444783747051,"ACSL4"
"1205",2184,-0.0372990613184268,2.048349275476,-0.488919913992108,0.626113057228505,0.800475306242151,"FAH"
"1206",2185,0.124671920549371,-3.33624948633301,0.568013928911125,0.571470018702077,0.759074437306503,"PTK2B"
"1207",219,0.25091258531561,2.12175655579971,1.67296601650686,0.0978807140612046,0.271413578232691,"ALDH1B1"
"1208",2191,-0.162753229053767,1.27422778943417,-0.824090010706146,0.412113369435922,0.632071929434705,"FAP"
"1209",2194,-0.0899632317188113,2.87692340721317,-0.85484800275654,0.39495346882167,0.618452405665116,"FASN"
"1210",219402,0.00910640908696181,-0.941645861264146,0.0751611922919851,0.940256828625593,0.973289834852144,"MTIF3"
"1211",2195,-0.112240417591155,0.190973947799521,-0.725028479434753,0.470355451759237,0.681397591056397,"FAT1"
"1212",219738,-0.276681961515066,-1.0582836321581,-2.31216366859232,0.0230997761667096,0.11164285520572,"FAM241B"
"1213",219771,-0.078694878499646,-1.58157569453127,-0.616931830048191,0.538870425663754,0.732577336151522,"CCNY"
"1214",219899,-0.158469485248342,-1.5692563667146,-1.95252626272441,0.0540499897616045,0.189715359898163,"TBCEL"
"1215",219927,-0.152345787104191,1.18980064354846,-1.82450056057052,0.0714653373247927,0.223917427513822,"MRPL21"
"1216",219988,0.0711970256232904,0.192860117198353,0.873892758461597,0.384552018907077,0.610223366925338,"PATL1"
"1217",22,-0.330964003883293,1.57276401092411,-3.96268648562568,0.000150184124663216,0.00877933483031258,"ABCB7"
"1218",220,0.536004689622556,0.764897194530496,1.95016523074469,0.054335188335412,0.190142181301459,"ALDH1A3"
"1219",2200,0.689167368185099,0.342216351149904,2.01433331586325,0.0470238148955614,0.174294792167244,"FBN1"
"1220",2203,0.493711736425441,1.35860818946452,3.28437736579891,0.00146728945187084,0.0249803230335987,"FBP1"
"1221",221035,0.124867072810914,-0.840520853237488,1.40234803082452,0.164324406757198,0.375363586727197,"REEP3"
"1222",221037,0.115758513793192,-2.65331467446575,0.801629996831642,0.424923395223198,0.645110017284192,"JMJD1C"
"1223",221078,-0.0934742670173732,-2.00969865479779,-0.476689813970988,0.634762974796032,0.806828564774911,"NSUN6"
"1224",221120,0.038175975822544,-2.17391000070057,0.253426982203191,0.800528597322313,0.90490691166931,"ALKBH3"
"1225",221154,0.0439655054700006,-2.11809922574884,0.46822552914424,0.640779398206011,0.809753067604976,"MICU2"
"1226",221184,0.138666825808715,-2.08476597247608,1.04332887145266,0.299649798037485,0.528597613444033,"CPNE2"
"1227",221656,0.0513038742858352,-1.74052940938369,0.469712368787514,0.639720796210208,0.808942366530337,"KDM1B"
"1228",2217,-0.252707128332942,-1.02932327441191,-1.68631568246246,0.0952725865397992,0.267063023996247,"FCGRT"
"1229",221830,-0.0212273994424941,-1.76694970052979,-0.140909659885389,0.888262925023102,0.947066455202349,"POLR1F"
"1230",221927,0.00930116399872483,-1.63455307995853,0.101218370337683,0.919607063953957,0.964056047574618,"BRAT1"
"1231",221935,-0.354539135593754,-0.0984974769909226,-3.42860853764568,0.000924530551043363,0.0207108340230079,"SDK1"
"1232",221955,-0.240542811558194,-1.90035933334537,-2.18251468437082,0.0317312922065345,0.13450736986444,"DAGLB"
"1233",222068,-0.218647144821454,4.53029817289442,-2.64689886350485,0.00962184638321256,0.06525844541454,"TMED4"
"1234",222166,-0.272914490417565,-0.961970743572529,-2.20494961006869,0.0300615740787358,0.130401372222813,"MTURN"
"1235",222194,-0.158384944865753,-1.6339001975405,-0.547350619565687,0.585521482712793,0.770238075630331,"RSBN1L"
"1236",2222,0.434902964084924,-0.652303943039646,2.78513145353176,0.00654933807151328,0.0525488066443772,"FDFT1"
"1237",222223,-0.0531625787978323,-2.31427961284076,-0.291945663824476,0.771014370230542,0.886067441392074,"ELAPOR2"
"1238",222229,-0.101442891146184,-0.423205490501705,-0.95916309653581,0.340100916357212,0.571928609479607,"LRWD1"
"1239",2224,0.225809399044896,2.08171981063013,2.37571744832734,0.0196822428562656,0.100441267099484,"FDPS"
"1240",223,-0.17203677174117,4.33172822130838,-2.43188749707259,0.0170437261860696,0.0920006588410442,"ALDH9A1"
"1241",2230,-0.137474342821869,0.338779413129271,-1.43141187984711,0.155849342011868,0.363223083340464,"FDX1"
"1242",223082,-0.0729618398664588,0.626677296325013,-0.829989792802429,0.408787458412613,0.630190949435383,"ZNRF2"
"1243",2232,0.174205002270028,0.786584016704862,1.71468121547989,0.0899186430472308,0.258996072747022,"FDXR"
"1244",2235,-0.192866434199694,1.02402752627406,-2.37434229325256,0.01975115825824,0.100441267099484,"FECH"
"1245",2237,0.0329530370766206,0.594602971714366,0.425085904828937,0.671810279392936,0.82603595651319,"FEN1"
"1246",224,0.383231866067344,1.98203533751601,2.8250406039483,0.00584661708030095,0.0501532133664281,"ALDH3A2"
"1247",2241,0.0288615766358318,-1.39397615488908,0.376604039619821,0.707373180796417,0.847467956783204,"FER"
"1248",2243,0.030787184754431,-2.34210832299965,0.0744415030076108,0.940827813070152,0.973289834852144,"FGA"
"1249",2244,-0.144147477616209,-0.763224054171586,-0.780634806384303,0.437109308345542,0.653997831767248,"FGB"
"1250",2247,0.23423686292195,-0.961651821435556,1.39993630407544,0.165043239051464,0.376313299144832,"FGF2"
"1251",2260,-0.0641175794619975,-2.49346398711302,-0.489969703989213,0.625372987741339,0.800029053513201,"FGFR1"
"1252",2266,0.0687861565135623,-2.00474950916963,0.195011052024197,0.845833216452806,0.928585992235257,"FGG"
"1253",2267,0.283647605116636,-1.89915207880928,1.19335816364321,0.235932106243638,0.45885654883506,"FGL1"
"1254",2272,0.166927745600141,-1.38594546466228,1.7908634681222,0.0767489337178455,0.234487284798475,"FHIT"
"1255",2273,-0.0984912696514306,1.93909687872979,-0.903824658953058,0.36855260687755,0.595865693339305,"FHL1"
"1256",22794,0.0485791249531746,-2.22587012771091,0.304343561145445,0.761583712015601,0.88216660206676,"CASC3"
"1257",22795,0.236807799550057,-0.926395933462284,0.907841021656893,0.366438260236298,0.59509215548263,"NID2"
"1258",2280,0.117301696617999,3.3923339825781,0.911976734330961,0.364269141460948,0.593389458231513,"FKBP1A"
"1259",22800,0.271004580444959,-0.400888519260258,2.7136578801863,0.008003732465445,0.0586239974616962,"RRAS2"
"1260",22818,0.00619403517615913,2.8308667365215,0.0617576550225401,0.950895684376587,0.97929491790327,"COPZ1"
"1261",22824,-0.129487642295142,1.37938975818434,-1.91081745611844,0.059279298177756,0.199550360251863,"HSPA4L"
"1262",22826,0.0274962981360578,1.50166446561748,0.367397882755148,0.714203138352948,0.85204642627996,"DNAJC8"
"1263",22828,0.0140620476654955,-0.119359072223482,0.190379968303599,0.849449291600499,0.930724696866094,"SCAF8"
"1264",22834,-0.358497957478103,-3.47826944625313,-2.12459819721106,0.036420504295718,0.147557132255523,"ZNF652"
"1265",22836,-0.116996936343084,-0.0642155809210032,-1.27954500416174,0.204063918715962,0.422642448662978,"RHOBTB3"
"1266",22837,0.0566330862666284,0.247216233325148,0.760266148418225,0.449124882915963,0.664432039368084,"COBLL1"
"1267",22841,-0.0517722407498422,-1.72077241416767,-0.445369299140137,0.657145087373916,0.820028749805026,"RAB11FIP2"
"1268",22843,-0.582867799791732,-0.0398859624857001,-4.07284816923693,0.000101214034304174,0.00698035665796653,"PPM1E"
"1269",22848,-0.0862026075152892,0.966479979275811,-1.0526182751414,0.295393827157047,0.524455463397444,"AAK1"
"1270",22849,-0.141904549762857,-2.71678110856598,-0.797654198610015,0.427215390233878,0.646758669870736,"CPEB3"
"1271",22853,-0.055110802865832,-0.69701646292591,-0.668042228076877,0.505852617717487,0.707271837710691,"LMTK2"
"1272",22859,0.195883667023564,-2.10897145972155,0.962901334680153,0.338231951598106,0.570661824878827,"ADGRL1"
"1273",2286,-0.0800556703246711,3.68530136995359,-0.839632012892111,0.403386916563937,0.625890933405329,"FKBP2"
"1274",22862,-0.131380742795112,1.32623997077024,-1.87314088034583,0.0643640800435488,0.210141874099629,"FNDC3A"
"1275",22864,-0.104180249353761,-1.25218764035627,-0.669485663937333,0.504936115106345,0.706312186536633,"R3HDM2"
"1276",22866,-0.00633441911228827,-2.30044426028221,-0.0418913149508432,0.966680111865459,0.985628326682755,"CNKSR2"
"1277",22868,-0.137040121661006,-1.83114927417385,-1.36003616790138,0.177287824790079,0.391014253884839,"FASTKD2"
"1278",22870,-0.144480987042679,-0.594846516216753,-1.63314024498773,0.106007725307774,0.285407144790721,"PPP6R1"
"1279",22874,-0.187014648357434,1.5564954636159,-1.96354646799533,0.0527355660983362,0.187104569197449,"PLEKHA6"
"1280",22875,-0.241304666905855,1.85174193234401,-2.5058114510895,0.0140539719308535,0.0813037509062947,"ENPP4"
"1281",22876,-0.178455378835526,3.99747867997348,-0.700746482580862,0.485307457444937,0.692232161712013,"INPP5F"
"1282",22879,-0.0216554955686561,-1.46319236024938,-0.143848946957103,0.885948205269327,0.946224131536998,"MON1B"
"1283",22880,0.14249299565122,-1.4401687472355,0.962992184212661,0.338186614228691,0.570661824878827,"MORC2"
"1284",22887,0.133632470442061,-2.24956732152566,0.880823292631008,0.38080952489475,0.606961533057381,"FOXJ3"
"1285",22888,0.214698213088306,-4.9729637532687,0.914705796681822,0.362842269676862,0.592771266339982,"UBOX5"
"1286",22889,-0.150500176201268,-1.31772352855821,-0.904284938754722,0.368309909299489,0.595865693339305,"KHDC4"
"1287",2289,-0.345269974238784,2.57216082467053,-2.85651186579595,0.00534197932514949,0.0475203899967646,"FKBP5"
"1288",22890,-0.239177486269736,-2.0427653960707,-0.934799613316939,0.352446171856433,0.582318870216631,"ZBTB1"
"1289",22893,-0.0779987431216949,-1.71824135728524,-0.692527351669121,0.490427193670759,0.695096076783197,"BAHD1"
"1290",22895,-0.45356003815516,-1.69196139540269,-2.3477558606005,0.0211263071389519,0.10533978328098,"RPH3A"
"1291",229,1.02014818321872,1.72670001910037,3.23027257249398,0.00173905608834555,0.0273000671873785,"ALDOB"
"1292",22902,-0.390934469823407,1.43298389319112,-3.59963615350008,0.000525960063895908,0.0158252101578092,"RUFY3"
"1293",22905,-0.123474646622062,-1.40320852283546,-1.2794669293191,0.204091270419854,0.422642448662978,"EPN2"
"1294",22906,-0.108262367727544,-3.36375643430812,-0.48194275748773,0.631041444480098,0.804904029721011,"TRAK1"
"1295",22911,-0.240192771953957,-0.857686812873361,-2.53823045691118,0.0128982519539566,0.0771322840080416,"WDR47"
"1296",22915,-0.205851257852291,0.156192032017485,-1.29935332562013,0.197211889342397,0.415546370334237,"MMRN1"
"1297",22916,0.0390817001455381,0.877747359621942,0.50566144796756,0.614356882904629,0.791545454926241,"NCBP2"
"1298",22919,-0.12917658930989,3.02672844837084,-1.39067457574442,0.167826152023127,0.379973973525842,"MAPRE1"
"1299",22920,-0.193028497620258,0.0321495314335212,-2.5505870784222,0.0124807530154814,0.0757646709207209,"KIFAP3"
"1300",22921,-0.173410479320082,-0.682777674802575,-1.66045105699407,0.100378172869501,0.276287544875784,"MSRB2"
"1301",22924,-0.419270423862904,1.73169861410661,-3.54280049845207,0.000635623875982939,0.0170369403964335,"MAPRE3"
"1302",22926,0.0155458613366819,-3.50795023645482,0.0923778326976,0.926607540894522,0.966935920777045,"ATF6"
"1303",22927,-0.476996925350616,-0.0329063924052952,-3.33686435796719,0.00124212095070395,0.0233587791264705,"HABP4"
"1304",22928,0.229970767451251,-0.357413025604339,1.60014605215709,0.113145478634888,0.296916181214598,"SEPHS2"
"1305",22930,-0.200383493848872,0.994307829154694,-2.54772737398716,0.0125762778711831,0.0760524074614006,"RAB3GAP1"
"1306",22934,0.335688507055919,-0.213420012907434,3.21712696928541,0.00181185217208181,0.0279425845031109,"RPIA"
"1307",22936,-0.268334281758875,-2.12458866721046,-1.92362063685852,0.0576304405407825,0.196655446418441,"ELL2"
"1308",22937,-0.149485744289721,-2.06596015696325,-1.25680957865283,0.212143819497,0.431029051331542,"SCAP"
"1309",22944,0.154500260328849,-2.43517636068057,0.972393073016628,0.333516674001286,0.566756740038731,"KIN"
"1310",22949,0.108495238368207,2.20860369443731,1.13234558357108,0.260560956519417,0.488215240003485,"PTGR1"
"1311",22954,0.278104802952723,-2.03510557023156,2.52979833659502,0.0131903222180295,0.0782243456756184,"TRIM32"
"1312",22976,0.221338640919779,-2.41662627482884,2.25826488289946,0.0263984060069348,0.120830287897514,"PAXIP1"
"1313",22977,1.0667925366115,0.894460640192193,2.29073595856354,0.0243648767400321,0.115039702638705,"AKR7A3"
"1314",22979,-0.0371538774552613,-1.78813262085408,-0.328254488362845,0.743497964800471,0.87149992888925,"EFR3B"
"1315",22980,-0.0653976439080974,-0.341014284691378,-0.780817952690969,0.437002130154855,0.653997831767248,"TCF25"
"1316",22982,-0.173648799630136,-2.24587451668718,-1.71688305923681,0.0895135606826241,0.25843567049386,"DIP2C"
"1317",22992,0.0702895268604269,-0.280096384604304,0.94157307009579,0.348985370311844,0.579564989982169,"KDM2A"
"1318",22994,-0.250027475640519,-2.72321365329414,-1.01172599190301,0.314439029319951,0.545050541362549,"CEP131"
"1319",22996,-0.0667612002592217,-0.318254709845942,-0.752718841355094,0.453625027762922,0.668023753989423,"TTC39A"
"1320",22998,-0.123805562736711,0.445585516770375,-0.888010459866949,0.376952567139346,0.604018706755291,"LIMCH1"
"1321",230,-0.461112518108124,1.36811949265053,-3.948978326843,0.00015767168603476,0.00904475522319026,"ALDOC"
"1322",23001,-0.102970149638001,-1.25119385251357,-1.16753023325177,0.246145726373547,0.471696056347435,"WDFY3"
"1323",23002,0.000616300949357829,-1.42835328419412,0.00412194919525019,0.996720486819185,0.997858481176995,"DAAM1"
"1324",23005,-0.0855440576679833,-2.24911614531014,-0.659869083793925,0.511058867184585,0.711310504938545,"MAPKBP1"
"1325",23007,0.225345418475089,0.450288536531408,1.11990366791611,0.265797917068291,0.494533984530212,"PLCH1"
"1326",23014,0.121668220679823,-0.613444440168121,1.07680622897932,0.284505973118381,0.512712173517506,"FBXO21"
"1327",23016,0.0889888982369684,-2.02830555222243,0.76169405581192,0.448276388244607,0.663816760203956,"EXOSC7"
"1328",23022,-0.206106957041616,2.10645368040581,-1.33007533552358,0.186925745358937,0.403744907812773,"PALLD"
"1329",23023,0.190973870297604,-1.38235705082143,1.7198314458367,0.0889734755971124,0.257360600007104,"TMCC1"
"1330",23024,0.0160124298670441,-3.72937300816755,0.0674939592450271,0.946341376544074,0.977337865857219,"PDZRN3"
"1331",23028,-0.0846091723721674,0.352624065582392,-1.15603345414888,0.250792104544866,0.477765964524019,"KDM1A"
"1332",23029,-0.0121949526006376,-0.771939481234065,-0.144752821283551,0.885236592629729,0.945896179452007,"RBM34"
"1333",23031,-0.241710516558571,-2.16257511475481,-1.76008943818011,0.0818626699428779,0.243918965101643,"MAST3"
"1334",23033,0.29782355146571,-1.27756458644582,2.18037622741932,0.0318945914925449,0.135004075093278,"DOP1A"
"1335",23034,-0.0827070422601579,-1.73723020720679,-0.54039086026963,0.590290735354087,0.773665121087497,"SAMD4A"
"1336",23037,0.601533041943225,-0.135051831974847,2.61734347584076,0.0104287007638016,0.0686817224122468,"PDZD2"
"1337",23038,0.144105947217156,-3.69680530978014,0.75878367739236,0.450006780271872,0.665415952134124,"WDTC1"
"1338",23041,-0.167457976850614,1.31415966898827,-2.39482375867305,0.0187465990234509,0.0978457693928076,"MON2"
"1339",23043,-0.239174998061766,-0.938965099147502,-2.19554213002437,0.0307521413296235,0.132275153105276,"TNIK"
"1340",23048,-0.00649304055049704,-1.43663950041457,-0.0568823138245065,0.95476772410664,0.980404469545834,"FNBP1"
"1341",23049,0.0151742339540917,-1.45355380575427,0.14629584985982,0.884021997065409,0.945894781722153,"SMG1"
"1342",2305,-0.625352431160167,1.8156497134692,-2.57883461905249,0.0115717060501145,0.0726426068451553,"FOXM1"
"1343",23051,0.0515168721982646,-2.42479991555983,0.268367780318101,0.789043481649435,0.897549255923305,"ZHX3"
"1344",23052,-0.357536047625648,2.1429289120199,-3.60721453326709,0.000512771252652671,0.0156851879022706,"ENDOD1"
"1345",23053,-0.0395064323748142,-0.567305202942702,-0.493666652761774,0.622769813312662,0.798362805788037,"ZSWIM8"
"1346",23054,0.00261161863260551,-1.9743006673083,0.0259690973328556,0.97934070590146,0.989691674836351,"NCOA6"
"1347",23060,0.301147276528589,-1.36291949704003,2.34412148275927,0.0213207369888212,0.106010447115718,"ZNF609"
"1348",23062,-0.271781765006608,0.718142866018103,-2.86799985156677,0.00516796518349537,0.0465116866514583,"GGA2"
"1349",23063,0.0959543635934606,-0.378932585042286,1.06404326403325,0.290216145004125,0.519040413180454,"WAPL"
"1350",23064,0.19483176642621,-2.09111166099864,1.08934291358143,0.278972783722519,0.50675790070696,"SETX"
"1351",23066,-0.304710349526132,0.929863050882648,-2.07968160528377,0.0404599346963986,0.157578095917827,"CAND2"
"1352",23067,0.0711371246014121,-3.20744837619672,0.575497441782856,0.566421619638254,0.754491298033768,"SETD1B"
"1353",23071,-0.141387357382043,3.93662538541172,-2.14295348058209,0.0348732093964014,0.143310219747162,"ERP44"
"1354",23074,-0.165653984269071,-1.40822113350474,-1.75454158386383,0.0828138273115738,0.245561000984754,"BLTP3B"
"1355",23075,0.0885820062853487,0.475397161684512,1.19786611581088,0.234181153053535,0.456715863013707,"SWAP70"
"1356",23076,0.166836333178257,-0.0706246855556463,1.73862778207438,0.0855928284162923,0.251132304406884,"RRP1B"
"1357",23077,-0.236400014656053,-0.0558084071202966,-2.91265181035281,0.00453993905242637,0.0436089920247152,"MYCBP2"
"1358",23078,-0.29590917331079,1.00726158103216,-2.51241016834658,0.0138114601994562,0.0804314446909506,"VWA8"
"1359",2308,-0.284574502076758,-5.26019136042038,-1.13271866370007,0.260405051390152,0.488215240003485,"FOXO1"
"1360",23089,-0.165343816099087,0.322071257083799,-0.729757711972211,0.467473747876637,0.679750189164545,"PEG10"
"1361",2309,-0.195777931860726,-4.17430768944334,-1.42056951789019,0.158970673325511,0.367055322728399,"FOXO3"
"1362",23092,0.334183909783014,-2.01102402332854,2.56713522373082,0.0119407040212166,0.0737136592100734,"ARHGAP26"
"1363",23094,-0.0515993172235404,0.582069654771408,-0.427734403925437,0.669887993986903,0.824663559384599,"SIPA1L3"
"1364",23095,0.126847426141059,-1.98753267896554,0.978604040382234,0.330454669301769,0.563268747618512,"KIF1B"
"1365",23097,0.394093591466071,-1.75024499769928,2.70808765237331,0.00812860580177268,0.0591855070121954,"CDK19"
"1366",23098,-0.400405386063832,1.16085934683535,-3.51593066979143,0.000694695649867897,0.0180273586427607,"SARM1"
"1367",231,-0.0321882955756059,4.04647295774534,-0.420524208879932,0.675126284090205,0.827461088607363,"AKR1B1"
"1368",23102,0.0237952827278523,-1.29874201348557,0.189504982105455,0.850132868892763,0.930808947218703,"TBC1D2B"
"1369",23105,-0.266846028733347,-0.1518452304325,-1.26582489524421,0.20891218823758,0.427091923960332,"FSTL4"
"1370",23108,-0.428419230833015,1.65528684745849,-3.00287783472632,0.00348003335946318,0.038294769459978,"RAP1GAP2"
"1371",23111,-0.0512416125919498,-0.113224603559656,-0.51809684477581,0.605689094269929,0.786029978050314,"SPART"
"1372",23112,-0.0204604512808733,-1.36224919820375,-0.158362170815109,0.874533770597025,0.941483006999712,"TNRC6B"
"1373",23113,-0.0497597199135287,-1.15791031627551,-0.475462468990581,0.635633866030614,0.806978924056059,"CUL9"
"1374",23114,-0.159607584137904,-0.307305716266572,-1.68847075413786,0.0948569049951137,0.26649042626982,"NFASC"
"1375",23118,-0.0375286633224112,-1.88923703275131,-0.357074483877504,0.721889735511007,0.856906038751294,"TAB2"
"1376",2312,-0.103935259655261,-1.07296751304089,-0.884144663066107,0.379024073492548,0.605688561077131,"FLG"
"1377",23130,0.109528161275554,-1.55417481076528,1.42542475563146,0.157567034040694,0.365402037713011,"ATG2A"
"1378",23131,0.0536302878680397,-1.62071340655985,0.379008065038994,0.705593567888839,0.846378562716778,"GPATCH8"
"1379",23133,-0.00728036296309487,-1.30621630537843,-0.0629737740956153,0.949930011781318,0.979121815669812,"PHF8"
"1380",23136,-0.320569696601884,2.57000759943994,-2.50403625929044,0.0141198617766506,0.0815312432597193,"EPB41L3"
"1381",23137,-0.138336106761224,-1.30346408649834,-1.10304209199216,0.273012143708639,0.501253564432248,"SMC5"
"1382",2314,0.155769840026234,1.41800573688109,2.27025709350591,0.0256306347472329,0.118643164463436,"FLII"
"1383",23140,-0.0769469176368638,1.61405470410014,-0.983340250955194,0.32813219410137,0.561180107939317,"ZZEF1"
"1384",23141,0.00195235741574326,-0.214881992392671,0.0256556766445101,0.979589986986401,0.989691674836351,"ANKLE2"
"1385",23142,-0.0430888945906336,-1.46407541707958,-0.423506882835482,0.672957377015727,0.826392920274963,"DCUN1D4"
"1386",23143,-0.094090534073941,-0.650198048544261,-1.23097873968009,0.221606263176823,0.443598068931425,"LRCH1"
"1387",23148,-0.126677756539111,-2.0952730909882,-0.788486529421939,0.432528270716318,0.651179427436046,"NACAD"
"1388",23151,-0.225147138228088,0.208686798698052,-1.79418732001746,0.0762128079330332,0.233284773069154,"GRAMD4"
"1389",23152,0.111143855006954,-1.21115355597058,1.22579756641281,0.223540731634751,0.445756388711546,"CIC"
"1390",23154,-0.263808574091118,-0.271184206452487,-3.17037916103523,0.00209444243461134,0.029507710542835,"NCDN"
"1391",23157,-0.110667539302033,-0.365515810934862,-0.730396956095824,0.467084996810904,0.679595987446408,"SEPTIN6"
"1392",23158,-0.0547309845773643,-1.36362764629614,-0.579634724836678,0.563639967736997,0.752255299406325,"TBC1D9"
"1393",2316,0.297201962764018,4.27908886199941,2.23750971538296,0.027775036148433,0.124187353255794,"FLNA"
"1394",23160,0.224092485970163,0.244931375599822,3.13041460160087,0.00236809478099717,0.0310939358325651,"WDR43"
"1395",23161,-0.0092873483707463,-1.57176795815864,-0.124452091443102,0.901240785276709,0.953071648531288,"SNX13"
"1396",23162,0.0555808646263145,-3.24357256922848,0.300745804377548,0.764316766257362,0.883383163553275,"MAPK8IP3"
"1397",23163,-0.0566379548591078,-1.48674729060057,-0.659392214641479,0.511363506992859,0.711390007211375,"GGA3"
"1398",2317,0.180410555326493,4.13302000183995,2.00255481143126,0.0482990908615903,0.177734811237345,"FLNB"
"1399",23170,-0.116281665096859,1.29736638649638,-1.31785994296444,0.190966304303028,0.408415043836928,"TTLL12"
"1400",23175,-0.203053674056231,-0.623403534468814,-1.90957871662041,0.0594409213647721,0.199769779073699,"LPIN1"
"1401",23177,-0.00793096571968288,-3.00182769124827,-0.0576722317099858,0.954140288063655,0.980404469545834,"CEP68"
"1402",2318,0.197288080546857,-1.32043387468623,0.902620136166658,0.369188209802766,0.595865693339305,"FLNC"
"1403",23180,-0.149403645103355,-1.25967043856694,-1.05227381522114,0.29555090385985,0.524455463397444,"RFTN1"
"1404",23181,-0.0516550079680141,-0.46520538740734,-0.65681777781254,0.513009806858278,0.71273295484294,"DIP2A"
"1405",23186,-0.0240334587755859,-1.56465356069371,-0.227743295991041,0.820373400683366,0.915370284201872,"RCOR1"
"1406",23187,0.151777366558737,-0.55130512398002,1.2865865509478,0.20160821922316,0.419766366890013,"PHLDB1"
"1407",23189,0.214484991093693,-1.533220865746,2.09275003530666,0.0392465976061766,0.15491969612841,"KANK1"
"1408",2319,0.116798474275352,1.22235954552936,1.73906422435209,0.0855156033010234,0.251025716433133,"FLOT2"
"1409",23192,-0.125130594632842,-2.41793806688646,-0.619752171599564,0.537020205076084,0.731845030807505,"ATG4B"
"1410",23195,0.0464313292770461,-0.824765149820612,0.695866742748631,0.488343515421021,0.693694167473786,"MDN1"
"1411",23198,0.154411976073213,-1.07085502211425,1.23311949640989,0.220810551235389,0.442486178087763,"PSME4"
"1412",23199,-0.168956257883289,-1.52773117101468,-1.39683012225767,0.165972602849472,0.378028131869707,"GSE1"
"1413",23201,-0.0650312597905034,-1.00128434589667,-0.430541965433434,0.667852659440003,0.823975803747284,"FAM168A"
"1414",23204,-0.044809538946315,0.811313680747849,-0.592385168500721,0.555109719098029,0.745898304689952,"ARL6IP1"
"1415",23207,-0.217047180931078,-1.44805475005423,-1.75205556443619,0.083242991282795,0.246120173648264,"PLEKHM2"
"1416",23210,-0.126762727167314,-1.93092165966847,-0.73219815094946,0.465990596342755,0.679233027867924,"JMJD6"
"1417",23211,0.0385514164043876,-1.67427337631029,0.354097747362869,0.724111510892199,0.857864592521968,"ZC3H4"
"1418",23212,0.245158189747269,0.40387778650028,2.27224340811748,0.0255053802968149,0.118409779578329,"RRS1"
"1419",23214,-0.120890395111983,-1.54414064772307,-0.826168744985162,0.410939657081461,0.631472618171769,"XPO6"
"1420",23215,0.0400248056848037,0.724332506566591,0.530531613424402,0.597077862464645,0.779426609912376,"PRRC2C"
"1421",23216,0.0568623876029103,-1.14341593726478,0.539513329171711,0.590893362716302,0.773887295206039,"TBC1D1"
"1422",23218,0.115191304014234,-1.5498806465339,1.11317037640409,0.268662586212326,0.496711501355944,"NBEAL2"
"1423",23219,0.103027097443126,-1.23507776760345,1.05756444774855,0.293144600159102,0.522138640431511,"FBXO28"
"1424",23223,0.20604249791876,0.886659898319697,2.83211484728782,0.00572951640324135,0.0495219006903464,"RRP12"
"1425",23225,-0.0624484815979245,1.14188056122099,-0.730371164212148,0.467100678402071,0.679595987446408,"NUP210"
"1426",23228,-0.175236819466056,-0.795042079163127,-2.0469220872334,0.0436445299266559,0.165671072782816,"PLCL2"
"1427",23229,-0.000842021560538475,-1.338480931591,-0.00721083497083535,0.994262935403232,0.996548180456428,"ARHGEF9"
"1428",23232,-0.00887982176245794,-1.72739311995649,-0.0639061772656547,0.949189677464567,0.978687424874435,"TBC1D12"
"1429",23234,0.149872320592587,-0.653975883548914,1.72470894500199,0.0880858804216695,0.255700882693972,"DNAJC9"
"1430",23235,-0.0267718115998032,-2.05842515942824,-0.276913161467006,0.782495299707763,0.893739514254978,"SIK2"
"1431",23236,-0.0313510608988122,-1.07463362930237,-0.378034457911783,0.706314097293419,0.846749204919337,"PLCB1"
"1432",23242,-0.00503642203508337,-1.08617567566138,-0.0578951690519016,0.953963212942074,0.980404469545834,"COBL"
"1433",23243,0.0250078686245601,-1.46929825281833,0.298009126246574,0.766397701211756,0.884072371741733,"ANKRD28"
"1434",23246,0.180741993478619,-0.324993182588729,2.63483980791276,0.0099439624803738,0.0668521814945612,"BOP1"
"1435",23248,0.0238658973630861,-0.466714065209204,0.292653813156806,0.770474762068447,0.885795351653954,"RPRD2"
"1436",23250,0.125456994277604,-1.36276280869091,0.924557270215543,0.357721157570383,0.587554847515924,"ATP11A"
"1437",23253,-0.0961638723848397,-5.05919345517826,-0.530034580816526,0.597420974869038,0.779681643907601,"ANKRD12"
"1438",23255,0.21302319679574,2.28329514259223,1.35142683273332,0.180017953724666,0.394001375117984,"MTCL1"
"1439",23259,-0.14842452095109,-0.567068225177677,-1.84040351537196,0.0690749389062279,0.219688291982574,"DDHD2"
"1440",23263,-0.226403397366397,-0.425394125386777,-2.84150535450963,0.00557739687238108,0.0487547466122085,"MCF2L"
"1441",23266,0.106726394463752,-4.05367119750495,0.432466411360564,0.666458969882062,0.823414886702113,"ADGRL2"
"1442",23269,0.0890684885958253,-2.96439471036007,0.441287374211998,0.660085839283534,0.821386849011029,"MGA"
"1443",23270,-0.402689511450016,-3.23612239037116,-1.83957121644966,0.0691983652953482,0.219958346029439,"TSPYL4"
"1444",23271,0.022422919301377,-2.70850543969186,0.165592707380253,0.868856801027723,0.938594142861381,"CAMSAP2"
"1445",23274,0.0211212498377962,-2.16988997003729,0.171122330256275,0.864519902723549,0.937196089308147,"CLEC16A"
"1446",23275,-0.30272246893338,0.312506722788693,-3.6691373173557,0.000416160195802749,0.0146804096657315,"POFUT2"
"1447",23277,0.269504466719173,0.311707707232733,3.30163085450627,0.00138935938634694,0.0241583227008428,"CLUH"
"1448",2328,-0.00223333886299493,-1.85868346265909,-0.00922890996342929,0.992657361214471,0.995749675427782,"FMO3"
"1449",23281,-0.487467969957075,-0.749611891216808,-3.11139361881399,0.00250971680566573,0.0315952663821874,"MTUS2"
"1450",23286,0.173139146466815,-2.11664228330552,0.950664876621673,0.344374673453118,0.575810046365297,"WWC1"
"1451",23287,-0.179928601811265,-2.73992986664298,-1.59045783181252,0.115313006935314,0.29991154091905,"AGTPBP1"
"1452",23293,0.0157043749048476,-1.57485965174211,0.124336758121935,0.901331832105734,0.953071648531288,"SMG6"
"1453",23295,-0.304846492909112,-2.1867015637532,-2.21391188451998,0.0294163349530105,0.128785637618815,"MGRN1"
"1454",23299,0.072872707363673,-1.90793836806347,0.690679685433878,0.491582167118932,0.695878999487086,"BICD2"
"1455",2330,0.41683395696662,-1.50900989926528,2.21056533790855,0.0296558382598888,0.129478861480019,"FMO5"
"1456",23304,0.0406509991100994,-1.95989657668228,0.343004949760699,0.732411649080492,0.864860081195856,"UBR2"
"1457",23305,0.114580517256694,-1.37218907597979,0.959240079020408,0.340062360525243,0.571928609479607,"ACSL6"
"1458",23306,0.360161509300369,-1.85231297028024,2.71131767671402,0.00805598079344045,0.0587962070275119,"NEMP1"
"1459",23307,-0.198193777983612,0.028779910762363,-2.34972744241699,0.0210214912439005,0.105073219263079,"FKBP15"
"1460",23309,-0.1479461454024,-1.47405696621845,-1.64943041984873,0.10261997937746,0.279698682690431,"SIN3B"
"1461",23312,-0.299799390335932,0.743421233631915,-2.79336972396178,0.0063982433606087,0.0522321990235437,"DMXL2"
"1462",23313,0.143929221283166,-0.926970696644927,1.30458772515124,0.195430162297929,0.41361813281555,"KIAA0930"
"1463",23315,0.0544171358339369,-1.31447249517015,0.468014753849811,0.640929526503033,0.809753067604976,"SLC9A8"
"1464",23318,-0.217626554003568,-2.46839154807636,-1.98858232043467,0.0498501197136526,0.181285736926767,"TUT4"
"1465",23321,-0.165593805746549,-0.229541214564671,-1.92538835945993,0.0574058599063099,0.196627883987126,"TRIM2"
"1466",23324,-0.0160471366880384,-0.876524500087873,-0.0858363044792108,0.931791275765485,0.970200992476429,"MAN2B2"
"1467",23327,0.174936731886421,0.589461839057205,2.60688526609773,0.0107285593999769,0.0698323410361168,"NEDD4L"
"1468",23329,0.349508690124168,-2.28192268549451,2.50794834584079,0.0139750229081567,0.0810762671174538,"TBC1D30"
"1469",23331,0.0420624885057022,-1.96131597670133,0.393918868761062,0.694592533481355,0.839297346643944,"TTC28"
"1470",23333,-0.0733197687564791,-1.16871246212557,-0.574417403772554,0.567148871044766,0.754968503680931,"DPY19L1"
"1471",23334,-0.107375474880135,-0.719069466269652,-1.40993667162446,0.162078203011195,0.372318866048919,"SZT2"
"1472",23335,-0.239929781705989,0.869720327571664,-2.71444785049826,0.00798616505698889,0.0586239974616962,"WDR7"
"1473",23336,-0.0492408622584797,-1.23903955502434,-0.35211464531954,0.725592972200516,0.858625344778633,"SYNM"
"1474",23338,-0.0809347439904724,-3.27814064747315,-0.564988003034188,0.57351748023861,0.760970664441113,"JADE2"
"1475",23341,0.124408396186287,-2.12335985417318,0.993666401658161,0.323106030502001,0.555369703708895,"DNAJC16"
"1476",23344,-0.0938669688322387,2.96616357437833,-1.00788677814781,0.316268377285438,0.547140727107671,"ESYT1"
"1477",23348,-0.117454324159961,0.164513397672563,-1.69418833567451,0.0937612264252408,0.265052093970788,"DOCK9"
"1478",2335,0.0759391702586969,-2.41256798646861,0.167967185619367,0.866993991569248,0.938288668115386,"FN1"
"1479",23351,0.0989059156030874,-1.87936084277652,0.878721655790763,0.381941999920764,0.607977177259764,"KHNYN"
"1480",23354,0.511154278856748,-4.25220562786019,2.36873924040212,0.0200341737080348,0.101209677547257,"HAUS5"
"1481",23357,-0.226617535048464,-1.36248559942785,-1.67599785834294,0.0972833459632289,0.270592067113545,"ANGEL1"
"1482",23360,-0.217309374576825,-1.80645812488562,-2.12213082057204,0.0366329682007999,0.148320025604558,"FNBP4"
"1483",23361,-0.0591603628048853,-2.08016560400857,-0.570797289149094,0.569589814759286,0.756904586055964,"ZNF629"
"1484",23362,0.0620355383576321,-3.98143907446545,0.274751378436231,0.784150377570174,0.894631044149764,"PSD3"
"1485",23363,-0.268364282642445,-1.41934349460165,-1.69498026541907,0.0936102836107211,0.264905449885941,"OBSL1"
"1486",23368,0.0673318221348573,-3.4744559369043,0.529606921104121,0.597716270604515,0.779762480121257,"PPP1R13B"
"1487",23370,0.0680601627906979,0.110856882699945,0.750153244384101,0.455160659351613,0.669488647759454,"ARHGEF18"
"1488",23371,-0.122506930852122,0.103259002698637,-1.08505670987276,0.280856107195416,0.508673586888599,"TNS2"
"1489",23373,-0.138645809063591,-0.49552793838177,-0.997584936464326,0.321212149518432,0.553664749717533,"CRTC1"
"1490",23378,0.0624238699478887,-1.39024524901075,0.511354378720068,0.610381861958418,0.788409905029623,"RRP8"
"1491",23380,-0.180564361646153,0.17659551745241,-2.16424756088052,0.0331500015800661,0.138663777217978,"SRGAP2"
"1492",23381,0.107842151293853,-1.9509106296963,1.02431160643702,0.308491815901029,0.538085469167524,"SMG5"
"1493",23382,-0.0595052153581595,0.275832420959406,-0.754262215728252,0.452702678830793,0.667793569493729,"AHCYL2"
"1494",23385,0.0113682532528099,2.49597057848559,0.124939961702357,0.900855663682213,0.953071648531288,"NCSTN"
"1495",23386,-0.0165466223237294,-0.423927118164315,-0.240298349138859,0.810657112725711,0.910971638132045,"NUDCD3"
"1496",23387,-0.197766544355033,0.0198656391198261,-2.05193526954452,0.0431436562555652,0.164322014114228,"SIK3"
"1497",2339,-0.0124285667459812,0.0802907526493882,-0.160810728102445,0.872610564032473,0.940733772513132,"FNTA"
"1498",23390,-0.0692625643912804,-0.424777972373447,-0.615362708582623,0.539901217274166,0.733653679793853,"ZDHHC17"
"1499",23395,-0.12281483324219,1.33802215997654,-1.24933888413802,0.214849478054065,0.435086141964979,"LARS2"
"1500",23399,0.0224718536196904,-1.63742184609592,0.198504293270577,0.843107778642035,0.927086267521464,"CTDNEP1"
"1501",23400,0.169561197897914,-1.03205389168015,1.94837756891758,0.0545519757824021,0.190655527618333,"ATP13A2"
"1502",23404,0.208071625197676,0.467235833691436,2.71499532241556,0.00797401095165063,0.0586239974616962,"EXOSC2"
"1503",23406,0.059350350971684,2.42017281389126,0.414999143439925,0.679151185225197,0.829743227490497,"COTL1"
"1504",23408,0.110826875382019,-0.590787898157607,1.58014403517542,0.11765686008217,0.303351066049253,"SIRT5"
"1505",23410,-0.109844700729359,0.313158977815785,-1.34125687685422,0.183283770524781,0.398934674993299,"SIRT3"
"1506",23411,0.340295985317912,-1.65610065400112,2.3908291749109,0.0189388780199049,0.0985978229738561,"SIRT1"
"1507",23412,-0.0594796944034195,-0.714770103348539,-0.637159577267056,0.525672826741303,0.721775320254631,"COMMD3"
"1508",23417,-0.132167374357662,0.945028702743312,-1.58143316210409,0.117361837417986,0.303351066049253,"MLYCD"
"1509",23423,0.0632633107920244,1.04829903842041,0.558733412376196,0.577760760445309,0.764204214666912,"TMED3"
"1510",23424,-0.0134222754637703,-2.00256400895595,-0.138164193370371,0.89042588519212,0.948366143208266,"TDRD7"
"1511",23426,-0.108590635629575,-1.47919961052518,-1.11811402183445,0.266557224099923,0.495196199008877,"GRIP1"
"1512",23428,-0.699562852965323,1.81273884943948,-3.83050621497634,0.000239064437875693,0.0112875193821615,"SLC7A8"
"1513",23429,-0.353468396971578,-1.0018516616717,-1.90875279443215,0.0595488891663059,0.199842034829298,"RYBP"
"1514",23431,-0.198021582682284,-3.48940479123751,-1.09538423287899,0.27633314084768,0.504501135789131,"AP4E1"
"1515",23436,0.570357768286693,1.30301052439964,1.18720463642174,0.23833740070442,0.461778713864813,"CELA3B"
"1516",23438,-0.229584614404332,0.612922610321416,-2.54895226464193,0.0125352816148267,0.075879249064898,"HARS2"
"1517",23443,0.0825917125784082,-0.264904093388887,0.910828825931202,0.364870382048655,0.593579222108308,"SLC35A3"
"1518",23446,-0.0212906353061628,-0.659442218532104,-0.238067384319171,0.812381524875047,0.911423469143308,"SLC44A1"
"1519",23452,0.0428956794662674,-2.46480062191663,0.118727783402558,0.905761258569981,0.95525130671865,"ANGPTL2"
"1520",23456,0.0695334141300188,1.06625033835132,0.936245991819539,0.351705316246201,0.58222321903946,"ABCB10"
"1521",23457,0.133617398858808,-4.14152532015933,0.744520555744642,0.45854251317628,0.673494602985405,"ABCB9"
"1522",23461,0.00353357202263771,-1.25301608846197,0.0347235552929762,0.972378712438552,0.987175080540495,"ABCA5"
"1523",23463,0.00504800640286073,-0.0542386810950583,0.0604261000813356,0.951953104151207,0.979890684769429,"ICMT"
"1524",23464,0.304244049028444,-0.911172343890796,1.13631743035764,0.258904546127244,0.487471197585591,"GCAT"
"1525",23466,-0.298526698035555,-1.24695183193831,-2.43976298807375,0.016700188905032,0.0909545337170244,"CBX6"
"1526",23467,-0.0945289289836522,-1.18314228217628,-0.772495650980624,0.441887906642227,0.657955225883811,"NPTXR"
"1527",23468,-0.0176916483685824,-0.515516182057254,-0.207720308946336,0.835926664267487,0.922661007961489,"CBX5"
"1528",23469,0.132408296397469,-1.33829456355622,1.50474163434018,0.13596646813037,0.3331585554428,"PHF3"
"1529",23471,0.300207905501974,-0.356132458083123,2.24231405087535,0.0274508965976381,0.123393950205655,"TRAM1"
"1530",23473,-0.159024291508433,0.325602988809235,-2.19062163158093,0.0311188242993415,0.133236911773057,"CAPN7"
"1531",23474,-0.0274664881014826,1.61497405328865,-0.335904730432745,0.737741189225371,0.868228669770729,"ETHE1"
"1532",23475,0.627011062193815,-0.134544715065569,3.94906476323595,0.000157623373045345,0.00904475522319026,"QPRT"
"1533",23478,0.238185729915018,2.0822322954179,2.37546998394098,0.0196946286637727,0.100441267099484,"SEC11A"
"1534",23479,-0.177724450689574,-0.020917608152514,-1.80498557894774,0.0744924873346942,0.229881793494396,"ISCU"
"1535",23480,0.367683065070427,0.24990699060551,2.24983760909826,0.0269499635450573,0.122298172703664,"SEC61G"
"1536",23481,0.186242787943014,0.946645125865525,2.72244549777009,0.00781028012167551,0.0578717257388419,"PES1"
"1537",23492,-0.0904910376062109,-1.4101825701259,-0.734232466984158,0.464756295792692,0.678561880013212,"CBX7"
"1538",23498,0.335404650270942,0.0318009605274348,2.60204697061086,0.0108699034442978,0.070083474097794,"HAAO"
"1539",23499,0.0569613971274228,1.32809494133211,0.645510242285859,0.520273868220612,0.718111311701848,"MACF1"
"1540",23503,0.012728705736972,-2.412823897671,0.0790103689716618,0.937203520514494,0.973289834852144,"ZFYVE26"
"1541",23504,-1.00867921271355,-0.872982236267667,-3.67166193233426,0.00041261374618913,0.0146394403127681,"RIMBP2"
"1542",23505,0.0477757620326882,-0.112267198654851,0.571626645300603,0.569030152681141,0.756802414304158,"TMEM131"
"1543",23506,-0.062191096824574,-3.06138584065062,-0.301000909755557,0.764122875310712,0.883383163553275,"BICRAL"
"1544",23508,0.0638086130133015,-1.22729711895606,0.577052052799847,0.565375610562992,0.753636824731746,"TTC9"
"1545",23510,-0.1048126117704,-4.57515107822619,-0.654444630007548,0.514529870392345,0.713391539297089,"KCTD2"
"1546",23512,0.243498251007697,-2.02954948482422,2.43012137354416,0.0171216267517912,0.0920006588410442,"SUZ12"
"1547",23515,0.0473084536104509,-1.33435393172002,0.433729330765235,0.665544995468057,0.823114080633273,"MORC3"
"1548",23516,0.181180244228294,0.0325144974594031,1.51210504134479,0.134085249019953,0.329865835063917,"SLC39A14"
"1549",23521,0.283159119919529,4.57987524930293,2.83580739332151,0.00566925143197435,0.0491540834146737,"RPL13A"
"1550",23523,-0.10131798983178,-3.0036517727884,-0.789749808309743,0.431793867697331,0.650856211521831,"CABIN1"
"1551",23524,0.12148827312023,1.81667920270324,1.46344749927159,0.146902943630225,0.350435293073048,"SRRM2"
"1552",23527,-0.170050880605434,0.839718118455049,-2.25601461311257,0.0265447048839562,0.121273957517661,"ACAP2"
"1553",23528,0.557976770510614,-4.71958548850498,2.49136292325921,0.0145983688252818,0.0835352628751363,"ZNF281"
"1554",23530,-0.0522719420891149,2.93410999309591,-0.66720747686179,0.506383045071574,0.707691058891011,"NNT"
"1555",23536,0.0106977819330458,-1.94175850733252,0.0907703956763022,0.927881045076515,0.967606839055326,"ADAT1"
"1556",2354,-0.385812282226429,-2.62381962279143,-1.79257678961214,0.0764721916734548,0.233874595162763,"FOSB"
"1557",23541,0.205342784776476,-0.537377154216777,1.73465834052718,0.0862978256596532,0.252845066480663,"SEC14L2"
"1558",23543,-0.0841084094784819,0.329884558350947,-0.935655922677165,0.352007436808141,0.58222321903946,"RBFOX2"
"1559",23544,-0.180243069655815,-0.661399396777813,-1.59366504503963,0.114591814715625,0.298971961227292,"SEZ6L"
"1560",23545,-0.117789422459643,-0.623070593156979,-1.08970975587832,0.278812002975476,0.50675790070696,"ATP6V0A2"
"1561",23548,0.0243856813581504,-3.24252369706457,0.131633047686957,0.895574620888965,0.950509480714062,"TTC33"
"1562",23550,-0.151990947595416,-2.13247227956596,-0.804800519641553,0.423100878257662,0.643776199986498,"PSD4"
"1563",23556,0.0781916316178846,-2.92800882095796,0.365749575848976,0.715428482077291,0.853176612199419,"PIGN"
"1564",23557,0.00968863671769619,0.34799509470135,0.0774130102332533,0.938470492680024,0.973289834852144,"SNAPIN"
"1565",23558,0.289509025788449,1.39633757860145,3.2320367040457,0.00172949771639033,0.0273000671873785,"WBP2"
"1566",2356,-0.125410740554159,-2.92971976739619,-0.69883694621625,0.486494286146879,0.69234916029899,"FPGS"
"1567",23564,0.145291752673884,1.90859951082842,1.73074391124082,0.0869977170649707,0.253969480832287,"DDAH2"
"1568",23567,-0.0503000109328663,-0.745391217495464,-0.383415827256135,0.702334918473197,0.844394813658221,"ZNF346"
"1569",23568,-0.0787629304026742,-3.37517865446411,-0.421966763906011,0.674076959203328,0.826392920274963,"ARL2BP"
"1570",23576,0.117809552994659,4.65335517454031,1.48744839235997,0.140466067853066,0.340970820741876,"DDAH1"
"1571",23580,-0.0836802387214831,-0.64914010421004,-0.703285701822458,0.483731736536552,0.690820241708087,"CDC42EP4"
"1572",23581,-0.250341469352291,-0.653960675999207,-1.54855543822837,0.125072702170053,0.315548971222775,"CASP14"
"1573",23582,-0.255660301505543,-3.10832524985862,-1.71997610630268,0.0889470455792064,0.257360600007104,"CCNDBP1"
"1574",23583,0.0766304647658433,-2.16581314884193,0.385972045030634,0.700447653721762,0.842627744861433,"SMUG1"
"1575",23586,0.245495386235916,0.080370156203211,2.4206082341546,0.0175467237001712,0.0931124031336155,"RIGI"
"1576",23587,-0.171627226972177,-0.96143063450004,-1.44567040322596,0.15181682134549,0.357104708409939,"ELP5"
"1577",23589,0.216839566420016,0.273193109792624,1.52763114743489,0.130185745836815,0.32360628714306,"CARHSP1"
"1578",23593,-0.0918033304665646,1.85556273007476,-0.937436936487226,0.351096051124281,0.582125219287098,"HEBP2"
"1579",23595,-0.0725675930678555,-0.742003486246516,-0.895291041395943,0.373070556683458,0.599452114377766,"ORC3"
"1580",23597,0.285843052580875,1.30555781493073,2.63434618773185,0.00995735361575829,0.0668689677172039,"ACOT9"
"1581",23598,0.0425827510227439,-2.50102545781578,0.298171628778768,0.766274088324897,0.884072371741733,"PATZ1"
"1582",23600,-0.531995461688261,1.15315018038641,-3.13839727285089,0.00231090587017308,0.030635724041301,"AMACR"
"1583",23603,0.169353288022418,1.1978271979563,2.16988871971655,0.032706101906293,0.137783152711617,"CORO1C"
"1584",23607,0.155868176990197,1.86741210980301,1.94736845945873,0.0546746728875667,0.190786323015284,"CD2AP"
"1585",23609,0.00809641684362161,-0.569948263971678,0.101333507462367,0.91951593193616,0.964056047574618,"MKRN2"
"1586",23621,-0.129505934298003,-1.19628599698045,-1.08394056460338,0.281347970056416,0.5092638868199,"BACE1"
"1587",23623,-0.600888785020348,-1.7038254684346,-3.49910906521194,0.000734278867011436,0.0183959334110865,"RUSC1"
"1588",23625,-0.164907070031888,-3.41941653806933,-1.15783944190196,0.250058127317138,0.476663597972855,"FAM89B"
"1589",23633,-0.0687017484001217,0.913983757659563,-0.829785555331819,0.408902321907743,0.630190949435383,"KPNA6"
"1590",23635,-0.115763557290316,-0.509045118048207,-0.821493338132066,0.413582361425308,0.633533450069514,"SSBP2"
"1591",23646,-0.334224427633774,3.97287392690274,-2.46149983918628,0.0157838713634,0.0879940076553583,"PLD3"
"1592",23648,0.275382764832033,-1.92456107153259,1.11267263841461,0.268875200876623,0.496945493219124,"SSBP3"
"1593",23658,-0.247788530671373,-6.18333757521993,-1.04349633770085,0.299572706438297,0.528597613444033,"LSM5"
"1594",23659,-0.0406424845851674,-1.44413029608176,-0.323737070349665,0.746904188593668,0.873071309029441,"PLA2G15"
"1595",23670,0.0927457732058834,-0.65100795008816,0.789402894316561,0.431995471772555,0.650856211521831,"CEMIP2"
"1596",23673,-0.264059593249252,2.02600169633905,-2.99062981061093,0.00360907082429996,0.0386444783747051,"STX12"
"1597",23677,0.440370441576723,0.594311439921074,3.78775060830073,0.000277283276447693,0.0122443507254384,"SH3BP4"
"1598",23683,0.253372229286557,-1.59452104677002,2.2465642038512,0.0271669183586527,0.122610694768684,"PRKD3"
"1599",23705,-0.539853831139216,0.831136755106785,-3.48242711099865,0.000775630671374318,0.0190432842435823,"CADM1"
"1600",23710,-0.0311184465088795,-0.643189078934558,-0.299977821547282,0.764900556581767,0.883403699123526,"GABARAPL1"
"1601",23729,0.107871393852355,0.67641110126888,0.800720746476493,0.425446920628681,0.645585463243225,"SHPK"
"1602",23731,-0.305041935935958,1.05015520598884,-3.71093322893116,0.000361012170833067,0.0136783500282306,"TMEM245"
"1603",23753,-0.219091910308401,0.322180679651794,-2.75664703261988,0.00709725158741157,0.0550036998024397,"SDF2L1"
"1604",23759,0.116209034069332,-2.00864021367358,0.97996070782097,0.329788302914899,0.562972202692314,"PPIL2"
"1605",23761,-0.105019964066487,-1.38735790338149,-1.09878421639468,0.274855221500864,0.503223704399114,"PISD"
"1606",23764,0.200503771566336,-1.58833687410736,0.830554716936953,0.408469845899065,0.629946712092579,"MAFF"
"1607",23770,-0.106812832141065,0.636347287832103,-1.27440297745229,0.205871107670092,0.424039214388934,"FKBP8"
"1608",23774,-0.0359056467026133,-1.08079668306925,-0.429421316086564,0.668664774493204,0.824241082962368,"BRD1"
"1609",23780,-0.0979136987859797,2.0710354920614,-0.906938083207115,0.366912925329426,0.59509215548263,"APOL2"
"1610",23786,-0.222632938051755,1.0603768327359,-2.3107437568884,0.0231817773859945,0.111863010688077,"BCL2L13"
"1611",23787,-0.228604317886031,3.14190828314492,-2.60432065532188,0.0108032725860431,0.0699911433186955,"MTCH1"
"1612",23788,-0.337616288223704,3.05290406050415,-3.61207115329968,0.000504484670221785,0.0156390247768753,"MTCH2"
"1613",2395,-0.0404445902169881,-0.758748795121624,-0.241846141640285,0.809461303242161,0.910643966147431,"FXN"
"1614",240,-0.299139689967439,0.216739280746924,-2.66203345342155,0.00923097732378846,0.0636082945225228,"ALOX5"
"1615",24139,-0.130679932483816,2.22010563337131,-1.8092418976156,0.0738233181074036,0.228361450988607,"EML2"
"1616",24142,0.256029795894274,-1.47048493735516,1.98858586684998,0.0498497207131827,0.181285736926767,"NAA80"
"1617",24149,0.136771871066992,-1.28954403494473,1.3519949831757,0.179836812360298,0.393806048614879,"ZNF318"
"1618",2444,0.0822532152908704,-1.3909161002064,0.712242304904702,0.478196296142753,0.687393176984595,"FRK"
"1619",245812,-0.203223259826145,-0.457089811700262,-2.3774483157496,0.0195958047025613,0.100441267099484,"CNPY4"
"1620",246269,-0.0275968887942708,-1.45935785909604,-0.188186422476908,0.851163201350887,0.930940792924403,"AFG1L"
"1621",2483,0.20174409453598,-0.448762705735182,2.75486920277405,0.00713279911924374,0.0550554087526899,"FRG1"
"1622",249,-0.487899057107405,-0.888093073590425,-2.13829262953517,0.0352605984820147,0.144441035411221,"ALPL"
"1623",2495,-0.00657398312965185,3.70235261401989,-0.0373802354985719,0.970266382738833,0.986826024399496,"FTH1"
"1624",25,-0.208764917423597,-2.35825568215196,-1.77022271822577,0.0801486295604057,0.239811188538162,"ABL1"
"1625",2512,-0.264286305588509,4.23034962498403,-1.22242096149431,0.224808032011232,0.446817966650743,"FTL"
"1626",2517,-0.194751995798711,2.77230484804756,-1.65088843824724,0.102321085607672,0.279250243799506,"FUCA1"
"1627",2519,-0.0599242330421185,0.11398153433325,-0.362523952401991,0.717828551879659,0.854876145020828,"FUCA2"
"1628",2521,-0.0261001009585131,3.02768643806334,-0.254054330324475,0.800045447065581,0.904693985646377,"FUS"
"1629",252839,-0.130060075082923,0.256100153862401,-1.08304406646393,0.281743469175315,0.509456082734826,"TMEM9"
"1630",252969,-0.14384825554997,-1.05282591325092,-1.218977586109,0.226105761014057,0.447732981917127,"NEIL2"
"1631",252983,0.00691953104431109,-2.7009038255789,0.0382207798100456,0.969598108384743,0.986579050793315,"STXBP4"
"1632",2530,-0.12703668016536,-0.244168123165071,-1.61219955903939,0.110494485671421,0.292460178116077,"FUT8"
"1633",2531,0.0725731751885013,-0.68272976832458,0.876833230060566,0.382961375491592,0.608717247743784,"KDSR"
"1634",253143,-0.0650356270210151,-0.976584458072283,-0.563187573289898,0.574737398468413,0.761437114569203,"PRR14L"
"1635",253260,-0.050654913555054,1.7778945392152,-0.677028797072551,0.500161153174983,0.703832811189207,"RICTOR"
"1636",253461,-0.582186461324816,-4.09400281750272,-2.70502826025508,0.00819794336653612,0.0595490844778683,"ZBTB38"
"1637",253512,0.0516308860239418,-1.87001563385439,0.401231004948571,0.689221356339367,0.836194802001763,"SLC25A30"
"1638",253558,0.0327601790572929,1.56068159689363,0.43396764464529,0.665372584394784,0.823114080633273,"LCLAT1"
"1639",253635,-0.122301242556428,-1.36679537994674,-1.16058451383098,0.248945418730434,0.475095388903846,"GPATCH11"
"1640",253725,-0.277929648367758,-2.26262514267321,-1.57474152519734,0.118899693030781,0.304848085139069,"WASHC2C"
"1641",253738,-0.0851271439338701,-4.2626429335263,-0.381903207871948,0.703452571434449,0.844702978262393,"EBF3"
"1642",253782,-0.221771900861726,0.266642785798745,-2.02822913955783,0.0455564399562288,0.1705033100313,"CERS6"
"1643",253832,-0.152341632420045,0.20181112266865,-1.24992722079611,0.214635486980938,0.434796243923762,"ZDHHC20"
"1644",2539,0.145140068592036,2.37777986046409,1.48299082757189,0.141644580310046,0.343006624604883,"G6PD"
"1645",253943,-0.0187478630817433,1.42456325255177,-0.233068664061123,0.816248607802241,0.913424604319081,"YTHDF3"
"1646",253959,-0.172443866705288,-0.269655183287636,-1.74105096513128,0.085164788299617,0.250115536164138,"RALGAPA1"
"1647",254042,-0.247039528628408,-1.5606391476043,-2.20367517446049,0.0301543246546298,0.130434985715375,"METAP1D"
"1648",254048,-0.455044791488067,-1.76593015469747,-2.43030977101964,0.0171133017636382,0.0920006588410442,"UBN2"
"1649",254102,-0.0408163091342815,-1.65844190058215,-0.258058456988109,0.796963521958452,0.902250979385684,"EHBP1L1"
"1650",2542,-0.437466588444372,2.67874653124155,-3.82648931859241,0.00024242925589286,0.0113590135318349,"SLC37A4"
"1651",254225,0.0468292254317022,-1.4360504555863,0.428069069307393,0.669645249337693,0.824530098382098,"RNF169"
"1652",254295,0.597270705182999,-0.771333706278615,2.24852207288579,0.0270369711693571,0.122302097056809,"PHYHD1"
"1653",254428,0.307310486165838,0.525716256748317,2.58676313886735,0.0113275243246284,0.0717657248454083,"SLC41A1"
"1654",254531,-0.0139890676364618,-2.44799453661544,-0.129085510905006,0.897584161188833,0.951203657005708,"LPCAT4"
"1655",254552,0.418875537721554,-2.03663634027523,2.54656891557357,0.0126151617285358,0.076141140803568,"NUDT8"
"1656",2548,-0.119630873884832,3.47627143912667,-1.14298417789007,0.2561409687526,0.484410599753219,"GAA"
"1657",254827,0.15324017313084,-1.73938555870784,1.22924789543737,0.222251138199349,0.444075289653785,"NAALADL2"
"1658",254863,0.027973104020358,0.319162909554157,0.193366844897986,0.847116683834485,0.929330152882228,"TMEM256"
"1659",2551,0.147131878411016,-0.354963167776886,2.05755745944857,0.0425878208305404,0.163071768095981,"GABPA"
"1660",2553,0.0961149545005586,-0.785796488317625,1.11686030256381,0.267090052657519,0.495735936864788,"GABPB1"
"1661",255374,-0.244133718397965,-1.40421845033218,-2.61599448523607,0.0104669483831498,0.0687860055415132,"MBLAC1"
"1662",255743,-0.0186323384726474,-2.63499626253297,-0.0770678604332765,0.938744275024172,0.973289834852144,"NPNT"
"1663",256281,0.140902506582558,0.256707300621325,1.43565547952191,0.154640640613403,0.361181222254591,"NUDT14"
"1664",256471,0.309909252390823,-3.19619954377125,2.15889166211741,0.0335762981345878,0.139822636684877,"MFSD8"
"1665",256586,-0.323077267133006,1.84004056639922,-2.90275629119559,0.00467272628461573,0.0439895612499561,"LYSMD2"
"1666",256643,-0.048962624445259,-1.31680934924033,-0.281862985611825,0.778709456940537,0.890741454845511,"BCLAF3"
"1667",256691,-0.145480331694099,-0.713723382299779,-1.02683519762086,0.307308482395016,0.536784139140753,"MAMDC2"
"1668",256714,-0.311820648869339,0.195185375883489,-2.21608610755118,0.0292616401100273,0.128383092920191,"MAP7D2"
"1669",256949,-0.274539592938928,-1.03875092424175,-2.23420845350221,0.0279997072649764,0.124990693230855,"KANK3"
"1670",257194,-0.347501694953939,-0.364264112704201,-2.81875049098973,0.00595257659196638,0.050675333039514,"NEGR1"
"1671",2572,-0.443215318869845,2.30405603397982,-2.77629371592708,0.00671505024531378,0.0531831979428851,"GAD2"
"1672",257218,0.160806533124166,-1.35475634259299,0.85845605973219,0.392969722050534,0.616873147220591,"SHPRH"
"1673",257364,-0.0634246476233769,-1.74543738173358,-0.491472874109745,0.624313967735675,0.799340662069581,"SNX33"
"1674",257397,-0.129660137514709,-3.39141874309247,-0.936878255569424,0.35138177711796,0.58222321903946,"TAB3"
"1675",25764,0.0482823359450866,-1.90082040772683,0.33503757649606,0.738392974701673,0.868581080628377,"HYPK"
"1676",25766,0.100817610213667,-1.16103066353279,1.04470374831501,0.299017283956785,0.527859674698517,"PRPF40B"
"1677",25771,0.150174054447434,-0.460824221378506,1.79401003149597,0.0762413253139006,0.233284773069154,"TBC1D22A"
"1678",25777,0.102789928540082,0.844683049711481,1.44270391502923,0.152649061815199,0.358302080849596,"SUN2"
"1679",25782,-0.172030813184876,1.48728972863052,-2.30434748475138,0.0235543635905589,0.112950534155352,"RAB3GAP2"
"1680",25792,0.0102388296955221,-0.820319493274489,0.121405628428026,0.903646174484094,0.953840106445979,"CIZ1"
"1681",25797,-0.552939693379795,3.73960724177931,-2.78998145529218,0.00645999580323895,0.0523348885097409,"QPCT"
"1682",25800,-0.00202090644719499,-2.77943421512535,-0.0117034415420588,0.990688673541982,0.994902990543305,"SLC39A6"
"1683",25801,0.124806979946847,0.651328172637254,1.30749752496701,0.194444906423462,0.412833910628574,"GCA"
"1684",258010,-0.408690057239518,-0.00331989407245214,-2.46302115579743,0.0157214565943865,0.0877257277966765,"SVIP"
"1685",25802,-0.096974944710382,-0.992927003968453,-0.531380632784417,0.596491976938924,0.778827431280816,"LMOD1"
"1686",25804,-0.0329291915164975,0.185244262794613,-0.339316510958103,0.735178632152808,0.867039218010796,"LSM4"
"1687",2581,-0.0131982906734422,0.66824155354558,-0.0783615164473861,0.937718149578045,0.973289834852144,"GALC"
"1688",25816,-0.0253953400654883,-1.13265845225784,-0.183345344486743,0.854948259676585,0.932646155128172,"TNFAIP8"
"1689",25819,0.129617894562007,-2.70088510931118,0.505868333187193,0.614212224844382,0.791540025695943,"NOCT"
"1690",2582,0.223646693800022,0.985518704379011,2.0900266068953,0.0394968297073994,0.155504516192442,"GALE"
"1691",25821,-0.131367701829965,-0.849755029802866,-1.68505049908161,0.0955173122487812,0.267587979271118,"MTO1"
"1692",25824,-0.106162453671424,4.61058547350271,-1.09248717333333,0.277596788394033,0.505983238080991,"PRDX5"
"1693",25828,-0.0347680542563596,-0.792750201665415,-0.399331293466458,0.690615284176236,0.836754167839268,"TXN2"
"1694",25831,0.0525662902164733,0.147892142641546,0.704786098983235,0.482801988733759,0.690207416850278,"HECTD1"
"1695",25837,-0.264801771880151,1.24850012466467,-2.41759749821758,0.0176832060269319,0.0936492826516895,"RAB26"
"1696",2584,0.66561706472694,0.8015181259034,3.51919504649679,0.000687251617834754,0.0179504273628499,"GALK1"
"1697",25840,0.0786497913864648,2.64784370325491,0.670258757876996,0.504445609088583,0.70622723194307,"TMT1A"
"1698",25842,0.262002000933315,-2.78864321449218,1.43516269735132,0.154780626617611,0.361370668002624,"ASF1A"
"1699",25843,0.109414974870396,-0.105883732590467,1.38741857889459,0.168812965409585,0.381366942099386,"MOB4"
"1700",25844,-0.0199281568770077,0.790386325497567,-0.230613857343065,0.818149356018019,0.913792760297131,"YIPF3"
"1701",25851,-0.0787962426100148,-0.437670772277955,-0.928561747311496,0.355652792983654,0.585410791990793,"TECPR1"
"1702",25864,-0.0730377757355711,-1.70889199012863,-0.592536374603759,0.555008945985742,0.745898304689952,"ABHD14A"
"1703",25865,0.136166909939967,-1.62020377637421,1.27816204804484,0.20454880687479,0.422876583562635,"PRKD2"
"1704",25870,0.0512278590115214,2.42953472657645,0.506431878544194,0.613818260709362,0.791349818154602,"SUMF2"
"1705",25871,0.358754349127367,-1.25117441361332,1.58022154768524,0.117639104275606,0.303351066049253,"NEPRO"
"1706",25873,0.421537053302091,3.21471910991886,3.65106121651075,0.000442411331403223,0.014782977592485,"RPL36"
"1707",25874,-0.143569313408915,1.61970243481288,-1.8299926807609,0.0706321286343771,0.222459331479404,"MPC2"
"1708",25875,-0.382677220233817,1.15332786023514,-4.32160266706729,4.05721324105789e-05,0.0043095858207076,"LETMD1"
"1709",2588,-0.0857718650779327,0.17452899908147,-0.826548603081682,0.410725396793644,0.631472618171769,"GALNS"
"1710",25880,-0.14396303412858,-1.32347523301324,-1.43133983484802,0.155869925304461,0.363223083340464,"TMEM186"
"1711",2589,0.168463082264613,-0.00380509559638329,2.12472300825483,0.0364097853491482,0.147557132255523,"GALNT1"
"1712",25896,-0.110024315161735,-0.788581793593446,-1.6204386987133,0.108711286532663,0.290227963688786,"INTS7"
"1713",2590,0.220354975531628,1.70240742755731,2.70083392883352,0.00829387799442691,0.0598211787659135,"GALNT2"
"1714",25902,-0.165633716592272,0.523395581895583,-2.01790722771145,0.0466426044419008,0.17340539434548,"MTHFD1L"
"1715",2591,0.269880277411035,0.0884729176839749,2.46406322223893,0.0156788314487678,0.0875674862898425,"GALNT3"
"1716",25911,-0.0604770199958414,0.145955802043634,-0.802268126392459,0.424556203628406,0.644871560967869,"DPCD"
"1717",25912,0.131643591816643,-1.92305321852004,1.11467277720663,0.268021530236156,0.496114641914816,"C1orf43"
"1718",25913,0.0846243559802975,-4.20911423550176,0.318399945249282,0.750934972318803,0.876114590399698,"POT1"
"1719",25915,-0.039202409652163,0.45239661489254,-0.47489282152803,0.636038246966654,0.806978924056059,"NDUFAF3"
"1720",2592,-0.0353582693770451,0.289781584438517,-0.491837115585083,0.624057469390956,0.799231019600161,"GALT"
"1721",25921,-0.0655854420055837,-1.37980585679034,-0.72113662886205,0.472734371748072,0.68306110494107,"ZDHHC5"
"1722",259217,-0.222294404873629,-0.0786349362888934,-1.84038545362428,0.0690776154327741,0.219688291982574,"HSPA12A"
"1723",25926,0.173651563579961,0.0645918528702281,2.42988475896848,0.0171320874967927,0.0920006588410442,"NOL11"
"1724",25927,-0.465145282840448,0.308039366992153,-3.53758607499565,0.00064670244911174,0.0171159093857769,"CNRIP1"
"1725",2593,0.477668004273794,1.21158999523425,2.94447919221621,0.00413606617032884,0.0411989232808581,"GAMT"
"1726",259307,0.241882660991957,-1.70948543708265,2.24118238777421,0.0275269475135571,0.12356688888245,"IL4I1"
"1727",25932,0.300954065587583,1.07456567883964,2.14856695963846,0.0344115532356386,0.142138703741823,"CLIC4"
"1728",25934,-0.330528480875919,2.60175515820413,-3.55060887591999,0.000619369371277663,0.0170369403964335,"NIPSNAP3A"
"1729",25938,0.060037923158176,-2.09985068490946,0.38823052247825,0.698781774874498,0.841169353633981,"HEATR5A"
"1730",25939,0.320788426884565,2.12723576581611,2.45329801430875,0.0161242001304111,0.0893234119137757,"SAMHD1"
"1731",25940,0.0125921228562142,1.51774625093706,0.155733138072523,0.876599569918734,0.942471213901067,"FAM98A"
"1732",25945,-0.383920052328488,-1.1743094877299,-2.62591635217582,0.0101885776178547,0.0675350857650022,"NECTIN3"
"1733",25948,-0.164299298862474,-3.21902761311149,-1.14290388194926,0.256174129488262,0.484410599753219,"KBTBD2"
"1734",25949,-0.34546927318964,-1.9933893427933,-2.4407516501145,0.0166575021666755,0.0908701635922039,"SYF2"
"1735",25953,-0.368846711716915,-2.82466447255122,-1.93000227336497,0.0568231690607933,0.195527374908678,"PNKD"
"1736",25957,0.230501221951115,-2.61222463030003,1.35695618140533,0.178260901640036,0.391893056685724,"PNISR"
"1737",25959,0.00879316246182404,0.356342609470913,0.0619986786819083,0.950704291041113,0.979262114181968,"KANK2"
"1738",2596,-0.663907481198652,-2.66873662810615,-2.7912548795018,0.00643672349946907,0.0522600646028322,"GAP43"
"1739",25962,0.091006015053144,-0.601116740794934,1.30257980223429,0.196112210976025,0.414108266348745,"VIRMA"
"1740",25966,-0.0642671930642029,-3.38629202866342,-0.41238963403666,0.681055410097689,0.831101991873465,"C2CD2"
"1741",25970,0.0908519073781913,-1.30645864210238,1.01620687200944,0.312312899935021,0.542485330913282,"SH2B1"
"1742",25973,-0.144476786010235,-0.0169320837386504,-1.58011089560034,0.117664452024169,0.303351066049253,"PARS2"
"1743",25977,-0.0900851739533639,1.46405239078311,-1.08308266656361,0.281726432456212,0.509456082734826,"NECAP1"
"1744",25978,0.0540134284988887,1.17567232436481,0.417117631240099,0.677606800725441,0.828791285692059,"CHMP2B"
"1745",25979,0.234757758488118,0.277420903173646,2.11356281538458,0.0373791131059352,0.150205184404756,"DHRS7B"
"1746",25980,-0.0109037443785254,-0.0279430305016566,-0.125488706060576,0.900422516840013,0.953071648531288,"AAR2"
"1747",25983,0.1699892860216,-1.41099478195373,1.43734681581506,0.154160921931663,0.360539553974717,"NGDN"
"1748",25984,0.452746677020559,-3.07533073197292,1.75660338400971,0.0824592816913307,0.244746165871077,"KRT23"
"1749",25989,-0.0374671579005386,-1.34437728077161,-0.330780895577546,0.741595221991421,0.870179979465368,"ULK3"
"1750",25994,0.116303558026735,1.12954658035755,0.740199146008856,0.461146763385774,0.676348586299135,"HIGD1A"
"1751",25998,-0.145310348994316,-2.34282016348445,-0.906779995830112,0.366996070257206,0.59509215548263,"IBTK"
"1752",25999,-0.371463867796757,-3.44469624045849,-2.26157438195346,0.0261845298723067,0.120299883500163,"CLIP3"
"1753",26000,0.0556809232190694,-1.59078454251158,0.766774176919652,0.445265184308286,0.661039463738486,"TBC1D10B"
"1754",26003,-0.114357202912287,2.50614701107699,-1.54644114856688,0.125582006141506,0.316144781074161,"GORASP2"
"1755",26009,0.175880849686375,-2.60721848512927,1.2877900726026,0.201190700172798,0.41946620844451,"ZZZ3"
"1756",26010,0.359179833615676,-0.383366599361511,2.38077128483966,0.0194308029323591,0.100139604029236,"SPATS2L"
"1757",26015,-0.0522930441751941,-0.419637388514222,-0.707477522925541,0.481136676949248,0.690003953998711,"RPAP1"
"1758",26017,0.0580321300539892,-2.27008249391035,0.396219628634949,0.692900797316855,0.838364891372138,"FAM32A"
"1759",26018,0.0496659439993503,-2.74411130871688,0.274073533419588,0.784669545943188,0.89505623605279,"LRIG1"
"1760",26020,0.417854419121902,-1.61578147882993,2.27042098225018,0.0256202796883914,0.118643164463436,"LRP10"
"1761",26024,-0.0732238671344851,-2.17198497791151,-0.643931528484542,0.521292321701812,0.718941099450661,"PTCD1"
"1762",26027,0.0653642642232084,-2.00788015982743,0.402618916148798,0.688203643435446,0.835812022834739,"ACOT11"
"1763",260293,0.0686156362116424,-2.47195802874079,0.460408590458272,0.646357103291949,0.81281292767998,"CYP4X1"
"1764",26030,0.193160368501451,-0.026358603868123,1.85805851733941,0.0664998104070438,0.215055762001283,"PLEKHG3"
"1765",26035,-0.4087421689207,0.184383616897951,-4.21164881433434,6.1008302643112e-05,0.00534955659462031,"GLCE"
"1766",26036,0.186163426344809,-3.32936993470184,1.21628623170089,0.227123850075013,0.4485476807466,"ZNF451"
"1767",26039,-0.115332989065182,-2.18225223668481,-0.886624801998354,0.377694260893636,0.604507789664964,"SS18L1"
"1768",260425,0.88211172497279,-3.29516633986865,4.27735069554281,4.78455023264358e-05,0.00444963171635853,"MAGI3"
"1769",26049,-0.471129275237744,1.83104294649056,-3.69964223164599,0.000375183059062646,0.013890033353962,"FAM169A"
"1770",26052,-0.0213186914369188,-3.29417165666793,-0.137591072642848,0.890877511968947,0.948517982387753,"DNM3"
"1771",26056,-0.137486034553959,-1.11433675440656,-1.64661363096967,0.103199421611384,0.280654873660025,"RAB11FIP5"
"1772",26058,0.0814335415604568,0.845168060514353,0.958484536242719,0.340440889084101,0.57218679550882,"GIGYF2"
"1773",26061,0.0938571076183538,-0.355477642626154,0.943046527478192,0.34823544501228,0.57884932550512,"HACL1"
"1774",26063,0.0530258401650263,-0.546034482548606,0.333756401938438,0.739356303603466,0.869381032857869,"DECR2"
"1775",26064,0.241477315667101,0.0791266769949792,2.71430646651577,0.00798930658039793,0.0586239974616962,"RAI14"
"1776",26065,0.0130924438448745,0.57239377992055,0.173211168287957,0.862882693491006,0.936251365148982,"LSM14A"
"1777",26086,-0.157833172812822,-0.427159031971814,-1.36728448401388,0.175013709454581,0.389154797028386,"GPSM1"
"1778",26093,0.104546323635011,0.109795992520296,0.934824327405409,0.352433504519579,0.582318870216631,"CCDC9"
"1779",26097,0.0329686398995515,1.33798568044329,0.397676751379394,0.69183018733156,0.837564830343415,"CHTOP"
"1780",26099,-0.218096678363765,-1.35277649227362,-1.37395925557469,0.172939186640315,0.386844288483329,"SZRD1"
"1781",26100,0.0105406882032372,0.66369475924175,0.0935489405761851,0.925679842005047,0.96661309728265,"WIPI2"
"1782",26115,-0.294772327007266,-1.55513862749332,-3.16719224941871,0.00211513226992691,0.0296408261936333,"TANC2"
"1783",26119,-0.441961809144217,-0.369251326688543,-4.82194921874493,5.89945786454016e-06,0.00155180695354026,"LDLRAP1"
"1784",26122,-0.140941991032273,-3.05898328443677,-0.951617688664726,0.343893776191318,0.575382330308185,"EPC2"
"1785",26123,0.00610982446460895,-2.53882668538064,0.0436801976967867,0.96525815053688,0.984998876128901,"TCTN3"
"1786",26127,-0.0983493130239895,-0.866363661872835,-1.04695832751829,0.297982024480946,0.527261611704856,"FGFR1OP2"
"1787",26128,-0.197881196656876,1.38906825728824,-2.20062296826969,0.03037747484057,0.13103087882742,"KIFBP"
"1788",26135,0.0826035820199307,2.59862529509526,0.911462279550089,0.364538519781634,0.593403067176144,"SERBP1"
"1789",26136,0.290769704913203,1.47053242373289,3.23043458544326,0.00173817621819001,0.0273000671873785,"TES"
"1790",26137,0.0937394607406845,-1.07482766539885,1.1515616496844,0.252616083417151,0.480495048036713,"ZBTB20"
"1791",26145,-0.127391744303896,-0.484560190771697,-1.69551106905354,0.0935092227814974,0.264905449885941,"IRF2BP1"
"1792",26156,0.244737144755069,1.06080215312206,3.15386856745116,0.00220371269959407,0.0299923616445933,"RSL1D1"
"1793",26160,-0.250287944675163,-3.26711026293899,-1.36370457510151,0.176134101774122,0.389730034855645,"IFT172"
"1794",2620,0.180541507047794,-0.254785177036211,1.07214301688967,0.286583273259193,0.515245498320132,"GAS2"
"1795",26205,0.265541867840582,-0.909202342182741,2.16805270824044,0.0328500050007707,0.138105021023788,"GMEB2"
"1796",26207,0.0952914107945388,1.52845945817319,0.92069717763977,0.359722219677888,0.590052106997028,"PITPNC1"
"1797",26225,-0.0567663110803287,-2.49425722403726,-0.485838540402869,0.628287541268952,0.802085883591686,"ARL5A"
"1798",26227,0.94016532818814,2.58732988371126,2.79269395105762,0.0064105162752816,0.0522321990235437,"PHGDH"
"1799",26229,-0.364308860041604,0.969428454886313,-3.79073971555475,0.000274432287218338,0.0122062708619287,"B3GAT3"
"1800",26232,0.353212199886411,-0.655682096824781,3.48490670046884,0.000769348049242938,0.0190413642187627,"FBXO2"
"1801",26235,-0.0817428545802024,-6.08502623437079,-0.284321117139118,0.776831346618728,0.889090211737041,"FBXL4"
"1802",26259,-0.0902196203951005,-2.27550784832435,-0.694507737324754,0.489190907040424,0.694094726632946,"FBXW8"
"1803",26263,0.0486759824462466,1.56751139257308,0.571276605623753,0.569266332167204,0.756802414304158,"FBXO22"
"1804",26268,-0.0743679085682332,-1.54419104565999,-0.495351280570377,0.621585183367211,0.797177153261166,"FBXO9"
"1805",2627,0.483962486651893,-1.29456958477188,2.60409149861127,0.0108099713043537,0.0699911433186955,"GATA6"
"1806",26270,0.0604931703070513,-2.42247843094361,0.496908257919377,0.620491203308215,0.796273260695343,"FBXO6"
"1807",26273,0.122476518530791,-0.449310839151021,1.51213721717718,0.134077073825545,0.329865835063917,"FBXO3"
"1808",26275,-0.0140085017505989,2.30391274204361,-0.131817881331073,0.895428847321916,0.950509480714062,"HIBCH"
"1809",26277,0.174647473166736,-2.65955684862675,1.00810381060767,0.316164774340933,0.547115699155524,"TINF2"
"1810",2628,0.987030150500116,4.33355500712465,2.38822740928735,0.0190650551489198,0.0988822834270112,"GATM"
"1811",26284,0.094530676109883,-0.93479287873442,0.859140132320388,0.392594305606315,0.616776004046984,"ERAL1"
"1812",26286,0.10217386674007,1.42991115893498,1.3349513489682,0.185330933271228,0.401539452318671,"ARFGAP3"
"1813",2629,-0.0903811486199579,2.27618627625818,-0.872361997346896,0.385381706046052,0.611077943616974,"GBA1"
"1814",26297,-0.236846106767979,-2.76607363079262,-1.2628877647999,0.209961024102992,0.428010882080426,"SERGEF"
"1815",2631,-0.153949056446561,3.72693007137258,-1.75886837023957,0.0820712399553318,0.244184813788573,"NIPSNAP2"
"1816",2633,0.380287659188361,-0.62493416798171,2.28060551552503,0.0249839643573262,0.117062269637609,"GBP1"
"1817",26353,-0.619124740745889,-0.741139906100716,-2.49294562214905,0.01453782666629,0.083437838525804,"HSPB8"
"1818",26354,0.217336758736722,0.329900626791234,2.67144904977326,0.00899513765092354,0.0625359563911272,"GNL3"
"1819",26355,0.121923443368657,1.56803487200705,1.11501070718782,0.267877487045368,0.495997591398029,"FAM162A"
"1820",2638,-0.21177832026814,2.7479088327413,-0.788798251138716,0.432346983999815,0.651179427436046,"GC"
"1821",2639,-0.135792062560389,2.03374838758509,-1.39320596051501,0.167061999925626,0.379021697870457,"GCDH"
"1822",2641,-0.431404642365163,5.02122253183736,-1.47045306192809,0.145000819383321,0.347998275302909,"GCG"
"1823",2643,-0.257911706496511,1.08065772177582,-1.38909783080725,0.168303473457635,0.380496029496488,"GCH1"
"1824",2644,0.332676001512575,-0.863959481932682,1.99355713322579,0.0492930842476675,0.179774777844434,"GCHFR"
"1825",2645,-0.433355172115423,-1.12354850052659,-3.24997630342846,0.00163504914980435,0.026834041929142,"GCK"
"1826",2647,-0.0349169041648235,0.00153494662876701,-0.402187393651856,0.688520004301592,0.835876533701034,"BLOC1S1"
"1827",26470,-0.454230820663134,0.0809799594961732,-3.65522743505429,0.000436225049045608,0.014782977592485,"SEZ6L2"
"1828",26472,0.233393448064246,-1.679819911979,0.974294546658558,0.332577276702834,0.565786952439577,"PPP1R14B"
"1829",2650,-0.281210048459596,-0.587716936480551,-2.22267687121154,0.0287970524112892,0.127162811295319,"GCNT1"
"1830",26503,-0.429590800863408,-0.322932721586372,-3.22707344586961,0.00175651564833635,0.0273863565962719,"SLC17A5"
"1831",26504,0.100410306042718,-2.43347672689502,0.850422049031405,0.39739529747866,0.6205193290589,"CNNM4"
"1832",26509,0.339099973823462,0.854454928722102,2.24046829233013,0.027575031781837,0.123634437601838,"MYOF"
"1833",26517,-0.212587306821044,-1.24544647702463,-1.16000697421551,0.249179230130157,0.475283441435334,"TIMM13"
"1834",26519,-0.033473178323406,0.345378432702613,-0.242626833541724,0.80885831968569,0.910132422773743,"TIMM10"
"1835",26520,0.0188984614055328,-1.06582103818877,0.0901528190052668,0.928370375030679,0.967952668921064,"TIMM9"
"1836",26521,0.342165928408964,-3.24868889639131,2.52020769794732,0.013529739480661,0.0793934425738977,"TIMM8B"
"1837",26528,0.170858268120814,0.686212724285261,1.77970347236341,0.0785719233760777,0.237690717438327,"DAZAP1"
"1838",2653,-0.171825177800255,-1.74188278171234,-1.06438119397356,0.290063950496765,0.51891941945472,"GCSH"
"1839",26574,0.0617753399006209,-1.61860242708814,0.525909919404002,0.600271828857932,0.781269823055552,"AATF"
"1840",26578,0.119190798330858,0.0633792029092166,1.26863813021296,0.207911219905956,0.426605212264797,"OSTF1"
"1841",26580,-0.0667971033421196,0.436952684376529,-0.628440269055207,0.531341065565851,0.72571683587966,"BSCL2"
"1842",26589,-0.34417391416995,0.939907219679375,-4.3980265209324,3.04490924470285e-05,0.00373793058879722,"MRPL46"
"1843",26608,0.463630091937707,1.24677930783921,2.96361662108761,0.00390945863582157,0.0400264520300573,"TBL2"
"1844",26610,-0.243882030651268,-0.317371687049616,-3.11621394591685,0.00247309956988356,0.0314919295715027,"ELP4"
"1845",2664,-0.308221373107222,4.01434144057135,-2.74471305797072,0.00733900540024454,0.0558893488172469,"GDI1"
"1846",266812,-0.340762121183963,-1.06990657150874,-2.79749055724557,0.00632386785641795,0.0519623840732174,"NAP1L5"
"1847",267,0.0679287374733599,-0.475582178592969,0.984208088238572,0.327707806712098,0.560610512151299,"AMFR"
"1848",2671,-0.0965399129256215,-1.79252168618405,-0.98221107679858,0.328684922333006,0.561812323386241,"GFER"
"1849",2673,0.0570964545468904,3.87392135820422,0.699120924277521,0.486317685119579,0.692339918751345,"GFPT1"
"1850",26751,0.133695246996791,-2.61651672960661,0.674072464209757,0.502029666037916,0.704655405932021,"SH3YL1"
"1851",2677,0.299026075419143,-0.249417751285882,2.72229270398311,0.00781360703817277,0.0578717257388419,"GGCX"
"1852",2678,0.878596095624663,0.426643478479081,2.7530601322706,0.00716913810153165,0.055074054652317,"GGT1"
"1853",2686,-0.181100929848969,0.151433777244203,-2.34207141440671,0.021431108122923,0.106169605858355,"GGT7"
"1854",2687,-0.0392175176919675,0.625466334991695,-0.16103897549703,0.872431327134894,0.940733772513132,"GGT5"
"1855",26873,0.45149012376749,-0.0489301772403499,3.65640417013672,0.000434492682118862,0.014782977592485,"OPLAH"
"1856",26953,-0.188783386713919,0.929418518164997,-1.72628316054341,0.0878009634314191,0.255292427068712,"RANBP6"
"1857",26960,-0.218763288125629,1.00587840288767,-2.21349387633526,0.0294461578876375,0.128824317258958,"NBEA"
"1858",26973,-0.110006067930152,1.19061298432559,-1.44976400269839,0.150674148887478,0.355296936562173,"CHORDC1"
"1859",26984,0.00221367101183778,-0.984280105517773,0.0260846244669466,0.979248821196364,0.989691674836351,"SEC22A"
"1860",26993,-0.120116100070282,-0.638608490577573,-1.44224274071267,0.152778759591459,0.3583324518045,"AKAP8L"
"1861",26994,-0.220059689347029,-0.992641635481577,-1.97824809352999,0.0510244299848667,0.183472730666146,"RNF11"
"1862",26995,-0.224954052707696,-1.77265520307559,-1.93803667758921,0.0558204511224572,0.193573971180589,"TRUB2"
"1863",26999,-0.336456231572252,0.425961742879129,-2.61824841182662,0.0104031142457628,0.068586804769594,"CYFIP2"
"1864",27,0.159703616602973,-2.64266933955723,1.36881198601453,0.17453730198938,0.388860239423164,"ABL2"
"1865",27010,-0.191642828400061,-0.201010152326226,-1.62693220251308,0.107322272948485,0.287691254095329,"TPK1"
"1866",27020,-0.119410170699315,1.58261310004471,-1.56399715993307,0.121402498520939,0.30922486910126,"NPTN"
"1867",27032,-0.274370943873719,0.674930523651336,-3.3296335876341,0.00127108770057064,0.0236422312306139,"ATP2C1"
"1868",27034,-0.0802045841031283,1.01071230365818,-0.952410929574439,0.343493749475639,0.574956267870595,"ACAD8"
"1869",27037,-0.126082328248795,-1.46709921527072,-0.852922685647791,0.396014543418131,0.619453941768728,"TRMT2A"
"1870",27042,0.173553074162011,-1.41025369722102,1.62603662831501,0.107512989356199,0.288046586062133,"UTP25"
"1871",27067,-0.184557909348815,-0.479814294481761,-1.84857529977777,0.0678728388271467,0.217547511603669,"STAU2"
"1872",27069,-0.235626946943281,2.96156443373203,-2.69340114837586,0.0084663963544577,0.0606379706227087,"GHITM"
"1873",27072,-0.0394633829779854,-0.68491797003996,-0.467204626740297,0.641506692379432,0.809753067604976,"VPS41"
"1874",27077,-0.158031976093168,-0.615799693491956,-1.37557208607798,0.172440734127706,0.386010658670993,"B9D1"
"1875",27079,0.0320204784961131,-2.0077692931295,0.295420156270103,0.768367899993272,0.884516536038767,"RPUSD2"
"1876",27086,0.118842705291524,-2.72009751884651,0.807725617443625,0.421423574654497,0.641944737981931,"FOXP1"
"1877",27089,0.0624189784728986,1.96345992795094,0.809040260286318,0.420671028856262,0.641444121148803,"UQCRQ"
"1878",27090,0.349901547372684,-3.38086559965769,2.5322699098918,0.0131041021297895,0.0779389330161316,"ST6GALNAC4"
"1879",271,-0.333666372005491,3.367539833791,-2.84759350045692,0.00548076306200818,0.0485380701450191,"AMPD2"
"1880",27101,-0.180119968672922,1.47990091036428,-1.78588735020942,0.0775574061969034,0.236104227817992,"CACYBP"
"1881",27109,-0.0597723312570871,-0.159529888525077,-0.526517843099547,0.599851255496206,0.780976703850677,"DMAC2L"
"1882",27125,-0.0342815699308101,-2.08495114742113,-0.276162558051544,0.78306985444926,0.893743063000669,"AFF4"
"1883",27134,0.50146488781692,-1.62924978976935,1.83883893318724,0.0693071120992606,0.220189986576222,"TJP3"
"1884",27146,-0.139172744179162,-3.8926027875346,-0.823619796234168,0.412379146017833,0.632163635928437,"FAM184B"
"1885",27161,-0.0654393283142942,1.38151557609332,-0.783996583904527,0.435144431419659,0.652876196542133,"AGO2"
"1886",27163,0.0430279724397431,0.531015510262278,0.335957413584367,0.737701596763132,0.868228669770729,"NAAA"
"1887",27165,0.112294708833047,-2.06982135208387,0.707192487609676,0.481312891106442,0.690095427613021,"GLS2"
"1888",2717,0.016599119049874,-0.453309646785937,0.189876465075054,0.849842636204203,0.930808947218703,"GLA"
"1889",272,-0.269271853144488,1.14997562900555,-2.33185735891366,0.0219885846773634,0.108039651772919,"AMPD3"
"1890",2720,-0.0612815161768372,1.67625013836612,-0.728444268104674,0.468273080148949,0.679976381820262,"GLB1"
"1891",27232,0.861156608096431,0.63684746103764,1.74860947151568,0.0838409226240498,0.24753034298529,"GNMT"
"1892",27238,-0.0488714487918548,-0.707886042660315,-0.601773576037122,0.548870007104063,0.74059443913052,"GPKOW"
"1893",27241,-0.116233411320288,-2.11704445754469,-0.84833476854542,0.398550070266757,0.62164041423513,"BBS9"
"1894",27242,-0.0551443515414243,-3.48025038390382,-0.287051340633898,0.774746901732905,0.88802922181822,"TNFRSF21"
"1895",27243,0.0263630052570105,1.94986540602067,0.385774256097557,0.700593615064268,0.842627744861433,"CHMP2A"
"1896",27244,0.0809578233178847,-1.67802653996999,0.669711880697427,0.504792560582602,0.706312186536633,"SESN1"
"1897",27246,-0.397151555644394,-3.42001641484403,-2.46556217899401,0.0156176988007083,0.0874270913494965,"RNF115"
"1898",27247,-0.419029338260767,0.922456089755701,-3.83543940331916,0.000234993020742662,0.0112109804236788,"NFU1"
"1899",27248,-0.149222232596008,0.648999696728348,-2.18184123464115,0.0317826401094558,0.134632053134465,"ERLEC1"
"1900",27250,0.576471617552659,1.62060601010681,3.59561187437906,0.000533093654155539,0.015884120627217,"PDCD4"
"1901",27253,0.123850351147487,-3.92856140918164,0.475062672048169,0.635917662047492,0.806978924056059,"PCDH17"
"1902",27257,0.434473731313882,-3.87469762522718,1.69889152786189,0.0928676970621995,0.263621292702084,"LSM1"
"1903",27258,0.122981302498106,1.43626571705908,0.69804630242073,0.486986159487451,0.692713313325601,"LSM3"
"1904",27291,0.00203298402936625,-1.51494754297022,0.017099436607885,0.986395944729793,0.993029081310722,"R3HCC1L"
"1905",27292,0.310690928512815,-0.97397389424298,4.36543985438814,3.44251469088579e-05,0.00414316768091314,"DIMT1"
"1906",27293,0.329683673547874,0.378841135776509,1.76322403222507,0.0813292530088794,0.242565089877795,"SMPDL3B"
"1907",27295,0.554004977535787,-1.22851297320733,2.22384015367865,0.0287157258702545,0.127060087765751,"PDLIM3"
"1908",273,-0.570063122028447,0.681880150424996,-4.2984493529562,4.42332855497847e-05,0.0043095858207076,"AMPH"
"1909",2730,-0.00988487600308652,2.31248381614275,-0.0963088856000831,0.923493946705686,0.965821408226188,"GCLM"
"1910",27309,-0.481717876458402,-5.47320714868207,-2.09562282609944,0.0389841268832045,0.154277608516512,"ZNF330"
"1911",27314,-0.113656483973049,-1.47806224779868,-0.82670820762052,0.410635391434054,0.631472618171769,"RAB30"
"1912",27316,0.0199275619025627,4.26243094340907,0.273503325097119,0.785106349773252,0.89505623605279,"RBMX"
"1913",27324,-0.0605562568778213,-2.36310866508209,-0.531528884504133,0.59638969970943,0.778827431280816,"TOX3"
"1914",27333,-0.225313108794589,0.0200211956606482,-2.30940206843598,0.0232594972441711,0.111886202260754,"GOLIM4"
"1915",27335,0.251859830084463,1.31021297112661,2.3687778398012,0.0200322117652125,0.101209677547257,"EIF3K"
"1916",27336,0.0681604585358497,1.54762468199299,0.601264162042506,0.549207667907643,0.740876143426868,"HTATSF1"
"1917",27338,-0.194407509058816,-3.3373362978006,-1.30607392480706,0.194926472150077,0.413102101997987,"UBE2S"
"1918",2734,-0.179342467750629,1.83409744215097,-1.94149140085698,0.0553939223078446,0.192420993279881,"GLG1"
"1919",27341,-0.0105057935033477,-2.66176977990782,-0.0782069529001994,0.937840743585238,0.973289834852144,"RRP7A"
"1920",27344,-0.416944126403985,2.60065980879113,-1.13226257529113,0.260595653485219,0.488215240003485,"PCSK1N"
"1921",27346,1.02882276421801,1.89567100781212,2.57874378993853,0.0115745307094431,0.0726426068451553,"TMEM97"
"1922",27348,0.140097904875393,0.25107411254184,1.67326437836766,0.0978217954738469,0.271413578232691,"TOR1B"
"1923",27351,0.28327930843166,-1.51304425721723,2.36941699196094,0.0199997495158905,0.101209677547257,"DESI1"
"1924",27352,0.0252679498563877,0.128189461979093,0.368879687430148,0.713102210944755,0.851918186909845,"SGSM3"
"1925",274,-0.289085804672085,0.632825269065375,-3.30192820773134,0.00138805097663555,0.0241583227008428,"BIN1"
"1926",27430,0.198438744470386,1.91554986501918,2.90589779888861,0.00463018809340042,0.043831701282092,"MAT2B"
"1927",27436,0.469187289475677,2.12750718435111,3.56556167166454,0.000589334213713017,0.0169034271204229,"EML4"
"1928",2744,0.00512553558594719,3.11846447740296,0.0438337391967124,0.965136107420475,0.984998876128901,"GLS"
"1929",27445,-0.173365321595309,4.68730988792341,-1.18840944233392,0.237865084584949,0.461376442323819,"PCLO"
"1930",2745,-0.024724417968508,-0.219887215199116,-0.128641240942627,0.897934677686839,0.951246643362413,"GLRX"
"1931",2747,-0.109701037722019,-2.84158120150512,-0.574061600306613,0.567388553490038,0.755117340363592,"GLUD2"
"1932",275,0.127258909551472,0.143939034463188,1.36100489157681,0.176982603977434,0.39076231050845,"AMT"
"1933",2752,0.572149811147344,1.22309239362517,2.99272596616011,0.00358667771537432,0.0386444783747051,"GLUL"
"1934",2760,0.065797354080265,0.917558031108498,0.664697934948455,0.507979477392697,0.709276167478702,"GM2A"
"1935",2762,0.440708570144143,1.58361736152498,3.80443035807351,0.000261727536444981,0.0119886837216365,"GMDS"
"1936",2764,-0.0331093945081959,1.44391311530923,-0.454844510233244,0.650339678759062,0.815899682107352,"GMFB"
"1937",2766,0.0766484920924129,-1.32972150606491,0.507255748680565,0.613242512376158,0.790773643059845,"GMPR"
"1938",2768,-0.152661180932085,-1.65516016486071,-1.45451604946858,0.149356055348072,0.353232405826784,"GNA12"
"1939",2770,-0.327768701493203,1.41386350482165,-2.78777146435179,0.00650056702445268,0.0524797643157746,"GNAI1"
"1940",2771,-0.303384119758378,2.1561809691979,-3.19266254792151,0.00195496688760134,0.0284823340434916,"GNAI2"
"1941",2773,0.124588658653951,1.62943280803418,1.72340245066352,0.0883229179887111,0.256082225136849,"GNAI3"
"1942",2775,-0.380337647798282,3.55007631131119,-2.86985264105465,0.00514039292809253,0.0463996055773999,"GNAO1"
"1943",2778,-0.446946362683985,2.19173320026194,-3.91215768797383,0.000179593417353419,0.00970218022359734,"GNAS"
"1944",2781,-0.253682724271189,1.27485588640879,-2.12945339107194,0.0360055441483575,0.146737460376653,"GNAZ"
"1945",2782,-0.145112351855615,4.7500651532135,-1.78139087853834,0.0782940064711271,0.237552452654364,"GNB1"
"1946",2783,0.093100219795756,1.30571890180943,1.05342403120858,0.295026617539701,0.524098640404201,"GNB2"
"1947",2786,-0.201693439328807,-2.86586207978438,-0.979715769265322,0.329908546039084,0.562972202692314,"GNG4"
"1948",2787,-0.162327975532887,-0.181438069256172,-0.965473981334262,0.336949638560758,0.569404568001501,"GNG5"
"1949",2788,-0.290688712590963,-0.062891223732263,-1.7269019972886,0.0876891674837811,0.255088203798791,"GNG7"
"1950",279,0.352971121096841,1.32089613053977,0.553933274336829,0.581027460715915,0.767121220450481,"AMY2A"
"1951",2799,-0.0835629957162114,2.24910452220966,-0.772993963238394,0.441594470028702,0.657730370549909,"GNS"
"1952",280,0.00650334705063482,-3.73812240810337,0.0260504472601727,0.97927600406753,0.989691674836351,"AMY2B"
"1953",2800,0.00690601359286924,-0.732664568002217,0.0777260965574883,0.938222150367316,0.973289834852144,"GOLGA1"
"1954",280636,0.134766372138139,1.20542558754428,1.27499256807607,0.205663295058301,0.423895669935477,"SELENOH"
"1955",2810,0.298697142088703,-0.807468642501168,0.89669471321576,0.372325023398544,0.598881287636338,"SFN"
"1956",2813,0.646464467664156,1.05090216279659,1.29666070472198,0.198133122950503,0.416402046488505,"GP2"
"1957",2819,-0.669644904074081,3.74399787027664,-3.58129604804207,0.000559220737127896,0.016191023040052,"GPD1"
"1958",2820,-0.412841623757416,3.08528507388053,-4.41434421140975,2.86286418833205e-05,0.00358617558938411,"GPD2"
"1959",2823,-0.349503705609363,-1.71773985002307,-2.22616928029467,0.0285534980586736,0.126542506197934,"GPM6A"
"1960",282974,-0.170110687120135,-0.793480790531694,-1.56536298653582,0.121082034768944,0.308766734279925,"STK32C"
"1961",282991,-0.017098244566667,-0.499251612038153,-0.081189267066551,0.935475551895089,0.972881893854974,"BLOC1S2"
"1962",283,-0.0408888260030569,-0.777840086883738,-0.203062142927245,0.83955460646934,0.92533100180783,"ANG"
"1963",283149,0.213751521626707,-1.82077751820049,1.5791066290279,0.117894704867297,0.303617110971241,"BCL9L"
"1964",283209,0.500955017169608,0.878629785386982,3.13004164792729,0.00237079862652989,0.0310939358325651,"PGM2L1"
"1965",283219,0.0401294276932499,-0.579491616645076,0.501336309520771,0.61738458916996,0.793946492420954,"KCTD21"
"1966",283237,-0.0579869423476481,-0.30335536780847,-0.605761732403259,0.546230097967284,0.738498021988612,"TTC9C"
"1967",283358,0.117007942696794,-1.46042913102965,0.906856428773512,0.366955869404737,0.59509215548263,"B4GALNT3"
"1968",283377,-0.191796235534088,1.95477207084902,-2.44314920579665,0.0165543890638842,0.0906503480595983,"SPRYD4"
"1969",283459,-0.128993860160579,-2.05714177697094,-0.839069923651882,0.403700541071036,0.625893892673408,"GATC"
"1970",283464,-0.138598913345046,-2.05456358936349,-0.892634777321715,0.374483951421349,0.600779533147997,"GXYLT1"
"1971",283489,0.104576661774847,-1.00307845229151,1.47032874802327,0.14503440459684,0.347998275302909,"CHAMP1"
"1972",283578,-0.105831814213268,0.758252883302963,-0.942299123381021,0.348615710685364,0.579107775963942,"TMED8"
"1973",283635,-0.1550727104439,-0.374717684507888,-1.59583722942605,0.114105418668328,0.298541798715344,"FAM177A1"
"1974",283638,-0.152819579733843,-0.968148255310383,-1.60574054125762,0.11190878031986,0.294811117149271,"CEP170B"
"1975",283820,0.144118690297512,2.82166070199471,1.94681444964296,0.0547421341412754,0.190913192817698,"NOMO2"
"1976",283899,0.0585867547513779,-2.07101522827691,0.443625345493171,0.6584008313225,0.820323819685099,"INO80E"
"1977",283927,-0.093666260488912,-3.80859898346171,-0.454379909857806,0.650672685551562,0.815899682107352,"NUDT7"
"1978",283989,-0.245116169853603,-2.45413855876299,-1.98931855563297,0.049767345672625,0.181285736926767,"TSEN54"
"1979",284004,-0.37269240503581,-1.64636984723349,-3.14900521352069,0.00223689860163134,0.0302001342039521,"HEXD"
"1980",284098,-0.239486522155387,-0.23838540360369,-1.96754298175396,0.0522656472280959,0.185974807354234,"PIGW"
"1981",284106,0.0682201842929069,-1.14528409110571,0.487280985188241,0.627269217286041,0.801285838855717,"CISD3"
"1982",284110,-0.40301065922203,-0.387331309525323,-2.66037563673123,0.00927307834457241,0.0636668399093797,"GSDMA"
"1983",284114,0.120559701432073,-1.9923603259681,1.0561143103928,0.293802822316791,0.522713543008831,"TMEM102"
"1984",284119,-0.185637784667604,1.73363778195155,-1.103722402261,0.272718460820963,0.500881481902773,"CAVIN1"
"1985",284129,-0.0537208004328692,-0.743163363281789,-0.63516682377796,0.526965496084728,0.722769682463815,"SLC26A11"
"1986",284161,-0.182986250584585,-0.325044049870988,-2.56603090125948,0.0119760765535801,0.0738043753874243,"GDPD1"
"1987",284273,0.00383486543306553,0.346072321231969,0.0405020156110985,0.967784523747994,0.986084601035507,"PTGR3"
"1988",284352,-0.287413627212475,-1.41754773737492,-3.50239163384647,0.000726391033174681,0.0183959334110865,"PPP1R37"
"1989",284361,0.0498797552118006,-0.131145601847577,0.43730828526624,0.66295765496271,0.822645463885497,"EMC10"
"1990",284439,0.194036468225366,-0.86613420536522,1.64624846799749,0.103274732718105,0.280735300896247,"SLC25A42"
"1991",284695,0.0309987890034975,1.25658398150599,0.379189469794954,0.705459346812465,0.846378562716778,"ZNF326"
"1992",28511,-0.020945758844705,-0.911770760976423,-0.221659340966471,0.825091946617348,0.917650489996343,"NKIRAS2"
"1993",28512,-0.280393576111524,-1.00164482065571,-2.56013186559379,0.0121666336116232,0.0746797831354751,"NKIRAS1"
"1994",285148,0.0167998885182992,1.44734864731398,0.184074255160162,0.854378132190692,0.932463189080097,"IAH1"
"1995",285172,-0.205571500783274,-1.56703928045695,-2.01935507014297,0.0464889252435007,0.173043676861496,"HYCC2"
"1996",285203,0.201066837168953,-0.502675738198259,2.03030249323107,0.0453408972135048,0.169977267532045,"EOGT"
"1997",285237,0.0064531733958253,-2.50591845618328,0.0536863248931286,0.957306602332739,0.981123380383763,"C3orf38"
"1998",285315,-0.235265002422691,-0.948575523887826,-1.92059205557265,0.0580169338271423,0.197508563411536,"C3orf33"
"1999",285362,-0.0860982507562609,-1.1508750546146,-0.705997994992553,0.482051737223134,0.690207416850278,"SUMF1"
"2000",285367,-0.188065306520209,-2.31873856289442,-1.29073704156677,0.200171063302132,0.418335031170749,"RPUSD3"
"2001",285440,-0.0626388499549172,0.315101732569602,-0.439067484570447,0.661687368784479,0.821820532092094,"CYP4V2"
"2002",285513,-0.357136549410507,-0.221747226542914,-3.21346862526152,0.00183261182911786,0.0280131882840658,"GPRIN3"
"2003",285521,-0.203501630704857,-1.19682980478163,-2.20867458762723,0.0297919067622978,0.129597961521604,"COX18"
"2004",285590,0.382095246637237,0.00282405276003174,3.89483912577141,0.000190884959479306,0.0100141186434528,"SH3PXD2B"
"2005",285598,-0.176254254475946,-0.336889034109957,-1.3680768447487,0.17476645966359,0.388928873413974,"ARL10"
"2006",285605,-0.0198247038551977,-1.14171571820618,-0.202872402725766,0.839702456837669,0.92533100180783,"DTWD2"
"2007",285636,-0.0829408459396133,-1.94400851227375,-0.586753270504151,0.558869628730123,0.747901481813315,"RIMOC1"
"2008",285855,0.166662039371382,-0.346584579333794,1.99973458716749,0.0486087885208627,0.178232224576497,"RPL7L1"
"2009",285966,-0.801157639474652,1.62078339242701,-4.41460152080058,2.86007958632629e-05,0.00358617558938411,"TCAF2"
"2010",286,-0.312650748414594,-2.7725240819457,-1.65760708833713,0.10095285433289,0.276876058934442,"ANK1"
"2011",286077,0.44717557144812,-1.3712136151526,2.25865041217912,0.0263734124555239,0.120805974367168,"FAM83H"
"2012",286097,-0.356276498901905,-2.33298801909903,-2.43670925115811,0.0168326553578076,0.0912912396618538,"MICU3"
"2013",286144,-0.0631861423157153,0.841620139102316,-0.434481921881583,0.665000585600216,0.823104173102264,"TRIQK"
"2014",286148,-0.0707680433870352,-1.81497900025912,-0.550513435239041,0.583360158529487,0.768877958568605,"DPY19L4"
"2015",286205,-0.210111095569601,-0.602356695070385,-2.14479111607364,0.0347214923231764,0.142937974433036,"SCAI"
"2016",286262,0.576880742294909,-1.54083743694222,2.51102798243466,0.0138619440046114,0.080648921611663,"TPRN"
"2017",2863,0.519205136228875,-3.2335151846291,2.66254359253242,0.00921805705574316,0.0636082945225228,"GPR39"
"2018",286319,-0.146694104306551,-3.40194008841503,-0.736985085535844,0.463089120981567,0.677416831407259,"TUSC1"
"2019",286887,-0.236278838387953,1.87260734197266,-0.699472767626181,0.486098928755695,0.692339918751345,"KRT6C"
"2020",287,-0.0220782948261462,-1.80676694881851,-0.167348523065923,0.867479268565723,0.938288668115386,"ANK2"
"2021",2874,-0.172672941334826,-1.53463266243853,-1.27641050206012,0.205164151643568,0.423251401113581,"GPS2"
"2022",2875,0.0326493949878617,-2.46919798676344,0.146198283449415,0.884098788325186,0.945894781722153,"GPT"
"2023",2877,0.305024290893757,-1.23068455285224,1.6810866837528,0.0962873533502353,0.26913104501992,"GPX2"
"2024",2878,-0.307711351744138,0.738813594067801,-1.47404722503677,0.144032421659431,0.34642280726708,"GPX3"
"2025",2879,-0.243973080149082,1.405872046145,-2.68511729962127,0.00866250927937546,0.0613269688083121,"GPX4"
"2026",288,0.300803210172592,0.640405767625882,2.7631146194797,0.0069692932643875,0.0544243283165528,"ANK3"
"2027",2882,-0.172785484180068,-1.54481553556165,-1.2852040535215,0.202088620225961,0.42048133930405,"GPX7"
"2028",2887,0.334736576003419,-0.752650167325891,3.23408563425481,0.00171845793212354,0.0272555420862384,"GRB10"
"2029",2888,0.334048247915755,-1.79747726445719,2.47313564930175,0.015312075971424,0.0863837521255517,"GRB14"
"2030",2889,0.0274794742108322,-1.9375268932405,0.265996746833338,0.790863076365689,0.898120769011707,"RAPGEF1"
"2031",2891,-0.107207679133198,-2.28479803955425,-0.845335192935047,0.400213158517798,0.622741803387416,"GRIA2"
"2032",2893,-0.179483457929372,-2.85568820200509,-0.965855142401014,0.33675992295245,0.569363910608725,"GRIA4"
"2033",28956,-0.226111011138035,-0.568956798585072,-1.6714921228526,0.0981721923540045,0.271922796330722,"LAMTOR2"
"2034",28957,0.0170674908051152,1.38090405454966,0.215418220576093,0.82993907193001,0.919125208064813,"MRPS28"
"2035",28958,-0.132662131766506,0.819179709834304,-0.812740120982449,0.418557416040689,0.639239965080305,"COA3"
"2036",28959,0.114181904794537,0.000659180576859171,0.903343335776123,0.368806508502833,0.595865693339305,"TMEM176B"
"2037",2896,0.0620747037412596,0.91452445380228,0.608340097375446,0.544526795146641,0.737815776735118,"GRN"
"2038",28960,0.0236118031526944,2.76445038053118,0.273585378065552,0.785043489465646,0.89505623605279,"DCPS"
"2039",28965,-0.170653449012603,-1.44118583010504,-1.33453038538095,0.18546821408258,0.401695094579702,"SLC27A6"
"2040",28969,0.226038873119251,1.37122184318036,2.62850944215432,0.0101169385842131,0.0673511594684382,"BZW2"
"2041",28970,0.350087631635907,1.75217222285111,2.53012531272722,0.0131788865493953,0.0782243456756184,"C11orf54"
"2042",28971,0.21085899196028,-0.0709529119766873,1.25859550253191,0.211500736236133,0.430292183963336,"AAMDC"
"2043",28972,0.36565397236389,0.961461420642329,2.87235594120981,0.00510335483881967,0.0462011681425887,"SPCS1"
"2044",28973,-0.226986464293702,0.049275014718773,-2.80586265692876,0.00617519432593947,0.0517098809994768,"MRPS18B"
"2045",28974,0.347459818401485,-0.911380622735404,2.28969272778078,0.024427999642325,0.115160569742389,"C19orf53"
"2046",28976,-0.0861227451396385,2.32693355733739,-1.11521365240782,0.267791007332654,0.495987086001156,"ACAD9"
"2047",28977,-0.1538946511527,-2.15723401282283,-1.3272867717599,0.187842431276311,0.404837374709972,"MRPL42"
"2048",28981,-0.0317974728726174,0.224804018148516,-0.438654134870722,0.661985752328253,0.821958034299665,"IFT81"
"2049",28982,-0.253660008030666,-1.28658040473284,-1.68624411540605,0.0952864161863442,0.267063023996247,"FLVCR1"
"2050",28987,0.216158445855235,-0.0613666667343586,2.67664495043087,0.00886734777901205,0.0621714907084374,"NOB1"
"2051",28989,0.108814675740278,0.739188225861194,1.23371127452356,0.220590957372396,0.442334954704923,"NTMT1"
"2052",28991,0.00462521125544332,-0.054731970497498,0.0507735639347274,0.959620870045553,0.982294282216795,"COMMD5"
"2053",28992,0.0920778277158033,0.610775001904806,0.837064396369204,0.404820758846417,0.626839005499321,"MACROD1"
"2054",28998,-0.092856350334199,0.399105222230788,-1.26852634050831,0.207950927842338,0.426605212264797,"MRPL13"
"2055",29,-0.206559162968834,0.82805953229632,-2.2508511323345,0.0268830983765781,0.122228487285509,"ABR"
"2056",290,0.944173285119364,1.29642972878471,2.92368427993189,0.00439599911222116,0.0427630437098576,"ANPEP"
"2057",29058,0.173259324411256,0.881543877516788,1.77069482821494,0.0800695008571324,0.239811188538162,"TMEM230"
"2058",29066,-0.00659921208442849,-1.23173311038362,-0.0350583138873768,0.972112534305061,0.987175080540495,"ZC3H7A"
"2059",29071,-0.216966964822246,0.164179313599199,-2.35733391934743,0.0206214116548281,0.103664393724271,"C1GALT1C1"
"2060",29072,-0.182001999935978,-2.69094104031357,-1.13369173349574,0.259998727666502,0.488215240003485,"SETD2"
"2061",29074,-0.303949669526217,0.0976274673369843,-3.7005876718487,0.000373976479003755,0.013890033353962,"MRPL18"
"2062",29078,0.0181086802305158,0.588807247738766,0.239686221121159,0.811130161114712,0.910971638132045,"NDUFAF4"
"2063",29079,-0.243915353651382,-1.66973344863485,-1.70858556620585,0.0910479186831335,0.260658640334456,"MED4"
"2064",2908,-0.130389769493897,-1.25617874588463,-1.0143625641064,0.313186834813499,0.543494710795945,"NR3C1"
"2065",29080,-0.0402044690023142,-0.86935923734712,-0.367828095104716,0.713883443638989,0.85204642627996,"CCDC59"
"2066",29081,-0.235118457015092,-2.59397102443443,-1.78973289014557,0.0769320032331216,0.234812847262506,"METTL5"
"2067",29082,0.105442481449933,-1.21940995386816,0.798318216809529,0.426832083705606,0.646620112222291,"CHMP4A"
"2068",29083,0.0503935414563066,-2.19083042736906,0.421907398940747,0.674120129002401,0.826392920274963,"GTPBP8"
"2069",29085,-0.0539252067094971,0.55852943389723,-0.565547367699064,0.573138725544364,0.760632539976498,"PHPT1"
"2070",29086,0.0209890316593495,0.48944050594855,0.264405099896164,0.79208520026475,0.898838779668153,"BABAM1"
"2071",29088,-0.270679852314158,1.08752693784532,-3.69751304900293,0.000377913908457422,0.013890033353962,"MRPL15"
"2072",29090,-0.0333802853885298,-0.894516506346494,-0.406805757617706,0.685137044249933,0.833902672537396,"TIMM21"
"2073",29091,0.126381034398637,-0.495352266292419,1.31309033675156,0.192561603156808,0.410112116646943,"STXBP6"
"2074",29094,0.0792087963729012,-0.47364170025044,0.905183538117862,0.367836385057371,0.595583777731201,"LGALSL"
"2075",29097,0.177197561121728,-1.46769582354222,0.988710150208599,0.325512038222248,0.557766746499706,"CNIH4"
"2076",29098,-0.374872320164325,-2.71219478015874,-2.0626524597482,0.0420894367312762,0.161867624281461,"RANGRF"
"2077",29099,-0.0476088643183927,-0.402413175727741,-0.571371547447385,0.569202268121386,0.756802414304158,"COMMD9"
"2078",291,-0.203612270007367,3.39451990984147,-2.00718795659188,0.0477939702990215,0.176191825642879,"SLC25A4"
"2079",29101,-0.0636671357834668,0.0120899177404014,-0.704436156045645,0.483018748775504,0.690207416850278,"SSU72"
"2080",29104,-0.369449287910306,-1.33105932579847,-2.8618749511801,0.00526008295411842,0.0470647072483657,"N6AMT1"
"2081",29106,-0.360027224525824,2.01159743684073,-2.44881214265448,0.0163131001261463,0.0900447918833504,"SCG3"
"2082",29108,0.400022188855641,-0.76918580522151,2.29199609878658,0.0242888210316276,0.114857306234307,"PYCARD"
"2083",29109,0.0806820266547386,-1.75417887139726,0.466952997291679,0.641686007808026,0.809753067604976,"FHOD1"
"2084",29114,-0.174687597990812,2.91790967376831,-1.23525466818676,0.220018992639124,0.44162085572889,"TAGLN3"
"2085",29115,0.146397171439737,-0.634031566908624,1.84108860592416,0.0689734809562358,0.219688291982574,"SAP30BP"
"2086",29117,-0.0931656664610694,-3.0888078830479,-0.540798727726564,0.590010738350062,0.773569441547439,"BRD7"
"2087",29123,-0.0637300072048286,-1.47723797760649,-0.270904115245355,0.787098325204597,0.896494622398555,"ANKRD11"
"2088",292,0.216747872422979,4.46965478053833,2.84713336530438,0.00548801249277342,0.0485380701450191,"SLC25A5"
"2089",2926,-0.161525771836372,2.01899378409457,-2.0478782777394,0.0435486119724753,0.165409269979612,"GRSF1"
"2090",293,-0.0211606043577497,5.46983731748509,-0.283937355212293,0.777124468935726,0.889259878882828,"SLC25A6"
"2091",2931,-0.0959088612597426,0.382220079548316,-1.25558831532179,0.212584403825446,0.431353081216723,"GSK3A"
"2092",2932,-0.152551430780505,1.48520651172994,-1.9975480181002,0.048850068241242,0.179009981411787,"GSK3B"
"2093",2934,-0.491076392751489,5.83802917984342,-3.33428206629462,0.00125239380375619,0.0234365645349253,"GSN"
"2094",2938,0.748163689936974,2.89281322931854,1.78059767001353,0.0784245469090724,0.237690717438327,"GSTA1"
"2095",2939,0.971479621489446,4.04209056818017,2.29324545820277,0.0242136226926835,0.114654937103554,"GSTA2"
"2096",2941,-0.0997792023292283,-1.18278539082534,-0.661145590794804,0.510243867024932,0.710659599682104,"GSTA4"
"2097",2944,0.496941327057246,2.07298236853058,2.59963566279264,0.0109409730684629,0.0703861306290968,"GSTM1"
"2098",2946,-0.0874296626817688,2.22594203889515,-0.627198849603818,0.532150642380513,0.72622005018815,"GSTM2"
"2099",2947,0.194249334109685,4.69603417403056,1.81410171333251,0.0730653879371345,0.226731724549106,"GSTM3"
"2100",2948,0.496404149154215,-1.3721569029926,2.18438521478252,0.0315890509622891,0.13415702426598,"GSTM4"
"2101",2950,0.392006311460463,3.62866509424948,2.26072486073434,0.0262392843065931,0.120371245944595,"GSTP1"
"2102",2952,0.0225093874619593,2.08745597570131,0.102963224593395,0.918226112790863,0.963595807883453,"GSTT1"
"2103",2953,0.156060721681402,-0.666599426928182,0.37521372873978,0.708403120962424,0.847909006159485,"GSTT2"
"2104",2954,-0.119447138455632,1.01489435469211,-1.39099339889437,0.167729761811674,0.379898626568286,"GSTZ1"
"2105",2957,-0.00858760818905013,-2.47691151419342,-0.0563067526551523,0.955224913430536,0.980404469545834,"GTF2A1"
"2106",2958,0.148881927641677,-0.966707907787835,0.825623640473983,0.411247243103295,0.631690585127133,"GTF2A2"
"2107",2959,0.0894253065833674,-0.82702839933342,0.869277851557486,0.387056718267627,0.612465619161302,"GTF2B"
"2108",2960,0.0300359049069017,-1.67597457303923,0.363221906003932,0.717308988664115,0.854754916020256,"GTF2E1"
"2109",2961,0.0270479142993358,-2.27426983738031,0.183241019437412,0.855029865254165,0.932646155128172,"GTF2E2"
"2110",2962,0.0574445103120581,-0.54774956846459,0.594604901253178,0.553631265558506,0.744563695880392,"GTF2F1"
"2111",2963,-0.00213616155404189,-0.216140335478911,-0.0259283541030522,0.979373111166028,0.989691674836351,"GTF2F2"
"2112",2966,0.0257466281001,-1.53275925868096,0.245964160570464,0.806281971676348,0.908529184747043,"GTF2H2"
"2113",2967,0.0236126782731882,-2.63700350682235,0.217652062423913,0.828203406394469,0.918596405574494,"GTF2H3"
"2114",2968,0.0201944089727282,-1.9212949941121,0.243975539172103,0.807816891105425,0.909460762583474,"GTF2H4"
"2115",2972,-0.0138786287803203,-1.67600742835632,-0.137714283413272,0.890780417194868,0.948517982387753,"BRF1"
"2116",29761,0.0355256724132695,-1.11468423963731,0.426406003767782,0.670851875332909,0.825353539946562,"USP25"
"2117",29763,0.0990741305678736,-0.0835120360133684,0.967158798331906,0.3361115814813,0.568961083048048,"PACSIN3"
"2118",29766,0.289478749865636,0.713529031205186,2.79893716131922,0.00629794683235194,0.0518319008895444,"TMOD3"
"2119",29767,-0.283262300296936,0.214633583397991,-3.30588476567382,0.00137075100942562,0.0241583227008428,"TMOD2"
"2120",2977,-0.170161854380413,-1.9604562725294,-0.911718407277177,0.364404390602689,0.593403067176144,"GUCY1A2"
"2121",29777,0.129659587492849,-1.61848264779193,0.996643532804056,0.321666468280377,0.553829478475554,"ABT1"
"2122",29780,-0.121868339681688,-1.31300763328738,-0.960676048228157,0.339343693454724,0.571438022064499,"PARVB"
"2123",29796,0.0238295128650821,2.2656380613714,0.213519908311348,0.831414699474912,0.919665421765545,"UQCR10"
"2124",29803,-0.132411122134465,-1.01270878276813,-1.25170823473064,0.213988645452287,0.433915528835857,"REPIN1"
"2125",2982,-0.0897298015907577,-0.280908899803988,-1.27150564331003,0.206894584060186,0.42555510544314,"GUCY1A1"
"2126",2983,-0.16506440074144,-0.134386654721653,-2.29923515731202,0.0238559495717046,0.113493479564283,"GUCY1B1"
"2127",29843,-0.04110364210635,-1.19536572332124,-0.436346998312032,0.663652200029085,0.822928728036066,"SENP1"
"2128",29855,-0.238562222327466,-3.8276454279882,-0.836176241737918,0.405317454552907,0.627291612719552,"UBN1"
"2129",29880,0.327538704066105,1.4975780771657,2.37735546647474,0.0196004329483608,0.100441267099484,"ALG5"
"2130",29882,-0.0573718453002336,-1.09895600021323,-0.698059501806713,0.486977945676335,0.692713313325601,"ANAPC2"
"2131",29883,0.0577290819571106,-0.929980857924463,0.653641799100676,0.51504464321633,0.713943997303937,"CNOT7"
"2132",29886,-0.0297328767073632,-2.51118952608965,-0.268171469450982,0.789194091596298,0.897549255923305,"SNX8"
"2133",29889,0.122677561073757,-0.903689200058313,1.30636127520906,0.194829197618889,0.413102101997987,"GNL2"
"2134",2990,0.28113536765337,-0.0512846189095477,2.48165183462715,0.0149748158194729,0.0849776003855688,"GUSB"
"2135",29914,0.106684132123958,-0.244231896893364,0.973753593432574,0.332844350258136,0.566084406174684,"UBIAD1"
"2136",29915,-0.111342853582008,-0.875373503059602,-1.4188226054308,0.159478049893379,0.367722115043412,"HCFC2"
"2137",29916,-0.254496484267164,-3.08649013239035,-1.38545044537551,0.16941160243374,0.382437813805919,"SNX11"
"2138",2992,-0.219794356664238,2.61668013961074,-1.47845468970725,0.142851783837932,0.345206397321743,"GYG1"
"2139",29920,-0.252662205726543,1.01129009341992,-2.7940297617695,0.00638627697619346,0.0522321990235437,"PYCR2"
"2140",29922,-0.0997585541675124,0.0770614434078949,-1.37774446699834,0.171771078497435,0.385405774245885,"NME7"
"2141",29925,0.113787102634203,3.2647450110998,1.59199880579362,0.114966042921254,0.299310937997641,"GMPPB"
"2142",29926,0.139258871315583,2.16735785831776,1.84436312968495,0.0684902613886946,0.219155225886013,"GMPPA"
"2143",29927,0.342139030502719,3.78421443452566,3.44702106193018,0.000870792202031548,0.0202459186972335,"SEC61A1"
"2144",29928,-0.0870136065487736,0.400073349072361,-1.17346532701247,0.243771244302537,0.469196581225767,"TIMM22"
"2145",29929,0.229952909897541,-0.330257707740492,2.7923774315456,0.00641627208598109,0.0522321990235437,"ALG6"
"2146",29934,-0.0385614712072475,1.58911357957099,-0.521400700439942,0.603395618837898,0.784669980598945,"SNX12"
"2147",29937,-0.303922592798096,2.52794706204533,-2.205029254067,0.0300557860545515,0.130401372222813,"NENF"
"2148",29952,-0.11403167246872,4.36790649183048,-0.735865435118672,0.463766848731185,0.677923533582285,"DPP7"
"2149",29954,-0.178752471548198,-0.125166341372636,-1.62780896547196,0.107135826591467,0.287538130134861,"POMT2"
"2150",29956,0.0483151478017464,0.312186813280182,0.650658611754747,0.516959835464053,0.715790541411765,"CERS2"
"2151",29957,-0.287851685366996,3.12140912572491,-3.58568910675854,0.000551076895845022,0.0160308530175201,"SLC25A24"
"2152",29958,-0.403895689564665,-2.20589288660892,-2.68111513295966,0.00875872879040289,0.061652611600336,"DMGDH"
"2153",29965,-0.0270921600113834,-4.84910723212997,-0.0980945629984099,0.922079989981066,0.965147393276855,"CDIP1"
"2154",29968,0.91042493058452,1.42894620223019,2.74062022195212,0.00742363151885398,0.0562546299539824,"PSAT1"
"2155",29974,-0.11540141637199,1.18132471216633,-1.09413202410073,0.276878842470215,0.505306395028552,"A1CF"
"2156",29978,-0.358169331893988,0.464013625499703,-2.58436990018704,0.0114007362324949,0.0719935380607549,"UBQLN2"
"2157",29979,-0.177783689570674,1.16618239253055,-1.8102941714642,0.0736586547211778,0.228111414065888,"UBQLN1"
"2158",29982,-0.0630888653909856,-1.68460666792254,-0.424742226716924,0.672059882019717,0.826177359470664,"NRBF2"
"2159",29988,0.0114684938763103,-2.10429073803608,0.111158032921308,0.91174382127408,0.959144423085983,"SLC2A8"
"2160",29993,-0.223537927986623,-1.55714188187884,-1.44489138943745,0.15203503061997,0.357270680683528,"PACSIN1"
"2161",29994,0.0196628610569021,-2.47724951535906,0.128240999088155,0.89825047459355,0.951416982408146,"BAZ2B"
"2162",29995,-0.130504744164813,2.76598810216465,-0.718921866938214,0.474091162249327,0.684216212999382,"LMCD1"
"2163",29997,0.133089888641615,-0.785501138483446,1.79900007412401,0.0754420365946393,0.231995601511972,"NOP53"
"2164",29998,-0.142678463692958,-2.26463208130325,-1.31865807927856,0.190700319275983,0.408229936203271,"BICRA"
"2165",30,0.177819309478222,0.274088874418005,1.82493340297345,0.0713993748158166,0.223917427513822,"ACAA1"
"2166",30000,-0.174326036301718,-1.92467273832346,-1.13071775735907,0.261241971469544,0.488500513528283,"TNPO2"
"2167",30001,0.140990994042058,2.32605497284299,1.88008321405949,0.0634005388087966,0.208772804296348,"ERO1A"
"2168",30011,-0.12513708806515,-0.288027669496232,-1.08195593839951,0.282224022914407,0.509947321945431,"SH3KBP1"
"2169",3005,0.459062358400999,4.2013369578512,2.24930156825511,0.0269853867729741,0.122302097056809,"H1-0"
"2170",3006,0.486061774485524,2.24303703784554,1.75972761976707,0.0819244263282322,0.243984536051766,"H1-2"
"2171",3007,0.194161119324394,-1.92330162976329,0.661243716123286,0.510181246440645,0.710659599682104,"H1-3"
"2172",3008,0.212728753159139,7.18759924792912,1.06643227153554,0.289141373028513,0.517872701385763,"H1-4"
"2173",3009,0.38933959676046,0.839138005675551,1.86048759546192,0.066151883307257,0.214269266353532,"H1-5"
"2174",301,-0.0147717367513356,2.98966961857153,-0.0930341457419281,0.926087626691702,0.966722083781236,"ANXA1"
"2175",3015,0.163500008351903,5.30679712676537,1.54364878366637,0.126257166619388,0.317089397999101,"H2AZ1"
"2176",3017,0.16257297911501,6.96844637492597,1.95687079046289,0.0535285165836396,0.18882645677608,"H2BC5"
"2177",302,0.459607208656077,5.76366209785218,3.03252736628224,0.00318514047558764,0.0368180644805215,"ANXA2"
"2178",3024,-0.121307410064993,-2.13964738688542,-0.533807401998848,0.594818798536348,0.777138736785036,"H1-1"
"2179",3029,-0.286382752105705,3.25503415781819,-3.15525406833734,0.00219434283423687,0.0299923616445933,"HAGH"
"2180",3033,-1.00857563354995,6.2471640406476,-6.20904450419245,1.70572042759558e-08,0.000104697119845817,"HADH"
"2181",3039,-0.36084761172065,4.38967284493233,-1.33354880769823,0.185788614345021,0.402247095185094,"HBA1"
"2182",3043,-0.159133229858269,5.15084474452705,-0.434694438528148,0.664846887676643,0.823104173102264,"HBB"
"2183",3045,-0.356085566466586,-0.0102318174281558,-1.31595716946504,0.19160153822291,0.408776587282662,"HBD"
"2184",3052,0.245044972250273,-1.37196969327212,1.75158229721809,0.0833248991384067,0.246243731782157,"HCCS"
"2185",3053,-0.120851614894214,-0.0683769557893002,-0.360394509539868,0.719414548712035,0.855768701549316,"SERPIND1"
"2186",3059,-0.0649949534539866,-1.38972137674113,-0.468214754927014,0.640787071963485,0.809753067604976,"HCLS1"
"2187",306,0.622823216974176,2.61360408357112,2.72269891071871,0.00780476517916814,0.0578717257388419,"ANXA3"
"2188",3064,-0.0723454802320135,0.45067808271571,-0.874765709623641,0.384079368946904,0.609640332711687,"HTT"
"2189",3068,0.0822687036967089,3.0947262980761,1.07182791023018,0.286724017234355,0.51534758939516,"HDGF"
"2190",3069,0.276052906730238,2.71899845762394,3.62887264937493,0.000476785934962554,0.0154421294666649,"HDLBP"
"2191",307,0.852971712002013,5.48187816072638,2.88669183715901,0.0048959293301384,0.0451404123069922,"ANXA4"
"2192",3073,-0.204506444564289,1.74301886700267,-1.94020320852948,0.0555526416899071,0.192754163195393,"HEXA"
"2193",3074,-0.0274806578796736,2.32684226440246,-0.32238262785897,0.747926449514683,0.873600865294219,"HEXB"
"2194",3077,0.169787022369441,-2.62330062258078,1.13782754920651,0.25827672061194,0.487185774774459,"HFE"
"2195",3081,0.497219240130456,-1.03000410684089,2.62766205960207,0.0101402988022528,0.0674335363469425,"HGD"
"2196",30827,0.415574885763609,-1.99942050948982,3.38428053506585,0.0010669998714624,0.0220513306768897,"CXXC1"
"2197",30833,-0.073310435569381,1.24414197001073,-0.640108004812526,0.523763255835663,0.720820373165762,"NT5C"
"2198",30836,0.111504109279192,-0.55559356003436,1.13579539082626,0.259121831812901,0.487581178316244,"DNTTIP2"
"2199",30844,0.000596189965777594,2.79633287189902,0.00357465637675898,0.997155922969265,0.997917178811435,"EHD4"
"2200",30845,-0.323841296691197,0.77503884987367,-3.60490035574758,0.000516765042845402,0.0157024942226984,"EHD3"
"2201",30846,0.0671939421694656,2.2295701792011,0.444078410580529,0.658074504753767,0.820321143415642,"EHD2"
"2202",30851,0.347895286815803,-0.148652853232367,1.96405810708381,0.0526752066845734,0.186998507015565,"TAX1BP3"
"2203",309,-0.334298848666446,5.06929646195754,-3.35395800252981,0.00117608941891232,0.0231342601003081,"ANXA6"
"2204",3092,0.116146786527514,-1.38648371608322,1.0002344109265,0.319935809765672,0.551929735902669,"HIP1"
"2205",3093,0.040732926376539,0.924717549867441,0.395563107199593,0.693383375597038,0.838612317371109,"UBE2K"
"2206",3094,-0.143452570577568,3.30084648387134,-1.27740490577881,0.2048146347454,0.423112267715593,"HINT1"
"2207",3098,0.364122054930047,1.57327049392077,2.71816402893123,0.00790399467196514,0.0584514690319543,"HK1"
"2208",31,-0.310939665933563,1.18512636279713,-3.45952771451067,0.000835985311030701,0.0197356839965632,"ACACA"
"2209",3105,0.112011119382638,2.85703988189314,0.853217156665055,0.395852142160058,0.619357748809186,"HLA-A"
"2210",3106,0.163090856498318,1.68610962829768,1.30635330727351,0.194831894454803,0.413102101997987,"HLA-B"
"2211",3107,0.353358650047372,2.31001513463638,2.32001280155366,0.02265108773976,0.11051858231053,"HLA-C"
"2212",311,0.252402622448716,2.75111037243542,3.20298364255581,0.00189334798339698,0.0282072085487637,"ANXA11"
"2213",3110,-0.287878747368163,-2.28533319482419,-1.2645635410338,0.209362138090394,0.427499934663619,"MNX1"
"2214",3122,-0.0767060392166441,-0.993872661635952,-0.470386475024912,0.639241090720492,0.808661642178932,"HLA-DRA"
"2215",3123,0.303632838370894,-0.542421403050191,2.37889437566596,0.0195238483406601,0.100441267099484,"HLA-DRB1"
"2216",3127,-0.0714131764586656,-1.18945442949673,-0.329930735031884,0.742235334725864,0.870471709699208,"HLA-DRB5"
"2217",3133,0.0551701505970406,-0.709081305431279,0.4134312090463,0.68029509774844,0.830975385070632,"HLA-E"
"2218",3145,0.246217528877169,-0.187514630578044,2.99192003393098,0.00359527219039697,0.0386444783747051,"HMBS"
"2219",3146,0.0906900666597856,4.33696140989927,1.00691712308511,0.316731530092533,0.547633276537456,"HMGB1"
"2220",3148,-0.0257017883432831,1.51916582924993,-0.246347951433021,0.80598582946286,0.908529184747043,"HMGB2"
"2221",3149,0.0163875952068524,1.41587731714515,0.111091244516504,0.911796628984476,0.959144423085983,"HMGB3"
"2222",3150,-0.0976785326251582,0.215952806016984,-0.701326638023293,0.484947191122526,0.692072973520127,"HMGN1"
"2223",3151,0.0776438579814041,1.12168736841952,0.509611564832258,0.611597527876155,0.789397235499788,"HMGN2"
"2224",3155,-0.073729368928241,2.32986478998047,-1.03648028683674,0.302814014233263,0.531961196154485,"HMGCL"
"2225",3157,0.556333040128507,0.086002272411268,2.4805635241098,0.0150175412226228,0.0851132668739231,"HMGCS1"
"2226",3158,0.454244879275757,-0.227296370214558,1.64411465734365,0.103715698203635,0.281559909585986,"HMGCS2"
"2227",3159,0.0850294279901393,-0.0951956682030958,0.498616874558207,0.619291658870876,0.795399079755061,"HMGA1"
"2228",316,0.549594740998091,0.892226601020181,2.70269789586205,0.00825111908643304,0.0597731725893811,"AOX1"
"2229",3162,-0.708559240256052,-0.911577192356562,-1.90608240498173,0.0598991060829776,0.200469309235178,"HMOX1"
"2230",317,0.237592891425553,-2.11429026406816,1.64193738417792,0.104167212904661,0.282286248480709,"APAF1"
"2231",3172,0.14247170723435,-1.83809173467721,0.876849573636371,0.382952545933394,0.608717247743784,"HNF4A"
"2232",3176,0.629937745546818,1.4351959281555,4.06313885428724,0.000104823298410601,0.00714894895160299,"HNMT"
"2233",317649,0.104230740323422,-2.4745249848755,0.856108303152138,0.39425984386367,0.617886523874782,"EIF4E3"
"2234",317762,0.448556601711479,-5.62663015929573,1.44507198885221,0.151984421369162,0.357270680683528,"CCDC85C"
"2235",317772,0.183934525521431,4.7390762630364,1.41383733546447,0.160932832355736,0.369964691011052,"H2AC21"
"2236",317781,0.0262742234498008,-1.18710939622522,0.338313236128551,0.735931873043357,0.867514852456333,"DDX51"
"2237",3178,0.0321402466031122,5.25474983003364,0.408667885984269,0.683774841667941,0.833236048869928,"HNRNPA1"
"2238",318,0.0659165091164614,-0.333538903886229,0.518049446569904,0.60572202609612,0.786029978050314,"NUDT2"
"2239",3182,0.0572432447302971,2.23971521297271,0.594909508416283,0.55342853505204,0.744563695880392,"HNRNPAB"
"2240",3188,-0.0632803220031017,1.96637203179559,-0.790852197367024,0.431153598338235,0.650066515991177,"HNRNPH2"
"2241",32,-0.383027580098166,0.29000633641463,-3.01781840880791,0.0033284128893516,0.0375547763140443,"ACACB"
"2242",320,-0.279932864548699,-1.40164998526685,-2.51881288387781,0.0135797510068644,0.0794812600591229,"APBA1"
"2243",322,-0.511893348816912,-2.50232302893917,-4.33677595318491,3.83333528221284e-05,0.00424351803528738,"APBB1"
"2244",324,-0.005298169849834,-1.69023284938728,-0.0539205517414341,0.957120518372287,0.981104425206094,"APC"
"2245",3241,0.113363888512536,0.82921349956378,1.43724526727022,0.154189691949109,0.360539553974717,"HPCAL1"
"2246",325,0.825012550640546,-1.09219990320385,4.60413800549933,1.38488608539757e-05,0.00247454902057905,"APCS"
"2247",3251,-0.279726415077373,3.12269088942339,-3.42500907829609,0.000935394614534292,0.0208349678749893,"HPRT1"
"2248",3257,-0.25843204367784,-2.78616075781962,-2.09036313768398,0.03946583442378,0.15548221546416,"HPS1"
"2249",3265,-0.167038175741108,1.5249194050414,-2.08479567711227,0.0399813195916647,0.156608385228869,"HRAS"
"2250",326625,-0.106542401698067,1.4698342950297,-0.73714475268069,0.462992519748986,0.677416831407259,"MMAB"
"2251",3267,-0.028804844396952,0.904664000641501,-0.356037760573348,0.722663254989189,0.85714146070022,"AGFG1"
"2252",3268,-0.00872332719003593,-0.312105382982725,-0.0673599564614408,0.94644774758151,0.977337865857219,"AGFG2"
"2253",328,0.156211433743756,3.01848479792145,2.01212731774289,0.047260445207944,0.17474976667853,"APEX1"
"2254",329,-0.0577512421724522,-1.42177883422663,-0.679887797323256,0.498357733420925,0.70220425286224,"BIRC2"
"2255",3294,0.737584748180533,-0.193032289634866,2.42459912328077,0.0173672570744651,0.0927181536274503,"HSD17B2"
"2256",3295,-0.0763234083295097,2.71791758365123,-0.914531536728754,0.36293327381032,0.592771266339982,"HSD17B4"
"2257",3297,-0.0531216342675729,-0.749894411201475,-0.724290559992156,0.470805992777807,0.681397591056397,"HSF1"
"2258",33,0.687430622762731,-1.35454911879881,3.00380863487331,0.00347040372781755,0.038294769459978,"ACADL"
"2259",3300,-0.269204212393801,0.312003518957229,-3.61423200209072,0.000500838689121791,0.0156390247768753,"DNAJB2"
"2260",3303,-0.00667860921991537,5.46812908156825,-0.0805593610862512,0.935975065550192,0.973236481847718,"HSPA1A"
"2261",3305,-0.354977427367445,-2.21935323273114,-1.32536814914075,0.188475097844899,0.405631188840109,"HSPA1L"
"2262",3306,-0.09875995661439,1.46703849044686,-1.13043988465911,0.261358346836478,0.488500513528283,"HSPA2"
"2263",3309,-0.0432443790206802,6.64349303683041,-0.508397359420089,0.612445117177378,0.790077370583175,"HSPA5"
"2264",3310,0.0433176336796415,0.765191712524244,0.292635147527641,0.770488983786325,0.885795351653954,"HSPA6"
"2265",3315,0.387702188767464,5.22914046326845,2.4674399893718,0.0155414162022148,0.0871967208859183,"HSPB1"
"2266",333,-0.0133219930393618,-2.29311649042484,-0.0979801779560675,0.922170556272619,0.965147393276855,"APLP1"
"2267",3336,-0.191284804068895,4.35134249797163,-1.26615925937068,0.208793033553865,0.427091923960332,"HSPE1"
"2268",3337,0.0429793699401464,1.49986728919516,0.612257947109276,0.541943759352428,0.735452309287023,"DNAJB1"
"2269",3339,0.518314861544504,-0.0121840106468838,2.80455889148213,0.00619813445764958,0.0517393144468828,"HSPG2"
"2270",334,-0.0865897122693811,-1.15285824782618,-0.967754999364752,0.335815347875815,0.568831633011263,"APLP2"
"2271",3340,-0.116669327951825,-1.37156515915755,-0.930302133006691,0.354756257774542,0.58456212354903,"NDST1"
"2272",335,0.243162997813098,-1.0069440196906,0.624041883237265,0.534212278737171,0.728503658495614,"APOA1"
"2273",3355,-0.0357915997477954,0.405960358342781,-0.19857676709447,0.843051254447426,0.927086267521464,"HTR1F"
"2274",3375,-0.440967434776224,0.285181141186466,-2.04159607391637,0.0441821231215139,0.166988837265919,"IAPP"
"2275",337867,-0.0560108806945228,-2.62601390782522,-0.285409150362025,0.776000468605956,0.888802178821302,"UBAC2"
"2276",3383,0.213921297814666,0.637531305691527,1.25017659665023,0.214544830634005,0.434796243923762,"ICAM1"
"2277",3384,-0.257513362857444,-3.076136717343,-1.18083165234413,0.240846982576777,0.46488011920008,"ICAM2"
"2278",338657,-0.182524006725468,-4.8178237848044,-1.27862893322751,0.204385013701147,0.422822788708338,"CENATAC"
"2279",338692,-0.0941486917617291,-1.37451814563464,-0.826152707636729,0.410948704488873,0.631472618171769,"ANKRD13D"
"2280",338773,-0.211238454165638,-2.11064405576743,-0.771923047526555,0.442225230569417,0.657999636623297,"TMEM119"
"2281",339122,0.0983718015829057,0.493295602433329,1.33841246211688,0.184205123239897,0.400230458919111,"RAB43"
"2282",339123,0.0453683097104405,-1.17751779946927,0.395383835923476,0.693515171550301,0.838612317371109,"JMJD8"
"2283",339175,0.0898533634312408,-2.70444606055276,0.364642391220639,0.716251977137594,0.853826885933298,"METTL2A"
"2284",339230,0.265113268216805,-2.85212261769151,1.54366991117483,0.126252047467111,0.317089397999101,"CCDC137"
"2285",339287,-0.13092891649738,-1.91352327682778,-1.17971571906622,0.241288360216843,0.465293105564241,"MSL1"
"2286",339448,0.130202118069475,-0.890625362736764,1.01844005411166,0.311256884500818,0.541370007669601,"C1orf174"
"2287",339487,0.0476686851637473,-1.36438450537885,0.516332538531915,0.606915466841197,0.786665369752735,"ZBTB8OS"
"2288",3396,-0.107848059506291,1.17378944997392,-1.52237131963707,0.131496643263632,0.325585476543839,"MRPL58"
"2289",34,-0.149944641280836,3.32188601484953,-1.24569667568982,0.216177711880318,0.436911029147643,"ACADM"
"2290",340061,-0.0921782613785771,-1.27782333701553,-0.697785183448923,0.487148666170862,0.692713313325601,"STING1"
"2291",340146,-0.440079957695674,-1.72685985164873,-1.77046069826119,0.0801087344858573,0.239811188538162,"SLC35D3"
"2292",340277,-0.291485915626636,-3.47170574713758,-2.35837309586572,0.0205672813917517,0.10347702719883,"FAM221A"
"2293",340543,-0.25075966184062,1.53020915716394,-1.45979753514612,0.147901629375173,0.351731964782957,"TCEAL5"
"2294",3416,0.353388553290886,1.11572538151697,3.63155252561341,0.000472503585665248,0.0154267394085813,"IDE"
"2295",341640,0.340341090637551,-0.765594494145879,0.833424272748063,0.406858828968071,0.628725954734648,"FREM2"
"2296",3418,0.743146249899668,3.17701686577141,3.86504842837263,0.000211912671478733,0.0106616391601349,"IDH2"
"2297",3419,-0.222956607547208,3.58243258806176,-2.78981780787687,0.00646299209683669,0.0523348885097409,"IDH3A"
"2298",3421,-0.246226038692151,1.95514347158557,-2.96992586182648,0.00383730115832251,0.0398431688399098,"IDH3G"
"2299",3422,0.0720033714444619,1.03426778572994,0.753282761669861,0.453287893644269,0.667986478648345,"IDI1"
"2300",3423,0.129775389212377,-2.59204024278843,0.699028759893989,0.486374996685533,0.692339918751345,"IDS"
"2301",3425,0.245122832788026,-0.0562321009099609,1.61565680862003,0.109743391372863,0.291351616023632,"IDUA"
"2302",3426,-0.263441640918544,-1.12574809039294,-1.36574860526786,0.175493724042778,0.389154797028386,"CFI"
"2303",3428,0.137049609932716,-0.952188694859154,0.979271170555068,0.330126878369489,0.563022722820763,"IFI16"
"2304",342898,0.394296132100605,0.941482860676198,1.32967385421346,0.187057517030459,0.40385474482341,"SYCN"
"2305",342979,0.220360138320526,-1.37251319807577,1.06107349800685,0.29155599824492,0.520224045705617,"PALM3"
"2306",3430,0.181824467805383,-0.291234228231644,1.32879315824756,0.187346817909066,0.404194997654076,"IFI35"
"2307",3431,0.234329692373114,-2.94102444060088,1.3321287641313,0.186252872187228,0.402714138303335,"SP110"
"2308",3433,0.386837742000787,-1.71938905329415,1.62309662112716,0.108140996358702,0.289224154967195,"IFIT2"
"2309",3434,0.254717093675504,-0.555134148725191,1.48819299458917,0.140269956071607,0.340711116093204,"IFIT1"
"2310",3437,0.30455706683384,-1.0154616742739,1.51450347513459,0.133476931995948,0.329160871270039,"IFIT3"
"2311",343702,0.0184169729724157,-5.56172169990866,0.0750602058626645,0.940336946991416,0.973289834852144,"XKR7"
"2312",343990,-0.0713953643634904,-2.18719710892311,-0.517232382456615,0.606289842654806,0.786600518751891,"CRACDL"
"2313",345,-0.467206595773119,-1.23370016190161,-1.24612203604208,0.216022282866124,0.436771511440024,"APOC3"
"2314",345275,0.609655175540522,-0.726300214053114,2.11918734569628,0.0368878325941189,0.148860957569166,"HSD17B13"
"2315",345557,-0.996072900339865,1.99202411468838,-4.87126204743518,4.84933013430027e-06,0.00155180695354026,"PLCXD3"
"2316",345651,0.158575825091604,1.90784828476801,1.28100904466784,0.203551528484531,0.422236999607316,"ACTBL2"
"2317",345757,0.244996960292489,0.380417068890721,1.31851874164796,0.190746734609153,0.408229936203271,"FAM174A"
"2318",345778,-0.153834729019464,-0.0526168241921525,-2.30687446984923,0.0234065384115037,0.112329423588592,"MTX3"
"2319",3459,0.51343894836225,-3.35291413382423,3.51052704386808,0.000707185726713299,0.0181619497513231,"IFNGR1"
"2320",346389,0.267219013032318,-2.23453463866294,1.77571594076186,0.0792319179663102,0.238515341160984,"MACC1"
"2321",347,0.0382128972814844,0.133566322764134,0.264997719226714,0.791630104878036,0.898488458532061,"APOD"
"2322",347252,-0.111459768663237,-1.36844000503473,-0.615108908625885,0.540068038500198,0.733717932783137,"IGFBPL1"
"2323",3475,0.0674824796033042,-4.14587952747814,0.280989370828782,0.779377250744173,0.891173167859116,"IFRD1"
"2324",347733,-0.204239340163638,2.98284810617117,-1.65168791916542,0.102157491341267,0.279057713330084,"TUBB2B"
"2325",347734,-0.0395205955772191,2.06044590670047,-0.551567555819459,0.582640661770541,0.768607145882198,"SLC35B2"
"2326",347862,-0.199854634667871,0.752183305718126,-2.1586928321694,0.0335922151675564,0.139822636684877,"GATD1"
"2327",348,0.235418251365198,2.1868254079923,0.930655694077552,0.354574303273419,0.58456212354903,"APOE"
"2328",3480,0.135459113412284,-1.75309483613013,1.39430150677162,0.166732111749007,0.378897335029769,"IGF1R"
"2329",348110,0.272275778369914,1.16403670863084,3.12037165792692,0.00244191580124284,0.0313566510209802,"ARPIN"
"2330",348180,0.134151483527343,-1.85695463317482,1.40215417325472,0.164382098586299,0.375363586727197,"CTU2"
"2331",3483,-0.473271918987974,-1.57315598650855,-1.8245407834659,0.0714592054640012,0.223917427513822,"IGFALS"
"2332",3485,0.0294647137477161,0.736088715465158,0.169256302470727,0.865982976294223,0.937626302433223,"IGFBP2"
"2333",3486,0.000224591113154871,-1.14451800164132,0.00100689575313157,0.999198889498566,0.999198889498566,"IGFBP3"
"2334",3488,-0.194850604376764,0.429767646872573,-0.838103652908472,0.404240030465488,0.626503444444624,"IGFBP5"
"2335",3490,-0.216082246110373,2.81139999161337,-1.50186119605257,0.136707984574618,0.334441454491433,"IGFBP7"
"2336",3491,0.0759601240860817,-1.07146786382988,0.403052789499922,0.687885615029582,0.835591115189309,"CCN1"
"2337",349565,-0.0676052096829758,-0.152787024425973,-0.783237123962137,0.435587863343042,0.653222161055361,"NMNAT3"
"2338",35,0.0822468110332548,2.01073087236836,0.75148203958783,0.454364940931581,0.668506798403468,"ACADS"
"2339",350,0.0725238047166479,1.76931138482794,0.369958420293061,0.712301133330995,0.851598043705814,"APOH"
"2340",3508,-0.01142737690907,-1.62551286442153,-0.0954056057698845,0.924209286637314,0.966189694907568,"IGHMBP2"
"2341",3516,0.114445881224629,-1.26022241082323,1.60688624602117,0.11165685754253,0.294647373859006,"RBPJ"
"2342",353,0.362927664077115,2.72342217137535,3.92102587525541,0.000174061552136779,0.00953919470549597,"APRT"
"2343",3547,-0.581199634956617,-1.70986725950001,-2.96026888035926,0.00394825305775419,0.0402316390152341,"IGSF1"
"2344",355,0.00683226016431515,-2.62309267606841,0.0391781615277918,0.968836968982275,0.986394850618738,"FAS"
"2345",3563,-0.123178048149178,-6.11835659141133,-0.503777719923685,0.61567472272666,0.792283958919361,"IL3RA"
"2346",357,-0.114002007795696,-0.797884714938653,-1.18043573242297,0.241003511895231,0.465035274517028,"SHROOM2"
"2347",3572,0.0487363792953359,-1.58267812946349,0.39806877754981,0.691542255854423,0.837381409831218,"IL6ST"
"2348",3576,0.187124450549626,-2.28581358352988,0.979857371896117,0.329839028175467,0.562972202692314,"CXCL8"
"2349",358,0.891652621370414,1.40809131316221,2.68964423614863,0.00855483212860829,0.0609159624192548,"AQP1"
"2350",359948,-0.0093547871177041,-0.778781794358445,-0.10141126116324,0.919454389825819,0.964056047574618,"IRF2BP2"
"2351",36,-0.232146625180273,2.66708231374065,-2.37563500532789,0.0196863684312674,0.100441267099484,"ACADSB"
"2352",3603,0.151520454389801,-5.02939414833404,0.658495294618017,0.511936750398995,0.711847614804304,"IL16"
"2353",3606,0.545090837743174,-0.704624522519324,2.62871116249953,0.0101113848450878,0.0673511594684382,"IL18"
"2354",3607,0.0142335467617311,-0.229039854617711,0.112345913633683,0.910804663903439,0.958922646147395,"FOXK2"
"2355",3611,0.0710837974096772,0.896770208821464,0.73565212407395,0.463896030235167,0.677950912757966,"ILK"
"2356",3612,-0.131178454073617,2.73535138196609,-1.42675173310285,0.157185074280186,0.365270129607667,"IMPA1"
"2357",3613,0.959923162118794,1.23312453577687,3.40412172822003,0.00100084965956236,0.0214978311223308,"IMPA2"
"2358",3614,0.102754522610596,-0.345091826194546,1.20730819069541,0.230544107830229,0.452391219265328,"IMPDH1"
"2359",3622,-0.147815571559835,-1.87714674197718,-1.31867396686477,0.19069502743373,0.408229936203271,"ING2"
"2360",3628,0.0226942765303599,-0.0476592826257275,0.232200687077246,0.816920554318126,0.913515069820556,"INPP1"
"2361",3630,0.334374536437722,4.61221702879226,0.900393931218329,0.370364757780048,0.597136559825043,"INS"
"2362",3631,-0.394825619630976,0.242173128652152,-4.12612973268888,8.34362346596184e-05,0.00617026034145467,"INPP4A"
"2363",3632,-0.083584322649719,-1.65147700533528,-0.654757511530994,0.514329325362917,0.713360946253857,"INPP5A"
"2364",3642,0.0179985786254778,0.141419032549606,0.122599440654688,0.902703470309475,0.953652045355099,"INSM1"
"2365",3643,0.294583861156569,-0.400943729196987,2.89563512017712,0.00477048750578382,0.0444489432216309,"INSR"
"2366",3651,-0.341262199938861,-1.23390962688389,-2.18417604207208,0.0316049294702846,0.13415702426598,"PDX1"
"2367",3654,-0.0706566988690498,-1.83226760029994,-0.82079989694846,0.413975188392698,0.633818834211619,"IRAK1"
"2368",3655,0.267704523916056,0.0861053518466537,1.26052169625854,0.210808751864867,0.429453740108381,"ITGA6"
"2369",3658,0.318831516240705,-3.2834779218661,1.75330763338294,0.0830266168974601,0.245835684764404,"IREB2"
"2370",3661,0.183672879127521,0.623676614790546,1.26768168828296,0.208251130878927,0.426650681353422,"IRF3"
"2371",3664,-0.0780715963968431,-0.866095041677958,-0.577974165695741,0.564755619792727,0.753122513171993,"IRF6"
"2372",3670,-0.339523176128912,-2.35413508727493,-2.8411257037898,0.00558347434498095,0.0487547466122085,"ISL1"
"2373",3672,-0.277448692118312,1.31752874161061,-1.87095747401853,0.0646696494240058,0.21066762783859,"ITGA1"
"2374",3673,0.545331664873985,1.76081404166055,2.76240089465384,0.0069833098215857,0.0544644926110458,"ITGA2"
"2375",3675,0.293026219063735,0.792875110487536,2.71439943678294,0.00798724067324041,0.0586239974616962,"ITGA3"
"2376",3678,0.453987958026768,0.196227452934991,2.53651397765108,0.012957230989895,0.0773652566303263,"ITGA5"
"2377",3679,-0.481080654069509,-1.3561022692012,-2.439271694545,0.0167214374362192,0.0909895239215547,"ITGA7"
"2378",3684,0.0882450961384964,2.62778842347427,0.915695512110756,0.36232568419872,0.592322922229616,"ITGAM"
"2379",3685,0.146218952501511,1.0067288570253,1.70101157486557,0.0924672022488006,0.263215664375383,"ITGAV"
"2380",3688,0.189856001524147,3.58178234502124,2.06907181711814,0.0414686590656099,0.160488416989101,"ITGB1"
"2381",3689,0.251023349026835,-2.2924171253771,1.45684190103298,0.148714195547278,0.352571545874542,"ITGB2"
"2382",3690,-0.0056966388322689,-0.950002544328889,-0.0309626556199186,0.975369341799813,0.989066086232819,"ITGB3"
"2383",3691,0.146518218904952,-0.142542320973886,0.931385670719563,0.35419882224118,0.584369099894718,"ITGB4"
"2384",3692,0.201911974360405,2.99126394795736,2.30967306963298,0.0232437804663969,0.111886202260754,"EIF6"
"2385",3693,-0.0192378724043238,-2.12121830516994,-0.124952054713455,0.900846117839375,0.953071648531288,"ITGB5"
"2386",3694,0.174315290650442,-3.32572735170575,0.561217490489232,0.576073697496277,0.762530463275571,"ITGB6"
"2387",3696,0.0784832506055095,-2.29492201177279,0.632169623189346,0.528912838086454,0.724011373812367,"ITGB8"
"2388",3698,-0.538318133725527,3.38058679683156,-0.945901447362872,0.346785383060944,0.577944252301948,"ITIH2"
"2389",37,0.00230890685576091,3.92271290479968,0.0304264516162497,0.975795755480709,0.989235269963496,"ACADVL"
"2390",3700,-0.428995452597099,1.85455219745106,-0.963511308791181,0.33792762748105,0.570661824878827,"ITIH4"
"2391",3703,0.29068099113044,3.87622600560997,2.68825014653576,0.00858786137601952,0.0610802933093949,"STT3A"
"2392",3704,0.150862923069304,0.969765386146386,1.25622190758725,0.21235574454263,0.431098222788733,"ITPA"
"2393",3705,0.0340723977140082,0.230643608619772,0.368333838418554,0.713507686502592,0.852044782053095,"ITPK1"
"2394",3708,-0.0221287792157152,-0.677325537508133,-0.21412252993355,0.830946193893191,0.919665421765545,"ITPR1"
"2395",3709,0.296460923446431,-0.772004391928589,2.92710274704891,0.00435225964401889,0.0427426715119808,"ITPR2"
"2396",3710,-0.0648591753068928,0.912775600264203,-0.613980195638803,0.540810252541732,0.734401179225918,"ITPR3"
"2397",3712,-0.108215884478296,3.18078717758656,-1.23867686626473,0.218754625586135,0.439658117828322,"IVD"
"2398",3716,0.15750116628541,-0.125450667231565,1.52078467826812,0.131894115643298,0.326306361071568,"JAK1"
"2399",3725,0.108981152376883,-1.49933324434935,0.879081803661804,0.381747783830727,0.607977177259764,"JUN"
"2400",3726,0.0545756291881395,0.517319507859877,0.447459166753152,0.655641562200922,0.819176326129233,"JUNB"
"2401",3727,-0.0439696390009028,-1.70150024330865,-0.356290241337705,0.722474847573446,0.85708361314376,"JUND"
"2402",3728,0.356235766144779,1.7673334615768,2.74205030532746,0.00739396153593705,0.0561684850341357,"JUP"
"2403",373156,0.127557992870131,2.22058498194922,1.45785037331538,0.148436556470231,0.352085301920291,"GSTK1"
"2404",3732,-0.185117817108625,-0.000388695636418164,-1.61668166185766,0.109521530317866,0.290888426261818,"CD82"
"2405",374395,-0.133024585467135,-1.71288264480427,-0.728608421185824,0.468173138218982,0.679976381820262,"TMEM179B"
"2406",374454,-0.164586047134134,0.0345507046058542,-0.848318885041155,0.398558865572887,0.62164041423513,"KRT77"
"2407",374659,0.187074457634957,1.33790952288915,1.7194624596513,0.0890409199207929,0.25743436951193,"HDDC3"
"2408",374868,-0.126102475245434,-0.946320482733418,-1.57625503922482,0.118550462347643,0.304588839635762,"ATP9B"
"2409",374882,0.0382232045166737,3.13789636565266,0.493016131658181,0.623227525801396,0.798597202956958,"TMEM205"
"2410",374897,0.0103876597182015,-3.92374412077402,0.0378878260507508,0.969862820542011,0.986579050793315,"SBSN"
"2411",374977,0.249005234428625,-1.1126309571597,1.78027956809381,0.0784769483781054,0.237690717438327,"MROH7"
"2412",375035,-0.111476764698303,0.647902766856334,-1.34593915628614,0.181774673553508,0.396775585445033,"SFT2D2"
"2413",3757,0.111632230893523,-2.70958414576613,0.844963453076092,0.400419561497757,0.622741803387416,"KCNH2"
"2414",375743,-0.0949304545291583,-0.8951621592482,-0.765309819484502,0.446131966169518,0.661758822703842,"PTAR1"
"2415",375775,-0.251508666210724,-1.60235118476112,-2.33161059914141,0.0220022099570134,0.108039651772919,"PNPLA7"
"2416",375790,0.726437841102745,-1.56203465714521,2.95687469711133,0.00398794837885014,0.0404410330660789,"AGRN"
"2417",376267,-0.134264788995202,-1.57875408060149,-1.04284982090738,0.299870399008366,0.528757399917654,"RAB15"
"2418",3763,0.132722146079576,-1.27252702352224,1.08258731259592,0.281945118156517,0.509593384936602,"KCNJ6"
"2419",3764,0.0228722267625914,-2.50475725198218,0.131861940926575,0.895394099175867,0.950509480714062,"KCNJ8"
"2420",376497,0.230616564352949,0.13411229773585,2.53313395055651,0.0130740801204326,0.0778357941602477,"SLC27A1"
"2421",3767,-0.379022665322205,-0.347142742380348,-3.73203199864141,0.000335885247479948,0.0133833432803873,"KCNJ11"
"2422",376940,-0.152806785441093,-2.22445852154523,-1.10117632670156,0.273818704009506,0.50200435163707,"ZC3H6"
"2423",377677,-0.0753772300716733,-3.19149278833419,-0.471903341038791,0.638162224310629,0.808136936830749,"CA13"
"2424",3778,-0.323148314263848,-0.311760880093122,-2.80499717105263,0.00619041410835351,0.0517393144468828,"KCNMA1"
"2425",378,0.026136391350172,4.22141183940612,0.346504563194758,0.729789584684565,0.862095548651628,"ARF4"
"2426",3784,0.524520433733249,-3.55649394027632,2.42450576795951,0.0173714364078801,0.0927181536274503,"KCNQ1"
"2427",3798,-0.122154786032248,-2.34245761617406,-0.829584274834137,0.409015541510358,0.630190949435383,"KIF5A"
"2428",38,-0.163142238763982,4.34354260582499,-2.17813315936714,0.0320666661317404,0.135554543193266,"ACAT1"
"2429",3800,-0.616312876446298,1.32882775228491,-3.67859877657668,0.000403016434102614,0.0145465693910569,"KIF5C"
"2430",3801,-0.197088898521629,-2.37088062731576,-1.42253727755724,0.158400642477913,0.366338788066853,"KIFC3"
"2431",381,-0.372182783909148,3.3731181947293,-5.14332457248073,1.61560851063231e-06,0.000762815772173933,"ARF5"
"2432",3816,0.88176723168343,0.483797821254178,2.16357317453151,0.0332034180282534,0.138735588738883,"KLK1"
"2433",3818,-0.353105667185124,-2.22104331853543,-1.88786341688365,0.0623351420264452,0.206784419569505,"KLKB1"
"2434",382,0.195551283411498,1.16197964178657,2.59794230346078,0.0109911329867855,0.0704948529497277,"ARF6"
"2435",383,-0.318134958172015,-0.300802268901197,-1.7975635543787,0.0756714173945786,0.232584456668965,"ARG1"
"2436",3836,0.0238396860522296,0.858290705109624,0.296747177372211,0.767357849686291,0.884184103072078,"KPNA1"
"2437",3838,-0.0543435267264952,-0.890641491591237,-0.436043142038508,0.663871802195609,0.822987923783144,"KPNA2"
"2438",384,-1.36428082481353,0.293861554473238,-5.75966401595639,1.21271226766812e-07,0.000372181394947345,"ARG2"
"2439",3840,0.119177467739734,0.550112492302438,1.37450067465312,0.172771736621119,0.386610615887869,"KPNA4"
"2440",3841,0.0722212229981571,-3.89025287787142,0.352530279090255,0.725282389412947,0.858423313963877,"KPNA5"
"2441",3848,-0.136451047017214,6.14844542526564,-0.755405567640137,0.452020085931874,0.667267745899433,"KRT1"
"2442",3849,-0.0351895267837565,4.14785179724113,-0.176825342474192,0.860051360147118,0.935460020758927,"KRT2"
"2443",3850,0.0971783499006356,-2.3611956209218,0.271992861550761,0.786263761458567,0.895876548697361,"KRT3"
"2444",3852,-0.224014475516283,2.87688734572784,-0.970202531171882,0.334601037910249,0.56765648720097,"KRT5"
"2445",3853,-0.238460978435853,0.953189050939119,-0.795039166178167,0.428726907857069,0.647844797491794,"KRT6A"
"2446",3854,-0.0212198353570278,-0.121676942564644,-0.0754003126057611,0.940067123126293,0.973289834852144,"KRT6B"
"2447",3855,0.609562285160742,3.73046651301107,1.6368631475069,0.105225653432841,0.283889439172793,"KRT7"
"2448",3856,0.531582279555346,6.38455469544338,2.71033127878763,0.00807809640355569,0.0588875958729511,"KRT8"
"2449",3857,-0.145911110482246,4.96659068823664,-0.71141752714724,0.47870455635479,0.687640666254552,"KRT9"
"2450",3858,-0.149875179675004,5.13548971645437,-0.787374021471766,0.433175632221359,0.651514832289807,"KRT10"
"2451",3860,0.302720545564164,-0.2684921895139,1.48736525591064,0.140487977461095,0.340970820741876,"KRT13"
"2452",3861,-0.244405381271091,1.66013120546379,-1.03602542926855,0.303024967152518,0.53202724496057,"KRT14"
"2453",3866,0.571840020919282,0.807960103690335,2.23133145748162,0.0281968021571448,0.125596496110707,"KRT15"
"2454",386617,-0.282794257239094,-2.99731418350673,-1.25633875425955,0.2123135950894,0.431098222788733,"KCTD8"
"2455",3868,-0.275791138632423,0.309825857593382,-0.724836795946125,0.470472461943015,0.681397591056397,"KRT16"
"2456",387104,-0.219869425567198,-0.319588215209158,-2.08110315917884,0.0403264011982078,0.157457665747201,"MTCL3"
"2457",3872,0.00970989052759541,1.14323180434543,0.0359566574034572,0.971398246011356,0.987159343380415,"KRT17"
"2458",387263,0.0644738214572746,-3.28697444760199,0.367721183890135,0.713962885568174,0.85204642627996,"C6orf120"
"2459",387338,-0.226514059339417,-0.42983033511001,-2.26888549476912,0.0257174415611139,0.118917796679537,"NSUN4"
"2460",3875,0.605457602487557,7.08484366957915,3.06172529169531,0.0029175253994083,0.03462594835471,"KRT18"
"2461",387522,0.109258671337488,3.17763508891131,1.13205077229103,0.26068420060614,0.488215240003485,"PEDS1-UBE2V1"
"2462",387680,-0.251353721030724,0.587996929640172,-2.1058959294999,0.0380579013272916,0.152068146115175,"WASHC2A"
"2463",387787,0.160998466201521,-0.0309183513437544,1.5919164989833,0.114984553893522,0.299310937997641,"LIPT2"
"2464",387882,-0.316310893016073,-0.164874487720024,-1.65850568765488,0.100770986721564,0.276774905330462,"C12orf75"
"2465",387921,0.0191701349944418,-0.162847760129631,0.287287696082955,0.774566528733436,0.887988299097092,"NHLRC3"
"2466",388,0.0425357634663638,-0.162118346167969,0.400556213394175,0.68971636724289,0.836275096000661,"RHOB"
"2467",3880,0.625270683902285,5.32784655498587,1.93704428722188,0.055943487358437,0.19386594426659,"KRT19"
"2468",388115,0.252791092466151,-3.44495547654093,1.21695655247804,0.226869969905566,0.448334795647252,"CCDC9B"
"2469",388125,-0.189356758218052,0.042224213542106,-0.867547574571823,0.387998413479705,0.612849784338247,"C2CD4B"
"2470",388419,0.345184124625505,-3.94139971385679,1.52887675492409,0.129876820930235,0.323270043337299,"BTBD17"
"2471",388552,-0.0797035241022015,-0.665695901379798,-0.732779967532361,0.46563739611122,0.679233027867924,"BLOC1S3"
"2472",388564,0.369066744063263,-1.62640631680206,1.97517522318746,0.051378122466031,0.18431263337025,"TMEM238"
"2473",388588,-0.231119905464807,-1.05153019875701,-1.85284546579675,0.0672516747246619,0.216347368689714,"SMIM1"
"2474",388662,-0.390521144823939,0.0758602841244572,-2.84259597380415,0.00555997192189869,0.0487547466122085,"SLC6A17"
"2475",388695,-0.0945625673071664,-2.17573891948503,-0.787639488845992,0.433021106629355,0.651514832289807,"LYSMD1"
"2476",388697,-0.25605453050563,-0.378069364389758,-1.11732984958654,0.26689040877778,0.495515223556569,"HRNR"
"2477",388698,-0.100111722189101,-1.37177263146252,-0.394058287038068,0.694489975830152,0.839297346643944,"FLG2"
"2478",388753,-0.0345010226756726,-1.89213084198888,-0.268314656697686,0.7890842373675,0.897549255923305,"COA6"
"2479",389,0.572189383791277,-0.695373387257729,3.55940782598691,0.000601524348923004,0.0170145458695364,"RHOC"
"2480",3890,-0.046027755944724,-0.0250881770430204,-0.184333211021518,0.854175604910961,0.932407942902984,"KRT84"
"2481",389203,-0.0714416655039964,1.19132561254717,-0.607117146430372,0.545334358353192,0.737872153583318,"SMIM20"
"2482",389337,-0.0500687119021208,-1.36356809183652,-0.512786358787718,0.609383829199432,0.787764563719703,"ARHGEF37"
"2483",389362,0.132962955379004,-2.93443540760255,0.633134930807225,0.528285251727802,0.723580917453781,"PSMG4"
"2484",3895,0.00415163611161695,2.00760397240172,0.039244756194998,0.968784025831376,0.986394850618738,"KTN1"
"2485",389541,-0.064602654614675,0.74953946813316,-0.578677939808423,0.564282654964461,0.752949333950405,"LAMTOR4"
"2486",3897,-0.15135539471056,-1.83187190161807,-0.956581999070869,0.341395280040397,0.57284970718643,"L1CAM"
"2487",3898,0.855182998236014,0.510308056261118,2.85861807928966,0.00530967798312936,0.0473703538669302,"LAD1"
"2488",389813,-0.248589550063078,-0.950942524514538,-2.78605800702804,0.00653218311131505,0.0524797643157746,"AJM1"
"2489",389840,-0.257576156634483,-4.07624836944546,-1.19384680002931,0.235741858928634,0.45885654883506,"MAP3K15"
"2490",39,0.246569885567627,0.372034217256689,2.63922200107514,0.00982579398559097,0.0662027700148819,"ACAT2"
"2491",390637,0.0107794414828595,-0.816290354858482,0.145555079690464,0.884605060183977,0.945896179452007,"GDPGP1"
"2492",3908,0.0117891339533719,0.708691888859195,0.074817612748019,0.940529412625933,0.973289834852144,"LAMA2"
"2493",390916,-0.156770975281374,0.882554308460239,-1.67206692653478,0.0980584349854545,0.271730326835539,"NUDT19"
"2494",3910,-0.00146307124996969,-2.36814548586362,-0.00491882144670887,0.99608648253158,0.997549164591098,"LAMA4"
"2495",3911,-0.0211352378669351,0.144809115654974,-0.157878825102626,0.874913501454277,0.941483006999712,"LAMA5"
"2496",3912,0.259504040779745,0.518049223673256,2.40042496922249,0.0184799104570862,0.0968656621567848,"LAMB1"
"2497",3913,0.0841037291909273,-0.265296691611467,0.418461881320207,0.67662755169655,0.828639248266844,"LAMB2"
"2498",391356,-0.0900157290936538,-0.130128592244732,-0.607715853311536,0.544938932832949,0.737872153583318,"PTRHD1"
"2499",3914,0.544330694015176,-2.74314572477186,1.47014401191923,0.145084324943002,0.347998275302909,"LAMB3"
"2500",3915,0.189730178530003,0.728126343825812,1.52341241658244,0.131236349733243,0.325072120525683,"LAMC1"
"2501",3916,-0.109774775932261,4.63551398666772,-1.00816305386512,0.316136497826736,0.547115699155524,"LAMP1"
"2502",3918,0.216388842272617,0.115525831225554,1.19566314656663,0.2350356444765,0.45798374152278,"LAMC2"
"2503",392,-0.224249988441551,3.17018142765738,-2.38528254708308,0.0192087726873683,0.0994801201040614,"ARHGAP1"
"2504",3920,-0.050775537526293,3.36107007838566,-0.670463944084865,0.504315467230592,0.70622723194307,"LAMP2"
"2505",3921,0.240623587694446,4.56004047381321,2.5718908281494,0.0117894513041115,0.0734534084527203,"RPSA"
"2506",3925,-0.0843397367133331,0.75245513565287,-0.540711809487553,0.590070401649578,0.773569441547439,"STMN1"
"2507",3927,0.123294549229463,3.00829879317222,1.61688771147119,0.109476968100884,0.290888426261818,"LASP1"
"2508",3930,0.199891097545261,0.718293563766699,2.20267065384573,0.0302276075907298,0.130544189968779,"LBR"
"2509",3933,-0.125924858874567,-1.94550537920632,-0.557711519926789,0.578455465166084,0.764547727215639,"LCN1"
"2510",3934,0.856164699377895,0.217921115651891,1.77401989749808,0.0795140245046057,0.239009344960465,"LCN2"
"2511",3936,0.527710288289512,0.344396125533068,3.54528196501806,0.000630415023576634,0.0170369403964335,"LCP1"
"2512",3939,0.66707202083986,4.90142065365839,3.36473491392033,0.00113616977642418,0.0227902290447438,"LDHA"
"2513",3945,0.628760541510674,4.08450201122972,4.16571659514426,7.22133284979714e-05,0.00584921051368148,"LDHB"
"2514",3949,0.209769286282031,-0.519660177222654,1.55131676831405,0.124410002666613,0.314121183203483,"LDLR"
"2515",3956,0.0697819547340677,2.09498351047363,0.428166962204867,0.669574250786756,0.824530098382098,"LGALS1"
"2516",3957,0.737364856560941,-1.27536631405495,2.72297381237864,0.00779878659752445,0.0578717257388419,"LGALS2"
"2517",3958,0.575667142883278,1.4786276287434,2.64799738914306,0.00959297838789773,0.0651346253815445,"LGALS3"
"2518",3959,-0.435791048570654,3.25525802972367,-3.23923742265495,0.00169099024362098,0.0271711269803213,"LGALS3BP"
"2519",3960,0.882725532080997,1.97029920158716,2.45974657824842,0.0158560769191514,0.0882086486039672,"LGALS4"
"2520",3963,-0.18638220721444,-1.00113807857349,-0.737504269083862,0.462775048284524,0.677416831407259,"LGALS7"
"2521",3964,0.085821350295438,-0.81914259650222,0.917896908958249,0.361178338473511,0.591492166902458,"LGALS8"
"2522",3965,0.833124300316135,-0.356360920243134,3.14637723095664,0.00225502432283441,0.0302865148755718,"LGALS9"
"2523",397,-0.0781861275144151,2.37465038601669,-0.43912926094748,0.661642779143674,0.821820532092094,"ARHGDIB"
"2524",3978,-0.39476560660676,-2.60055193320705,-1.66150278849809,0.100166322164757,0.276063937970159,"LIG1"
"2525",3981,0.129988013618405,-0.736775496146919,1.00648208047556,0.316939473882052,0.547838493575904,"LIG4"
"2526",3983,-0.256299489648861,1.82622841805155,-3.23481700032414,0.00171453326632421,0.0272555420862384,"ABLIM1"
"2527",3985,0.425656585028018,-0.839517197380666,2.61458308729953,0.0105071012481449,0.068902337031104,"LIMK2"
"2528",3988,0.0546676018155328,0.0541749119227927,0.443837492750478,0.658248021001194,0.820323819685099,"LIPA"
"2529",3992,0.20331550513172,-2.33182092511909,0.752950656939493,0.453486421721677,0.667986478648345,"FADS1"
"2530",3993,0.200884040512841,1.08602522116844,2.79884789634428,0.00629954350987294,0.0518319008895444,"LLGL2"
"2531",399512,-0.205626367480884,-0.616767908373396,-2.3432235646029,0.0213690167940874,0.106033164981494,"SLC25A35"
"2532",3996,-0.116915259726979,-1.27273397639733,-1.54626914072922,0.12562351271422,0.316144781074161,"LLGL1"
"2533",399664,-0.00841565835205138,-2.18882807210385,-0.054993554801879,0.956268090449667,0.980714041634095,"MEX3D"
"2534",399665,-0.208589960478535,-1.31524185693567,-2.01636660611125,0.0468066088913555,0.173699495390049,"EEIG1"
"2535",399818,0.0101084694277205,-2.73076172885289,0.0494557443174907,0.960668028455177,0.982435914471489,"EEF1AKMT2"
"2536",399909,0.450971109812621,-4.01354322234299,2.19277869620838,0.0309576093768749,0.132879584863817,"PCNX3"
"2537",4000,0.196866831763596,5.74337189460946,2.59361960554289,0.0111201216556168,0.0709514622891643,"LMNA"
"2538",400451,-0.303085390810035,-0.787498713989969,-2.01688278714416,0.0467516047597233,0.173600332737557,"FAM174B"
"2539",400506,-0.0745136085377416,-1.67471365529823,-0.551213326365294,0.582882396360754,0.768743478483521,"KNOP1"
"2540",400569,0.043421764117082,-3.91046533757035,0.225095666128901,0.822426026850108,0.916073622397971,"MED11"
"2541",400673,-0.00189769276440033,-0.823257994407494,-0.0118550082285851,0.99056809187742,0.994902990543305,"VMAC"
"2542",4008,0.108626296987405,1.35261487082702,1.09844495972359,0.275002444034354,0.503269231211348,"LMO7"
"2543",4012,-0.184448016988859,1.20204357240307,-2.54192164594943,0.0127722385110242,0.0767084148538814,"LNPEP"
"2544",4013,-0.125332486652557,2.91964193444185,-1.02273483570656,0.309232730983322,0.538918371032264,"VWA5A"
"2545",401409,-0.0869568687823886,-0.169500470046864,-1.111715180442,0.269284520694657,0.497552193866287,"RAB19"
"2546",401505,-0.0568294056947597,-0.564328817908567,-0.303385235920088,0.76231141474205,0.882177123621174,"TOMM5"
"2547",401548,0.03146700882743,-1.80318677940055,0.284894547094562,0.776393413641355,0.889086338233328,"SNX30"
"2548",401612,-0.319818915600923,-0.195522029154461,-2.45457358582851,0.0160708440925545,0.0891888255335441,"SLC25A53"
"2549",401647,-0.168043773202206,-0.812695728950423,-1.58800439223327,0.1158671484131,0.300527106095777,"GOLGA7B"
"2550",402,0.095552384764462,0.653729150420347,1.16764044332609,0.246101484351548,0.471696056347435,"ARL2"
"2551",4026,0.118496373624047,1.33232700761876,1.42576918858451,0.157467823125886,0.365402037713011,"LPP"
"2552",403,-0.167758168796025,2.75600832257458,-1.82995681983306,0.0706375426936069,0.222459331479404,"ARL3"
"2553",403313,0.231122384043314,-1.98035382145896,1.90709764516895,0.0597657549406957,0.200350739391584,"PLPP6"
"2554",4035,-0.0489767482101275,0.131171353599096,-0.347426013277402,0.729099726329247,0.861612268041763,"LRP1"
"2555",404037,-0.270644853577474,-0.762156821540987,-2.04961283994807,0.0433750757184367,0.164954284237772,"HAPLN4"
"2556",404093,-0.208384192342213,-2.13108913768031,-1.28991103354584,0.200456470220867,0.418646415180565,"CUEDC1"
"2557",4043,-0.23095094711947,1.55199006428451,-2.26817107485766,0.0257627586805448,0.118933708020815,"LRPAP1"
"2558",4045,-0.0534254691402954,0.747000583367682,-0.415135806709216,0.679051515823346,0.829743227490497,"LSAMP"
"2559",404636,0.126527888459066,0.900891238928804,1.93609357359973,0.0560615718993025,0.193924828541097,"DENND10"
"2560",4047,-0.0335279692196511,1.21605934956834,-0.47788599502123,0.633914691072628,0.806391910445763,"LSS"
"2561",404734,0.0447124233514231,-0.771512951008498,0.579665559910594,0.563619261312579,0.752255299406325,"ANKHD1-EIF4EBP3"
"2562",405,-0.0156968721269561,-2.88454037414137,-0.10985270969794,0.912775975127717,0.959525135768318,"ARNT"
"2563",4054,-0.421824422205547,2.01440227523249,-2.56721949994856,0.011938008444164,0.0737136592100734,"LTBP3"
"2564",4057,0.209610253107229,-1.99960821301165,0.959477491844494,0.339943472864919,0.571928609479607,"LTF"
"2565",4059,-0.309903410718704,1.41715875130517,-2.32976900127269,0.0221041331838757,0.108366748788042,"BCAM"
"2566",4060,0.10358479876933,0.50920831181237,0.538631818355259,0.591499012696001,0.774449859199671,"LUM"
"2567",4067,0.427037464004323,-0.433368638761379,2.90876528115714,0.00459167201187524,0.0437584451386371,"LYN"
"2568",4069,0.441047793946756,0.553511451155301,2.61407652131306,0.0105215464959243,0.0689234283799182,"LYZ"
"2569",4070,0.904311600437907,0.412476296913919,2.90807200433796,0.0046009569763377,0.0437584451386371,"TACSTD2"
"2570",4072,-0.0744609765576441,1.91539209105736,-0.911303288693647,0.364621796027521,0.593403067176144,"EPCAM"
"2571",4074,-0.124193899095373,1.47167096809208,-1.70729427388197,0.09128862528006,0.260861071680171,"M6PR"
"2572",4076,-0.0241212121640753,2.31658901239592,-0.285628491873362,0.775832999711536,0.888776213555321,"CAPRIN1"
"2573",4077,0.115288978517953,-0.897502456860797,1.19864182859031,0.233880801851096,0.456457984662013,"NBR1"
"2574",408,0.489959508225958,0.335303494192845,3.48620477580492,0.000766078261642778,0.0190371998783942,"ARRB1"
"2575",4082,0.271894748186191,1.80538262762242,1.76558899029852,0.0809287073716383,0.241605255762216,"MARCKS"
"2576",4085,0.151194135063178,-1.24167719863078,1.44555888723497,0.151848043165517,0.357104708409939,"MAD2L1"
"2577",4086,0.159846792723648,-0.9957223204534,1.80060135099475,0.0751870283449195,0.231538388514629,"SMAD1"
"2578",4087,0.17532424890626,-0.0346561551281998,2.05886828778837,0.0424591153219902,0.162680430615715,"SMAD2"
"2579",4088,0.538883782254633,-0.975835945460044,2.44980762030009,0.0162710106629851,0.089893306435106,"SMAD3"
"2580",4089,-0.0504406661968682,-0.509820246078605,-0.585589542774946,0.559648110188706,0.748392178722936,"SMAD4"
"2581",409,0.0479671320709838,-1.10212388533167,0.503860742603318,0.615616614173796,0.792283958919361,"ARRB2"
"2582",4097,0.0341400771998421,-1.48798994196067,0.315348058560698,0.753242982932575,0.877040623845321,"MAFG"
"2583",410,0.13512664121022,1.89881682622918,0.743992336884905,0.458860387882456,0.673639096106796,"ARSA"
"2584",411,0.2033347396536,0.0714230703401502,1.42608242715593,0.157377639288543,0.365402037713011,"ARSB"
"2585",412,0.260570495359541,-0.880041953438862,1.20504313427979,0.231412852236029,0.453392086927994,"STS"
"2586",4121,-0.281618105487534,2.96680004787494,-2.97710680511068,0.00375667265747842,0.0394836588554838,"MAN1A1"
"2587",4122,-0.224772758188956,-0.508282641161482,-2.59480089479814,0.0110847370399202,0.0708298186108962,"MAN2A2"
"2588",4123,0.0145014349006744,0.441224227753205,0.187711128885427,0.851534662828192,0.931064097640517,"MAN2C1"
"2589",4125,0.000601254322513234,0.762715097808479,0.00777780694124812,0.993811851594634,0.996409203705956,"MAN2B1"
"2590",4126,0.0187063340989138,-1.13259576311352,0.177785906963757,0.859299162890767,0.93517345067793,"MANBA"
"2591",4128,0.18383564122612,3.87080254771642,1.70301355685888,0.0920903069652449,0.262784892679067,"MAOA"
"2592",4129,0.193560992457443,3.65448216537414,1.51673646740731,0.132912530528365,0.328032614548896,"MAOB"
"2593",4130,-0.225895348247632,1.00256476944051,-1.98728550954427,0.049996204155081,0.181369208690241,"MAP1A"
"2594",4131,-0.588570881704134,2.70163291144841,-3.2386640618823,0.00169402678314968,0.0271711269803213,"MAP1B"
"2595",4133,-0.391958678770632,2.34546790639483,-2.96322597121083,0.00391396736461528,0.0400264520300573,"MAP2"
"2596",4134,0.108925940424161,2.47174073308611,0.875018366468226,0.383942638129875,0.609580939689904,"MAP4"
"2597",4135,-0.166966163353105,-1.08347068642326,-1.15063090991643,0.252996896777394,0.48073941558516,"MAP6"
"2598",4137,-0.29017966971708,0.803748677102867,-1.75835424645868,0.0821591882175261,0.244228186234628,"MAPT"
"2599",4139,-0.0995891194996985,-1.29809394198855,-1.06294279034962,0.290712147396143,0.519776044485152,"MARK1"
"2600",414,0.126837307034183,-0.966432539724075,0.913116070603899,0.363673013936285,0.592888435469035,"ARSD"
"2601",4143,0.287417096886794,-0.231657445028537,2.22401990316724,0.0287031773158074,0.127060087765751,"MAT1A"
"2602",414328,-0.174150704945941,-1.71006333341528,-1.22098784961314,0.225347479885141,0.447342442281692,"IDNK"
"2603",4144,0.260533154555796,1.98907664856854,2.60038536599481,0.0109188318495333,0.0703250680927965,"MAT2A"
"2604",4147,0.100330414294886,-1.2755212024705,0.705722954517934,0.482221950636739,0.690207416850278,"MATN2"
"2605",4149,-0.11369527270845,-1.79098614128056,-0.963106077219906,0.338129782897095,0.570661824878827,"MAX"
"2606",414919,-0.165604022708026,0.757166265099655,-1.8294796298363,0.0707096188212859,0.222572123243617,"C8orf82"
"2607",415,0.63834615262732,0.138754471607874,3.74656849776707,0.000319551419220608,0.012989447756133,"ARSL"
"2608",4150,0.146398741239701,-1.16052683778069,1.3769932047457,0.172002437466123,0.385732905066519,"MAZ"
"2609",4152,-0.0815549307260526,-0.95785788205829,-0.768204873271956,0.444419270878704,0.660335387231538,"MBD1"
"2610",4154,-0.148925702743405,2.74632075219505,-2.18600061848158,0.0314666582760619,0.134074129800504,"MBNL1"
"2611",4155,-0.248590488972531,-1.0249463512952,-1.58135599302377,0.117379481284591,0.303351066049253,"MBP"
"2612",4162,-0.0330361037930538,-0.155963072169012,-0.226468175282269,0.82136180736335,0.916050060119592,"MCAM"
"2613",4163,-0.185273145455514,0.524179925419357,-2.11552970595623,0.0372066727288487,0.149753808006343,"MCC"
"2614",4170,0.316050270853928,-1.76797118671416,2.04873073875819,0.0434632521423537,0.165187270371373,"MCL1"
"2615",4171,0.210481187029533,-1.99044713800573,0.932659230344112,0.353544348167375,0.583976105772698,"MCM2"
"2616",4172,0.162390247512136,-1.86551856621812,0.824828246191068,0.411696309390992,0.631839729762934,"MCM3"
"2617",4173,-0.370583452796872,-2.65917118114294,-2.22967597654824,0.0283107647783216,0.125921358122709,"MCM4"
"2618",4174,0.122928972451186,-2.23765023004262,0.679259554619474,0.498753718880156,0.702466802773381,"MCM5"
"2619",4175,-0.0177425935538532,-0.79353896426058,-0.129813815324775,0.897009593499921,0.951088202007346,"MCM6"
"2620",4179,-0.0729673951849749,-0.459732786173281,-0.944696070411631,0.34739713684595,0.578335672894071,"CD46"
"2621",4189,-0.482263685212011,0.0315074786220915,-3.31497008589352,0.0013317880862885,0.0239652314411958,"DNAJB9"
"2622",4192,0.147186700143318,-2.14166105191087,0.844879722753482,0.400466060479753,0.622741803387416,"MDK"
"2623",4199,-0.0715054611260051,2.30685055554042,-0.67473672207917,0.501609503273036,0.704480388821,"ME1"
"2624",4200,-0.303415448773833,2.67682763339992,-3.54659166012588,0.000627682147274346,0.0170369403964335,"ME2"
"2625",4204,-0.251943756377318,2.70892046625219,-2.52453038890817,0.0133757975235564,0.0787914061416403,"MECP2"
"2626",4205,-0.143990923992048,-1.74373837077639,-1.26460096981093,0.209348776240237,0.427499934663619,"MEF2A"
"2627",4209,-0.0120716746050999,-0.333115083332582,-0.151162899142769,0.880192726784865,0.944679656759137,"MEF2D"
"2628",421,-0.252888256270585,0.497042010921956,-1.83255085945933,0.0702468029444364,0.221911928189887,"ARVCF"
"2629",4211,-0.0353217127826166,-0.103468809507859,-0.314932598885827,0.753557351257239,0.877040623845321,"MEIS1"
"2630",4214,-0.0776286593257328,-0.455130139342035,-0.461992361690404,0.64522537011554,0.811888749850182,"MAP3K1"
"2631",4216,-0.00830129812688274,-0.188055331579382,-0.11051960921877,0.912248621095928,0.959443896977665,"MAP3K4"
"2632",4217,-0.0504414068600383,-2.18966678205292,-0.332985559432513,0.739936108968482,0.869729574272031,"MAP3K5"
"2633",4221,-0.0293384081585469,-0.872378690328975,-0.329646239577792,0.742449580867512,0.870516815160418,"MEN1"
"2634",4232,-0.0179962604773442,-0.153494016999482,-0.124294216998457,0.901365415399825,0.953071648531288,"MEST"
"2635",4234,0.423055418614528,-1.56786900663848,2.83929536285987,0.00561285992015506,0.0489371224288519,"METTL1"
"2636",4236,0.0401829256930654,0.150022095415552,0.525693782528449,0.600421389203147,0.78129881003369,"MFAP1"
"2637",4240,0.119628952320772,0.264181480211129,0.685256898599511,0.494980502338699,0.699238279253149,"MFGE8"
"2638",4245,0.141851346166272,0.486835183210041,1.6420543097014,0.104142925043361,0.282286248480709,"MGAT1"
"2639",4247,0.101945257149564,-0.252940720393314,1.34947699738878,0.18064066142083,0.394984547342408,"MGAT2"
"2640",4249,0.0397119125272754,-1.67016557597017,0.484234878303672,0.629420525183481,0.803365186853027,"MGAT5"
"2641",4255,0.322710307227358,-2.91835487503545,1.20510515933623,0.231389031567236,0.453392086927994,"MGMT"
"2642",4256,0.12670456467454,-1.60466146249332,0.519519832364364,0.604700795865194,0.785686315123076,"MGP"
"2643",4257,0.897781386692693,-0.737611452660217,3.11859907133209,0.00245516557649698,0.0313954298094552,"MGST1"
"2644",4258,-0.00722411153939895,4.55530778371645,-0.0916234479672642,0.927205184312584,0.967066341769013,"MGST2"
"2645",4259,-0.103245175427201,3.5489937532229,-0.996020007353914,0.321967614700845,0.5540334227737,"MGST3"
"2646",4267,-0.884545203724552,2.67134501355699,-3.78071513124095,0.000284105484673716,0.0124559961780519,"CD99"
"2647",427,-0.0662886210904787,3.30004796678857,-0.843423124141758,0.401275499157594,0.623393827848472,"ASAH1"
"2648",4281,0.389566000755964,-1.16863067928337,2.73866877119996,0.00746429354737369,0.0564234406327336,"MID1"
"2649",4282,-0.156740644881793,6.17059639582371,-1.22289291259444,0.224630587091558,0.446778372806429,"MIF"
"2650",4292,-0.0146477678840065,-1.14907919083872,-0.175747159240982,0.860895815934255,0.935693440425273,"MLH1"
"2651",4296,0.227316786211439,-0.631161460776049,1.72975356143143,0.0871755261752442,0.254196379887719,"MAP3K11"
"2652",4297,-0.0550694942344894,-2.2513066675268,-0.4316695263806,0.667035934690271,0.823630369569279,"KMT2A"
"2653",4300,0.379209920000282,-2.18662826980122,3.13534736032749,0.00233260227752612,0.030807346034003,"MLLT3"
"2654",4301,0.166364817188833,1.56747487622899,2.37462168350302,0.0197371393943286,0.100441267099484,"AFDN"
"2655",4313,0.328004751212228,-2.80953500335485,1.90918103547173,0.0594928871719338,0.199769779073699,"MMP2"
"2656",4329,0.317508969912722,2.3583258453971,2.4406731813029,0.0166608865937955,0.0908701635922039,"ALDH6A1"
"2657",4331,-0.0162023259004718,-1.98770149551333,-0.112724862819309,0.910505087254081,0.958771697643773,"MNAT1"
"2658",4332,0.269998713833743,-3.73242878170016,1.0407285375269,0.30084856559903,0.530025400587499,"MNDA"
"2659",4335,0.169411070442985,-2.98646472143499,1.03768428254712,0.302256107059955,0.531133119133697,"MNT"
"2660",4337,-0.182519723905188,-2.51441253747905,-1.09029499417266,0.27855563572335,0.506666973518643,"MOCS1"
"2661",4338,-0.261783320517198,-0.552762166365339,-3.17965971278666,0.002035262222278,0.0290288588446839,"MOCS2"
"2662",4343,0.275587241996357,0.133984774510977,2.98233756638654,0.00369892999705874,0.039144883313701,"MOV10"
"2663",4345,-0.367881346408256,0.384529551005685,-2.02883560764952,0.0454933017572128,0.170370888459898,"CD200"
"2664",435,0.123874477015444,1.00526800628911,1.65000510772303,0.102502084125199,0.279501462621268,"ASL"
"2665",4350,-0.0734437930484467,-0.475926557800118,-0.905172427637364,0.367842237460052,0.595583777731201,"MPG"
"2666",4351,0.187432963824849,1.38462342718207,1.68995193503975,0.09457206493044,0.266032692274537,"MPI"
"2667",4353,-0.104489891753706,-2.23520986576887,-0.516718551685601,0.606647051967033,0.786649956391261,"MPO"
"2668",4354,-0.324949737561676,0.88486011662372,-3.07219870707418,0.00282672818436551,0.0339539287585822,"MPP1"
"2669",4355,-0.477552391624086,-0.195710019003666,-4.81485536762513,6.06767137259145e-06,0.00155180695354026,"MPP2"
"2670",4357,0.491884328125438,1.19882897503543,3.41171858781098,0.000976559523392747,0.0214075798378024,"MPST"
"2671",4358,-0.116685338138632,-0.838291314252401,-0.925421936792401,0.357273895373162,0.587296533390315,"MPV17"
"2672",4363,0.267663392751878,-0.395195303077687,3.32649792859693,0.00128384540091739,0.0238073808786433,"ABCC1"
"2673",439921,-0.620082755519677,0.447319574037246,-3.09947696263991,0.00260241658626942,0.0321263416653941,"MXRA7"
"2674",440,0.0588228291807282,1.41787657673241,0.456565881344693,0.64910648870453,0.814934675325917,"ASNS"
"2675",440026,0.116372730078044,-0.0942871781973722,1.59590576564367,0.114090098965022,0.298541798715344,"TMEM41B"
"2676",440073,-0.0935011934448338,-2.85568093284795,-0.6396657965374,0.524049424491225,0.720862719714767,"IQSEC3"
"2677",440275,-0.00983084998013473,-1.51510422462726,-0.124773323112221,0.900987204431767,0.953071648531288,"EIF2AK4"
"2678",440387,0.970634954209857,2.82745225236464,1.69319711180398,0.0939504346680152,0.265378632302014,"CTRB2"
"2679",440574,0.110024491378865,-1.37460652485707,0.713991307620058,0.477119485770881,0.68641602869772,"MICOS10"
"2680",440689,0.154904973707095,-2.25370358992733,1.23065503785397,0.221726763682244,0.443598068931425,"H2BC18"
"2681",440957,-0.176906900798112,-0.609042425297179,-1.80645669574656,0.0742606337539506,0.229281574437499,"UQCC5"
"2682",441381,-0.176811801546211,-3.42360443895114,-0.882362230952819,0.379981593769229,0.606558228172355,"LRRC24"
"2683",441549,-0.123142221705705,-1.68554890379808,-1.18750985210582,0.238217684362736,0.461692499721653,"CDNF"
"2684",441869,-0.372221157678315,-2.4215499646996,-2.610965787575,0.0106106468573453,0.0692449380127487,"ANKRD65"
"2685",443,-0.0203341161622919,-1.99299766813946,-0.141317937645003,0.887941343521744,0.947066455202349,"ASPA"
"2686",4430,-0.0176073067122759,2.97251497637709,-0.230853672220429,0.817963620076348,0.913792760297131,"MYO1B"
"2687",444,0.00510136550653528,1.02201633837712,0.0640407461402861,0.949082832551918,0.978687424874435,"ASPH"
"2688",4440,-0.147921169856012,-3.50876320442622,-0.526650840798749,0.599759263204439,0.780976703850677,"MSI1"
"2689",445,0.391785102693586,2.28248379584874,2.68129927242818,0.00875428050673666,0.061652611600336,"ASS1"
"2690",445329,-0.0424181829589245,-1.71997156500969,-0.146827824964756,0.883603316759148,0.945894781722153,"SULT1A4"
"2691",445815,-0.255436282123687,0.438091331705411,-2.30081844575147,0.0237621862446119,0.113297397651973,"PALM2AKAP2"
"2692",4478,0.288042954123497,5.78616302139682,2.75250911700851,0.00718023993266203,0.0550903908833495,"MSN"
"2693",4482,0.0691508523675619,-0.328115396724985,0.776117258113831,0.439757870429352,0.656907716888626,"MSRA"
"2694",448834,-0.179806776767485,-1.02890182022977,-1.08294736708008,0.281786151985131,0.509456082734826,"KPRP"
"2695",4507,0.21618528203366,0.935994633713727,2.94970644911551,0.00407299556871804,0.0410170118479033,"MTAP"
"2696",4508,-0.114907700585185,2.85952602169814,-0.868169468958581,0.387659787010303,0.612560059022964,"ATP6"
"2697",4509,-0.233077391075277,-0.222821769634842,-1.21413069764434,0.227941642642091,0.449584126779291,"ATP8"
"2698",4512,-0.109725762904905,1.06481546640102,-0.835582491843788,0.405649712500173,0.62764757633629,"COX1"
"2699",4513,-0.0896709734969052,4.16543257511692,-0.853373200391249,0.395766100372495,0.619357748809186,"COX2"
"2700",4514,-0.0923119624799207,0.92080388122526,-0.890583852264318,0.375577546805696,0.602219169878099,"COX3"
"2701",4521,-0.0494079717217026,-4.05193455532204,-0.317743479674257,0.751431238498636,0.876258730256121,"NUDT1"
"2702",4522,0.322988126237652,2.27673982659353,4.07531167150835,0.000100317422241682,0.00698035665796653,"MTHFD1"
"2703",4524,0.224955680999264,-0.52372246753516,2.69732923646946,0.00837482106626985,0.0602633665940966,"MTHFR"
"2704",4528,-0.106012694827973,-0.194941547113413,-1.22207629117029,0.224937686046073,0.446817966650743,"MTIF2"
"2705",4534,0.128978610985107,-1.2035217253781,1.87909774224041,0.0635365719061424,0.208996505016025,"MTM1"
"2706",4535,0.0324808436315491,-1.14548748921726,0.252621334563217,0.801149178257774,0.905274973517345,"ND1"
"2707",4536,-0.242817766570324,0.0943684873403594,-1.21287535530282,0.228418891702691,0.449947097968909,"ND2"
"2708",4537,-0.0393558623792494,-2.80843747429178,-0.148167827738899,0.882548841330191,0.945580866666414,"ND3"
"2709",4538,-0.151438005906289,2.55093157652061,-1.71270595455325,0.0902833159418272,0.259316328147373,"ND4"
"2710",4540,-0.0926178406999417,0.971599459334362,-1.08604627399468,0.280420523006569,0.508325274341038,"ND5"
"2711",4552,0.101986320210124,-1.43242718828064,1.2451089880042,0.216392590899151,0.43705749356334,"MTRR"
"2712",4582,0.857594668835016,-1.52346525687793,2.3977229103486,0.0186081381953647,0.0972057465899137,"MUC1"
"2713",4594,-0.199900200875747,1.79835708336127,-2.55222322931544,0.0124263938004599,0.0755543143150405,"MMUT"
"2714",4597,0.118457994799813,0.969916329607933,1.54682260653222,0.125489996715082,0.316067952333679,"MVD"
"2715",4598,-0.0578784499919371,-0.725196873304272,-0.541299127270223,0.589667304012805,0.773536634330113,"MVK"
"2716",4599,0.31307306485191,-0.0288831078116923,1.36831646300129,0.174691740964962,0.388928873413974,"MX1"
"2717",4600,0.0676508614682534,-1.7692288031579,0.357463445326448,0.721599598334473,0.856906038751294,"MX2"
"2718",462,-0.488525787797415,2.65613987022606,-1.10488997828918,0.272214942891146,0.500106351231923,"SERPINC1"
"2719",4627,0.371782056711014,4.87677440363288,3.37499131733534,0.00109936421026688,0.0224182641947446,"MYH9"
"2720",4628,-0.211616030493599,3.12333757222309,-1.97006250319588,0.0519712304487819,0.185385249754414,"MYH10"
"2721",4629,-0.226373506259329,0.154789200435308,-0.775074144053357,0.440370759215248,0.657208223372049,"MYH11"
"2722",463,-0.168351509578965,-4.18952808858439,-0.711805359328447,0.4784655216688,0.687470948345219,"ZFHX3"
"2723",4637,0.159827140227465,5.04538629187245,1.25992833743358,0.211021738051795,0.429744999390151,"MYL6"
"2724",4638,-0.159450204048782,2.61884286111423,-1.07281391010464,0.286283773522753,0.515010922385444,"MYLK"
"2725",4641,0.12019161749261,2.7610219276685,1.18300280144855,0.239989900422849,0.463796457869895,"MYO1C"
"2726",4642,-0.167775357870403,2.79354727705316,-2.03381195298453,0.0449780512323739,0.169267491394427,"MYO1D"
"2727",4643,0.256876764940227,-0.302521891200643,2.67383509863233,0.00893624803469415,0.0624012405426083,"MYO1E"
"2728",4644,-0.267872604140721,1.10003058375558,-3.13876567446349,0.00230829790395561,0.030635724041301,"MYO5A"
"2729",4645,0.10651333898782,0.194058967620377,1.30010651791437,0.196954769316801,0.415546370334237,"MYO5B"
"2730",4647,-0.101670985053731,-1.41076920312563,-0.588874126152002,0.55745224906975,0.746604655549695,"MYO7A"
"2731",4650,-0.204916992283823,-1.26738466231517,-1.24280955587271,0.217234845935883,0.437746714460424,"MYO9B"
"2732",4651,0.0849553433203772,-0.221673929569228,0.536972462282619,0.592639874630133,0.775612697330439,"MYO10"
"2733",466,0.261556870504563,-1.56473472918534,1.84253288803907,0.0687599990558917,0.219474193554375,"ATF1"
"2734",4660,-0.246178128274131,-2.05319848357561,-1.68842853389221,0.094865034441114,0.26649042626982,"PPP1R12B"
"2735",4665,0.222103592491251,-1.95406132440077,1.51213523129224,0.1340775783853,0.329865835063917,"NAB2"
"2736",4668,0.0420626439959499,2.47422714631695,0.447394511288256,0.655688056414618,0.819176326129233,"NAGA"
"2737",4669,0.0926693756092316,0.312347218342156,0.812438445710332,0.418729515127145,0.63934372235085,"NAGLU"
"2738",467,0.0263402160526622,-2.26165713734723,0.175200685458526,0.861323887537962,0.935711659589324,"ATF3"
"2739",4673,-0.0634906241270583,1.15044034990252,-0.670940738533518,0.504013124097164,0.70614758176407,"NAP1L1"
"2740",4676,-0.12379524708812,2.49324720622049,-1.3602571024446,0.177218178715578,0.391001143406261,"NAP1L4"
"2741",4677,0.194067044052917,3.35176143364131,2.77853415493982,0.00667268198816685,0.053053007828197,"NARS1"
"2742",4678,0.109414598839509,1.17261093631121,1.15927604530968,0.249475363501107,0.475700460133518,"NASP"
"2743",4682,0.0936050839791962,0.33928925445976,0.886440708008205,0.377792868695208,0.604507984372051,"NUBP1"
"2744",4684,0.160299564970852,0.188024014277486,1.36396064984424,0.17605377872038,0.389692785353657,"NCAM1"
"2745",4691,0.136821970725629,4.89893036523114,1.80357008484489,0.074716142103078,0.230456120717936,"NCL"
"2746",4692,-0.225313572125353,-1.48046982086111,-1.10117204830594,0.273820555438402,0.50200435163707,"NDN"
"2747",4694,0.189059466300872,-1.23061813724615,1.10887565546997,0.270500994036002,0.498525191796701,"NDUFA1"
"2748",4695,-0.0621849702613678,1.01442503003829,-0.290965628435156,0.77176134084735,0.886262134727976,"NDUFA2"
"2749",4696,0.0235399767129327,-0.721805095272756,0.136713184757365,0.891569369107946,0.948760885503567,"NDUFA3"
"2750",4697,0.174993056837963,2.12946594059627,0.947944402302222,0.345750135001651,0.5770541607892,"NDUFA4"
"2751",4698,-0.172860006635313,0.545916070178405,-1.33762096086933,0.184462122749493,0.400647030939981,"NDUFA5"
"2752",47,-0.556015815818053,4.78035175455797,-4.19796845737613,6.41575374577109e-05,0.00546943006826986,"ACLY"
"2753",4700,-0.13374712736663,1.64566060215825,-1.45480150176366,0.149277164183706,0.353224068527211,"NDUFA6"
"2754",4701,-0.0650675296397508,0.397482240438924,-0.489467945020347,0.62572666445061,0.800314704396301,"NDUFA7"
"2755",4702,-0.208275476742097,1.7432725823412,-3.05892938866774,0.00294221769977046,0.0347964012354356,"NDUFA8"
"2756",4706,-0.205336817185433,-0.0934979176710978,-1.92969691287828,0.0568615777471474,0.195527374908678,"NDUFAB1"
"2757",4707,-0.252024854958656,0.879928658903798,-1.40398214938671,0.163838710962253,0.375145381757742,"NDUFB1"
"2758",4708,-0.0103643526607775,-1.29758903344251,-0.0667587211187023,0.946925018451042,0.977666234357022,"NDUFB2"
"2759",4709,-0.129409640644946,1.98282219588,-1.47472513663148,0.143850334322557,0.346120482976031,"NDUFB3"
"2760",4710,-0.0163639119758567,2.67397257981098,-0.205884646259273,0.837355923180264,0.923574241955159,"NDUFB4"
"2761",4711,-0.118301654384744,1.73521253813204,-1.61786820717365,0.109265116635564,0.290888426261818,"NDUFB5"
"2762",4712,-0.135268557301708,2.78845546330084,-1.69226119840714,0.0941293707748107,0.265612569435323,"NDUFB6"
"2763",4713,-0.125004362069217,1.01345093983969,-1.50694807360845,0.135400599791039,0.332169816753556,"NDUFB7"
"2764",4714,-0.0174141007530282,1.57203922095872,-0.216173779002145,0.82935191811367,0.918874020466012,"NDUFB8"
"2765",4715,-0.12532670482383,2.37010037822781,-1.77278878473467,0.0797193179844304,0.239391963692972,"NDUFB9"
"2766",4717,0.234047123624707,0.192417515623227,1.93594859487277,0.056079597696391,0.193924828541097,"NDUFC1"
"2767",4718,-0.110292762583015,1.6921255915713,-1.30935484436112,0.193817960732292,0.411930278038369,"NDUFC2"
"2768",472,-0.0585099296936123,0.000915997724994405,-0.72661867217685,0.469385374034472,0.680585170014877,"ATM"
"2769",4724,-0.129773588701485,0.29845138547911,-1.55694659514691,0.123067515958572,0.312015040460022,"NDUFS4"
"2770",4725,-0.093707483687834,2.31519570607874,-0.954173517789924,0.342605969207002,0.57425326023828,"NDUFS5"
"2771",4726,-0.0873273076194549,0.49458773530716,-0.819628888466277,0.414639061661128,0.634518713656446,"NDUFS6"
"2772",473,0.00261620912352711,-1.06154660030944,0.0299111490293656,0.976205554040678,0.989260308849543,"RERE"
"2773",4731,-0.24797492403896,-0.377586455176582,-1.55870285828555,0.122651080790472,0.311731815276155,"NDUFV3"
"2774",4733,0.213366643088576,1.16106278544883,2.82341544276061,0.0058738266452404,0.0502433958538856,"DRG1"
"2775",4736,0.272901648608848,4.43978892099567,3.31837262451349,0.00131746543713686,0.0238975233062856,"RPL10A"
"2776",4738,-0.218817781062627,0.967856909191458,-1.92976791731382,0.0568526447461265,0.195527374908678,"NEDD8"
"2777",4741,-0.268908662662568,-1.46772277767341,-1.08568163244095,0.280580975801146,0.508325274341038,"NEFM"
"2778",474383,-0.114618998062715,-0.465146164825691,-1.54156873245749,0.126761964161221,0.318226967697985,"F8A2"
"2779",475,-0.144802562113426,-0.747328898518441,-0.935831632526521,0.351917454359085,0.58222321903946,"ATOX1"
"2780",4750,-0.192754289524629,-0.083048549163189,-2.80167626766539,0.00624913232466325,0.0517449007392266,"NEK1"
"2781",4758,-0.034193889555553,0.73871173928069,-0.291516930441707,0.771341118881957,0.886219514735368,"NEU1"
"2782",476,0.0606139931137957,3.83244216549759,0.800065070526765,0.425824681316718,0.645839360988884,"ATP1A1"
"2783",4763,-0.168396463413803,0.15222550362295,-2.19005357053884,0.0311614018154966,0.133236911773057,"NF1"
"2784",4771,-0.208671921760709,1.10623909134386,-0.734711470225398,0.464465934716867,0.678299287959107,"NF2"
"2785",4773,0.204070124094541,-2.82358076542784,0.971021853015739,0.33419518624601,0.567438465609407,"NFATC2"
"2786",4774,0.278059002229617,-1.6525408262332,2.03073847369583,0.0452956847508233,0.169941878362196,"NFIA"
"2787",4781,0.343655787098855,-0.75607379675728,1.97877453637642,0.0509640440790657,0.183472730666146,"NFIB"
"2788",4784,0.00701133177112423,-2.83291584776681,0.0392592666491577,0.968772489953798,0.986394850618738,"NFIX"
"2789",4791,0.366390601471925,0.603842557318179,2.66513571395483,0.00915265977459417,0.0633467441749985,"NFKB2"
"2790",4798,-0.0278831633316092,-2.28577129335297,-0.267732442465738,0.789530942646013,0.897599726979297,"NFRKB"
"2791",4799,-0.00140108298870034,-2.53357806602671,-0.0102566514914654,0.991839704457349,0.995407473178418,"NFX1"
"2792",48,0.362709483683774,2.79789729540909,3.41702438486378,0.000959925258303687,0.0211183556826811,"ACO1"
"2793",4800,0.245009775278691,-6.13780822915272,0.868983908698664,0.387216595250031,0.612560059022964,"NFYA"
"2794",4801,-0.0200150257517908,-0.921816617977113,-0.187248237237347,0.851896463882895,0.931079148025857,"NFYB"
"2795",4802,0.138447652266182,0.310311890626901,1.83191273625984,0.0703427556688717,0.221986547195648,"NFYC"
"2796",4809,0.183936371595252,2.12666494941424,1.42387445769177,0.158014180311272,0.365775712964768,"SNU13"
"2797",4811,0.0956557417206185,0.243191530979818,0.599620835483152,0.550297643035943,0.741379923826738,"NID1"
"2798",4817,0.246918623026345,1.3047088950554,2.66708194549556,0.00910383496445951,0.0632119219591092,"NIT1"
"2799",482,-0.30737173544858,-1.72083821813921,-1.55304659604271,0.123996277547543,0.313608466189637,"ATP1B2"
"2800",4820,0.263798989405664,-2.87012117475772,1.63247688562811,0.106147568420019,0.285582869318673,"NKTR"
"2801",4821,-0.460476593908484,-1.4852229049254,-3.32047212558218,0.00130870004474755,0.0238975233062856,"NKX2-2"
"2802",4825,-0.25956000894482,-0.947256034800549,-1.87795583378501,0.0636945059482173,0.209067848935913,"NKX6-1"
"2803",483,-0.0270625799542497,1.49781632976521,-0.29663859518384,0.767440480982555,0.884184103072078,"ATP1B3"
"2804",4831,0.0734236400757204,4.14350237205588,0.999193915891107,0.320436647933295,0.552483186801843,"NME2"
"2805",4832,-0.278708523116012,3.55624445762054,-3.72648588257021,0.000342324029817661,0.0133833432803873,"NME3"
"2806",4835,0.179314797545591,0.855218021077236,0.647412647193656,0.519047983842935,0.717064263972077,"NQO2"
"2807",4837,0.285102191641727,1.71326102428497,1.32383661467812,0.188981268246642,0.406150918941837,"NNMT"
"2808",4839,0.205774341213577,0.296454671522467,2.12591219021062,0.036307793803682,0.147392353417328,"NOP2"
"2809",4846,0.03150519767148,-0.705738346228666,0.182881472087832,0.855311123968519,0.932646155128172,"NOS3"
"2810",4848,-0.0644149014593168,-0.355116679618515,-0.87131242535238,0.385951226533047,0.61150455045427,"CNOT2"
"2811",4849,-0.0142870481670294,0.315199525836705,-0.18330075021884,0.854983142198784,0.932646155128172,"CNOT3"
"2812",4850,0.00566330082895772,-1.0866299619462,0.0741961290924627,0.941022494013694,0.973289834852144,"CNOT4"
"2813",4857,-0.668660993019382,0.34542946742803,-3.34501233649099,0.0012102231162676,0.0232863620302524,"NOVA1"
"2814",4858,-0.00694427064276831,0.464568288421054,-0.0674197964888954,0.946400246613811,0.977337865857219,"NOVA2"
"2815",486,0.0292817686190546,0.0894970108109927,0.187459921929508,0.851731004928561,0.931064097640517,"FXYD2"
"2816",4860,0.228855967772461,2.19109749307235,1.84462778036416,0.0684513309573878,0.219155225886013,"PNP"
"2817",4864,-0.00300326980336964,0.0674199653523127,-0.0363218622692495,0.971107872014739,0.98714402809075,"NPC1"
"2818",4869,0.218454832686022,4.49420415850685,2.9657586102761,0.00388482179044012,0.0400264520300573,"NPM1"
"2819",4885,-0.564881687731371,1.87909819064682,-3.22681410756833,0.00175793817186887,0.0273863565962719,"NPTX2"
"2820",489,-0.681483311906264,3.4749010865248,-4.87014304714947,4.87100297483304e-06,0.00155180695354026,"ATP2A3"
"2821",4893,0.27263786525,-0.54543346758083,2.31426052787371,0.0229791491119294,0.111496278945672,"NRAS"
"2822",4897,-0.0673580560716023,0.0252746748596539,-0.562911390308534,0.574924642328474,0.761520814547297,"NRCAM"
"2823",4898,-0.0677326600230763,1.00326867549459,-0.797566113264266,0.427266253088069,0.646758669870736,"NRDC"
"2824",4899,0.105241746512411,0.0713460279481949,1.35886855020669,0.177656241946386,0.391257659149122,"NRF1"
"2825",490,-0.137492629986189,2.16339970116846,-1.73707549669777,0.0858679580970597,0.251819171906236,"ATP2B1"
"2826",4904,0.193486353328141,2.4397028770073,1.4039691065833,0.163842583208142,0.375145381757742,"YBX1"
"2827",4907,0.162844632613028,-1.32304434484802,1.1091717628955,0.27037396077734,0.498514680459992,"NT5E"
"2828",4913,0.0427312920228031,-1.96132320513352,0.310118304373715,0.757203229988492,0.87924960758028,"NTHL1"
"2829",4920,0.158855479662443,-2.52387155016836,0.709529384403381,0.479869232685828,0.688477404502427,"ROR2"
"2830",4924,-0.150083746033294,1.45385152862447,-1.44931877272765,0.150798104670714,0.355452675295255,"NUCB1"
"2831",4925,-0.193429540519247,1.42466795152565,-1.69872717621581,0.0928988035377334,0.263621292702084,"NUCB2"
"2832",493,0.187122089594312,1.54013982428463,2.61039625962715,0.0106270334975577,0.0692449380127487,"ATP2B4"
"2833",4931,-0.0291756075699192,-2.732367503811,-0.254804256814362,0.799467995571995,0.904207583714926,"NVL"
"2834",493856,0.0582503374617054,2.63105667414172,0.591224885584546,0.555883305990122,0.74611207098577,"CISD2"
"2835",493869,0.259798083783445,-0.362855161915981,1.36139070844641,0.176861153578647,0.39076231050845,"GPX8"
"2836",4940,0.101725019984183,-0.233961365999583,0.832315305586484,0.407480964216346,0.629212115310675,"OAS3"
"2837",494115,0.0932704130946586,0.388287142637918,1.16764767674369,0.24609858081328,0.471696056347435,"RBMXL1"
"2838",4942,-0.323900128878,2.71309749671035,-2.72956049022581,0.00765678112665045,0.0574539395542549,"OAT"
"2839",495,-0.147588296843747,-2.7240086366155,-0.962219392932554,0.338572393172625,0.571079238607742,"ATP4A"
"2840",4952,-0.217090413374824,1.81718719562979,-1.98765658620655,0.0499543655071835,0.18134354357213,"OCRL"
"2841",4957,-0.0796242716722984,-0.963637635220565,-0.498958524239808,0.619051925195166,0.795257579917943,"ODF2"
"2842",4976,-0.300083096494711,2.47116825659356,-4.16491954963168,7.24242422678059e-05,0.00584921051368148,"OPA1"
"2843",498,-0.137503593860303,5.902318271421,-1.7743914062532,0.0794521597139256,0.2389403999628,"ATP5F1A"
"2844",49854,0.117974459232323,-2.71356405126857,0.8260574226042,0.411002461648129,0.631472618171769,"ZBTB21"
"2845",49855,-0.0749655960621964,-1.34875493536445,-0.539440683361445,0.590943263706534,0.773887295206039,"SCAPER"
"2846",4999,-0.219002805375192,0.69397849923638,-2.0981939003242,0.0387505095791413,0.153749597800109,"ORC2"
"2847",5001,-0.0421705430250308,-2.86648312556209,-0.397462758032539,0.691987378157305,0.837589928442031,"ORC5"
"2848",5002,0.30348318850752,-0.995123702216601,1.69082274505302,0.0944049285811698,0.265806170473037,"SLC22A18"
"2849",5009,0.321438584999487,-0.203624918133872,2.52991702081521,0.0131861703229249,0.0782243456756184,"OTC"
"2850",501,0.116692398700259,2.90083830270186,1.67286882833887,0.0978999123830528,0.271413578232691,"ALDH7A1"
"2851",5019,-0.516002382563547,3.0145600218588,-4.67749787817218,1.04135657119669e-05,0.00220408504620871,"OXCT1"
"2852",5025,-0.0250354013090224,0.333219755146556,-0.28043626532229,0.779800131953103,0.891490633251657,"P2RX4"
"2853",5028,-0.183105130826807,-0.238760327307208,-0.907353759534892,0.36669436032342,0.59509215548263,"P2RY1"
"2854",5033,0.113449072546494,0.0642997058865222,0.796578651614951,0.427836685613116,0.647131980358134,"P4HA1"
"2855",5034,0.313244232265816,5.44175581473852,2.40486350468295,0.0182709836928648,0.0960987985491036,"P4HB"
"2856",5037,-0.101142479141759,5.99607949256743,-1.05086149477824,0.296195528896509,0.524840691791793,"PEBP1"
"2857",5045,-0.0455167644099834,-0.643776102036862,-0.542858884909447,0.588597412618995,0.772818380931174,"FURIN"
"2858",50484,-0.150153071906011,1.36703860607167,-1.38503480163272,0.169538233486762,0.382468676984273,"RRM2B"
"2859",50485,0.0983725118745169,-2.11788321227214,1.10548859985945,0.271957038061585,0.499782125635332,"SMARCAL1"
"2860",5049,-0.258342045380681,4.67567537551555,-2.94162650251547,0.00417086486650674,0.0414251918294795,"PAFAH1B2"
"2861",5050,-0.0303905055384708,3.81051704839632,-0.35015772789889,0.727055897010617,0.859693526459481,"PAFAH1B3"
"2862",5053,-0.19105466764765,-2.1033778019875,-1.01721183400294,0.311837382003004,0.542226020038085,"PAH"
"2863",50619,-0.0782709507040493,-0.913787133494824,-0.212469585122874,0.832231414279784,0.920237150216054,"DEF6"
"2864",50624,1.62542968196762,0.649718709689458,2.58634304356365,0.0113403447214435,0.0717657248454083,"CUZD1"
"2865",50626,0.0868324203626223,-1.79660363102636,0.650113050920045,0.517310488339835,0.715925914505756,"ZFTRAF1"
"2866",50628,-0.0270592481187867,-0.840215159552444,-0.310241524285,0.757109846252569,0.87924960758028,"GEMIN4"
"2867",5063,-0.285757608034447,0.13188036028116,-2.55025937850698,0.0124916661733088,0.0757646709207209,"PAK3"
"2868",50632,-0.106733845180042,-3.35580469464563,-0.445146379397105,0.657305547253296,0.820028749805026,"CALY"
"2869",5064,-0.192551812769112,-1.08214421759074,-1.27680076610157,0.205026927577442,0.423152414751291,"PALM"
"2870",50640,-0.322229517424827,0.937470155894082,-4.19012039817047,6.60342001755569e-05,0.00555230028325436,"PNPLA8"
"2871",5066,-0.490057709748315,3.19431748920158,-2.83581498252283,0.00566912817187304,0.0491540834146737,"PAM"
"2872",5068,0.684436233472766,-1.67475958239649,1.53541035097405,0.128265884270808,0.320586624030468,"REG3A"
"2873",50717,0.00963282696696444,-0.56053129558635,0.125929178471068,0.900074855382497,0.953071648531288,"DCAF8"
"2874",5074,-0.0557318595172034,-0.319602889489816,-0.41916325689414,0.676116839547797,0.828179038344518,"PAWR"
"2875",5080,-0.375691408472792,0.179030376245027,-2.40597775965897,0.0182188658622673,0.095906859916464,"PAX6"
"2876",50804,-0.174523485379285,2.5791965454117,-2.21841985821831,0.0290963875873633,0.127884750602782,"MYEF2"
"2877",50807,-0.247206518653574,0.401480899715329,-2.99342219230094,0.00357926845333004,0.0386444783747051,"ASAP1"
"2878",50808,-0.163460571214525,3.86305820445858,-2.09967302609922,0.0386166597038132,0.153516228796636,"AK3"
"2879",50809,-0.0576393494501,4.36655956388759,-0.75428566544178,0.45268867316428,0.667793569493729,"HP1BP3"
"2880",50810,-0.248625192967776,1.61420545449505,-1.82261774019948,0.0717528588055311,0.224360187136195,"HDGFL3"
"2881",50813,-0.153486465948938,1.79996467949505,-1.97061421549165,0.0519069491796483,0.185343137908483,"COPS7A"
"2882",5082,-0.0534975992479385,-0.323145257989859,-0.672916633160226,0.502761214677303,0.704814836105282,"PDCL"
"2883",50848,0.245215599659528,1.30843972170707,2.26123778656894,0.0262062125257977,0.120309448379466,"F11R"
"2884",50855,0.0139840119813579,-3.63071776279748,0.0751536797358267,0.940262788749041,0.973289834852144,"PARD6A"
"2885",50861,-0.0379115567684229,-1.57675847692861,-0.194681340239508,0.846090556097268,0.928702402239812,"STMN3"
"2886",50865,0.074478210599112,2.78896635861098,0.649780709730674,0.517524158139792,0.715925914505756,"HEBP1"
"2887",5087,0.121669877785206,-0.711212574384471,1.68142777556708,0.0962208921837939,0.26913104501992,"PBX1"
"2888",5089,0.0775313922977792,-3.14114075616521,0.547934147414542,0.585122441955339,0.770057490929214,"PBX2"
"2889",5090,-0.0325605962719839,-2.06147767558678,-0.25672198137786,0.797991834816077,0.902870761677619,"PBX3"
"2890",5091,-0.35915496773545,1.67363631497495,-2.92213444357211,0.00441596254256122,0.0428860672380768,"PC"
"2891",5092,0.028582965075052,2.40261480643229,0.161647276168065,0.871953676581709,0.940606619834539,"PCBD1"
"2892",5095,0.191793036096668,1.78815948714455,1.7467487703509,0.0841652403006151,0.248129800655704,"PCCA"
"2893",5096,0.168757136720604,1.78973097033178,1.53640867870841,0.128021131916611,0.320339872688201,"PCCB"
"2894",5097,0.112489369339768,-0.505697734898554,1.06475815466874,0.2898942420764,0.518767013954794,"PCDH1"
"2895",50999,0.150503000351033,2.1155789213844,1.33038923389902,0.186822768191177,0.403744907812773,"TMED5"
"2896",51,0.383068411200043,1.23574807083059,3.79395083853392,0.000271400677536546,0.0121635726730132,"ACOX1"
"2897",51000,0.263768063419059,-1.89730745405137,1.6202459376898,0.108752739733497,0.290227963688786,"SLC35B3"
"2898",51001,-0.0635174111741534,-4.9540194076313,-0.253466667390401,0.800498031593384,0.90490691166931,"MTERF3"
"2899",51002,-0.0136952760873375,-0.197461052796025,-0.167474743882939,0.867380257215924,0.938288668115386,"TPRKB"
"2900",51003,0.040090546752646,-6.31946858833379,0.164827610458586,0.86945718791783,0.938903627628367,"MED31"
"2901",51004,-0.198150726993795,0.888551243989822,-2.31087123146928,0.0231744051215153,0.111863010688077,"COQ6"
"2902",51005,-0.0858053871228488,-1.15588884068478,-0.54469600920418,0.587338436679339,0.771966450607662,"AMDHD2"
"2903",51008,-0.114363854808531,-0.608813693154856,-1.53282039932013,0.128902567877408,0.321454353315541,"ASCC1"
"2904",51009,0.0785685791916459,0.59213835520246,0.679065482543445,0.498876078153139,0.70247794625005,"DERL2"
"2905",51010,0.0765442527657091,0.224338219938397,0.842378623355694,0.40185654774486,0.624138534933692,"EXOSC3"
"2906",51011,0.228558035062871,0.913352154030102,2.76334978071765,0.0069646806582371,0.0544243283165528,"FAHD2A"
"2907",51013,0.104251099696838,-0.275287561226799,1.22300302260644,0.224589202404497,0.446778372806429,"EXOSC1"
"2908",51015,-0.1703617286399,2.21951561339045,-2.2497129257347,0.0269581993594099,0.122298172703664,"ISOC1"
"2909",51016,-0.207082033983147,-1.47795434938622,-2.37553024960263,0.0196916116775465,0.100441267099484,"EMC9"
"2910",51018,0.214137466196053,-0.678520969580741,2.15101294278533,0.0342120609664513,0.141696106755788,"RRP15"
"2911",51019,0.0583223517131924,-0.662548487187025,0.541566211283883,0.589484037218558,0.773536634330113,"WASHC3"
"2912",51020,0.120010672510815,0.896348166827032,1.09803345868459,0.275181090934182,0.503446061446798,"HDDC2"
"2913",51021,0.0327512303865263,1.12240817330435,0.307093881480224,0.759496453349808,0.880746123306466,"MRPS16"
"2914",51024,-0.122060518008962,2.05085892171096,-1.27379182811779,0.206086682795837,0.424103678984685,"FIS1"
"2915",51025,-0.0913429204512499,0.474633572463744,-1.06140601268963,0.291405769496356,0.520224045705617,"PAM16"
"2916",51026,-0.036672865502323,0.448335885724034,-0.236392448651749,0.813676766275691,0.911623868542594,"GOLT1B"
"2917",51027,0.0456906167929099,-1.59685862730089,0.391039113212777,0.696712183339265,0.839830986122625,"BOLA1"
"2918",51030,-0.210384709966736,-1.00580402798069,-1.65823477759492,0.100825788256584,0.276774905330462,"TVP23B"
"2919",51032,0.314728803133572,-0.783180979949207,0.894407757032904,0.373540177852601,0.599858144810518,"CELA2B"
"2920",51035,-0.111417584096072,0.537393125517104,-1.39349665959355,0.166974416753347,0.379021697870457,"UBXN1"
"2921",51042,0.0845532842303176,-3.72932465895413,0.476750895069355,0.634719646692979,0.806828564774911,"ZNF593"
"2922",51046,-0.388095500382302,-0.705949073302719,-3.36160621682541,0.00114762584547136,0.0229450405195545,"ST8SIA3"
"2923",5105,-0.123778694304117,-1.04564112817125,-0.529880612038642,0.597527281352453,0.779681643907601,"PCK1"
"2924",51056,0.213312228477248,3.18766604636431,2.77652694674077,0.0067106282482146,0.0531831979428851,"LAP3"
"2925",5106,0.155811844658877,2.39458983138964,1.66107743332746,0.10025195792367,0.276063937970159,"PCK2"
"2926",51060,0.121129572279695,1.93348355628978,1.21844315253482,0.22630766322622,0.447732981917127,"TXNDC12"
"2927",51061,-0.381372416923978,-2.12751485209367,-2.84229205767411,0.00556482259701749,0.0487547466122085,"TXNDC11"
"2928",51062,-0.335567108422438,0.446981454950286,-5.22961039933062,1.13331578353321e-06,0.000636677824155262,"ATL1"
"2929",51065,0.454806225277163,1.2457267929112,3.62217808179374,0.000487645054915169,0.0154421294666649,"RPS27L"
"2930",51067,-0.197520391752489,0.868268983895806,-2.55777382963363,0.0122435668644332,0.0748943614635428,"YARS2"
"2931",51069,-0.107575478445921,-0.0586732205605168,-1.21263198625344,0.22851149809384,0.449985105967273,"MRPL2"
"2932",51070,-0.0764465195939117,-1.41477588028713,-0.809837802823167,0.420214880031765,0.640973890068333,"NOSIP"
"2933",51071,0.133386549539571,1.41594057865697,1.96271913631086,0.0528332930017818,0.187179971057174,"DERA"
"2934",51072,0.277867970855511,-0.491781516525801,3.34940511970384,0.00119334704750268,0.0231342601003081,"MEMO1"
"2935",51073,-0.231867283145897,0.895606333305682,-3.29995452745018,0.00139675720508852,0.024218349505179,"MRPL4"
"2936",51074,0.263726940062803,0.156576481167575,1.65624515826202,0.101229002449419,0.27738554331899,"APIP"
"2937",51075,0.273284515020662,0.20501955282819,3.03888785388302,0.00312497458792281,0.0363278295846027,"TMX2"
"2938",51076,0.115735455975834,0.0499890598349821,0.996639042131678,0.321668636488327,0.553829478475554,"CUTC"
"2939",51077,-0.0682190490203345,-0.962487821844652,-0.551548295661056,0.582653804136505,0.768607145882198,"FCF1"
"2940",51078,-0.0690663072114044,0.447458483041954,-0.649438931357546,0.517743943767296,0.716068572970632,"THAP4"
"2941",51079,-0.115071239567233,2.43743130998601,-1.59822669544372,0.113572279738529,0.297781569002602,"NDUFA13"
"2942",5108,0.0110046422371929,0.288705404482854,0.13109374393337,0.895999976443721,0.950509480714062,"PCM1"
"2943",51084,0.0230342670931152,2.26515010565981,0.262725131330621,0.793375704559439,0.899896504260036,"CRYL1"
"2944",51085,-0.29237046669036,-0.879914407434842,-2.12128770814332,0.0367058137388233,0.148419159900459,"MLXIPL"
"2945",51090,0.883562892333233,-4.24118203427427,2.63309232137918,0.00999144251553474,0.0670058544553806,"PLLP"
"2946",51092,0.385242152981146,-0.110284396872918,2.68116706682213,0.0087574740086837,0.061652611600336,"SIDT2"
"2947",51097,-0.229232355382509,3.11298073871663,-2.84281744934184,0.00555643949027824,0.0487547466122085,"SCCPDH"
"2948",51098,-0.0531889501262115,-3.48045579411557,-0.339452626281101,0.735076459124541,0.867039218010796,"IFT52"
"2949",51099,0.318628776596946,-2.83718690157489,2.42586413005047,0.0173107135604612,0.0926148044650986,"ABHD5"
"2950",5110,-0.191833357431654,3.51708255624419,-2.68274333029295,0.00871946731303863,0.061588136211083,"PCMT1"
"2951",51101,-0.226059245732021,-0.654250798041302,-1.37347702657444,0.173088434244239,0.386905964262116,"ZC2HC1A"
"2952",51102,-0.10210953512356,0.134354425821507,-1.39566284231461,0.166322883954516,0.37824744783728,"MECR"
"2953",51103,-0.213098120800031,0.484458882374575,-2.52350519730386,0.0134121640825642,0.0789156543157876,"NDUFAF1"
"2954",51104,0.00027509151629368,-1.14489856455197,0.00247206546558368,0.998033166892376,0.998195792469513,"ABHD17B"
"2955",51106,-0.0558077405558597,-1.49254898538701,-0.466026339631292,0.64234654304621,0.809753067604976,"TFB1M"
"2956",51108,-0.0679843225217112,-2.24961480996109,-0.450816000694857,0.653229506728625,0.817860794832449,"METTL9"
"2957",5111,0.158205033933057,2.42489511629153,2.08130977120573,0.0403070247929969,0.157457665747201,"PCNA"
"2958",51115,-0.142026519535516,1.17997888291769,-1.54454432927216,0.126040321912677,0.316933836911107,"RMDN1"
"2959",51116,-0.0820266688661064,0.603836699385671,-1.06128992685916,0.291458210576429,0.520224045705617,"MRPS2"
"2960",51118,0.388327426372986,-1.75604701137808,3.12587561145872,0.00240119764532636,0.0313378072062397,"UTP11"
"2961",51121,0.0858093712620833,0.607042119001793,1.05642453607139,0.293661925142808,0.522614350978995,"RPL26L1"
"2962",51122,-0.023160544808341,-0.419373124218938,-0.228327608200572,0.819920569337624,0.915197754972602,"COMMD2"
"2963",51124,0.162542206811358,1.44619910666796,1.09588202810866,0.276116413372325,0.504497553184117,"IER3IP1"
"2964",51125,-0.111771663179661,-1.22408385203104,-1.09021071634101,0.278592544090163,0.506666973518643,"GOLGA7"
"2965",51126,0.0124101694494894,-1.62908446020336,0.0993035205488471,0.921122840455093,0.964821159507399,"NAA20"
"2966",51132,0.145128913277742,-2.86621517657711,0.730330567750986,0.467125361850179,0.679595987446408,"RLIM"
"2967",51135,0.0857031225580102,-0.366309601329682,1.01596288520459,0.312428420459181,0.542485330913282,"IRAK4"
"2968",51149,-0.195963514848718,-3.54540175701579,-1.12750738466378,0.262588724411588,0.489899571561801,"MRNIP"
"2969",51150,-0.328519755718928,1.07819958426458,-3.22362151639287,0.00177553866514333,0.0275905223459487,"SDF4"
"2970",51154,0.28837385466199,6.5444513843167,3.35281373724561,0.00118040453721549,0.0231342601003081,"MRTO4"
"2971",51155,0.107531959910178,-2.30706754829515,0.607801559966952,0.544882338355522,0.737872153583318,"JPT1"
"2972",51156,0.162874364052777,-2.06382010058415,0.943949683771553,0.347776293387687,0.578616347771134,"SERPINA10"
"2973",5116,0.0257128208662549,0.659747261856691,0.265085158690681,0.791562962829874,0.898488458532061,"PCNT"
"2974",51162,-0.308349636223895,-1.97123851846772,-1.64478499121447,0.103577005808066,0.281432342474505,"EGFL7"
"2975",51167,-0.0829265737150444,-3.30511879789004,-0.432538166235787,0.666407027385894,0.823414886702113,"CYB5R4"
"2976",51170,0.236699348380098,1.18528926100991,2.29853504975174,0.0238975143438847,0.113493479564283,"HSD17B11"
"2977",51172,0.0373708589483037,-2.66190132971262,0.236107928936165,0.813896839298373,0.911623868542594,"NAGPA"
"2978",51175,-0.432445402875659,-3.17715903625727,-2.55204318279074,0.0124323651772875,0.0755543143150405,"TUBE1"
"2979",51181,-0.0861219298543161,2.62707239387875,-0.931815057769298,0.35397807607342,0.584273085397245,"DCXR"
"2980",51184,-0.136318870246312,-0.933674035185126,-1.24262003350571,0.217304372590569,0.437746714460424,"GPN3"
"2981",51185,0.0127646348655184,-1.99734591636825,0.0925402378205124,0.926478884783786,0.966935920777045,"CRBN"
"2982",51187,0.361651539626214,-1.67285119528486,2.61064946604368,0.0106197453376269,0.0692449380127487,"RSL24D1"
"2983",5119,0.162506045112115,1.51732612307747,1.81049674628092,0.0736269902136541,0.228111414065888,"CHMP1A"
"2984",51191,-0.0619410867479837,-1.54497534680961,-0.730794852043719,0.466843111764658,0.679595987446408,"HERC5"
"2985",51194,0.0331945764202515,-2.57015606617338,0.393897441141593,0.694608296383208,0.839297346643944,"IPO11"
"2986",51201,-0.485447139410132,-1.91965470586965,-2.96968290875793,0.00384005682594664,0.0398431688399098,"ZDHHC2"
"2987",51202,0.214245656005491,-0.120868110328918,2.27512838566411,0.0253244166306782,0.117937230105541,"DDX47"
"2988",51204,-0.185217479930674,0.0802110537852772,-2.05661483019027,0.042680581483994,0.163223307880844,"TACO1"
"2989",51205,-0.394185320676922,0.266818253041935,-3.01846936151126,0.00332194807671893,0.0375508605799278,"ACP6"
"2990",51209,0.23184337007223,0.204447317714402,0.859665264076887,0.392306265379933,0.616776004046984,"RAB9B"
"2991",5121,-0.164823592433383,-0.465561173323609,-1.16628799443135,0.246644794907936,0.472184590433424,"PCP4"
"2992",51218,-0.0712215130737426,-1.40343081751749,-0.491211351575112,0.624498160110553,0.799409740721287,"GLRX5"
"2993",5122,-0.8245407700096,3.30507818098121,-3.88476334054964,0.000197763222328335,0.0102870394800959,"PCSK1"
"2994",51225,0.113931403777126,-0.802538066886081,0.877411225177472,0.38264919279739,0.60862937170002,"ABI3"
"2995",51226,-0.0153691148173252,-3.02286742873068,-0.0738961866795183,0.941260474755363,0.973291238889559,"COPZ2"
"2996",51228,0.154433381917428,0.184029908743212,1.92481826899119,0.0574782061545266,0.196655446418441,"GLTP"
"2997",51231,0.0996979134642044,-1.45196214468238,1.09869119846294,0.274895581761198,0.503223704399114,"VRK3"
"2998",51236,0.145600811250435,-1.07179094600614,0.986014663990251,0.326825522642169,0.55925705547188,"HGH1"
"2999",51241,-0.037761830472367,-2.15309894918224,-0.31604886003245,0.752712797650153,0.877040623845321,"COX16"
"3000",51248,0.120496091689888,-0.139007565249691,1.34453961719622,0.182224758831659,0.397616626273986,"PDZD11"
"3001",51251,-0.136773306609717,0.16211960924984,-1.1317476155987,0.260810976209096,0.488215240003485,"NT5C3A"
"3002",51253,-0.198240579117736,1.12316422087615,-2.1628582104324,0.0332601303356357,0.138878013605532,"MRPL37"
"3003",51255,0.388485612310321,-0.24306959240336,3.15680827304578,0.00218387625959006,0.0299210546459014,"RNF181"
"3004",51258,-0.297236876949181,-0.176025923775589,-2.92000399714639,0.00444354120695257,0.0430034543661692,"MRPL51"
"3005",5126,-0.392912215404305,2.91375542099942,-2.02047153437194,0.0463707159314989,0.172813269209193,"PCSK2"
"3006",51263,-0.334939619136154,-0.864513531944767,-3.62454651886517,0.00048377672131981,0.0154421294666649,"MRPL30"
"3007",51264,-0.278363414365222,0.681069435411552,-2.98126878225451,0.00371066123264848,0.0391910551572447,"MRPL27"
"3008",5127,0.357058727026094,-2.95258921397925,2.09915040675167,0.038663907144244,0.153604570907036,"CDK16"
"3009",51271,0.143452265927778,-1.15180432119167,1.17263269613182,0.24410336862582,0.469688550666233,"UBAP1"
"3010",51272,-0.103654301168018,-1.04968236261091,-0.666544591221107,0.506804475433264,0.708118795859179,"BET1L"
"3011",51280,0.016036897342885,0.358785396402342,0.200656569294336,0.84142951489422,0.926402576218963,"GOLM1"
"3012",51287,0.223719232317062,-3.47493648339391,1.00198904326008,0.319092404447026,0.550939290716131,"COA4"
"3013",5129,-0.156209110736768,-2.47142964642254,-1.09942775137692,0.274576105914956,0.503088996449553,"CDK18"
"3014",51290,0.0252374981807606,0.249878085553987,0.352847815686815,0.725045140809252,0.858308018184607,"ERGIC2"
"3015",51291,-0.239403140937724,-4.60096072891765,-1.02237106529897,0.309403834176805,0.539063506720758,"GMIP"
"3016",51295,-0.206912237652153,0.00746184741407303,-2.34489494065626,0.0212792267230327,0.105930165146776,"ECSIT"
"3017",513,-0.271458756300477,3.56885516820611,-2.28905272567944,0.0244667956307689,0.115166557961395,"ATP5F1D"
"3018",51300,-0.0977934979009735,0.00635762887279767,-1.27101596522066,0.207067932120352,0.425647343387382,"TIMMDC1"
"3019",51303,0.719990112434951,2.92277394934541,3.38282781907779,0.00107200141669037,0.0220803513276695,"FKBP11"
"3020",51308,-0.508093849578665,-1.50715587357387,-2.97031505229472,0.00383289061736397,0.0398431688399098,"REEP2"
"3021",51309,-0.348699407159653,1.20914660077849,-3.54392327778863,0.000633262023797833,0.0170369403964335,"ARMCX1"
"3022",51310,-0.00828170465161515,-1.0083531217593,-0.0519597153022456,0.958678397658259,0.981709710514914,"SLC22A17"
"3023",51317,-0.314031267040481,-2.66479655646715,-1.87544842975966,0.0640424551882477,0.209749244936431,"PHF21A"
"3024",51318,0.0897003405321841,-1.55442954737385,0.804931476002156,0.423025700626255,0.643776199986498,"MRPL35"
"3025",51322,-0.120126357153882,-1.45873194930908,-0.914182767433538,0.363115455960279,0.592771266339982,"WAC"
"3026",51324,-0.0756035244459934,-0.976864099005804,-0.66488079172371,0.507863063326237,0.709274967621489,"SPG21"
"3027",51329,0.356871436738862,-0.674811927784755,1.88606640285368,0.0625798724659182,0.207181907872603,"ARL6IP4"
"3028",51337,0.013007996488648,1.74902951824404,0.165918964769232,0.868600803682805,0.938594142861381,"THEM6"
"3029",5134,-0.013393800574756,-2.80468477628956,-0.0979170929829579,0.922220505306086,0.965147393276855,"PDCD2"
"3030",51368,-0.00559575925119401,-0.0339864245506255,-0.0610455139629977,0.951461201885577,0.979548617439395,"TEX264"
"3031",5137,-0.130487973623356,-4.14612176033977,-0.541798957285427,0.589324354150125,0.773536634330113,"PDE1C"
"3032",51371,0.335967060937951,-2.17200059059424,2.01799606705131,0.0466331622081383,0.17340539434548,"POMP"
"3033",51372,0.0353653591877588,0.0186939326476476,0.252948880044708,0.800896858390622,0.905156493611054,"TMA7"
"3034",51373,-0.124738652279203,0.376163379479398,-1.35654396189189,0.178391442538502,0.39189931077356,"MRPS17"
"3035",51375,0.0164830767043237,-0.834820294397717,0.220639761979167,0.825883337903188,0.917858102082653,"SNX7"
"3036",51379,0.0219209892165471,-1.73867071982804,0.239940567172049,0.810933595679797,0.910971638132045,"CRLF3"
"3037",51382,-0.48579858928822,2.68671760829121,-5.02740795862155,2.58982143631675e-06,0.00113545171257944,"ATP6V1D"
"3038",51388,0.320787311262955,-3.37356903303039,1.74212095567937,0.0849763422485259,0.250040646558702,"NIP7"
"3039",51389,0.0346049802868407,-0.235597847221822,0.357303373114567,0.721718995724532,0.856906038751294,"RWDD1"
"3040",5139,0.306861054024495,0.11953124968968,3.02939402031955,0.00321517293033296,0.0369564259295575,"PDE3A"
"3041",51393,-0.0694024318952673,-4.28342599763742,-0.326200703992425,0.745045931130117,0.872265095991994,"TRPV2"
"3042",51397,-0.0476069651924098,-0.0326957064936069,-0.663872186041105,0.508505360071389,0.709687562555295,"COMMD10"
"3043",514,-0.104710955050526,2.59226242260539,-0.714121660207321,0.477039285542827,0.68641602869772,"ATP5F1E"
"3044",5140,-0.243308591036635,-1.38607115102779,-1.55177200033008,0.124301018201351,0.314104425574266,"PDE3B"
"3045",51400,-0.151506671917934,1.05342312495396,-1.66508936606347,0.0994466014547633,0.275012100259517,"PPME1"
"3046",51406,0.041309931736161,-0.45371954176556,0.518575257902222,0.605356743003544,0.785888259000794,"NOL7"
"3047",51412,-0.0756185684812445,0.0727795917676561,-0.903899669336969,0.368513048297451,0.595865693339305,"ACTL6B"
"3048",51421,0.446681500142483,-3.5723439413435,2.30030051339679,0.0237928226740622,0.113297397651973,"AMOTL2"
"3049",51430,-0.233334019196804,-0.541640567677035,-2.60239000328495,0.0108598270550768,0.070083474097794,"SUCO"
"3050",51433,-0.0438570137182143,-0.479511431285569,-0.670255733673513,0.504447527361264,0.70622723194307,"ANAPC5"
"3051",51439,-0.088126615675014,-0.970946392463756,-1.04582932239987,0.298500137141724,0.527271303253133,"FAM8A1"
"3052",5144,-0.248558354575591,-1.47655514651797,-2.12723847242123,0.0361943359147748,0.147029009824545,"PDE4D"
"3053",51441,-0.110264213241737,1.01553287686487,-1.44235962123354,0.152745880781029,0.3583324518045,"YTHDF2"
"3054",51454,0.0236399588374624,-1.01178204773472,0.131952514664386,0.895322667716219,0.950509480714062,"GULP1"
"3055",51463,0.138739556389965,-0.739264698435824,1.88520163740628,0.062697930241303,0.207256069354954,"GPR89B"
"3056",51465,0.0688824787071733,-1.86191426124234,0.490728092300492,0.624838586204414,0.799678741059777,"UBE2J1"
"3057",51466,-0.29900670377494,-1.70268916089784,-3.09904687301547,0.00260582104646261,0.0321263416653941,"EVL"
"3058",5147,-0.150446725328934,-1.10737593907287,-1.673104438553,0.0978533757780236,0.271413578232691,"PDE6D"
"3059",51473,0.211671014600995,-2.06191645561197,0.860732799583044,0.391721113025105,0.616508767114896,"DCDC2"
"3060",51474,0.199266443585948,2.02043631588609,2.09721894693663,0.0388389546650079,0.153802260473431,"LIMA1"
"3061",51477,0.188287366676734,1.89749211634272,2.04256405154312,0.044083997514759,0.166870833688684,"ISYNA1"
"3062",51478,-0.289541661037003,1.13354824411231,-4.13638725530774,8.03770553926294e-05,0.00616692957499949,"HSD17B7"
"3063",51490,0.305386483170454,-1.13528109367117,3.00762145937638,0.00343121486992595,0.0380158788296128,"SPOUT1"
"3064",51491,0.14174495068787,-0.357221016660114,1.79019854099191,0.0768565586438879,0.234699282067753,"NOP16"
"3065",51495,-0.324168719773389,2.6380943604222,-4.19965428092722,6.376116770362e-05,0.00546943006826986,"HACD3"
"3066",51496,0.096698604062559,-2.67721893566768,0.550772309101858,0.583183423499278,0.768877958568605,"CTDSPL2"
"3067",515,-0.218940261850157,4.8068063127416,-3.0459380054618,0.00305951726558299,0.0358383911758557,"ATP5PB"
"3068",51501,-0.181075351983718,0.0900573222989651,-1.90181407981637,0.0604624965569002,0.201914474355959,"HIKESHI"
"3069",51503,0.0336899683826461,0.222179147825714,0.286014771433188,0.775538098138958,0.888770135619291,"CWC15"
"3070",51504,-0.164077760680172,0.472240030622642,-1.25352039686808,0.213331960365139,0.432726891183484,"TRMT112"
"3071",51506,0.108737862589122,1.96422808289325,1.42092434488102,0.15886776867532,0.367004277052733,"UFC1"
"3072",51507,-0.0767563796511412,-1.2741201927152,-0.722119818547474,0.472132755138528,0.682673934285109,"RTF2"
"3073",5151,0.0348124122288986,-2.86708242960949,0.195713379341018,0.845285106637359,0.928181267823892,"PDE8A"
"3074",51510,0.0408704785563672,-0.424784583387638,0.49286602729185,0.623333161612637,0.798597202956958,"CHMP5"
"3075",51517,-0.142562565800618,0.484997895906695,-1.91615970590953,0.0585865170374093,0.198456976586986,"NCKIPSD"
"3076",51522,-0.0459004273439709,2.01454410020702,-0.448210280592876,0.655101530303501,0.819057964140735,"TMEM14C"
"3077",51523,-0.150756578619758,-1.46010683927757,-1.21213669376951,0.228700049956349,0.450067619952571,"CXXC5"
"3078",51527,0.224734831108788,-0.646925884383595,1.43985557132245,0.153451475721895,0.359441277006801,"GSKIP"
"3079",51530,-0.0327424416675985,0.225881949535498,-0.39287035686279,0.695364012693719,0.839325975129315,"ZC3HC1"
"3080",51535,-0.0482382921835639,0.0699347182930592,-0.487382924518448,0.627197278373775,0.801285838855717,"PPHLN1"
"3081",51537,-0.0581008844645042,-0.380010462462248,-0.630964587645465,0.529696822695768,0.724788488616875,"MTFP1"
"3082",51538,-0.0968140196996008,-3.35767012333638,-0.585834109441864,0.559484461703877,0.748336375231727,"ZCCHC17"
"3083",51540,0.344855825393917,1.22191642266981,2.77269744804265,0.00678357262735232,0.0533814984444725,"SCLY"
"3084",51542,0.0390025975232446,-2.63288125774872,0.300608931543328,0.764420801633775,0.883383163553275,"VPS54"
"3085",51548,0.210099841737957,-1.75628864687213,1.33643285749918,0.184848405076999,0.401060272309163,"SIRT6"
"3086",51559,-0.56110055118862,1.54128826624691,-3.79385507385932,0.000271490624992311,0.0121635726730132,"NT5DC3"
"3087",51560,-0.451110813735348,0.800736583331206,-3.55065727858082,0.000619269850299225,0.0170369403964335,"RAB6B"
"3088",51562,0.0564363886678391,-0.932352857470253,0.399901575841432,0.690196722752406,0.836577307317194,"MBIP"
"3089",51564,0.561353571848837,1.50833434815087,3.16229688447125,0.00214728519863826,0.0298752512008635,"HDAC7"
"3090",51566,-0.203352967877695,1.34985212845717,-3.06654765658624,0.00287538768634294,0.0343789485910421,"ARMCX3"
"3091",51567,-0.101560269418506,-0.412642024171696,-0.932442143119954,0.35365585288524,0.584003127524779,"TDP2"
"3092",51569,0.249095424465071,1.46930242450052,1.75524497553668,0.0826927316512765,0.24532043831587,"UFM1"
"3093",51571,-0.0716655308500087,1.9673772419844,-0.867223169116579,0.388175127576811,0.612971168784787,"CYRIB"
"3094",51573,0.210198752130975,-0.552872893375035,2.6801481407537,0.00878212229473451,0.0617464680928756,"GDE1"
"3095",51575,-0.0859049135992742,-2.53997968997745,-0.608533058121041,0.544399430710163,0.737806073238901,"ESF1"
"3096",51585,0.0364681774500253,-0.880325927903975,0.31946320436527,0.750131406091799,0.875509901234353,"PCF11"
"3097",51586,0.0983153804649457,-1.29708595189674,1.36496941922367,0.175737627921609,0.389508421862261,"MED15"
"3098",5159,0.106658346381138,-1.46146964157639,0.516624523410622,0.606712429709389,0.786649956391261,"PDGFRB"
"3099",51592,0.0347979333070205,-0.651489970030972,0.378749216386779,0.705785105708149,0.846378562716778,"TRIM33"
"3100",51596,-0.122823746636549,2.86337472326624,-0.857696972744205,0.393386565002131,0.616909804958338,"CUTA"
"3101",51599,0.0677603000936945,0.724442002227389,0.920142778739834,0.36001020483613,0.590209037736155,"LSR"
"3102",5160,-0.134159343400481,3.3812724398661,-1.66456340963997,0.0995518821445441,0.275116237567818,"PDHA1"
"3103",51601,-0.403432838142455,-2.12225921008035,-2.60346696689876,0.0108282467079799,0.0700355935654168,"LIPT1"
"3104",51604,0.00327030484647306,0.817916065066552,0.0433419631100476,0.965527000657599,0.984998876128901,"PIGT"
"3105",51605,-0.0293716188971767,0.10826737123384,-0.403460760728355,0.687586624043803,0.835393249877447,"TRMT6"
"3106",51606,-0.453913810308385,2.68576993995349,-4.46623917430876,2.35119212470064e-05,0.0032799130139574,"ATP6V1H"
"3107",51611,0.384688025618951,-3.68238435545072,1.99622478476737,0.0489965781637846,0.179248270993535,"DPH5"
"3108",51614,-0.0813505080626454,0.810616811641028,-1.08578345749464,0.28053616346174,0.508325274341038,"ERGIC3"
"3109",51616,-0.0793427818735688,-1.66262141973446,-0.641867949736886,0.522625141346253,0.719451107844501,"TAF9B"
"3110",5162,-0.0982431120560063,3.63681601026059,-1.2788563145526,0.204305278681361,0.422800337338568,"PDHB"
"3111",51621,0.167837804125277,-3.23905099232131,0.85252609659974,0.39623332760494,0.619632898860536,"KLF13"
"3112",51626,0.125706336330739,-1.93566780963899,1.19338007539501,0.235923572684258,0.45885654883506,"DYNC2LI1"
"3113",5163,-0.0712585572113796,-0.152589041299028,-0.794924589742659,0.428793206562382,0.647844797491794,"PDK1"
"3114",51633,-0.00362307355401148,-0.939965091896471,-0.0276948915996823,0.977968122169049,0.989691674836351,"OTUD6B"
"3115",51634,0.0370294823469518,-0.840739846620483,0.353264571114097,0.724733801240863,0.85810495216366,"RBMX2"
"3116",51635,-0.15427804547627,3.45650583247965,-1.97978827930398,0.0508479336139516,0.183377293280134,"DHRS7"
"3117",51639,0.128326590135562,0.703365321740321,1.22953565333109,0.222143831227005,0.444075289653785,"SF3B6"
"3118",5164,-0.0375967878330892,-1.54111057828961,-0.357052222843884,0.721906341867537,0.856906038751294,"PDK2"
"3119",51642,-0.261466495084278,0.269901819426757,-3.37114817928622,0.00111302213385318,0.0225469632263723,"MRPL48"
"3120",51645,0.0600438490968147,1.2877978799838,0.746490263341964,0.457358278604737,0.672076876723934,"PPIL1"
"3121",51646,-0.0237445855415774,-1.58382407522081,-0.218752568316102,0.827348640923795,0.918322037771939,"YPEL5"
"3122",51647,-0.205698125279429,-0.503754612942161,-1.71001063563204,0.0907828777957675,0.260264037323877,"CIAO2B"
"3123",51649,-0.0666127935795376,1.06047752527845,-0.887774415779488,0.377078848611518,0.604018706755291,"MRPS23"
"3124",5165,-0.197495727221236,2.09846982237827,-1.56035458736554,0.122260454606658,0.311125485230376,"PDK3"
"3125",51650,-0.150795578502168,-0.0380600020693783,-1.31964400437718,0.190372135297483,0.407929018319497,"MRPS33"
"3126",51651,0.218297023719696,0.308200140784518,2.01563932969926,0.0468842012786041,0.173882312657445,"PTRH2"
"3127",51654,0.034876252723302,-1.31095886305854,0.359856182748912,0.719815686385881,0.856079961836183,"CDK5RAP1"
"3128",51655,-0.0165818756121334,-5.7011631500788,-0.050438801032247,0.959886870818681,0.982294282216795,"RASD1"
"3129",5166,-0.238355248055558,-0.087009161723307,-0.855838075472632,0.394408504487031,0.617886523874782,"PDK4"
"3130",51660,-0.0172786658584685,1.93083315107993,-0.17134652443116,0.864344153219901,0.937196089308147,"MPC1"
"3131",51661,-0.198932219839535,-1.24964127994191,-1.91282345876602,0.0590183539257713,0.199150443318518,"FKBP7"
"3132",51663,0.0141854185236217,0.730286325553941,0.184527508059836,0.854023653189222,0.932407942902984,"ZFR"
"3133",51667,0.168047343409588,-0.221909139886619,2.18419827910381,0.0316032411044877,0.13415702426598,"NUB1"
"3134",51669,-0.285116843208855,0.283669107144071,-2.80085797783441,0.00626367892623744,0.0517449007392266,"SARAF"
"3135",5167,0.292708970759302,0.225046450246127,2.11172122372997,0.0375411950221342,0.150704941167992,"ENPP1"
"3136",51673,-0.453253391016068,2.89285517768791,-2.84834830787958,0.00546889010425515,0.0485380701450191,"TPPP3"
"3137",51678,-0.222376479962601,1.82731289390472,-2.54956077123974,0.0125149600898827,0.0758310217489635,"PALS2"
"3138",5168,-0.490572568464234,2.04246197131633,-3.31298938091869,0.00134019281572078,0.0239828090463387,"ENPP2"
"3139",51690,0.239187507160681,-0.589394769361561,1.7073327461125,0.0912814462543276,0.260861071680171,"LSM7"
"3140",51691,0.0592746861991134,2.10395812085887,0.458052394873968,0.648042337023799,0.814264864821306,"LSM8"
"3141",51693,-0.147513568375635,0.11831807661566,-1.56582583403232,0.120973589735601,0.308618409724489,"TRAPPC2L"
"3142",51700,0.134708596069165,-1.2681460693159,1.02620413576799,0.307604105700266,0.537147653140322,"CYB5R2"
"3143",51706,-0.266115916788305,3.46888186702376,-3.31780291889789,0.00131985343773718,0.0238975233062856,"CYB5R1"
"3144",51714,-0.0337243463449075,0.908585270140337,-0.440109656790601,0.660935301617426,0.821780300134729,"SELENOT"
"3145",51715,-0.253893343481141,0.272603477042968,-2.89538898338751,0.00477389995263868,0.0444489432216309,"RAB23"
"3146",51720,0.1803678646003,-2.59087746606547,1.31953995248787,0.190406750975132,0.407929018319497,"UIMC1"
"3147",51726,-0.0257934440452652,2.06562156209282,-0.295063705700627,0.768639277418138,0.884663019837339,"DNAJB11"
"3148",51727,-0.0548098035570632,2.34958723144944,-0.772373551702883,0.441959823447206,0.657955225883811,"CMPK1"
"3149",51728,0.0376584318861927,-0.670020217284508,0.36193877458134,0.718264266079845,0.855063239953081,"POLR3K"
"3150",51729,-0.0774725062410186,0.661015466316247,-0.839300465101393,0.403571889716081,0.625890933405329,"WBP11"
"3151",51735,0.0582452922686649,-0.160437027205847,0.576998255724258,0.565411791770885,0.753636824731746,"RAPGEF6"
"3152",51738,-0.44862214291816,-0.261800590926442,-1.49390102044154,0.13877369564157,0.337906011404611,"GHRL"
"3153",5174,-0.304634165792177,0.597032928651124,-2.05560603841209,0.0427800453700277,0.163501817236133,"PDZK1"
"3154",51741,-0.0314916170793091,-1.35586654203953,-0.311885209687213,0.755864504333334,0.878416839921856,"WWOX"
"3155",51742,0.175355329165627,-1.53291913363585,1.56395318569436,0.121412827392316,0.30922486910126,"ARID4B"
"3156",51747,0.0436321371151654,0.382048313459841,0.456685791485852,0.649020621477848,0.814934675325917,"LUC7L3"
"3157",5175,-0.226567007478154,0.211312353459494,-1.53520250998112,0.128316885552489,0.320586624030468,"PECAM1"
"3158",51752,0.115919167002755,0.974909871504219,0.878747416751287,0.381928105821962,0.607977177259764,"ERAP1"
"3159",51755,-0.294745285083451,-2.33073603093206,-3.02467914015212,0.00326085892238343,0.0372730437276179,"CDK12"
"3160",51759,-0.185108604228883,-1.24809065313889,-1.97549980346654,0.0513406644053499,0.184285963812888,"C9orf78"
"3161",5176,-0.305849520167991,0.00771361952741973,-0.718502772588392,0.474348149314441,0.684426173129299,"SERPINF1"
"3162",51760,-0.280926415087477,-0.265571716974545,-2.26641041881334,0.0258747406749249,0.119323184269488,"SYT17"
"3163",51763,0.0572681049338783,-1.6246833237102,0.526419357272263,0.599919380686859,0.780976703850677,"INPP5K"
"3164",51765,-0.0241016169357908,-0.217226596410511,-0.287591411166512,0.774334768870947,0.887888438507355,"STK26"
"3165",51773,0.0317555699878388,-0.442784112916986,0.398285121585757,0.691383377061584,0.837354216338596,"RSF1"
"3166",51776,0.456927726847559,-2.77622586904262,2.28228625057726,0.0248803030673056,0.116807650339219,"MAP3K20"
"3167",51780,0.135105577587005,-0.458880804600334,1.31070268889729,0.193363936388105,0.411392666048593,"KDM3B"
"3168",51805,-0.245621900419523,-0.506544977100782,-2.72752881316765,0.00770032964392585,0.0576397845785571,"COQ3"
"3169",51806,-0.515810160363737,-4.09146438073889,-1.97380848488398,0.0515361057258805,0.184520717853857,"CALML5"
"3170",51807,0.0215355267715132,-2.81972832689526,0.122156624111203,0.903053128027149,0.953652045355099,"TUBA8"
"3171",51808,0.0675377248227268,-0.724497887170608,0.911974403857316,0.364270361455904,0.593389458231513,"PHAX"
"3172",51809,-0.135442694482329,-0.355859730854395,-1.58007215254438,0.117673328162801,0.303351066049253,"GALNT7"
"3173",5184,-0.0368646276157776,2.10978899987441,-0.470209450636004,0.639367049445154,0.808661642178932,"PEPD"
"3174",5188,-0.210332970614993,0.0342625384767003,-2.44839973492394,0.0163305654861802,0.0900550083745649,"GATB"
"3175",5189,0.0464984109564894,1.88012506978323,0.497647650598968,0.619971982019889,0.796106281514242,"PEX1"
"3176",5190,-0.135102124476763,-0.822576523960683,-1.06999356521334,0.287544279120414,0.516325562155623,"PEX6"
"3177",5192,-0.310084528202409,-1.7055703212554,-2.3377147272457,0.0216673441612491,0.106822617238351,"PEX10"
"3178",5193,-0.279236527168986,-0.955253960204077,-2.14022432748927,0.0350995934308802,0.143915367053268,"PEX12"
"3179",5194,-0.256829571299755,-0.880110760201395,-2.90944969613943,0.00458252266477335,0.0437584451386371,"PEX13"
"3180",5195,-0.0637504164666405,-0.824221257184671,-0.60472719291246,0.546914282971835,0.738999127883312,"PEX14"
"3181",52,0.0642443340070979,2.98276784923319,0.702084457125283,0.484476820815149,0.691723360354358,"ACP1"
"3182",5201,-0.0810387185003617,0.627052814883389,-0.607002796407979,0.545409899121459,0.737872153583318,"PFDN1"
"3183",5202,0.0322431900315574,1.79435354519137,0.330864934024755,0.741531956656459,0.870179979465368,"PFDN2"
"3184",5203,0.0219684181621543,-0.774648364297137,0.148495341939668,0.882291145863411,0.945580866666414,"PFDN4"
"3185",5204,-0.162263456567687,0.423571362712323,-1.32138173439383,0.189794728841376,0.407328687282644,"PFDN5"
"3186",5205,0.365934415290599,-2.23320360955115,1.92444511937926,0.0575256017364859,0.196655446418441,"ATP8B1"
"3187",5208,-1.05801569249348,4.91548299558469,-5.49299359740956,3.77692826879514e-07,0.000484910282121705,"PFKFB2"
"3188",5209,0.125422364090237,0.293666224335412,0.776584479995261,0.439483512559629,0.656817579764061,"PFKFB3"
"3189",521,-0.0982228165593515,3.4252070292771,-0.757017241282024,0.451058905852129,0.666490025065086,"ATP5ME"
"3190",5210,-0.252420599718266,0.273755813004353,-3.14844920063292,0.00224072217202369,0.0302001342039521,"PFKFB4"
"3191",5213,-0.342836759689221,3.54205338648589,-3.23061361504623,0.00173720441710916,0.0273000671873785,"PFKM"
"3192",5214,0.102789250011486,1.78119563902629,0.847390161640427,0.399073342058088,0.62164041423513,"PFKP"
"3193",5216,0.188093686406668,4.05065631600795,1.84991775162298,0.0676770424731838,0.217260296391424,"PFN1"
"3194",5217,-0.382776510274496,5.06877443929235,-3.20445882036052,0.00188469053750708,0.0281465462754707,"PFN2"
"3195",5218,-0.0485231247384806,-0.63047506192343,-0.480793234504157,0.631855033579719,0.804970846526629,"CDK14"
"3196",522,-0.371698404061168,-1.32731984822543,-1.88626080220102,0.0625533588239881,0.207181907872603,"ATP5PF"
"3197",5223,-0.145266303159747,4.40909785071629,-1.91813388983376,0.0583322419272844,0.198142391228374,"PGAM1"
"3198",5224,-0.028459022399562,-1.5863490515901,-0.223913960083285,0.82334256731039,0.916304385040641,"PGAM2"
"3199",523,-0.45748082194969,4.02737442357051,-4.85803099717482,5.1117096120583e-06,0.00155180695354026,"ATP6V1A"
"3200",5232,-0.0284631634011748,-0.489290128195784,-0.115608471241516,0.908225889988664,0.957028414206081,"PGK2"
"3201",5238,0.288647762179837,3.21672110746135,2.74598530137639,0.00731287956763514,0.0557595711629124,"PGM3"
"3202",5239,-0.0933215057256465,-0.402001024935582,-0.719931725752273,0.47347224045787,0.683805320454213,"PGM5"
"3203",5241,0.0563146958543932,-1.38770707259783,0.336885451702802,0.737004273341316,0.868228669770729,"PGR"
"3204",5243,-0.0397471891294686,0.677557352124954,-0.276148208623791,0.783080839494559,0.893743063000669,"ABCB1"
"3205",525,-0.303954389029853,-1.14269359983932,-1.89905740498667,0.0608287282753032,0.202696381190994,"ATP6V1B1"
"3206",5252,0.0720407993972534,-0.709273094611539,0.956875916760122,0.341247725172706,0.57284970718643,"PHF1"
"3207",5253,-0.118728871775803,0.448535890154005,-1.37079536156128,0.173920183941515,0.387940247860242,"PHF2"
"3208",5255,-0.198984550507714,-1.2534635072934,-1.79472021095998,0.0761271441226843,0.233167869573371,"PHKA1"
"3209",526,-0.46587905447349,4.4932067509143,-4.8837278650283,4.61415375018113e-06,0.00155180695354026,"ATP6V1B2"
"3210",5264,0.191064094824692,-0.729786087387992,1.34234949139314,0.182930779422938,0.398590388391193,"PHYH"
"3211",5265,0.265860026104608,2.55524054492649,1.29272320527458,0.199486028245905,0.417501750418461,"SERPINA1"
"3212",5267,1.05207297182765,-1.73531004130902,3.4687906001391,0.000811056579401714,0.0195079664748707,"SERPINA4"
"3213",5269,0.176367945613962,3.88366585080786,2.18828919009936,0.031293970670446,0.133669027122615,"SERPINB6"
"3214",527,-0.320574608060289,1.65925676920824,-2.38468586438498,0.0192380095411406,0.0994801201040614,"ATP6V0C"
"3215",5270,-0.154607940811783,1.2917847829751,-0.951534446567819,0.343935772222341,0.575382330308185,"SERPINE2"
"3216",5271,0.226187261208999,0.0674017969135562,2.19307159613031,0.0309357749147419,0.132878786862621,"SERPINB8"
"3217",5272,0.212099424628774,1.08413156043392,1.99511704730251,0.0491195164240999,0.179248270993535,"SERPINB9"
"3218",5274,-0.348019253190799,-0.367744123558292,-2.67140236006586,0.00899629349843032,0.0625359563911272,"SERPINI1"
"3219",5276,0.579454235648804,-0.376558727229462,2.39820704610722,0.0185851051980343,0.0971681224067584,"SERPINI2"
"3220",5277,-0.186587363274375,-2.75705560042924,-0.885116045967618,0.378502884107786,0.605170800378638,"PIGA"
"3221",528,-0.272941846772632,2.3903663741254,-3.49622483882616,0.000741276218764374,0.0184957456535599,"ATP6V1C1"
"3222",5284,0.349218635513471,-1.65556508368596,1.16812675918703,0.245906328552367,0.471679076454508,"PIGR"
"3223",5286,0.0755784016016595,-0.45953391221075,0.96081202895892,0.339275689856202,0.571438022064499,"PIK3C2A"
"3224",5287,0.0909477037144133,-2.29322799198414,0.652628178884257,0.515694961936323,0.714522726041794,"PIK3C2B"
"3225",529,-0.440957839774414,3.7003599906268,-5.19144375632176,1.32620696283842e-06,0.000678354861491852,"ATP6V1E1"
"3226",5290,0.0243665984249422,-3.38182045201814,0.137262305520104,0.891136601109739,0.948617734481911,"PIK3CA"
"3227",5291,0.0938325246113658,-2.53076650159391,0.629212640784526,0.530837693329771,0.725421378193627,"PIK3CB"
"3228",5295,0.0323580295929928,-1.22555062933253,0.262138307227063,0.793826622075709,0.90014923449117,"PIK3R1"
"3229",5296,0.0992839584577367,-1.75805604085614,0.651093571608732,0.516680359822177,0.715564992912573,"PIK3R2"
"3230",5298,-0.0130112865296947,-1.15118949007999,-0.179185992164442,0.858203019242708,0.934311836131916,"PI4KB"
"3231",53,0.120161127758272,1.81399670931131,1.70053963113032,0.0925562341414592,0.263215664375383,"ACP2"
"3232",5300,-0.216205397338542,1.51813734712349,-2.58144369883157,0.0114908324245102,0.0723392096632241,"PIN1"
"3233",5303,0.250907588717078,-0.548961463691325,1.57116294003444,0.119728684104906,0.306333748660239,"PIN4"
"3234",5305,0.0829216817142412,-0.240933822155253,0.903833558042623,0.368547913582187,0.595865693339305,"PIP4K2A"
"3235",5315,-0.0302833045552777,7.16044421938655,-0.382555393614129,0.702970600567288,0.844702978262393,"PKM"
"3236",5316,-0.333672522330098,2.92905047583717,-0.665732897865783,0.507320765718661,0.708678848425385,"PKNOX1"
"3237",5317,-0.374065702937949,-3.0598184325136,-1.485592156412,0.140955893172836,0.341836140772371,"PKP1"
"3238",5318,0.137736966612705,0.70384824206402,0.979518239116954,0.33000553686656,0.562972202692314,"PKP2"
"3239",5319,0.643390653135648,0.0572492615061002,1.76473447225703,0.0810732460908742,0.241919097961004,"PLA2G1B"
"3240",5321,0.0272036306289931,-1.55125557642657,0.250655636044789,0.802663867736327,0.906485891474807,"PLA2G4A"
"3241",5331,0.208727850355385,-0.368443867512641,1.91984326879985,0.0581128275366891,0.197725352228491,"PLCB3"
"3242",5332,-0.377423947537962,0.854374235519454,-3.11372884328454,0.00249191491975046,0.0315794534762054,"PLCB4"
"3243",5333,0.308198975638549,-0.492969828650512,2.96953888633487,0.00384169124709029,0.0398431688399098,"PLCD1"
"3244",53349,-0.0170569958545237,-1.07050033909764,-0.166487980012357,0.868154360312326,0.938487401126639,"ZFYVE1"
"3245",5335,-0.134741371407095,-1.10842114432782,-1.20438122637205,0.23166716772403,0.453579928385995,"PLCG1"
"3246",5336,0.14285180657114,-0.831013161492991,1.30382127702041,0.195690299396604,0.41361813281555,"PLCG2"
"3247",5337,0.0235943865626178,-1.73779306335143,0.195677198492528,0.845313341012635,0.928181267823892,"PLD1"
"3248",53373,-0.116492755370316,-3.95187045755788,-0.642659681095642,0.522113569227087,0.71935647315732,"TPCN1"
"3249",5338,0.424459554267841,-5.18119483865904,1.89422427590151,0.0614753341793503,0.204505319401383,"PLD2"
"3250",5339,0.220457687561931,3.60022360891783,2.72797483434488,0.00769074999045566,0.057638368060338,"PLEC"
"3251",534,-0.125373850282165,-3.07003556174656,-0.604804988377719,0.546862818518309,0.738999127883312,"ATP6V1G2"
"3252",535,-0.486306862534399,3.37895671809008,-3.64367258300284,0.000453587796653932,0.0150493075451991,"ATP6V0A1"
"3253",5351,0.104004494131825,-0.497046209127418,0.973465939328503,0.33298642506288,0.566169162613839,"PLOD1"
"3254",5352,0.262358905046445,1.25245305789769,1.37614862562711,0.172262817409829,0.385893858854574,"PLOD2"
"3255",5355,0.224523294258471,3.48816173783999,1.41861382470063,0.159538771819426,0.367723988519579,"PLP2"
"3256",5357,-0.00972748598631878,1.30382015038212,-0.0949714325799657,0.924553146292963,0.966189694907568,"PLS1"
"3257",5358,0.333717748818085,2.92851058636641,3.16459407509511,0.00213214083045231,0.0298111171237273,"PLS3"
"3258",5359,0.421357246937457,-0.277595585985559,2.55224902404242,0.0124255385107692,0.0755543143150405,"PLSCR1"
"3259",5360,0.354849886785903,0.186440773831634,1.19281670095291,0.23614305012708,0.458975947333761,"PLTP"
"3260",53615,-0.116283913004653,-2.30844142171343,-0.780417755143989,0.437236347812981,0.653997831767248,"MBD3"
"3261",53635,0.0466782364238281,-3.44353559728008,0.355459168847169,0.723095078997584,0.857250084621236,"PTOV1"
"3262",5364,-0.0924567217049117,-1.73250337112726,-0.619243009212011,0.537353989005111,0.731974874503633,"PLXNB1"
"3263",537,-0.400736465036221,2.91369429048365,-3.93875946521941,0.000163484418914412,0.00920612259905192,"ATP6AP1"
"3264",5372,0.12753702880859,-2.97426479986892,0.727232004469884,0.46901151902834,0.680414831602598,"PMM1"
"3265",5373,0.218336288546657,2.06645678420841,2.34490407958004,0.0212787366796451,0.105930165146776,"PMM2"
"3266",539,-0.108605182211322,4.27894544119817,-1.46929120547824,0.145314948263586,0.34811953849754,"ATP5PO"
"3267",53916,-0.113124460648859,1.49787774685768,-1.4266148172275,0.157224451356053,0.365270129607667,"RAB4B"
"3268",5393,0.0408118586349195,0.272993897145345,0.536012435092915,0.593300393213939,0.775815469439105,"EXOSC9"
"3269",53938,-0.134704239948936,0.103340799832323,-0.828351448465904,0.409709416135709,0.630749033418857,"PPIL3"
"3270",53944,0.127108797010357,-2.75874172660861,0.672439552183984,0.503063335805872,0.704977797985489,"CSNK1G1"
"3271",5395,-0.175717429148735,-3.73560748642519,-0.744063612366233,0.458817487966865,0.673639096106796,"PMS2"
"3272",54039,-0.379415361595157,-0.362445938371446,-3.34804483923494,0.00119854915475692,0.0231342601003081,"PCBP3"
"3273",5406,0.57162527922825,3.28254657666847,0.940222166816504,0.349673836959241,0.580394270215203,"PNLIP"
"3274",5407,0.299994679621356,-0.508759779648416,0.709460560215622,0.479911715663343,0.688477404502427,"PNLIPRP1"
"3275",5408,0.413973450514302,1.0420372992452,0.731446166622024,0.466447323500779,0.679595987446408,"PNLIPRP2"
"3276",54097,0.367125969453948,-0.516005550528358,1.81489921185397,0.0729416317927139,0.226576789445181,"FAM3B"
"3277",54102,-0.026993700497747,-1.48792738017612,-0.104119792618801,0.917310894121742,0.963129365056321,"CLIC6"
"3278",54103,-0.117430101378965,-2.89931391641998,-1.02545507232828,0.307955255716357,0.537607895218146,"GSAP"
"3279",54108,-0.020525221039045,-1.53857145434505,-0.132107135376137,0.895200727265179,0.950509480714062,"CHRAC1"
"3280",5412,-0.186405078675447,-0.646549649719501,-1.60917367882778,0.111155247822469,0.293828988429938,"UBL3"
"3281",5413,-0.253728858874586,0.685837313500526,-2.53550007228412,0.0129921831408428,0.0774985618255522,"SEPTIN5"
"3282",5414,0.030334733596427,-2.62670697591463,0.164194687137653,0.869953913408543,0.938952501919866,"SEPTIN4"
"3283",54187,0.092690010453699,3.12200767184601,1.12897397737,0.261972884220639,0.489345576185722,"NANS"
"3284",5420,-0.197123918558013,2.14982922736088,-0.949804839021656,0.344809120803653,0.576215187446997,"PODXL"
"3285",54205,0.029235790021771,3.14656289488593,0.29120372779685,0.771579844696286,0.886219514735368,"CYCS"
"3286",5423,0.0986287048632739,0.287234535415681,1.36483378105337,0.175780112179613,0.389508421862261,"POLB"
"3287",5424,0.154085228153817,-0.682621557157932,1.77988226965635,0.0785424367235124,0.237690717438327,"POLD1"
"3288",5425,0.0722678751891119,-1.75259999933976,0.647111366082457,0.519242024222769,0.71717091464432,"POLD2"
"3289",5428,-0.0815238891382086,-0.5907653845254,-0.936172052692008,0.35174316456944,0.58222321903946,"POLG"
"3290",54331,-0.453595225331412,0.929385947487304,-2.50180655099123,0.0142030146749592,0.0818573747182156,"GNG2"
"3291",54332,-0.628473471029373,1.64251042456982,-5.43901738905742,4.74008095915645e-07,0.000484910282121705,"GDAP1"
"3292",54344,0.146407961923261,1.75540539447171,1.1480311410219,0.254062749752243,0.481753833172465,"DPM3"
"3293",5436,0.187658317132921,-1.13030910473631,2.34251857938156,0.0214069906966235,0.106135790707492,"POLR2G"
"3294",54361,-0.231923511304758,-0.783740671377622,-1.60162469694423,0.112817554522799,0.29618227102692,"WNT4"
"3295",54363,-0.0219488471789457,-2.96851160587245,-0.141093022126342,0.888118496752252,0.947066455202349,"HAO1"
"3296",5438,-0.0874348843057258,-1.42881567636983,-0.471321810199697,0.638575744432013,0.808244658979278,"POLR2I"
"3297",54386,-0.30237452366013,0.217046240965234,-2.89692394909309,0.00475265577680222,0.0444015238325906,"TERF2IP"
"3298",5439,-0.35741896847437,-2.73147993941781,-1.77763863756554,0.0789131133650543,0.238205414333327,"POLR2J"
"3299",5440,-0.00201950758176972,-1.59071516850285,-0.0137610528789823,0.989051722633393,0.994209655579535,"POLR2K"
"3300",54414,-0.0358142878786833,0.511318805868351,-0.400427034088505,0.689811145495495,0.836275096000661,"SIAE"
"3301",5442,-0.237163364805819,-1.36828659481838,-2.31473214399823,0.0229520949947179,0.111455663827198,"POLRMT"
"3302",54431,-0.172557897626493,0.743552904497702,-2.57370018843978,0.0117323596658885,0.0733332216183542,"DNAJC10"
"3303",54433,0.16735120723488,1.31980869963436,1.96636593946196,0.0524036750416293,0.186250004288084,"GAR1"
"3304",54434,-0.0140364679636313,-3.91420434559298,-0.0695424103465998,0.944715444001711,0.976205958801768,"SSH1"
"3305",54436,-0.0366400084098117,-1.19657996136758,-0.465479392356003,0.642736550239727,0.809753067604976,"SH3TC1"
"3306",54438,-0.201255941997192,-0.590393208028564,-2.11046356977262,0.0376522327160025,0.150767567146027,"GFOD1"
"3307",5444,-0.096894649304561,-2.19700867744765,-0.467318080622585,0.641425850166816,0.809753067604976,"PON1"
"3308",54442,0.175252445108054,-1.91320235144707,1.35793805146709,0.177950256115707,0.391430289705263,"KCTD5"
"3309",5445,-0.0413376746885518,0.943783618711991,-0.393242027233416,0.695090506498336,0.839297346643944,"PON2"
"3310",54455,-0.0186630086684545,-1.60225220047155,-0.145397824022773,0.884728844930053,0.945896179452007,"FBXO42"
"3311",5446,-0.694748814785646,-0.060044149206115,-3.77315363401155,0.000291615978907917,0.0125170550946629,"PON3"
"3312",54460,-0.114093078957921,0.196158876319762,-1.37918455616415,0.171328250522275,0.384924158750266,"MRPS21"
"3313",54461,-0.197285501513801,-2.46230267934779,-1.33596857138848,0.184999521506344,0.401246312016234,"FBXW5"
"3314",54467,-0.156234092488149,-0.742844595745688,-2.03102636137903,0.0452658511397528,0.169941878362196,"ANKIB1"
"3315",54469,0.0565453786263688,-2.50171347621536,0.416623453834481,0.677966934744188,0.828791285692059,"ZFAND6"
"3316",54470,0.0492691947103117,-1.20457227445745,0.502674746707526,0.616446939150128,0.792906813181787,"ARMCX6"
"3317",54471,-0.146526182412499,-0.842542169591852,-2.05937995279283,0.0424089676480511,0.162589783525133,"MIEF1"
"3318",54472,-0.275108021926598,1.9877342039858,-2.92967451482094,0.00431961860299676,0.0424900945275547,"TOLLIP"
"3319",54475,0.123291027833194,-0.24580405428819,1.65424658929568,0.101635344518841,0.278002560007417,"NLE1"
"3320",54480,0.102852080197885,-1.6606756200021,0.752976220683887,0.453471138260679,0.667986478648345,"CHPF2"
"3321",54482,0.046755804344877,-4.26170426618293,0.189044840000303,0.850492397938519,0.930808947218703,"TRMT13"
"3322",54487,0.158666813128769,-2.42422778389314,1.27686862467657,0.205003074173471,0.423152414751291,"DGCR8"
"3323",54491,-0.686712369004834,2.23818796405745,-5.24062064695918,1.08296907152357e-06,0.000636677824155262,"OTULINL"
"3324",54496,-0.514397502866924,-2.51891166492891,-2.35603680629931,0.0206891549632874,0.103750027095309,"PRMT7"
"3325",54497,0.0585959872703407,-0.519887374627679,0.734909017514242,0.464346215867873,0.678285833649929,"HEATR5B"
"3326",54499,0.313459147195952,1.13110263027899,2.73124027702495,0.00762094497113425,0.0572629695680077,"TMCO1"
"3327",545,0.0533215942730947,-2.35957471618007,0.450624561201013,0.653366966962706,0.817860794832449,"ATR"
"3328",54502,0.0970183525170482,-0.0467244788853072,1.00888677777494,0.31579120428255,0.547086201492038,"RBM47"
"3329",54503,-0.139261222367919,-0.18093175881164,-1.86196655461404,0.0659407938401513,0.213924203272119,"ZDHHC13"
"3330",54504,0.783667792310045,-0.331924814562381,3.53747722659479,0.000646935643124836,0.0171159093857769,"CPVL"
"3331",5451,-0.0811695069772355,-0.760055389979589,-0.729765845281506,0.467468800525927,0.679750189164545,"POU2F1"
"3332",54516,-0.265946435623799,-1.72983397337581,-2.57279965382572,0.0117607434291808,0.0734358526635931,"MTRF1L"
"3333",54517,0.104625700542065,-0.00788993388778017,1.39100648519581,0.167725806317079,0.379898626568286,"PUS7"
"3334",54521,-0.244050759064208,1.52636206076137,-3.45040782994383,0.000861234017436751,0.0201765435077358,"WDR44"
"3335",54534,-0.261535838606301,0.837606183437803,-2.14272559400783,0.0348920640127737,0.143310219747162,"MRPL50"
"3336",54539,0.22865537049834,2.49307556592641,0.816789089769039,0.416251669556401,0.636351867431429,"NDUFB11"
"3337",54545,0.243602751096548,-1.41976606983047,2.25324337860183,0.0267258521485286,0.12170850260363,"MTMR12"
"3338",54550,-0.177885750825912,-1.17722047754407,-0.831589699239017,0.407888344451881,0.629366178543401,"NECAB2"
"3339",54551,-0.153230797064591,-2.09694642850236,-0.961409717637242,0.338976892788076,0.571438022064499,"MAGEL2"
"3340",54552,-0.0827151170009954,-1.88178625004675,-0.326158790147178,0.745077533119261,0.872265095991994,"GNL3L"
"3341",54554,-0.12643908757289,-3.32813728326516,-0.850407563493114,0.397403304420094,0.6205193290589,"WDR5B"
"3342",54555,0.227006769304479,-2.11102963229756,1.72427465228103,0.0881646162949729,0.255744052371712,"DDX49"
"3343",54557,-0.258271519493882,-1.47035432323704,-2.13471251385152,0.0355606930279715,0.145320595077023,"SGTB"
"3344",54566,0.315584174173355,-1.50581397048585,3.01463853080582,0.00336016107009074,0.0376221643399426,"EPB41L4B"
"3345",54583,0.174566529155175,-0.116918676779188,1.79570141367114,0.0759696218171895,0.233034252230839,"EGLN1"
"3346",54585,-0.151515783360202,0.958799349530956,-1.8613551321141,0.0660279926376212,0.214093934923254,"LZTFL1"
"3347",54602,0.440931809592515,-2.26512666328369,2.19174508010837,0.0310347686750878,0.133117687021446,"NDFIP2"
"3348",54606,0.123585658361394,-0.230152307134074,1.54050260011115,0.12702131733372,0.318487273608813,"DDX56"
"3349",54617,-0.116034394793754,-3.55589150806581,-0.675633556385378,0.50104252957779,0.704342445187645,"INO80"
"3350",54622,-0.232346179833335,0.672883094941879,-2.14484479878509,0.0347170688557964,0.142937974433036,"ARL15"
"3351",54623,-0.079306873646037,0.254628597590927,-1.02071025057503,0.310185823888249,0.539813038567074,"PAF1"
"3352",54625,0.185876021561219,-1.21749736193135,1.83203178240022,0.0703248467541988,0.221986547195648,"PARP14"
"3353",5464,0.00108904213072325,3.00806474850703,0.0150381786243268,0.988035717075381,0.993600780733264,"PPA1"
"3354",54662,-0.132284089947336,-0.254757693935347,-1.58306043548183,0.116990272005178,0.30285311244891,"TBC1D13"
"3355",54663,0.309018556554025,-0.864632555784899,2.07747963043351,0.040667529651829,0.158185866288293,"WDR74"
"3356",54664,-0.0397844133017093,0.60799510217777,-0.479847487924817,0.632524737631595,0.805317743120252,"TMEM106B"
"3357",54665,-0.0325643878234523,-2.02181562928745,-0.244869442187769,0.807126837674024,0.908850583313733,"RSBN1"
"3358",54677,-0.0131684243796195,-1.45503673049315,-0.14470684361466,0.885272788193429,0.945896179452007,"CROT"
"3359",54681,-0.248201913197873,-0.563440622850811,-1.6812784098433,0.0962499912474968,0.26913104501992,"P4HTM"
"3360",5469,-0.102429080583852,-1.62260482274649,-0.903146542582945,0.368910350273118,0.595865693339305,"MED1"
"3361",547,-0.176707665638558,1.3530074171957,-1.95161816894949,0.054159531340527,0.189723675463912,"KIF1A"
"3362",54700,-0.114478873830386,-1.62209720498234,-0.906670360516741,0.367053739181561,0.59509215548263,"RRN3"
"3363",54707,0.0919473841422986,-5.7703781725322,0.385657609013941,0.70067970182026,0.842627744861433,"GPN2"
"3364",54726,-0.0644819821861645,-0.596419903935112,-0.669659805960826,0.504825604665816,0.706312186536633,"OTUD4"
"3365",54732,0.156544178353562,5.15268899505808,1.7151386363273,0.089834366149611,0.2588748072424,"TMED9"
"3366",54734,-0.426201644964581,-0.886341654519148,-3.21046649509515,0.00184981355650292,0.028071045673263,"RAB39A"
"3367",54749,-0.0830159740901,1.6159461543293,-0.514753111968729,0.608014285303399,0.787191273582738,"EPDR1"
"3368",54751,0.351119988811524,-0.259086737299395,2.80868662545277,0.00612577215627729,0.0515774890195199,"FBLIM1"
"3369",54758,-0.00493076083339483,-0.691655461099038,-0.0501362354748502,0.960127291666169,0.982294282216795,"KLHDC4"
"3370",5476,-0.090393955969269,1.14509081944284,-0.832651394790817,0.407292355864811,0.629079134448468,"CTSA"
"3371",54776,-0.25736783505005,0.059696744691095,-2.87005839892921,0.00513733930151916,0.0463996055773999,"PPP1R12C"
"3372",5478,0.159006150443268,5.50515645934827,2.253692873193,0.0266963964652197,0.12170850260363,"PPIA"
"3373",54780,0.0763053435792438,-1.67758839324118,0.676995366237982,0.500182261715106,0.703832811189207,"NSMCE4A"
"3374",54784,-0.0613170407644502,-0.866297599060444,-0.719125592910997,0.473966266370632,0.684196835132394,"ALKBH4"
"3375",54785,-0.222062081266294,-0.0199428850931646,-2.37456932707939,0.0197397657906852,0.100441267099484,"BORCS6"
"3376",5479,0.162735187613537,6.41583159550254,1.90652472018017,0.0598409774468687,0.20038402595138,"PPIB"
"3377",54795,0.224771914567534,-2.82301700015314,1.28672028416991,0.201561793524641,0.419766366890013,"TRPM4"
"3378",54797,0.0632969193418458,-1.45414459026639,0.63475131659434,0.527235237139187,0.722769682463815,"MED18"
"3379",5480,0.645683163191056,-0.745872874126865,2.79665344884854,0.00633891217991302,0.0520163675939921,"PPIC"
"3380",54802,-0.236888980972027,-0.810238855556328,-1.38281247348287,0.170216518605685,0.383408804110714,"TRIT1"
"3381",54805,-0.181890691337321,-4.50094798675347,-0.848568700738395,0.398420546799867,0.62164041423513,"CNNM2"
"3382",54808,-0.0181937418075824,-0.0205268257520299,-0.251383424757558,0.802102974312262,0.906019149121948,"DYM"
"3383",54809,-0.0624049249623162,-1.41113531726114,-0.550601377756991,0.583300116698317,0.768877958568605,"SAMD9"
"3384",5481,0.068612064409329,0.587488536713929,0.764232876751134,0.446770052860436,0.662225207548263,"PPID"
"3385",54810,0.84262005905704,-0.47588766056087,2.43557400719439,0.016882139190951,0.0913779280018143,"GIPC2"
"3386",54812,-0.00708046270418361,-1.4749302110162,-0.0791089753755561,0.937125314439015,0.973289834852144,"AFTPH"
"3387",54814,0.143484516445813,0.184243604329324,1.17043490411419,0.244981587947398,0.470351385965054,"QPCTL"
"3388",54815,0.0912094806173091,-0.12071866106369,1.12091475393928,0.265369605975319,0.493939353999715,"GATAD2A"
"3389",54816,-0.0363187390897632,-2.41332279319691,-0.240288184694937,0.810664967165498,0.910971638132045,"ZNF280D"
"3390",54819,-0.0201153085194943,-1.32537864242639,-0.141783169707835,0.887574924621944,0.946972864128193,"ZCCHC10"
"3391",54820,0.161666009138163,-3.51753927772347,0.900782453139671,0.370159253741154,0.597039352219391,"NDE1"
"3392",54828,-0.0737605598931639,-1.52267086450999,-0.828967167117774,0.409362780776011,0.630373494330947,"BCAS3"
"3393",54832,-0.159076158493532,1.79476874657304,-1.87381430753311,0.0642700783364462,0.20994664227201,"VPS13C"
"3394",54836,0.132000521557856,-0.314594131778983,1.96774556331953,0.0522419223811286,0.185974807354234,"BSPRY"
"3395",54840,0.0787904815482981,-0.442248862696727,0.9066570275685,0.367060752795249,0.59509215548263,"APTX"
"3396",54842,-0.159874499749789,-0.492292570702583,-1.54504363452526,0.125919549816095,0.316759916709505,"MFSD6"
"3397",54847,-0.544071414900231,-0.344234244472909,-3.18865067883963,0.00197941996269108,0.0285203749553941,"SIDT1"
"3398",54853,-0.00974803561278348,-1.4372110113116,-0.102695675815236,0.918437845986087,0.963653247634633,"WDR55"
"3399",54856,-0.0579985435550675,-0.757597823904327,-0.409845675930783,0.682913792878973,0.832682729577102,"GON4L"
"3400",54858,0.204057287284984,-2.17428304140692,1.45046849369368,0.150478174049687,0.354971188438501,"PGPEP1"
"3401",54859,-0.284654211407386,-1.4821123168354,-3.8741691141075,0.000205250547153532,0.0104985654869032,"ELP6"
"3402",54861,-0.279996918197758,-1.58837528956337,-1.83779399423208,0.0694625366011998,0.220455558251378,"SNRK"
"3403",54862,0.222845873089509,0.333653962058926,2.71185623017086,0.00804392939468898,0.058778141219763,"CC2D1A"
"3404",548645,0.192524339427703,-1.43660766241114,1.73064780563924,0.0870149589752851,0.253969480832287,"DNAJC25"
"3405",54867,0.572030977544032,0.96658144843186,4.0069975718459,0.000128240054230984,0.00805487138627431,"TMEM214"
"3406",54868,-0.0981299173563006,-1.68395561422242,-0.675299438972959,0.501253716386288,0.704342445187645,"TMEM104"
"3407",54869,0.449093093066478,-3.59697191106963,1.40293557256154,0.164149649644324,0.375312973377302,"EPS8L1"
"3408",54870,-0.0621139319716676,0.197003717713675,-0.722566671532905,0.471859466381471,0.682439539267075,"QRICH1"
"3409",54872,-0.212134784843795,-1.01519361418351,-2.4455107415781,0.0164533828231682,0.0904125906612413,"PIGG"
"3410",54873,-0.00314272326785736,-1.3156585337546,-0.0228458502903662,0.981824887390732,0.990679344233738,"PALMD"
"3411",54876,0.0752122369105601,-2.17950306766772,0.565951751711601,0.572864985888122,0.760433668551318,"DCAF16"
"3412",54878,-0.166061085971802,-1.80358358613955,-1.26687682143211,0.208537490771659,0.426952341012823,"DPP8"
"3413",54883,0.114634437922128,-2.05059767935801,0.747971715875418,0.456468746555429,0.670930355928454,"CWC25"
"3414",54884,0.345527807809708,0.522496801485861,2.97297402858864,0.00380288260144595,0.0398329239038827,"RETSAT"
"3415",54885,-0.101353463690305,-0.428623064317058,-1.21191017896036,0.22878631894197,0.450093085149299,"TBC1D8B"
"3416",54887,-0.0497861725407338,5.07274394110345,-0.67575446662307,0.500966117221639,0.704342445187645,"BLTP3A"
"3417",54890,-0.0859589887628243,-0.0720852244902125,-0.995767975355294,0.322089392636137,0.554087637892547,"ALKBH5"
"3418",54899,0.0205472789388792,-1.1368119489345,0.178050464600288,0.859092016311864,0.935113813818447,"PXK"
"3419",54901,0.179003670332225,-0.987853535329611,2.43134199040635,0.0170677536868261,0.0920006588410442,"CDKAL1"
"3420",54903,-0.0470187541903093,-2.16312203312895,-0.197443608605066,0.843935127729865,0.927253366415027,"MKS1"
"3421",54904,0.145308844745711,-0.94473174957437,1.65519521431356,0.101442308999347,0.27772207521766,"NSD3"
"3422",54906,-0.160565064988744,-0.588775302083468,-0.829243058787194,0.40920751773245,0.630292532959041,"TASOR2"
"3423",54910,0.206307409026788,0.17397026964238,1.8405157956891,0.0690583023020473,0.219688291982574,"SEMA4C"
"3424",54913,-0.0525547500545505,-1.88749082835589,-0.474934999750981,0.636008301735035,0.806978924056059,"RPP25"
"3425",54916,-0.200804060755155,-2.11755556523842,-2.07767746606208,0.0406488408879783,0.158185866288293,"TMEM260"
"3426",54920,-0.0382000659168633,-2.1024704536663,-0.369261250684903,0.712818821485108,0.851918186909845,"DUS2"
"3427",54922,-0.0902601765489263,-0.931582499916925,-0.476155010406403,0.635142394020683,0.806976612398872,"RASIP1"
"3428",54926,0.105167885208235,0.884165378857794,1.2574917376518,0.211898015313018,0.43067219138785,"UBE2R2"
"3429",54928,-0.349575683304972,1.90482117824293,-4.62084155201949,1.29811752693649e-05,0.00247454902057905,"BPNT2"
"3430",54929,0.259033024555882,-1.38556012654845,2.49227978945488,0.0145632689295641,0.0834634404198549,"TMEM161A"
"3431",5493,-0.0423890823475832,1.54248153557419,-0.403897937384966,0.687266284335606,0.835393249877447,"PPL"
"3432",54934,-0.172811500617572,-6.03779075929452,-0.692673886025856,0.490335658814372,0.695096076783197,"KANSL2"
"3433",54935,0.274865584587097,0.661585760901414,2.63279393434136,0.0099995703292813,0.0670058544553806,"DUSP23"
"3434",54936,-0.0455296278683353,1.6147761185539,-0.607534037986606,0.545059000354522,0.737872153583318,"ADPRS"
"3435",54938,-0.0861309078802464,0.787866171781211,-1.05835945293948,0.292784172185912,0.521880639850617,"SARS2"
"3436",54940,-0.168991376501653,3.03446643585912,-2.45951865735648,0.0158654851839003,0.0882086486039672,"OCIAD1"
"3437",54946,-0.242059533439699,-1.65921303653326,-1.97832337788763,0.051015790720287,0.183472730666146,"SLC41A3"
"3438",54947,0.452095384316763,-2.03033175134529,2.21827832959775,0.0291063858898805,0.127884750602782,"LPCAT2"
"3439",54948,-0.279467397710515,0.652635077115387,-3.31413957620894,0.00133530615068247,0.0239652314411958,"MRPL16"
"3440",54951,-0.0257539052205569,-1.19195186988262,-0.239548348500941,0.811236717828243,0.910971638132045,"COMMD8"
"3441",54952,-0.0309314481652435,-0.513227979591725,-0.284356393214535,0.776804403917763,0.889090211737041,"TRNAU1AP"
"3442",54954,-0.246738172837439,0.560546337286866,-2.60517475256619,0.0107783386286187,0.0699650792115803,"FAM120C"
"3443",54958,-0.0173651804353755,-0.612571986698653,-0.140888200978806,0.88827982772889,0.947066455202349,"TMEM160"
"3444",5496,0.0437430769084677,1.29908576119036,0.527389690822181,0.599248331272262,0.780931264829967,"PPM1G"
"3445",54960,-0.0132401600362329,-1.17061949915694,-0.0740977506200114,0.941100549013926,0.973289834852144,"GEMIN8"
"3446",54961,0.233740073719751,-0.697224468797698,2.88422773487042,0.00493102112720205,0.0453649824061617,"SSH3"
"3447",54968,-0.159387351477012,1.69668276761517,-1.78175268082387,0.0782345234724764,0.237489369472829,"TMEM70"
"3448",54969,0.00715708488674505,0.645694575011534,0.0728384494526484,0.942099748580511,0.973994990194909,"HPF1"
"3449",54971,0.00374687194106005,-1.80225608980837,0.0369174972961968,0.970634291619686,0.98703666036475,"BANP"
"3450",54974,-0.0582263200422828,-0.604849640913882,-0.71179094599099,0.478474403931375,0.687470948345219,"THG1L"
"3451",54976,-0.11271416430115,-0.269644967762305,-1.12541822403372,0.263467743218799,0.491091712079255,"ADISSP"
"3452",54978,-0.188651703442499,-0.082753687008697,-1.48448491270744,0.141248709006477,0.342334148917871,"SLC35F6"
"3453",5498,-0.162592425115357,1.69520292692989,-1.9139861366505,0.0588675552167435,0.198969743348222,"PPOX"
"3454",54981,-0.0782123825353414,-1.54285776871313,-0.590688275124721,0.556241257222367,0.74611207098577,"NMRK1"
"3455",54982,-0.215886478875346,-1.07992085634474,-1.87222806309788,0.0644916817455049,0.210334719741716,"CLN6"
"3456",54987,-0.0130085535990074,0.42392169606293,-0.132278364211321,0.89506569188261,0.950509480714062,"CZIB"
"3457",5499,0.37858759512258,1.30450393878524,3.5871249193298,0.000548439640516387,0.0160301072070932,"PPP1CA"
"3458",54994,0.0295350111189814,-2.40903221997743,0.19780667400724,0.843651911801125,0.927186290892624,"GID8"
"3459",54995,-0.213074651254839,-0.785215049679878,-2.71381367423245,0.00800026512456118,0.0586239974616962,"OXSM"
"3460",54996,0.318344474664594,0.756708237457921,2.68567930758409,0.00864907477354996,0.061302564618995,"MTARC2"
"3461",54997,0.243981396668825,-0.393276906067121,2.32731265699548,0.0222407295348371,0.108949399748468,"TESC"
"3462",55,-0.527501961751876,1.19054072233236,-3.16021990193069,0.00216106411423646,0.0298752512008635,"ACP3"
"3463",550,0.170520276173633,-0.0350844646052921,2.0243055467414,0.0459667347867534,0.171411797157407,"AUP1"
"3464",55002,-0.42473835515673,-1.51995642491084,-3.13296714832797,0.00234966622289263,0.030949037073208,"TMCO3"
"3465",55003,0.298845036817218,-1.18529556358316,2.81478449854745,0.00602028701109284,0.0510393945774694,"PAK1IP1"
"3466",55004,-0.15626983042359,1.30438580794476,-1.73382646366731,0.0864461751070733,0.253152014698099,"LAMTOR1"
"3467",55005,-0.212650325661429,-0.365526402630926,-1.5570353551329,0.123046442781916,0.312015040460022,"RMND1"
"3468",55006,0.032189475238126,-1.53618183256104,0.257511996548841,0.797383937075566,0.902515693485124,"TRMT61B"
"3469",5501,0.0832965081457002,1.54065550721721,0.871397910291671,0.385904821008052,0.61150455045427,"PPP1CC"
"3470",55011,0.0203100867161184,-0.448469508622531,0.21621664187995,0.829318611742492,0.918874020466012,"PIH1D1"
"3471",55013,-0.13246728548877,-1.89294770118278,-1.26734691367353,0.20837020356629,0.426752188685315,"MCUB"
"3472",55014,0.0668364016183891,-0.00351516578641763,0.975338916432608,0.332062060119281,0.565223772881904,"STX17"
"3473",55015,-0.150730086346271,2.00562220926011,-1.05738833239971,0.293224485755526,0.522138640431511,"PRPF39"
"3474",5502,-0.353728028148242,-0.658402381686725,-2.30367239799705,0.0235939944519423,0.112964070160704,"PPP1R1A"
"3475",55020,0.0649514710619293,1.03829678483863,0.443333268886689,0.658611238743592,0.820323819685099,"TTC38"
"3476",55023,-0.0640489356241003,0.183748987552759,-0.673219025973642,0.502569768864789,0.704814836105282,"PHIP"
"3477",55027,0.00511443818911372,-1.08616294610842,0.0598590253395819,0.952403458065028,0.980025553328272,"HEATR3"
"3478",55028,-0.254353421938131,-0.847969602381897,-2.27430867480126,0.0253757186911579,0.118086551422538,"MTNAP1"
"3479",55034,-0.534999212601121,0.274172712847589,-1.77572580367336,0.0792302798711455,0.238515341160984,"MOCOS"
"3480",55035,0.0502885699849722,-2.0575110294478,0.522529831297875,0.602612708705688,0.783984062322067,"NOL8"
"3481",5504,-0.183159822044397,-0.235259983113333,-1.49208589498343,0.139248137634757,0.338765385969933,"PPP1R2"
"3482",55048,-0.017103780538825,-0.798777254943209,-0.201336127234334,0.840899773016259,0.926041875835945,"VPS37C"
"3483",55051,-0.0658914485422988,-1.71358825609005,-0.724516124067596,0.470668247613619,0.681397591056397,"NRDE2"
"3484",55052,-0.285570788936058,-0.495055277421379,-3.0362825312501,0.00314949061835849,0.0365436170425036,"MRPL20"
"3485",55066,-0.107356695464829,0.942337392391876,-1.35474340969175,0.178962486291133,0.392844213900179,"PDPR"
"3486",55074,0.170107898642457,-1.28137333088967,1.37919083932037,0.171326320355797,0.384924158750266,"OXR1"
"3487",55075,0.143024565230166,-0.843759005828293,1.65349474670446,0.101788548039083,0.278297598157634,"UACA"
"3488",55080,-0.00266913722086348,0.00330148599847706,-0.0187381919292556,0.98509232314676,0.992367746508257,"TAPBPL"
"3489",55082,0.150453014007188,1.92816866773675,1.93684598930226,0.0559680997878569,0.19386594426659,"ARGLU1"
"3490",55086,-0.301606746994773,-1.56820080201659,-1.92834827032872,0.0570314748568359,0.195892105579887,"RADX"
"3491",55089,-0.0311817633372842,-1.64805342552527,-0.156323012798246,0.876135992660406,0.942431027710581,"SLC38A4"
"3492",5509,-0.0126576748114235,-1.12897915268531,-0.132082134094505,0.895220444165607,0.950509480714062,"PPP1R3D"
"3493",55094,0.0506674499532442,-3.97569418402205,0.245902570878845,0.806329498388226,0.908529184747043,"GPATCH1"
"3494",55095,-0.119557910832461,-0.783306332484888,-1.15712129279619,0.250349809613243,0.477071447192203,"SAMD4B"
"3495",55101,0.141450799398444,-1.75972917677658,0.793547188942234,0.429590702656871,0.648488186735349,"DMAC2"
"3496",55102,-0.00703923726282563,-0.648772441944277,-0.0937230185664345,0.925541954008124,0.96661309728265,"ATG2B"
"3497",55103,-0.146929905055016,-2.57522387566199,-0.808593029798913,0.420926948525537,0.641581725862863,"RALGPS2"
"3498",55108,-0.0568825013940146,-0.365312513487396,-0.529313967340118,0.597918591841449,0.779860670786828,"BSDC1"
"3499",55109,-0.178232532275267,-4.75393173369216,-1.06727747128701,0.288761786642642,0.517343796384278,"AGGF1"
"3500",5511,0.0131837570569049,0.10449566163429,0.173861840342403,0.862372825572578,0.936029072212995,"PPP1R8"
"3501",55112,0.0122609562221663,-2.64326564375528,0.0785076981997805,0.93760220507763,0.973289834852144,"DYNC2I1"
"3502",55119,0.0671674777600401,-0.948883191498179,0.465198588943443,0.642936819346026,0.809839153939238,"PRPF38B"
"3503",55125,0.448623899442174,0.401536431936187,2.52799841211312,0.0132534327108934,0.0784132881690401,"CEP192"
"3504",55132,0.123720214893814,-2.2958176574469,1.00818066634964,0.316128091800465,0.547115699155524,"LARP1B"
"3505",55133,-0.153207219683245,0.469457280791874,-1.96107224791974,0.0530282866476132,0.187600935702046,"SRBD1"
"3506",55135,-0.218109467973928,-1.7057284821587,-1.61675803750547,0.109505010905064,0.290888426261818,"WRAP53"
"3507",55139,0.134543523971945,-1.81357244812633,1.21008702252551,0.229481532861396,0.451027104932196,"ANKZF1"
"3508",55144,-0.214793365276309,-2.309964006309,-2.02621919125463,0.0457662288892951,0.171079849526488,"LRRC8D"
"3509",55147,-0.195883451452049,-3.34986231392974,-1.58285950786409,0.117036100151322,0.30285311244891,"RBM23"
"3510",55148,0.0146405701622714,-0.241702127273699,0.197147475334222,0.844166147202211,0.927253366415027,"UBR7"
"3511",55149,-0.168496143451496,0.463624515726845,-2.20928074353789,0.0297482252039937,0.129499720781641,"MTPAP"
"3512",55151,-0.162519742859111,0.127461791387877,-1.77501267199123,0.0793487935546266,0.238746517077597,"TMEM38B"
"3513",55154,-0.00623713938900683,-0.601600291482488,-0.076316682594965,0.939340155423013,0.973289834852144,"MSTO1"
"3514",55156,-0.223191728186537,0.820153305026576,-3.28396711988028,0.00146919136773039,0.0249803230335987,"ARMC1"
"3515",55157,-0.102819516793098,1.04186764884575,-1.33506130519994,0.185295087940231,0.401539452318671,"DARS2"
"3516",55160,0.0365380494510982,0.139825777290588,0.521609853252028,0.603250562587491,0.78464758490401,"ARHGEF10L"
"3517",55163,-0.0984910954212128,2.01405129905853,-1.20107671411622,0.232939833193588,0.455490505301766,"PNPO"
"3518",55167,-0.126810609987983,-2.86551221645911,-1.01609818013717,0.312364358780613,0.542485330913282,"MSL2"
"3519",55168,-0.106241676123368,0.971927771653689,-0.98200279843123,0.328786941158357,0.561830246333518,"MRPS18A"
"3520",55170,-0.0238574531767473,-0.303533558699823,-0.266630731710383,0.790376425340771,0.898061921277611,"PRMT6"
"3521",55173,-0.0580790602035944,0.0352656837825588,-0.687372974854583,0.493652889122726,0.698461940822877,"MRPS10"
"3522",55174,0.059305165443614,-0.382655550788043,0.773460223756066,0.441320010234352,0.657640743583018,"INTS10"
"3523",55178,-0.103965377614367,-0.115049285691133,-1.06190896977252,0.291178636172622,0.520224045705617,"MRM3"
"3524",55181,0.0698501372134197,-1.92722956166854,0.661535711863603,0.509994927875654,0.710659599682104,"SMG8"
"3525",55182,0.173852734761988,-1.6453700285786,1.35533024041311,0.178776221680058,0.392604096126009,"RNF220"
"3526",55183,0.191529315560057,0.499007733168389,1.80931840363611,0.0738113358759665,0.228361450988607,"RIF1"
"3527",55187,0.159478147041034,-1.41575814200438,2.27238882788666,0.0254962315079488,0.118409779578329,"VPS13D"
"3528",55188,-0.249037541605055,-1.0983112281545,-2.30105712849351,0.0237480795430693,0.113297397651973,"RIC8B"
"3529",5519,0.236998825765354,-0.895173990631226,2.70146849301277,0.00827929867646868,0.0597862767954879,"PPP2R1B"
"3530",55190,0.115615200293002,-2.36727840669312,0.837117810887535,0.404790898869921,0.626839005499321,"NUDT11"
"3531",55191,-0.0177997673303345,0.270539619353584,-0.237764669463378,0.812615578202636,0.911519447918088,"NADSYN1"
"3532",55192,0.042899084071096,-0.35490889382984,0.487649165072139,0.627009408565269,0.801285838855717,"DNAJC17"
"3533",55194,0.0719783761344591,-0.66578263431768,0.651231312145862,0.516591873718074,0.715564992912573,"EVA1B"
"3534",55198,-0.13440748842059,1.68996663929699,-1.77040244921225,0.0801184978640892,0.239811188538162,"APPL2"
"3535",55205,-0.294835171238842,-5.75137622573895,-1.18454771203206,0.239381364931689,0.463331374672225,"ZNF532"
"3536",55206,-0.158666205192952,-1.29014277285299,-1.65995720389954,0.100477775161029,0.276437733724067,"SBNO1"
"3537",55207,-0.17368245592251,4.22356023148805,-2.65299156231092,0.00946272490064345,0.0646167603470449,"ARL8B"
"3538",55212,-0.164276580897341,-0.963246835955385,-1.96425405249358,0.0526521060458454,0.186998507015565,"BBS7"
"3539",55217,-0.253362894784398,0.322342513777674,-2.54043712870902,0.0128227846091037,0.0768646511461753,"TMLHE"
"3540",55222,-0.252286062941136,-0.316618500866711,-2.12920187756412,0.0360269391964184,0.146737460376653,"LRRC20"
"3541",55225,-0.0210139534658638,-1.02000861090261,-0.184474325795777,0.85406524430322,0.932407942902984,"RAVER2"
"3542",55227,0.244340697446715,-2.03216668022911,2.1589180123996,0.0335741891947632,0.139822636684877,"LRRC1"
"3543",55230,-0.0919176769398879,-1.61081331557558,-0.844021059876622,0.400943102654756,0.623039959684844,"USP40"
"3544",5524,0.000226986396677731,2.78393697274486,0.00261445446455547,0.997919879128166,0.998195792469513,"PTPA"
"3545",55240,-0.0275601900547798,-0.275567643324443,-0.192707936099116,0.84763114375077,0.92966651309196,"STEAP3"
"3546",55245,-0.228788544782347,0.297557898126056,-2.63146667103119,0.010035796494211,0.0671705440947065,"UQCC1"
"3547",55246,0.145315279815438,-0.690959417635837,1.86290638654808,0.0658069467409996,0.213602876306851,"CCDC25"
"3548",55251,-0.123175510704225,-1.19781656888901,-1.03815923283882,0.302036216170772,0.530898709867182,"PCMTD2"
"3549",55252,0.048276435013062,-3.63973945005616,0.259756567756004,0.795657476426944,0.901262935082006,"ASXL2"
"3550",55253,-0.0426309080189429,-1.16878822402133,-0.396292593282774,0.692847172228775,0.838364891372138,"TYW1"
"3551",55255,0.120224187248543,-1.00696182874136,1.45239142763675,0.149944259555446,0.354119994286776,"WDR41"
"3552",55256,0.0916028514024665,-1.68320724961137,0.75925176960409,0.449728212224974,0.665164281117322,"ADI1"
"3553",55257,0.155479088712485,-4.48853376229417,0.653161000785038,0.515353059901134,0.71421022390453,"MRGBP"
"3554",55258,0.01524793616333,-2.44653594351171,0.0773031104248577,0.938557667439044,0.973289834852144,"THNSL2"
"3555",5526,-0.0611445902451992,-1.50367087214997,-0.63667682845265,0.525985827223683,0.721775320254631,"PPP2R5B"
"3556",55260,-0.180767047716579,-2.56460112267444,-1.37245904042525,0.173403817702874,0.387319007663843,"TMEM143"
"3557",55262,-0.353454763025369,-0.0173876048874192,-1.49385851149153,0.138784792237052,0.337906011404611,"TRAPPC14"
"3558",55268,0.203335390311003,-0.146292404137498,1.73299439760418,0.0865947677727804,0.253466230133203,"ECHDC2"
"3559",55269,-0.0568351672602501,1.91291629423084,-0.70478965804588,0.482799784471703,0.690207416850278,"PSPC1"
"3560",5527,-0.213538238723027,-0.456111969609364,-2.25268166580148,0.0267627016892749,0.121771284632149,"PPP2R5C"
"3561",55270,-0.423801455058245,-3.31149754874694,-2.26394959773207,0.0260319720475413,0.11977829417377,"NUDT15"
"3562",55272,0.228376085486862,-1.22291242937685,2.27536820670101,0.0253094245689551,0.117937230105541,"IMP3"
"3563",55274,0.0214242059595104,-0.934097365242381,0.245368359946529,0.806741761657854,0.908583657441451,"PHF10"
"3564",55276,0.145028461894118,2.20408182664576,1.65878522860653,0.100714464579801,0.276774905330462,"PGM2"
"3565",55277,0.115240238170689,-0.742111768034379,1.30254340853621,0.196124589487749,0.414108266348745,"FGGY"
"3566",55278,-0.134873931550572,-0.271168106190889,-1.56890305270148,0.120254562236354,0.307294963782991,"QRSL1"
"3567",55283,0.0105385640014211,-6.34352521801202,0.0407336423604059,0.967600389578293,0.986075243438745,"MCOLN3"
"3568",55288,-0.302255170852801,1.49865440742145,-2.89851939139301,0.00473066685461912,0.0442634651732502,"RHOT1"
"3569",552900,-0.0267582776319124,1.53446901435427,-0.235061415232805,0.814706435127561,0.912331583039197,"BOLA2"
"3570",55293,0.181532459595268,-1.29944180058544,2.24849497459397,0.0270387659996889,0.122302097056809,"UEVLD"
"3571",55295,0.220000932899235,-5.52067356593088,1.1506397858946,0.252993263239694,0.48073941558516,"KLHL26"
"3572",553,-0.0401383400347179,-0.841500331225869,-0.315236585352069,0.753327327941505,0.877040623845321,"AVPR1B"
"3573",55300,0.163577811558213,-1.08710224749145,1.56901032097279,0.120229559286104,0.307294963782991,"PI4K2B"
"3574",55303,-0.153309013888436,-0.370380067973193,-0.817703445374893,0.415732033150129,0.635874213674431,"GIMAP4"
"3575",5531,0.0855679534707767,1.36878364728032,0.870677511801608,0.386295998008173,0.611688015239986,"PPP4C"
"3576",55312,-0.0569270876811274,-0.0450463654454007,-0.755160063747488,0.452166604380626,0.667323543565349,"RFK"
"3577",55313,0.15814515999438,2.27120075899597,1.57497784062232,0.118845111253597,0.304835475501288,"CPPED1"
"3578",55316,-0.16953715421754,-0.606427655731168,-1.67292083665938,0.0978896384013172,0.271413578232691,"RSAD1"
"3579",55319,0.0325099626192393,-1.53726301096007,0.260357525852046,0.795195408715319,0.901201886760456,"TMA16"
"3580",5532,-0.15182172870092,-0.28755157350144,-1.81160888532325,0.0734533531755753,0.227820455680486,"PPP3CB"
"3581",55322,0.32412879276959,-1.81180943311081,2.51038331915542,0.0138855466978463,0.0807097401812315,"C5orf22"
"3582",55323,0.144300189058808,-2.99748883491562,0.977933411189459,0.330784395319157,0.563674241662684,"LARP6"
"3583",55326,-0.273481658862657,1.88691669432711,-3.26404609838361,0.00156437559155615,0.0260034677814832,"AGPAT5"
"3584",55328,0.0448174252009246,-1.01445177558442,0.499870544463787,0.618412167589236,0.794768401311292,"RNLS"
"3585",55330,0.0941130905273447,-0.857846233944812,0.953563067717787,0.342913271616821,0.574415418125706,"BLOC1S4"
"3586",55333,-0.260962856768601,0.466114110443473,-2.83577503715817,0.00566977697256256,0.0491540834146737,"SYNJ2BP"
"3587",55335,-0.196982896024356,-0.845399132059504,-2.24442957156079,0.0273092220237996,0.122981661615614,"NIPSNAP3B"
"3588",55336,0.0483729508716395,0.198202828176006,0.599652091847077,0.550276901411501,0.741379923826738,"FBXL8"
"3589",5534,-0.223465294550395,-1.67984220679373,-1.8854381479734,0.0626656232257715,0.207256069354954,"PPP3R1"
"3590",55341,0.190685462775903,0.136220126254204,2.83120376952877,0.00574447593540675,0.0495219006903464,"LSG1"
"3591",55346,-0.138478330531551,-2.01360639393064,-1.42358566571933,0.158097583332605,0.365775712964768,"TCP11L1"
"3592",55347,-0.454385659001527,2.38733426286371,-4.13812273614574,7.98702505327483e-05,0.00616692957499949,"ABHD10"
"3593",55349,0.248512401078,1.81007034955487,1.97840620978657,0.0510062867762817,0.183472730666146,"CHDH"
"3594",55352,-0.209818605076423,-1.52195466746093,-1.57537065075477,0.11875442809572,0.304834550438808,"COPRS"
"3595",55356,-0.276612291425418,-2.59484749658369,-1.93038368915084,0.0567752248699927,0.195527374908678,"SLC22A15"
"3596",55362,-0.0399297778686685,-1.93976906925612,-0.293548747930088,0.769792985467881,0.885373018544048,"TMEM63B"
"3597",55379,0.76255296041621,3.68675859263827,3.72896880655886,0.000339427085107354,0.0133833432803873,"LRRC59"
"3598",5538,-0.0735451188787455,2.72686453349006,-0.993666268187671,0.323106095135951,0.555369703708895,"PPT1"
"3599",5539,0.709658345914662,-1.60456686203792,1.57139874703028,0.119673917291965,0.306321311233562,"PPY"
"3600",55425,-0.12461476084791,-1.6680356892891,-1.03846423674753,0.30189506359291,0.530892253212367,"GPALPP1"
"3601",55435,-0.0306898863088221,-1.4165051937536,-0.194093919868557,0.846549078338959,0.929039557097181,"AP1AR"
"3602",5546,0.0763891175969587,-2.61293819999691,0.43477228204505,0.664790592674774,0.823104173102264,"PRCC"
"3603",55466,-0.325099002590731,-0.0739882801187351,-2.39934063854209,0.0185312732052662,0.0969692710434132,"DNAJA4"
"3604",5547,-0.0437520549617486,0.786256631624639,-0.499620379287266,0.618587622466415,0.794827470525194,"PRCP"
"3605",55471,-0.109103019420579,-0.435470749744496,-1.30400900981563,0.195626557899359,0.41361813281555,"NDUFAF7"
"3606",55486,0.151332917853182,-0.365507948265407,1.90112235352555,0.0605542191395913,0.202011420821751,"PARL"
"3607",55500,-0.295748580473367,-4.62840300180355,-1.39026160998089,0.167951067377792,0.3799792302119,"ETNK1"
"3608",55505,0.0660239414441762,0.163697149111489,0.65602198386504,0.513519268498072,0.713117934398453,"NOP10"
"3609",55506,0.122208873888388,3.43213706706588,0.903062549432112,0.368954676530764,0.595865693339305,"MACROH2A2"
"3610",55512,-0.0385360165909563,-1.00888469281483,-0.279373736937745,0.780612682337927,0.8920872545504,"SMPD3"
"3611",55520,-0.0626378302589226,-3.88364474946445,-0.30713328489347,0.759466562419387,0.880746123306466,"ELAC1"
"3612",55526,0.106538700923515,0.682161780330792,0.801065291741489,0.425248494346432,0.64544393132997,"DHTKD1"
"3613",55529,-0.228692561442596,-0.280232752397996,-1.80653140156174,0.0742488758549635,0.229281574437499,"PIP4P2"
"3614",55530,-0.438313457728754,-0.142739702082713,-4.00930419324778,0.000127186269421679,0.00805487138627431,"SVOP"
"3615",55556,-0.0553781240024429,0.322631782545181,-0.376599894981231,0.707376250330183,0.847467956783204,"ENOSF1"
"3616",55558,-0.0424479573447585,-1.46344752354356,-0.482108392349713,0.630924251804297,0.804904029721011,"PLXNA3"
"3617",55561,-0.0857901402639234,-0.623642963292086,-1.01378635233564,0.313460211147766,0.543508128820619,"CDC42BPG"
"3618",55568,-0.0409629562957172,-1.84739347255026,-0.261823921034728,0.794068226278411,0.900256884539506,"GALNT10"
"3619",55571,-0.103857508521315,-1.0653002022663,-1.03178937680244,0.304994326560268,0.533957551747553,"CNOT11"
"3620",55572,-0.0255491860623957,0.0924799731478236,-0.292250941776325,0.770781735295596,0.88596597214314,"FOXRED1"
"3621",55573,0.0694053959204066,0.655784840533861,0.70582736671499,0.482157329483041,0.690207416850278,"CDV3"
"3622",55578,-0.563988686901521,-3.58748249181481,-3.04822494803655,0.00303855875877577,0.0357978381216232,"SUPT20H"
"3623",55588,-0.151455518388095,-4.55594696284837,-0.795210422334435,0.428627823206781,0.647844797491794,"MED29"
"3624",55589,0.0451806046646079,-1.67820109756323,0.42213044626259,0.673957936160477,0.826392920274963,"BMP2K"
"3625",55591,-0.00356546581967288,-1.23309962936551,-0.0291300138259601,0.976826770289248,0.989264836841707,"VEZT"
"3626",55596,0.0199122212366185,0.10702450151714,0.248602487282693,0.804246748341735,0.907930492639689,"ZCCHC8"
"3627",55599,0.116689133304078,-1.20522707507824,1.05768995118305,0.293087681100025,0.522138640431511,"RNPC3"
"3628",55601,0.276492248362449,-0.822061258032979,2.62969595478281,0.0100843112893892,0.0672798942329029,"DDX60"
"3629",55603,-0.133964517997683,-0.654371220593695,-1.22704287123291,0.223074660666786,0.445113959420042,"TENT5A"
"3630",55605,-0.337494939834987,1.07006362914952,-3.60252808061085,0.000520889691905138,0.0157498567926785,"KIF21A"
"3631",55607,-0.159943645231986,-0.314315373621716,-2.11984013700957,0.0368311776939784,0.148730110977394,"PPP1R9A"
"3632",55609,0.143289682021728,-3.01442206483986,0.779734783801544,0.437636229985612,0.654375439622822,"ZNF280C"
"3633",55611,-0.00171485628375123,3.6532283150592,-0.0206910059316727,0.983538922629563,0.991616607605167,"OTUB1"
"3634",55612,0.185876152907814,-1.30881932852822,1.53286816395778,0.128890803411565,0.321454353315541,"FERMT1"
"3635",55614,-0.0826807789869267,-0.0542695322188447,-0.925416238141353,0.357276841915842,0.587296533390315,"KIF16B"
"3636",55617,0.0699013973584406,-1.12146332546411,0.477729968469873,0.634025311145529,0.806391910445763,"TASP1"
"3637",55619,-0.153830385435875,-0.316987956781544,-1.68701401439292,0.0951377263983108,0.267012055159045,"DOCK10"
"3638",55621,0.0982555503560166,-0.00817947684211218,1.21885644144475,0.226151516465297,0.447732981917127,"TRMT1"
"3639",55622,0.036321041492885,-1.32181214118952,0.497000879885089,0.620426151142885,0.796273260695343,"TTC27"
"3640",55624,-0.333898506840837,-0.635664804626586,-4.21169706558819,6.09974630975735e-05,0.00534955659462031,"POMGNT1"
"3641",55626,0.123711265108624,-5.39168298569767,0.635176210983218,0.526959402879006,0.722769682463815,"AMBRA1"
"3642",5563,-0.0604004096145274,-1.14190021868225,-0.704346691621052,0.483074173043973,0.690207416850278,"PRKAA2"
"3643",55631,0.2295721430812,0.0914480396651834,3.19121890924921,0.00196373346025894,0.0284823340434916,"LRRC40"
"3644",55633,0.00218707159768639,-1.52033295080927,0.0224684337592274,0.982125091179911,0.990679344233738,"TBC1D22B"
"3645",55636,0.110226901000534,-0.630621309822498,0.788535286915936,0.43249991206836,0.651179427436046,"CHD7"
"3646",55638,-0.225506293494556,-3.53149461088481,-1.42386227856532,0.158017696954073,0.365775712964768,"SYBU"
"3647",5564,-0.0545957839991047,-1.0562785412615,-0.657377396263964,0.512651703540462,0.712558006415615,"PRKAB1"
"3648",55643,-0.0719449539224275,-1.54996016965834,-0.872359051185426,0.385383303965674,0.611077943616974,"BTBD2"
"3649",55646,0.0866483318275215,-1.68298093371796,0.720332574904716,0.473226693588871,0.683611542774416,"LYAR"
"3650",55647,0.299523255821996,-1.49791281479059,2.96592991823524,0.00388285763861075,0.0400264520300573,"RAB20"
"3651",55651,0.122069371906418,0.336878689745502,1.61981909135975,0.108844578171607,0.290346814783712,"NHP2"
"3652",55653,0.0211758594849312,-2.93937947450498,0.159110701593213,0.873945760440445,0.941266727072021,"BCAS4"
"3653",55658,-0.0516302800915395,0.0350703932967706,-0.600118826476981,0.549967224370721,0.741260171977928,"RNF126"
"3654",55662,-0.0776113462429786,-0.0413914294614082,-0.699048157351074,0.486362934248426,0.692339918751345,"HIF1AN"
"3655",55663,0.174488574611461,-2.01186744160796,1.52608147804497,0.130570890891207,0.324077690372111,"ZNF446"
"3656",55664,-0.0745716351029447,-0.685198610553857,-0.847910483844631,0.398785053820771,0.62164041423513,"CDC37L1"
"3657",55665,-0.00910717055841359,0.752384336613569,-0.0882335382691722,0.929891270633508,0.968952222353846,"URGCP"
"3658",5567,-0.166685393951083,0.196196003561024,-1.7772654230354,0.0789749133542391,0.238205414333327,"PRKACB"
"3659",55670,-0.0601781944735658,-0.807565075036248,-0.330967665499642,0.741454621358831,0.870179979465368,"PEX26"
"3660",55676,-0.0861638861424213,-0.789694077110225,-1.03913443293587,0.301585060782959,0.530892253212367,"SLC30A6"
"3661",55677,0.0257140409145344,0.0193381814346237,0.167392856501708,0.867444491863747,0.938288668115386,"IWS1"
"3662",55683,0.0960080951250628,-3.97897115911807,0.71671555514389,0.475444937527157,0.685686331424269,"KANSL3"
"3663",55684,-0.138221576370387,1.24782989487621,-1.46911829587471,0.145361742777647,0.34811953849754,"RABL6"
"3664",55687,-0.210873120038296,-0.0823819424482003,-2.16828917387039,0.0328314403947278,0.138105021023788,"TRMU"
"3665",55689,-0.0584432162753126,-1.63888628788912,-0.683005154855999,0.496395360845025,0.700430971233739,"YEATS2"
"3666",55692,0.0554351187502838,-0.729380660540246,0.476975522010923,0.634560317688815,0.806828564774911,"LUC7L"
"3667",55695,0.116543890437897,-0.91349538433125,1.27133853459769,0.206953729186669,0.42555510544314,"NSUN5"
"3668",55700,-0.126276096598155,0.61155626696938,-1.29367170588201,0.199159502182726,0.417268393110248,"MAP7D1"
"3669",55701,0.197662252125883,-0.940755643140697,2.51879610859423,0.0135803534998129,0.0794812600591229,"ARHGEF40"
"3670",55702,0.13625406656502,-1.85340012550664,1.46483492018844,0.146524702904158,0.349989758140118,"YJU2"
"3671",55703,-0.187467988204742,-1.29593534838841,-1.50848733222791,0.135006934965704,0.331469026727796,"POLR3B"
"3672",55704,-0.0840823197074139,-1.48127410906702,-0.847257404365198,0.399146917598696,0.62164041423513,"CCDC88A"
"3673",55706,-0.0460756760801822,-0.0764032773472317,-0.618856841790667,0.537607213654466,0.732090680910182,"NDC1"
"3674",55707,0.00930335237832813,-0.889996411815544,0.088398708279131,0.929760374641569,0.968952222353846,"NECAP2"
"3675",55709,0.00173017517569796,-1.80413442622872,0.0149611900356368,0.988096964091861,0.993600780733264,"KBTBD4"
"3676",55714,-0.11307967964112,-1.73505318270583,-0.789413794707834,0.431989136323161,0.650856211521831,"TENM3"
"3677",55718,0.0046624113262087,-1.05363499173417,0.0622469969134238,0.950507108218484,0.97922333505288,"POLR3E"
"3678",55720,0.202013869656087,-0.310968749556749,2.48594864961372,0.0148071913102275,0.0845181219487441,"TSR1"
"3679",55728,0.119787838487841,-4.0681354473661,0.481788329990881,0.631150716038974,0.804904029721011,"N4BP2"
"3680",55729,0.0435226793352439,-1.99459667974945,0.392600776682905,0.695562417605964,0.839325975129315,"ATF7IP"
"3681",55740,0.135401446927612,0.391713839599759,1.35391373601918,0.179226081578173,0.392889174545294,"ENAH"
"3682",55741,-0.125286800399841,-2.36281361146457,-1.19219402146333,0.236385802266152,0.45919626158032,"EDEM2"
"3683",55742,0.0727435108148782,1.36612460071638,0.859306810238881,0.392502866912405,0.616776004046984,"PARVA"
"3684",55744,-0.0971973984063674,-1.28779366891467,-1.02707366729399,0.307196820203013,0.536784139140753,"COA1"
"3685",55748,0.185011383827158,4.55661704591015,2.21144652553125,0.0295926091907592,0.129372817103191,"CNDP2"
"3686",55751,-0.132291889837867,-1.52149132732494,-1.40817887419717,0.162596394381937,0.372950922539733,"TMEM184C"
"3687",55753,-0.364590407378738,1.10996964203528,-3.30432285904509,0.00137755611174966,0.0241583227008428,"OGDHL"
"3688",55754,-0.188459980564967,2.38202317310312,-1.89370250722024,0.0615454845231294,0.204529606931764,"TMEM30A"
"3689",55755,-0.173712432856229,-0.926115620387326,-1.66557290195038,0.0993498918101901,0.274936715929192,"CDK5RAP2"
"3690",55757,-0.218963705127903,0.0347563140462058,-2.07050345516537,0.0413312943211753,0.160158765494554,"UGGT2"
"3691",55758,-0.105787452464565,0.282510777009341,-1.19889028424984,0.233784660089816,0.456457984662013,"RCOR3"
"3692",55759,0.147008323758872,-0.733856208694581,1.58722302728883,0.116044076210949,0.300793302273143,"WDR12"
"3693",55761,-0.011047104557149,-0.765169825539575,-0.11805600632134,0.906291966033124,0.955646811116873,"TTC17"
"3694",55768,-0.0999932967134114,-1.6571363250483,-0.857520472971069,0.393483526622987,0.616909804958338,"NGLY1"
"3695",5577,0.0566655798568524,0.561415420505813,0.536752634564265,0.592791090375762,0.775619371592626,"PRKAR2B"
"3696",55775,-0.255280189602714,-6.21759735622165,-0.98622894824714,0.32672097605123,0.559234063302412,"TDP1"
"3697",5578,-0.234628923814827,0.876890692184418,-2.48285319983884,0.0149277785558855,0.0849181693939068,"PRKCA"
"3698",55781,0.0746102510253042,-1.65241237129145,0.436639854060806,0.663440575936249,0.822832542957505,"RIOK2"
"3699",55784,-0.286992069910944,-1.40802099134591,-2.34131223828208,0.0214721086887176,0.106286787378613,"MCTP2"
"3700",55785,-0.00682749617476253,-2.21274016861804,-0.0539107993268433,0.957128266232337,0.981104425206094,"FGD6"
"3701",55787,-0.213401912260547,-0.557420294651973,-2.31766912645706,0.0227842482641258,0.110990528245256,"TXLNG"
"3702",55788,-0.371556942387492,-2.82884424836525,-2.4407550357448,0.0166573561553555,0.0908701635922039,"LMBRD1"
"3703",55790,0.0996541212887236,0.0237335455604669,0.557412471628026,0.578658840219118,0.764651875406877,"CSGALNACT1"
"3704",55793,-0.196123655289463,0.515696970761524,-1.80658178959839,0.0742409461889541,0.229281574437499,"MINDY1"
"3705",55794,-0.0975519730811687,-0.679377224499308,-1.11659578595509,0.26720256687338,0.495794847481501,"DDX28"
"3706",55798,-0.110870574155072,2.05217170291888,-1.13633120593548,0.258898814132508,0.487471197585591,"METTL2B"
"3707",5580,0.091983865545279,-0.140626961989632,1.352002281572,0.179834486335437,0.393806048614879,"PRKCD"
"3708",5581,-0.152985507873144,-1.54414271108963,-1.13266710979184,0.260426591159653,0.488215240003485,"PRKCE"
"3709",55810,-0.0210644373158373,-2.8188857356918,-0.140015265744241,0.88896746321036,0.947470444380133,"FOXJ2"
"3710",55813,0.136606581174622,-0.906886894582257,1.81545820772086,0.0728549906237184,0.226530825740635,"UTP6"
"3711",55819,0.0118459223505032,-3.3369736465484,0.0634357456465165,0.949563197762872,0.978908113515034,"RNF130"
"3712",55824,0.111453189682793,-4.18237206549479,0.612346453708033,0.541885478902388,0.735452309287023,"PAG1"
"3713",55825,0.0323564338829636,-1.25116014640475,0.334835292994882,0.738545046113585,0.868593503170183,"PECR"
"3714",55827,0.17677012438395,-2.05554242089216,0.922983946786085,0.358535902557326,0.588735518966524,"DCAF6"
"3715",55829,0.268134730494314,-0.872930004047397,1.9128264538427,0.0590179650473045,0.199150443318518,"SELENOS"
"3716",5583,0.170170795267329,-2.2854806832973,1.07379402699524,0.285846617036669,0.514674841704627,"PRKCH"
"3717",55830,-0.349924153373279,0.704467799758303,-4.30119463376076,4.378307656962e-05,0.0043095858207076,"GLT8D1"
"3718",55833,0.159789871072935,-0.790242152099867,1.5238188021369,0.13113485613568,0.325051974662265,"UBAP2"
"3719",5584,0.00328965423594285,-1.53350898965685,0.028075687526599,0.977665270818382,0.989691674836351,"PRKCI"
"3720",55841,-0.180407830629415,-1.84018845309345,-1.71227932120102,0.0903622397789998,0.259316819584796,"WWC3"
"3721",55844,0.00807553313179521,0.359820835660637,0.100569988022952,0.920120284113751,0.964264692485949,"PPP2R2D"
"3722",55845,0.0320218622650141,-1.0450435552817,0.225994767452341,0.821728841808158,0.916050060119592,"BRK1"
"3723",55846,-0.127757542076061,-1.59808443878832,-1.25900280699614,0.211354273194881,0.430136780129369,"ITFG2"
"3724",55847,-0.351641904011718,2.21269321284496,-3.19997352543419,0.00191112895567322,0.0282662880239089,"CISD1"
"3725",55848,-0.157101542106554,0.903678360171425,-1.5994239357202,0.113305902248949,0.297210097437627,"PLGRKT"
"3726",5585,-0.142761960387837,-0.622040177625281,-1.70777113577055,0.0911996741137284,0.260849766873283,"PKN1"
"3727",55852,0.0575129703869215,-1.83541461485239,0.638649638420031,0.524707325202389,0.721371157668256,"TEX2"
"3728",55854,0.17957534174007,-0.109283253140659,2.4309864797029,0.0170834288498387,0.0920006588410442,"ZC3H15"
"3729",55856,-0.107740936718546,2.17274202517697,-1.09145840073063,0.278046482912175,0.5062107153888,"ACOT13"
"3730",55858,-0.0176365090062389,1.03570026512486,-0.135677122873775,0.892385990019416,0.949300729070914,"TMEM165"
"3731",55862,0.346954065031128,0.587194496158921,3.10394918209944,0.00256726011035329,0.0319631694875223,"ECHDC1"
"3732",55863,-0.118126549955629,0.117964777027036,-1.08740811897613,0.279821832495046,0.507699204213595,"TMEM126B"
"3733",55869,0.169647818657192,-4.58676088441656,0.642427768228081,0.522263391113792,0.719401412624877,"HDAC8"
"3734",5587,0.215074421229233,-2.05195169323437,1.52634096534712,0.130506336958015,0.324048501718566,"PRKD1"
"3735",55890,-0.201365438201383,-0.667411031865065,-1.54369252460593,0.126246568460954,0.317089397999101,"GPRC5C"
"3736",55902,0.203140072444652,0.286918446224615,2.24216229368378,0.0274610843892026,0.123393950205655,"ACSS2"
"3737",55904,-0.00963743037395237,-0.745322213859213,-0.063914096576788,0.949183389669012,0.978687424874435,"KMT2E"
"3738",55905,0.0959621217846918,-1.2997901315238,0.873720146169998,0.384645520794091,0.610223366925338,"RNF114"
"3739",55909,0.0812782043529046,-0.74789122765157,0.997257754418983,0.321369998299359,0.55378131655291,"BIN3"
"3740",55914,0.129524425854396,-2.25173846599745,1.07294027204024,0.286227387180542,0.515010922385444,"ERBIN"
"3741",55917,0.120806440816726,-0.834365986756607,1.48168731822987,0.141990664515527,0.343666679336083,"CTTNBP2NL"
"3742",5592,0.114513189657535,-0.788095325304993,0.931753512635877,0.354009710751442,0.584273085397245,"PRKG1"
"3743",55920,0.367339085584455,1.44275859913731,4.02124052710766,0.000121864403986094,0.00787372328070153,"RCC2"
"3744",55922,0.111839684213264,-1.06468824790294,1.40547392024668,0.163396285416573,0.37464564807132,"NKRF"
"3745",55929,-0.0565576841368919,-0.379811930878072,-0.718107050264333,0.474590876171951,0.684615463676483,"DMAP1"
"3746",55930,0.293184841347308,-0.400239662338,2.59890083348388,0.0109627143827658,0.0703861306290968,"MYO5C"
"3747",55964,-0.263452272393595,1.10383173502893,-2.16651052375405,0.0329713042355685,0.138425352529357,"SEPTIN3"
"3748",55967,-0.142208210338902,1.93368575840587,-1.81871791980809,0.0723514584216653,0.225455859240634,"NDUFA12"
"3749",55968,0.105343090353494,1.8253960744012,1.17204434893074,0.244338246543959,0.469845913936974,"NSFL1C"
"3750",55970,0.0750731329102896,1.61592568527344,0.462704293322944,0.644716909090964,0.811581703855689,"GNG12"
"3751",55971,0.521967146391105,-0.197093575393342,2.6106910593841,0.01061854856926,0.0692449380127487,"BAIAP2L1"
"3752",55972,-0.0588648309718842,-1.12557434086029,-0.586391112657928,0.559111838682046,0.748000973371927,"SLC25A40"
"3753",5598,0.103262333841431,-3.57548200308238,0.545762852382252,0.586607914488091,0.77133662791943,"MAPK7"
"3754",5599,-0.108192112305105,-1.07951055497929,-0.947140460231298,0.346157285765043,0.5770541607892,"MAPK8"
"3755",55997,-0.306540242840835,3.14277060479441,-1.82559828836522,0.0712981492450639,0.223736216802762,"CFC1"
"3756",5600,0.125572234577768,-2.50967828409581,0.794792112943127,0.428869870723849,0.647844797491794,"MAPK11"
"3757",56005,0.113333001178496,2.9897819723312,1.22504619099718,0.223822285762298,0.445756388711546,"MYDGF"
"3758",56006,0.0110905977273472,-1.07395467741249,0.101018965383668,0.91976489721856,0.964056854359208,"SMG9"
"3759",5606,0.151614183634027,0.0993481166957944,1.84895865584219,0.0678168781372507,0.217481712647045,"MAP2K3"
"3760",5607,0.177240222177529,-2.88915773761836,1.32548883069276,0.188435255999834,0.405631188840109,"MAP2K5"
"3761",5608,0.154426810953168,-0.0607958026062426,1.57645929926324,0.118503393769316,0.304588839635762,"MAP2K6"
"3762",5609,-0.0188738799988519,-1.20792523805551,-0.248229108574236,0.804534693624514,0.907930492639689,"MAP2K7"
"3763",5611,-0.135815374692599,2.84508140228303,-1.70115568596915,0.0924400297230318,0.263215664375383,"DNAJC3"
"3764",56113,-0.353907604862482,-2.15259207220097,-2.31374653546945,0.0230086662092598,0.111496278945672,"PCDHGA2"
"3765",56141,-0.251649112807629,-0.394091258725676,-2.17623316677377,0.0322130545976488,0.136079648396675,"PCDHA7"
"3766",56160,-0.0671157114715131,-1.29133406051351,-0.578351243844022,0.564502183820455,0.753078549074104,"NSMCE3"
"3767",56172,-0.420354826616483,0.59882103441109,-3.17241860464289,0.00208130133109523,0.0294956081246634,"ANKH"
"3768",56181,-0.298958843273593,0.455596783539511,-3.16939277454134,0.00210082592167137,0.029507710542835,"MTFR1L"
"3769",5621,-0.247216262800109,0.59724152476737,-2.90457610129532,0.00464804115042717,0.043831701282092,"PRNP"
"3770",56241,-0.0777655069318377,-1.52338518956687,-0.582649411229395,0.561617305938627,0.750534949673698,"SUSD2"
"3771",56243,0.326879427070781,0.369740905025659,2.94887313435367,0.00408299026377792,0.0410170118479033,"KIAA1217"
"3772",56255,-0.478225274222464,1.72099394617051,-4.83599668461517,5.5796436802785e-06,0.00155180695354026,"TMX4"
"3773",56261,0.313387978762076,-3.3152452938306,2.26804272311814,0.0257709077334122,0.118933708020815,"GPCPD1"
"3774",56262,0.0944819402615404,-1.38001284949897,1.0518087503926,0.29576306767866,0.524587814167113,"LRRC8A"
"3775",56267,-0.119201169543541,1.99764282488234,-1.31720836024906,0.191183655054498,0.408704197664662,"KYAT3"
"3776",5627,-0.0473954202272054,-0.574601012573244,-0.333334255148431,0.739673811528496,0.869587790684142,"PROS1"
"3777",56270,-0.0793561117283397,-1.13860615446354,-0.908151135807794,0.366275326444552,0.59509215548263,"WDR45B"
"3778",56288,0.166409463279053,0.638996608862878,2.08617464528313,0.0398531040965157,0.156425641107569,"PARD3"
"3779",5629,0.0309148476846,-2.50796597510783,0.16052128222853,0.872837868110506,0.940733772513132,"PROX1"
"3780",563,0.174340632741676,-0.249568740502395,0.887747099353748,0.377093464367265,0.604018706755291,"AZGP1"
"3781",5630,-0.123340722917464,-0.530826843105615,-0.557028878791334,0.578919761858769,0.764832005658442,"PRPH"
"3782",5631,-0.34821117304363,3.40496872607618,-4.03826012098426,0.000114644006559913,0.00756650443295426,"PRPS1"
"3783",5634,-0.0366785273769165,0.654483457799437,-0.395623865781238,0.693338709481983,0.838612317371109,"PRPS2"
"3784",56342,0.111895092390185,-1.60049908758642,1.04666699708012,0.298115660638957,0.527261611704856,"PPAN"
"3785",5635,-0.0439606532935572,-0.030852990867077,-0.43981919768121,0.661144871905891,0.821811912466254,"PRPSAP1"
"3786",5636,-0.232181211449232,2.68597182293498,-2.80710322192302,0.00615343844266836,0.0516580556340162,"PRPSAP2"
"3787",5641,0.150635046300602,-1.65060544178247,1.11382803973786,0.268381837671134,0.496631811765276,"LGMN"
"3788",5644,0.590806749648291,5.11180171325152,1.21966106547409,0.225847741761503,0.447732981917127,"PRSS1"
"3789",5645,0.905976349367301,5.06430501229728,1.60464760948705,0.112149523924311,0.29505948471814,"PRSS2"
"3790",5646,0.973175082510692,1.80655757110161,1.57659086840532,0.118473083580817,0.304588839635762,"PRSS3"
"3791",56474,0.183563446622813,0.468225604974873,2.27290930731192,0.0254635102637125,0.118405322726263,"CTPS2"
"3792",56478,0.136827000214005,-1.9561883001913,0.633900390620649,0.527787869095119,0.7232779505483,"EIF4ENIF1"
"3793",5652,0.341492150440852,-2.32411316746738,2.48696946004349,0.0147676161759402,0.0843981639552334,"PRSS8"
"3794",56521,-0.460672336579222,1.44601632555386,-2.94480285532948,0.00413213491693163,0.0411989232808581,"DNAJC12"
"3795",5654,0.615525303092384,-0.926393295901797,2.23271465596762,0.0281018918597979,0.125355677496686,"HTRA1"
"3796",5660,-0.141997510149766,3.60236378045072,-1.34169931026012,0.183140771718124,0.398764830367451,"PSAP"
"3797",56605,-0.680359309205838,4.31449406581003,-5.22954493895041,1.13362185850468e-06,0.000636677824155262,"ERO1B"
"3798",56616,-0.333653923056008,2.92876992714199,-3.70074142217303,0.000373780610393603,0.013890033353962,"DIABLO"
"3799",56623,-0.153265812874547,-4.2974417670091,-0.661354466810135,0.510110573650494,0.710659599682104,"INPP5E"
"3800",5663,-0.224643727072894,-3.13840936923796,-1.14745796354993,0.25429816801248,0.481906475205426,"PSEN1"
"3801",5664,-0.218680230963762,2.0442475778262,-2.94823468783922,0.00409066303917493,0.0410269440105486,"PSEN2"
"3802",56647,0.219342133686776,-0.320572460393332,2.21993494738571,0.0289895421849047,0.127737121271317,"BCCIP"
"3803",56648,-0.140487380006905,-1.40955034458386,-1.81863136692928,0.0723647908136344,0.225455859240634,"EIF5A2"
"3804",56654,-0.351501260006569,0.336020412649193,-2.10538236310406,0.0381037485704038,0.152068146115175,"NPDC1"
"3805",56667,0.0487798527751411,1.279939550245,0.170195852560373,0.865246256035357,0.937324659291391,"MUC13"
"3806",56674,-0.197774161589005,-0.953947287965701,-1.84191743013621,0.0688509033620567,0.219536023291586,"TMEM9B"
"3807",56683,-0.102536720028237,-2.15942522542123,-0.956765363209924,0.34130322126171,0.57284970718643,"CFAP298"
"3808",567,0.0162467491709823,2.42881273146201,0.099528255158372,0.920944927515019,0.964799447872878,"B2M"
"3809",56704,-0.276443990358707,-3.19587263798969,-1.11114573788572,0.269528167449224,0.497852510323002,"JPH1"
"3810",56776,0.0365338233728707,-3.70368435518408,0.20127037148608,0.840951028984939,0.926041875835945,"FMN2"
"3811",56848,-0.496986262255405,-3.83836380198536,-2.280047894369,0.0250184402186656,0.117134390588993,"SPHK2"
"3812",56850,-0.149811817091897,0.770612573902969,-2.18570640004973,0.0314889191694417,0.134074129800504,"GRIPAP1"
"3813",56853,-0.116260788888744,-0.533085200013666,-0.725458833074749,0.470092808673805,0.681329317506449,"CELF4"
"3814",56884,0.101136129515051,-2.26641834070174,0.43138616567908,0.667241143277939,0.823718048559933,"FSTL5"
"3815",56890,0.0408230164709606,-2.45128909581571,0.24550142060853,0.806639070471176,0.908583657441451,"MDM1"
"3816",56893,0.00349477454710678,-1.95810826285823,0.0255239097204861,0.979694789231944,0.989691674836351,"UBQLN4"
"3817",56898,0.527385611726115,1.19352003633495,3.03067179006264,0.00320289422894076,0.0369536931902977,"BDH2"
"3818",56899,0.00286992632706581,-0.13790544758724,0.0153464105985368,0.98779050887582,0.993600780733264,"ANKS1B"
"3819",56901,0.0629428967448629,-1.59213625490076,0.508435252229003,0.612418657706661,0.790077370583175,"NDUFA4L2"
"3820",56902,0.27458559587232,0.199789745481096,2.96944050606841,0.00384280807318778,0.0398431688399098,"PNO1"
"3821",56905,-0.0704061096937982,-5.33387377044392,-0.323121750954591,0.747368542828346,0.873281575457908,"C15orf39"
"3822",56907,-0.226041774748337,-2.49282611735495,-1.85545039415843,0.0668750881520283,0.215701151380531,"SPIRE1"
"3823",5691,0.076549693928561,1.44471897860375,0.84709787889844,0.399235339347488,0.62164041423513,"PSMB3"
"3824",56910,-0.208649141367153,-0.83751209201002,-2.80304780465579,0.0062248200922826,0.0517449007392266,"STARD7"
"3825",56913,-0.186595242583648,0.414548248203987,-1.85193394896306,0.0673838684941046,0.216659080574549,"C1GALT1"
"3826",56915,0.0465630043000287,-0.0782705151818265,0.553241976678906,0.581498641823771,0.767578207207378,"EXOSC5"
"3827",56916,-0.104731021404386,-1.98857051287308,-0.86172618699294,0.391177087887768,0.615849334886985,"SMARCAD1"
"3828",56919,-0.137903339145569,-1.13939579429866,-1.12762654958314,0.262538647685429,0.489899571561801,"DHX33"
"3829",56922,0.109853921748815,1.79156465298449,1.14807887761948,0.254043150104257,0.481753833172465,"MCCC1"
"3830",56925,-0.0512133627860913,0.98197731773221,-0.563291671085246,0.574666830869127,0.761437114569203,"LXN"
"3831",56926,0.108491214038986,2.90237721634219,1.26776796069543,0.208220453625709,0.426650681353422,"NCLN"
"3832",56928,0.246764041619115,-1.68638151704556,1.96875537508658,0.0521237973177542,0.185685355737885,"SPPL2B"
"3833",56929,0.132875744441834,-2.75258375285974,0.739306363440977,0.46168583495762,0.67649263666027,"FEM1C"
"3834",56931,0.0807634728806264,-1.67668586943784,0.785833004291872,0.434073281717893,0.652385358272387,"DUS3L"
"3835",56940,0.329656583406996,-2.85760543610013,2.29523742947342,0.0240941514143129,0.114200696047145,"DUSP22"
"3836",56941,-0.11674935448708,-1.00685253651833,-1.09976760917583,0.27442878142069,0.502969202854641,"HMCES"
"3837",56943,-0.0321434894103231,-0.331969600923585,-0.234578379383364,0.815080185537677,0.912449786399829,"ENY2"
"3838",56946,0.00247741611616203,-1.56362479842976,0.0261340563426444,0.979209505554353,0.989691674836351,"EMSY"
"3839",56947,-0.13889315935039,0.175264327540102,-1.84794717955538,0.0679646126439937,0.217727970985821,"MFF"
"3840",56948,-0.332828253027582,1.70770889265134,-3.10929233693461,0.00252583635845233,0.0316017190269176,"SDR39U1"
"3841",56952,-0.146000122475944,-0.140911638082627,-1.2410061533522,0.21789708728879,0.438365231654734,"PRTFDC1"
"3842",56954,0.0921624261781897,2.16547150309851,1.17042822857486,0.244984258867755,0.470351385965054,"NIT2"
"3843",56957,0.0218784565967616,-0.957644472124706,0.299670792084861,0.765133986338653,0.883403699123526,"OTUD7B"
"3844",5696,0.203196126150582,1.54176783388741,1.84093257012004,0.0689965779993409,0.219688291982574,"PSMB8"
"3845",56975,0.19081412133319,-1.15548412472067,1.52816083455324,0.130054306565534,0.323580597364916,"FAM20C"
"3846",5698,0.263060620219345,0.913926343836956,2.16853814644233,0.0328119037594176,0.138105021023788,"PSMB9"
"3847",56983,-0.0793367961267665,1.10915541827719,-0.938378781569136,0.350614702770738,0.581484205784055,"POGLUT1"
"3848",56987,-0.296812258637545,-0.901372231367353,-2.63945567636104,0.00981952867549285,0.0662027700148819,"BBX"
"3849",5699,0.393172482881123,1.03472176826028,2.72386430897982,0.0077794486536815,0.0578717257388419,"PSMB10"
"3850",56990,-0.146882591094094,-3.141605873391,-0.96836490998479,0.335512479341582,0.568574157426458,"CDC42SE2"
"3851",56993,-0.195782563371487,0.0200884288127326,-1.9954318323792,0.0490845543839586,0.179248270993535,"TOMM22"
"3852",56994,0.286670191087723,-1.38060925206495,2.47471695391198,0.0152489432150015,0.0862276984786057,"CHPT1"
"3853",56996,-0.0857215856221553,-0.354601484619906,-1.18346397667763,0.239808128924511,0.463603872547605,"SLC12A9"
"3854",56997,0.119232541209693,1.39695957942699,1.18155658116806,0.240560566391593,0.464619495441031,"COQ8A"
"3855",57016,0.503842918774706,0.757334815533941,1.46028884634616,0.147766892635494,0.351635160888755,"AKR1B10"
"3856",57018,-0.239056355872616,-3.6920327815869,-1.29482241433756,0.198763898572573,0.416964768378719,"CCNL1"
"3857",57019,0.0945847679541497,0.80860354161099,1.24164232363419,0.217663305986729,0.438182148949342,"CIAPIN1"
"3858",57026,-0.225429729927991,2.31224761594554,-1.95412596187886,0.0538574786185631,0.189442523645123,"PDXP"
"3859",57037,-0.232103127219284,0.188286548039682,-2.82481477533364,0.00585039113234971,0.0501532133664281,"ANKMY2"
"3860",57038,-0.157338148990354,0.475691455058454,-2.22330535557785,0.0287530892646837,0.127060087765751,"RARS2"
"3861",57048,0.262216203145473,-1.41616815343725,1.55810201076289,0.122793424165153,0.311894711312858,"PLSCR3"
"3862",57050,0.0427469044522941,-0.140778202081733,0.537949792064136,0.591967803994765,0.774898353789692,"UTP3"
"3863",57062,-0.066036603799882,0.271104751627978,-0.807664582142228,0.421458532815858,0.641944737981931,"DDX24"
"3864",57084,-0.463621071592607,-0.208560200748566,-2.51623556081503,0.0136725989974753,0.0797741565080832,"SLC17A6"
"3865",57085,0.123843876216515,-2.1824334452148,0.824161710793748,0.412072851893644,0.632071929434705,"AGTRAP"
"3866",57088,0.241737508752008,-1.83827838764463,2.16561959682499,0.0330415569160295,0.138456992700772,"PLSCR4"
"3867",57092,-0.0781764128009388,1.3578248743669,-0.620619802546053,0.536451669644813,0.731232589002856,"PCNP"
"3868",57095,-0.194955503435115,1.49063819906922,-2.43741716801717,0.0168018637552191,0.0912912396618538,"PITHD1"
"3869",57102,-0.226955549259887,-2.27843885175738,-1.6636149164482,0.0997419705944784,0.275400906661677,"FERRY3"
"3870",57103,-0.124778688567516,-0.190069323093668,-1.18282788215061,0.240058870422394,0.463796457869895,"TIGAR"
"3871",57104,-0.0561417642958442,-2.94060285012871,-0.230635434226917,0.818132644357527,0.913792760297131,"PNPLA2"
"3872",57106,-0.230032219259711,0.614692854704855,-2.12881143489921,0.0360601741220298,0.146775430212877,"NAT14"
"3873",57107,-0.235897392294419,-0.894969613725568,-2.90774058875837,0.00460540168777445,0.0437584451386371,"PDSS2"
"3874",57109,-0.617555007669365,-4.67677036254935,-3.1054875169108,0.00255526958771449,0.0318785461979503,"REXO4"
"3875",57117,-0.0376955325976625,-1.08858493908964,-0.413103048123631,0.680534607817948,0.830984458337957,"INTS12"
"3876",57118,0.346051047238611,-0.485716743876793,3.84412213662009,0.00022798727761731,0.0110187866930319,"CAMK1D"
"3877",57128,-0.308811244361605,-0.367224718376393,-2.48431938895066,0.0148705520017481,0.0846711022140349,"LYRM4"
"3878",57132,-0.0157042134418375,2.12981962867201,-0.218355768743705,0.827656812146361,0.918322037771939,"CHMP1B"
"3879",57134,-0.447726142618367,-0.016275585373487,-3.11889760123705,0.00245292944255068,0.0313954298094552,"MAN1C1"
"3880",57136,-0.109804370850517,3.86573417647507,-1.20809952206803,0.230241155430276,0.451987010429018,"APMAP"
"3881",57139,-0.153597532191954,-0.93015962928157,-1.45128009592989,0.15025264815065,0.354575453421256,"RGL3"
"3882",57140,-0.271353365147457,2.94682177598785,-1.72599680379352,0.0878527347636712,0.255322010406919,"RNPEPL1"
"3883",57143,-0.294731781415427,-0.7059077711808,-3.6324411226758,0.000471091711928309,0.0154267394085813,"ADCK1"
"3884",57146,-0.078003428243173,-0.978858223417488,-0.528547499032885,0.598448083737686,0.780219697957077,"LDAF1"
"3885",57147,-0.0848843068777124,-0.400510133610584,-1.26382511963304,0.209625878596183,0.427598836991039,"SCYL3"
"3886",57149,-0.0606942276460662,-1.92844631764203,-0.367489873884893,0.714134774615922,0.85204642627996,"LYRM1"
"3887",57153,0.262184167334859,0.374395886597866,1.81697272599427,0.0726206792815433,0.225922822823169,"SLC44A2"
"3888",57156,-0.371005597273173,1.43199459190764,-2.48152576673478,0.0149797594684238,0.0849776003855688,"TMEM63C"
"3889",57169,-0.110535734750595,-2.16605961911747,-0.975598987890832,0.33193384127277,0.565162251798132,"ZNFX1"
"3890",57176,-0.0315265060119247,-1.01035949416392,-0.308717931042318,0.758264773249327,0.879982828172503,"VARS2"
"3891",57178,0.0228468885070361,-0.95702279749907,0.208012157939982,0.83569947936782,0.922661007961489,"ZMIZ1"
"3892",57179,-0.00260462269814576,-1.77320032033056,-0.0238315135904134,0.981040885810821,0.990236631657099,"KIAA1191"
"3893",57180,-0.19562273418576,-0.678746547239041,-2.42561366917043,0.0173218956542739,0.0926148044650986,"ACTR3B"
"3894",57181,0.0747133561225468,-1.55262923185285,0.474485495444872,0.636327466997609,0.806978924056059,"SLC39A10"
"3895",57184,0.0123093014437989,-5.77439169426945,0.0642645239518655,0.948905159644855,0.978687424874435,"FAM219B"
"3896",57186,0.346078931863,-0.307760247774014,4.54754953879268,1.72267942112739e-05,0.00264345157171998,"RALGAPA2"
"3897",57189,-0.215625455027676,-1.15459093320293,-2.54317412573965,0.0127297325755878,0.0766030377930961,"DENND11"
"3898",57190,0.230053385500644,-3.18964797944385,1.3820427989473,0.17045191547819,0.38379818679572,"SELENON"
"3899",57192,-0.238163407358539,-5.42014782828337,-0.768988657711502,0.443956246281781,0.660126802247474,"MCOLN1"
"3900",572,0.0413190888616228,-1.26367604619874,0.245933438613305,0.806305678695602,0.908529184747043,"BAD"
"3901",5720,0.094748147043068,3.42127891356717,0.970711819559506,0.334348723558876,0.567542164049884,"PSME1"
"3902",5721,0.154393053433957,3.23354407157674,1.74505530429862,0.0844613061164254,0.248763674156727,"PSME2"
"3903",57213,-0.166524720304265,0.379218219168359,-2.29835924535458,0.0239079617263959,0.113493479564283,"SPRYD7"
"3904",57215,-0.0673538197309527,-0.623148522574851,-0.713092271956354,0.477672827341572,0.686962468187106,"THAP11"
"3905",57221,-0.190450789926456,1.00150720453739,-1.7181912401045,0.0892735977993114,0.257985566521739,"ARFGEF3"
"3906",57222,0.180546434258329,1.87167966699804,1.92602873372531,0.0573246862819297,0.196569231507533,"ERGIC1"
"3907",57223,-0.096181640791606,-0.542426883822726,-1.22545860126283,0.22366771616789,0.445756388711546,"PPP4R3B"
"3908",57226,-0.431265518062066,-1.22151135842852,-2.46438640910943,0.0156656326936782,0.0875674862898425,"LYRM2"
"3909",57231,-0.071724126873224,-2.35602241153786,-0.938903839682403,0.35034654640138,0.581353636607643,"SNX14"
"3910",5728,-0.123554767742713,-0.0881633557251974,-1.66319584087464,0.0998260516777115,0.275418986637919,"PTEN"
"3911",57282,-0.466501603979387,-0.973790858987742,-3.26815531547159,0.00154428079161281,0.0259693027367656,"SLC4A10"
"3912",573,0.0104682287995277,-0.477836926500809,0.132074446600677,0.895226506810052,0.950509480714062,"BAG1"
"3913",57325,-0.163277638949983,-1.74639757814404,-0.929502087773593,0.355168209448084,0.585083861941046,"KAT14"
"3914",57326,-0.255957938642278,1.43056967991952,-2.061024398068,0.0422481424221122,0.162229632531117,"PBXIP1"
"3915",57332,0.0419373162267519,-0.541993693081126,0.4758921958208,0.635328884948597,0.806978924056059,"CBX8"
"3916",57333,-0.0333875546462621,-1.34806465152769,-0.167062189505029,0.867703884933921,0.938288668115386,"RCN3"
"3917",57337,-0.106316039843307,0.616426938199582,-0.458520212754996,0.647707590945748,0.814010891323711,"SENP7"
"3918",5738,0.422713336844485,0.356613917918779,2.37099119009217,0.0199199957742612,0.100965263470202,"PTGFRN"
"3919",57402,0.407549237812083,-4.16970911663854,1.60639091765793,0.111765716697612,0.294807893893401,"S100A14"
"3920",57403,-0.0614928497037995,0.237747535326853,-0.862589758779472,0.390704535141508,0.615488797897949,"RAB22A"
"3921",57404,-0.00423359729069522,0.179184154665152,-0.0561778257252051,0.955327326874166,0.980404469545834,"CYP20A1"
"3922",57406,-0.646629064063503,-2.83491265827355,-4.02419995061595,0.000120578340888782,0.00787350911037598,"ABHD6"
"3923",57407,0.181870148588677,-0.432247243987863,1.62374804807684,0.108001592731803,0.289103260439514,"NMRAL1"
"3924",57409,0.0566947212595545,-2.26460458668298,0.387890117663648,0.699032767200571,0.84124648055902,"MIF4GD"
"3925",57412,0.438707542074968,-1.97465403585811,2.77986137045149,0.00664769884375746,0.0529882061881311,"AS3MT"
"3926",57414,-0.555026259481554,1.63249283526921,-4.11432497098891,8.70953857468842e-05,0.00636418425850447,"RHBDD2"
"3927",5742,0.069511334028143,-1.05218295519906,0.474599035738546,0.636246842558549,0.806978924056059,"PTGS1"
"3928",5743,0.120603561865957,-3.38369799991847,0.39335070517246,0.695010539789939,0.839297346643944,"PTGS2"
"3929",57446,0.0689287788238156,-0.306605507428214,0.845478218520984,0.40013376303741,0.622741803387416,"NDRG3"
"3930",57447,0.323443747164069,-0.0433062515121131,1.95768208287849,0.0534316122139931,0.188810153004888,"NDRG2"
"3931",57448,0.0877954013903522,0.061779277392497,1.10656289740566,0.271494623963669,0.499081761572028,"BIRC6"
"3932",57456,0.151936742370876,-1.35693967371847,1.49739205163082,0.137864762127553,0.336466763395197,"KIAA1143"
"3933",57458,-0.51995324292337,-0.31988587101631,-3.87664856894454,0.000203474329814807,0.0104951717344814,"TMCC3"
"3934",57459,-0.048141449898861,0.0872244844763829,-0.49629754928606,0.620920204339016,0.796490744876254,"GATAD2B"
"3935",57460,-0.153742185793716,-0.127667263539739,-1.66123275715536,0.10022068006328,0.276063937970159,"PPM1H"
"3936",57463,-0.144771958918138,-1.31017302325793,-1.18439068782133,0.239443165703999,0.463331374672225,"AMIGO1"
"3937",57466,-0.0361943889807703,0.184335176870235,-0.447651157175035,0.655503508495882,0.819176326129233,"SCAF4"
"3938",57467,-1.28494356964465,-0.0542552698268663,-5.50413452580104,3.60350264503354e-07,0.000484910282121705,"HHATL"
"3939",5747,-0.0899926368317211,0.868426304405313,-1.04580308959835,0.29851218292679,0.527271303253133,"PTK2"
"3940",57473,-0.0646789569412278,-2.26509514432785,-0.460136032134684,0.646551952416476,0.812891414160657,"ZNF512B"
"3941",57479,-0.211890527853946,-2.3739835092547,-1.37647821750238,0.172161170057298,0.385893858854574,"PRR12"
"3942",57482,-0.0814262953222786,-2.76545486942043,-0.448083047067121,0.655192995101174,0.819057964140735,"CRACD"
"3943",57486,0.169662943963739,0.20192908400899,1.84417973603437,0.0685172496701302,0.219155225886013,"NLN"
"3944",57496,-0.0128367379860723,-0.543234069507136,-0.150049472629178,0.881068494420971,0.945123806143992,"MRTFB"
"3945",57497,-0.383557823871485,-1.92104312018003,-2.27737664587325,0.0251841762926005,0.117730749492751,"LRFN2"
"3946",57498,0.0694237283907226,-0.589229761983285,0.897872769557355,0.371700046819087,0.598032735878258,"KIDINS220"
"3947",57504,-0.0293361638869644,-0.975692597470309,-0.362128814372915,0.71812275521499,0.855060615229797,"MTA3"
"3948",57505,-0.0867213875812128,0.48774353011807,-0.899689601387862,0.370737488359074,0.597580541898109,"AARS2"
"3949",57506,-0.062236760181552,0.902778205953965,-0.793502219996574,0.42961675382331,0.648488186735349,"MAVS"
"3950",57508,0.0195120693548465,-1.44398892664634,0.190747478745401,0.849162210748488,0.930724696866094,"INTS2"
"3951",57509,0.382145378060605,-1.96119476231495,2.4232417475786,0.0174281124627273,0.0928781277188583,"MTUS1"
"3952",57513,-0.0634143523857569,-1.06147069437496,-0.693175069713199,0.490022657646425,0.695087072100595,"CASKIN2"
"3953",57514,-0.308171711625495,-2.01898084214199,-1.53490940871752,0.128388835762116,0.320586624030468,"ARHGAP31"
"3954",57515,-0.363853079267085,0.699419298656523,-3.4066932360423,0.000992564556526636,0.0214978311223308,"SERINC1"
"3955",57520,-0.13177117444146,-1.21415670923643,-0.898829534844534,0.371192955724621,0.597877924015156,"HECW2"
"3956",57521,-0.0218261365748352,-0.781362576680592,-0.26599140007834,0.790867180923473,0.898120769011707,"RPTOR"
"3957",57522,0.0597065118147899,-4.53874952961029,0.261180405322454,0.794562827505443,0.900651271510325,"SRGAP1"
"3958",57530,0.50981516308262,0.468120925707602,3.31047509691817,0.00135093337089317,0.024104735553902,"CGN"
"3959",57531,-0.0858171998925907,-1.64254622468482,-0.887182347813381,0.377395716389994,0.604187508399004,"HACE1"
"3960",57532,0.0153500599962903,-0.0171784467368172,0.198816857735662,0.84286400747278,0.927086267521464,"NUFIP2"
"3961",57534,0.0756378134687692,-1.43539514160378,0.796334897014565,0.427977566074366,0.647185587722212,"MIB1"
"3962",57535,-0.275689107286503,3.49507004991938,-2.527797127168,0.0132605071879217,0.0784132881690401,"ELAPOR1"
"3963",57538,0.0903502222310537,1.0363288737,0.990896430047699,0.324449253422584,0.556742945906575,"ALPK3"
"3964",57539,-0.254609155125545,-0.462783028010216,-3.12142484878883,0.00243407493226686,0.0313566510209802,"WDR35"
"3965",5754,0.0398107943799334,0.544527246346997,0.267747396859365,0.789519467970179,0.897599726979297,"PTK7"
"3966",57542,-0.453472431615454,0.18653524930337,-3.84553639220064,0.000226865222060273,0.0110187866930319,"KLHL42"
"3967",57544,-0.110752107122772,-2.60731013842202,-0.504545753607348,0.615137260468725,0.792052130219641,"TXNDC16"
"3968",57545,0.0456016638752678,-0.484319555321424,0.471914761067415,0.638154104800727,0.808136936830749,"CC2D2A"
"3969",57546,-0.0541021910203061,-3.58393482722885,-0.325052599368026,0.745911730839743,0.872511677548126,"PDP2"
"3970",57552,0.327431649955077,1.74612691304428,2.48454832017605,0.0148616343962429,0.0846711022140349,"NCEH1"
"3971",57553,-0.0387003992181359,-0.194538299204685,-0.442259909855226,0.65938470587826,0.820954021233419,"MICAL3"
"3972",57558,-0.212786477219138,-0.702605183198083,-2.02441095176205,0.0459556712160614,0.171411797157407,"USP35"
"3973",5756,-0.0631506314481827,1.96123888003624,-0.868613150787917,0.387418310728656,0.612560059022964,"TWF1"
"3974",57568,-0.319052304263808,-1.55602325590926,-2.33053453322449,0.0220617142038001,0.108245245230156,"SIPA1L2"
"3975",5757,0.364101091911439,2.49190463441766,1.69893869547398,0.0928587713223408,0.263621292702084,"PTMA"
"3976",57572,0.0968443172378655,-1.66048687314719,0.859927365825809,0.392162548624313,0.616729111825783,"DOCK6"
"3977",57580,0.00172286819982237,-0.463207965961937,0.0178900263976313,0.985767029713486,0.992558731689858,"PREX1"
"3978",57583,-0.078618315820968,-0.864365419512807,-0.647979057553997,0.518683289856917,0.716721754421828,"TMEM181"
"3979",57584,0.349896089930766,-0.143951148483286,2.46537780279253,0.0156252067791459,0.0874270913494965,"ARHGAP21"
"3980",57586,-0.518045576534208,-0.582543549163477,-3.24565683129672,0.00165733869530462,0.0270138915711064,"SYT13"
"3981",57590,-0.175744468137525,0.0823673337248624,-2.34013585657628,0.0215357783490169,0.106430440826301,"WDFY1"
"3982",57591,0.0568777948233898,-2.36191192461375,0.445164470071717,0.657292524804084,0.820028749805026,"MRTFA"
"3983",57592,-0.0522824391276322,-0.443423879125898,-0.692455843841848,0.490471865486745,0.695096076783197,"ZNF687"
"3984",57602,-0.184448656695326,-3.47916260611081,-1.11760920324077,0.266771681618603,0.49544465409228,"USP36"
"3985",57605,-0.286478227257425,-2.25265497702465,-2.33588264198222,0.0217673733429797,0.107229644927134,"PITPNM2"
"3986",57606,-0.0683495557934473,0.122628750911206,-0.749355241764065,0.455638908160005,0.669871046296074,"SLAIN2"
"3987",57608,0.636437119935846,-1.50544287604551,2.97726103270323,0.00375495827588183,0.0394836588554838,"JCAD"
"3988",57613,-0.569981090457053,-0.990335658400159,-3.93971045229893,0.000162934938710441,0.00920612259905192,"FAM234B"
"3989",57619,0.311548489109164,-2.09755902162646,1.64850627711562,0.102809794142576,0.279967398601213,"SHROOM3"
"3990",57620,-0.0836891532947028,-1.76642447794035,-0.824853278988622,0.411682171784545,0.631839729762934,"STIM2"
"3991",57624,0.297526467190311,-5.25067669804922,1.01478354701893,0.312987205786675,0.543301886062955,"NYAP2"
"3992",5763,-0.110196749982054,3.00159296205583,-0.548093518589533,0.585013479627497,0.770057490929214,"PTMS"
"3993",57630,0.150006556688703,-2.94449144406397,0.847800298395552,0.398846092210896,0.62164041423513,"SH3RF1"
"3994",57631,-0.0879957235965634,-2.69355750355533,-0.567206550712812,0.572015976800991,0.759635237041212,"LRCH2"
"3995",57634,0.027756830326178,-0.933933544312498,0.324431165321063,0.746380498073083,0.872791674066029,"EP400"
"3996",57645,0.248638118910097,-4.51542768302305,1.23185073187403,0.221281894796319,0.443174676085645,"POGK"
"3997",57646,-0.0907121973970466,-1.11915541561157,-0.659235432724876,0.511463685536624,0.711390007211375,"USP28"
"3998",57648,0.34890593985642,-1.45144608295855,1.95543433400742,0.0537004594472233,0.189106953578346,"NHSL3"
"3999",57649,-0.0483059998453439,-2.84045998088545,-0.290251626969582,0.772305679331412,0.886614845775239,"PHF12"
"4000",57654,-0.148712005503369,-2.69210786079563,-0.883153901941178,0.379556122575032,0.60638091628463,"UVSSA"
"4001",57655,-0.094413635913305,-1.10886002684628,-0.774339678833094,0.440802598021078,0.657508225189156,"GRAMD1A"
"4002",57658,0.0461695943601295,-2.33891349365716,0.393167008162762,0.695145708565673,0.839297346643944,"CALCOCO1"
"4003",57659,-0.0950211685603762,-0.554616124838565,-1.00137127741352,0.319389179161848,0.551141631064219,"ZBTB4"
"4004",57661,0.0855942159508803,-0.907147504031501,0.878914931158852,0.381837765107664,0.607977177259764,"PHRF1"
"4005",57662,0.12990715053521,0.140155409297717,1.3758891336951,0.172342877803519,0.385932354599781,"CAMSAP3"
"4006",57669,-0.0613507708341619,-0.396643749872666,-0.688398309246823,0.493010298604719,0.697739730882123,"EPB41L5"
"4007",57674,0.385907364630661,-0.0547570513468249,2.80111394810593,0.00625912525694253,0.0517449007392266,"RNF213"
"4008",57679,-0.173845942097089,-3.8023773837162,-1.02826205229833,0.306640772494068,0.536075494607972,"ALS2"
"4009",5768,-0.217221116144629,1.54834480331829,-1.99152597857409,0.049519870064036,0.180494633285661,"QSOX1"
"4010",57680,-0.018156275965769,-1.56335121594867,-0.182305979226381,0.855761346640903,0.932646155128172,"CHD8"
"4011",57687,-0.873089841730772,2.24443495915401,-4.85492397595764,5.17529961656127e-06,0.00155180695354026,"VAT1L"
"4012",57690,-0.0874811565240741,-4.6122343761846,-0.585212326919298,0.559900565382739,0.74856668924401,"TNRC6C"
"4013",57696,0.365680743242312,-2.9954281434426,2.61083066301837,0.010614532634979,0.0692449380127487,"DDX55"
"4014",57704,0.0274739866529807,-1.92824773612734,0.21381149080556,0.831188002302395,0.919665421765545,"GBA2"
"4015",57706,0.0772809770382663,-0.837700640852094,0.632271645400684,0.528846490998752,0.724011373812367,"DENND1A"
"4016",57707,-0.125869859529116,-0.212529515208897,-1.41486290571143,0.160632724221342,0.369551597177885,"MEAK7"
"4017",57708,-0.169678011418435,-1.25604980538068,-1.70797867408156,0.091160983211694,0.260849766873283,"MIER1"
"4018",57709,-0.241625819513053,-0.850759430596274,-1.47536282468542,0.143679214962003,0.346115785493239,"SLC7A14"
"4019",5771,0.204627009185679,-1.97478917195255,1.60858796525607,0.11128351595853,0.293914897140041,"PTPN2"
"4020",57716,-0.78203692515515,-2.78761576508763,-4.74390735064418,8.02836889884052e-06,0.00189531262696474,"PRX"
"4021",57717,-0.272111760395036,-0.83574629589972,-1.6429446169299,0.103958139752853,0.282093307605222,"PCDHB16"
"4022",57718,-0.0317856935436125,-2.3519962841532,-0.24702364948003,0.805464513469066,0.908529184747043,"PPP4R4"
"4023",57719,-0.16605190160607,-2.03975018242949,-1.24406754023319,0.216773764359759,0.437683343960592,"ANO8"
"4024",57720,0.0750052081196604,-0.822295139703944,0.686123241276565,0.494436729796521,0.698791767785183,"GPR107"
"4025",57721,0.168733171622946,-0.859238238155014,2.14256558821207,0.0349053076770946,0.143310219747162,"METTL14"
"4026",57724,-0.0517492795807502,-3.29654299246862,-0.288745624277709,0.773454195021124,0.887407952698145,"EPG5"
"4027",57728,-0.0135924122193845,-1.51487509703665,-0.158254104082842,0.874618668508577,0.941483006999712,"WDR19"
"4028",57731,-0.154161275399582,-2.65086317522345,-0.868676644064082,0.38738376179412,0.612560059022964,"SPTBN4"
"4029",57732,-0.206717242111708,-0.639051893730965,-1.59289996777611,0.114763525647049,0.299116144552692,"ZFYVE28"
"4030",5774,-0.149257296844722,-1.68826448163436,-1.17129631926986,0.244637105312307,0.470126033940808,"PTPN3"
"4031",57794,-0.139502131628142,-0.761071927074239,-1.9535586215354,0.0539256868186508,0.189573806238762,"SUGP1"
"4032",57798,0.0586853078464755,-3.65473188984246,0.248347256132466,0.804443576693717,0.907930492639689,"GATAD1"
"4033",57799,-0.552215366301648,-0.232457588785339,-2.30325753997245,0.0236183778095409,0.112992675756011,"RAB40C"
"4034",578,0.0970773818320979,0.0299944829670122,0.902749317014371,0.369120010444853,0.595865693339305,"BAK1"
"4035",5780,-0.00206564929231798,-0.145669841287002,-0.027418472256443,0.978187963656321,0.989691674836351,"PTPN9"
"4036",57818,-0.310417771528577,-2.93467731420701,-1.21228236157967,0.228644584290144,0.450067619952571,"G6PC2"
"4037",57819,-0.0651589111362864,-0.802432196675052,-0.436787108478836,0.663334176927403,0.822832542957505,"LSM2"
"4038",5782,0.151833235652795,-0.652495368476217,1.62407603942521,0.107931458242628,0.289041575346096,"PTPN12"
"4039",57827,0.168545401336916,-0.714496634423628,1.36414052868588,0.175997372673588,0.389692785353657,"C6orf47"
"4040",5783,-0.167153421528592,-1.51849735564358,-1.21327907012762,0.22826533075654,0.449788956720271,"PTPN13"
"4041",57834,0.236097484916636,-2.10105217804062,0.810206296793258,0.420004222363422,0.640819556715707,"CYP4F11"
"4042",5788,-0.163314955334544,-0.81391005521986,-0.732317751181547,0.46591797892503,0.679233027867924,"PTPRC"
"4043",5791,0.0899583530172412,-1.98255059040839,0.629179744967328,0.530859127263405,0.725421378193627,"PTPRE"
"4044",5792,0.0702578539735933,0.455288705453197,0.563511271450442,0.574517978083258,0.761437114569203,"PTPRF"
"4045",5795,-0.365417625229786,-0.0206135669577472,-3.51533115416475,0.000696071032638364,0.0180273586427607,"PTPRJ"
"4046",5796,0.462968290208337,-1.4075732869216,3.20635694299715,0.00187360533393078,0.028117822835372,"PTPRK"
"4047",5797,-0.116266936234577,-2.50630698396073,-0.644856865725767,0.520695245306142,0.718369839444617,"PTPRM"
"4048",5798,-0.71696811923559,2.64384443930836,-3.65941594214737,0.000430088512073691,0.014782977592485,"PTPRN"
"4049",5799,-0.233558726056492,2.19490458156002,-1.73464521206994,0.086300165245518,0.252845066480663,"PTPRN2"
"4050",5802,-0.247399526032628,-1.37571704278161,-1.87409613141598,0.0642307736028088,0.209929972510139,"PTPRS"
"4051",5805,-0.288693754517996,0.822246861012643,-2.10063625372924,0.0385297097724525,0.153369233841319,"PTS"
"4052",581,-0.168667846375954,2.7576492682976,-1.56506350056127,0.121152245455137,0.308817476164299,"BAX"
"4053",58155,-0.155959248407022,1.15673769238623,-1.46069740586372,0.147654922310846,0.351558826004822,"PTBP2"
"4054",5817,-0.0462445942832032,0.412795281703283,-0.515483210447889,0.607506238396685,0.787180344369612,"PVR"
"4055",5818,-0.0966220736681416,-0.94610303350764,-0.889363995817305,0.376228949811858,0.603106109674897,"NECTIN1"
"4056",5819,0.178332466375395,0.355093622216125,1.48006435968951,0.142422485896126,0.344440196387085,"NECTIN2"
"4057",58190,0.281243618318371,-1.49132606066742,2.21499132030055,0.0293394444461019,0.128556847597859,"CTDSP1"
"4058",582,-0.0686688106448965,1.42252241599071,-0.953414648258012,0.342988013489754,0.574415418125706,"BBS1"
"4059",5822,0.0559825394430157,-0.453319821211849,0.833809239510474,0.406642995830337,0.628550669455202,"PWP2"
"4060",5824,-0.165455186692107,-2.05428776608557,-1.31649024270885,0.191423414480416,0.408704197664662,"PEX19"
"4061",5826,0.104109751713453,-2.4755326524489,0.687220979699097,0.493748185277039,0.698461940822877,"ABCD4"
"4062",5829,0.034356209484507,0.319000349844052,0.376396397223234,0.70752696742714,0.847467956783204,"PXN"
"4063",583,-0.133759266640653,-0.079786746170227,-1.85856210290188,0.0664275540343832,0.214935332979992,"BBS2"
"4064",5830,-0.281554622773942,-0.267790039476902,-2.74857219300799,0.00726001865291331,0.0555635841540922,"PEX5"
"4065",5831,0.322500191823683,0.287519437932575,2.06629594644579,0.0417361226173883,0.161117182783352,"PYCR1"
"4066",5832,-0.139788446677758,3.14429076445983,-1.46015483046402,0.147803635564188,0.351635160888755,"ALDH18A1"
"4067",5834,0.191182321845896,2.3629479211131,2.32547406796789,0.0223434607668295,0.109365360595534,"PYGB"
"4068",5836,0.180663904736352,-0.459231339788175,1.28036753687078,0.203775928348482,0.422416970011139,"PYGL"
"4069",5837,0.00242732200739804,-3.63438437506011,0.0145570353882325,0.988418483893933,0.993761286509576,"PYGM"
"4070",58472,0.208327109848433,3.18985080482508,1.7212124772418,0.0887214182746615,0.256994839721506,"SQOR"
"4071",58477,0.122957209335966,2.26610464669896,1.4116864594958,0.16156363280935,0.371275768694792,"SRPRB"
"4072",58478,-0.10502882881604,1.45027193530599,-1.19772413344366,0.234236157831077,0.456715863013707,"ENOPH1"
"4073",58488,0.125447469611615,-1.93958697887819,0.881754373713336,0.38030847942342,0.606587371239903,"PCTP"
"4074",58493,-0.949846546369356,-3.44375051834628,-3.37557375325262,0.00109730812808838,0.0224182641947446,"INIP"
"4075",58494,0.0708796428393001,-1.50741133304583,0.615463772851238,0.539834795624982,0.733653679793853,"JAM2"
"4076",58497,-0.331298169179294,0.99153807554561,-3.20179600231173,0.00190034492065346,0.0282428986028351,"PRUNE1"
"4077",58499,0.319400878435289,-4.14596171186463,1.83448585524243,0.0699565108291844,0.221450780541276,"ZNF462"
"4078",585,-0.365860163413528,-0.889231933328056,-3.30424614044296,0.00137789118365255,0.0241583227008428,"BBS4"
"4079",58505,0.422613905409241,0.192987533891643,3.38639528590583,0.00105975823856411,0.0219756623929274,"OSTC"
"4080",58506,-0.114091045139335,-0.130905709998363,-1.17234871548918,0.244216718246078,0.46975939097287,"SCAF1"
"4081",58508,0.103966318269173,1.09902679567701,1.21851090798204,0.226282058839457,0.447732981917127,"KMT2C"
"4082",58509,0.171566381538228,-3.19611669425356,1.08016503221373,0.283016177251752,0.510805858138485,"CACTIN"
"4083",58515,-0.186582682162515,-2.49057474540837,-1.14970348076705,0.253376759994296,0.481047495467056,"SELENOK"
"4084",58525,0.056026993961261,-1.73460772951917,0.575073123533277,0.566707283131461,0.754544317540328,"WIZ"
"4085",58527,-0.258119615194672,-1.23784135242647,-1.69164683949438,0.094246980301023,0.265612569435323,"ABRACL"
"4086",58528,-0.172570122633441,-1.19042807042413,-1.09583739060099,0.276135842602661,0.504497553184117,"RRAGD"
"4087",586,1.10942485712692,-0.301861098663821,2.50360172199813,0.0141360326911306,0.08154790287421,"BCAT1"
"4088",5860,-0.120640676998409,3.54814458590426,-0.913992539736887,0.363214847296297,0.592771266339982,"QDPR"
"4089",5862,-0.20100265732912,3.93193885800401,-2.80937291204227,0.00611381632774165,0.0515475338182394,"RAB2A"
"4090",5863,-0.0870058767264899,-0.989743731187154,-0.892697781944479,0.374450387797475,0.600779533147997,"RGL2"
"4091",5864,-0.637834062272996,1.82938039589433,-3.50701033089485,0.00071542801855999,0.0182650728492966,"RAB3A"
"4092",5865,-0.48706496072948,4.83852469751209,-3.82129299138127,0.000246849112881124,0.0114784837489723,"RAB3B"
"4093",587,-0.175773805751816,2.28965523528669,-2.15144010519364,0.0341773252690623,0.141696106755788,"BCAT2"
"4094",5871,-0.117110462066829,-1.77163299225741,-0.935146561987486,0.352268368301088,0.582318870216631,"MAP4K2"
"4095",5872,0.107162105436612,1.07007638751158,1.51892806046679,0.132360421898769,0.327035134362071,"RAB13"
"4096",5873,-0.00560705296966857,2.65335163071168,-0.0565422245155294,0.955037867684919,0.980404469545834,"RAB27A"
"4097",5874,0.475997773391735,-0.223730664894877,2.68376963152811,0.00869480189280112,0.0614846705276651,"RAB27B"
"4098",5876,-0.0598651168113519,0.247545313998032,-0.705310747684825,0.482477113970621,0.690207416850278,"RABGGTB"
"4099",5877,-0.0760874066334417,0.355640501211524,-0.751449823506447,0.454384223352765,0.668506798403468,"RABIF"
"4100",5880,-0.0369062436507379,-1.015675735545,-0.217770781867974,0.828111186750423,0.918596405574494,"RAC2"
"4101",5881,-0.318440661040037,-0.589658524304216,-3.09895661471507,0.0026065360295481,0.0321263416653941,"RAC3"
"4102",5884,-0.0920856468869871,-2.18544580024798,-0.634652767592334,0.527299224189144,0.722769682463815,"RAD17"
"4103",5886,-0.0465948425895018,1.08017640742057,-0.473632659424653,0.636933201931431,0.807413464158432,"RAD23A"
"4104",5887,-0.0100335884715279,2.52399137663083,-0.0953254679641012,0.924272753680361,0.966189694907568,"RAD23B"
"4105",5894,0.216280737716971,-0.458520094012855,2.62332517719809,0.0102606222414282,0.0678660552994461,"RAF1"
"4106",5899,0.256065384392181,0.605307804690657,2.79260575187463,0.00641211967545379,0.0522321990235437,"RALB"
"4107",59,-0.0618550242972469,0.121990420250298,-0.283499723349322,0.777458777191844,0.889476602871116,"ACTA2"
"4108",590,-0.178392965707776,-1.78318259392762,-1.02290443607918,0.309152979427533,0.538918371032264,"BCHE"
"4109",5902,-0.0353234476894526,2.14602455339124,-0.481001284823445,0.631707749744613,0.804970846526629,"RANBP1"
"4110",5906,-0.0756682275477913,-0.6285273952888,-0.600856155587026,0.549478186714946,0.740876143426868,"RAP1A"
"4111",5909,0.183457474249064,-0.45975694453127,1.58072782160469,0.117523184603565,0.303351066049253,"RAP1GAP"
"4112",5912,0.118408352448017,0.667523077200586,0.823710388127807,0.412327933254404,0.632163635928437,"RAP2B"
"4113",5922,-0.0394784754286492,-3.0726088604761,-0.248462901682148,0.804354391961092,0.907930492639689,"RASA2"
"4114",5923,-0.472004170683098,-1.79583316766359,-3.20825792260404,0.00186256451701715,0.028117822835372,"RASGRF1"
"4115",5924,0.03523649439044,-5.56168975528674,0.164185188729617,0.869961368266255,0.938952501919866,"RASGRF2"
"4116",5925,0.283635162801954,-0.855659310467343,2.36932168885676,0.0200045869530825,0.101209677547257,"RB1"
"4117",5926,0.00838874197211537,-3.15779400186009,0.0571852262990978,0.954527115700062,0.980404469545834,"ARID4A"
"4118",5927,-0.05323244252601,-1.95953264382753,-0.441220849790019,0.660133810063767,0.821386849011029,"KDM5A"
"4119",59274,-0.0132857755193063,-5.37554686537077,-0.0582958336125673,0.953644978102389,0.980361505364183,"TLNRD1"
"4120",59286,0.087244523164824,1.32419437211758,0.548018823372364,0.585064547672949,0.770057490929214,"UBL5"
"4121",593,-0.134095558706549,2.27756414516457,-1.87245128098929,0.0644604587673475,0.210334719741716,"BCKDHA"
"4122",5930,0.0545593164509217,-1.43858651343372,0.661898047130413,0.509763776955485,0.710635944345393,"RBBP6"
"4123",59307,0.33596987417068,-0.703882571125343,2.77021526255467,0.00683123970057216,0.0536522932837409,"SIGIRR"
"4124",5931,0.0738683860823171,0.170739087095206,0.913485340999947,0.363479936234209,0.592888435469035,"RBBP7"
"4125",59338,0.0944369575634675,0.0536511467830245,0.729218750365501,0.46780165463912,0.679750189164545,"PLEKHA1"
"4126",59339,-0.286800087562904,0.472520835395465,-2.04460364466735,0.0438778526712419,0.16645380698151,"PLEKHA2"
"4127",5934,-0.0490527465276112,-1.88160752635063,-0.425297376885759,0.671656712162202,0.826012602534882,"RBL2"
"4128",59342,0.052577711677094,-0.443204777207063,0.590797674888312,0.556168271765709,0.74611207098577,"SCPEP1"
"4129",5935,-0.167820437707887,2.42611380847367,-1.15263026787939,0.252179358144977,0.479961829548486,"RBM3"
"4130",5937,0.084666973911621,-1.64973357971732,0.674333606196848,0.501864463410141,0.704584646937659,"RBMS1"
"4131",594,-0.080086015349021,-1.16427095920301,-0.686261597184281,0.49434991880119,0.698791767785183,"BCKDHB"
"4132",5947,0.175588057152771,2.12099354162285,1.47301158289593,0.14431094252547,0.346820894761681,"RBP1"
"4133",5950,-1.06686812160427,3.35664406669223,-4.44337885220258,2.56463470245449e-05,0.00342211473992732,"RBP4"
"4134",5954,-0.353965578666807,2.28945788472125,-4.00620301152532,0.000128604984661923,0.00805487138627431,"RCN1"
"4135",5955,-0.0543577688372365,-2.53240849797536,-0.349442495357571,0.727590833477489,0.860160349746692,"RCN2"
"4136",5967,1.26496472186739,0.972128770877951,2.59464111866212,0.0110895170552413,0.0708298186108962,"REG1A"
"4137",5968,1.63422679003416,4.50527518482093,2.94893305092024,0.00408227087574483,0.0410170118479033,"REG1B"
"4138",5970,0.146163241475225,0.599571132440293,2.05675798390834,0.042666483076494,0.163223307880844,"RELA"
"4139",5971,0.164303655230233,-1.72377584950106,1.11587564023737,0.267509054467741,0.49591379532558,"RELB"
"4140",598,0.228650803714908,-0.0367531435509723,2.58265773435991,0.0114533751914804,0.0722516104062764,"BCL2L1"
"4141",5981,-0.0382548688234499,-1.05195856193344,-0.278561983288166,0.781233621334387,0.892464538944811,"RFC1"
"4142",5983,0.142745220684025,-1.13506325647814,1.93403942326577,0.0563174311086925,0.194432911088317,"RFC3"
"4143",5987,-0.140855826538075,-0.751103950961856,-1.48685878606309,0.140621509228499,0.341160009345663,"TRIM27"
"4144",599,-0.0747808369277705,-1.65314944817382,-0.514069324085027,0.60849028111117,0.787624071164142,"BCL2L2"
"4145",5990,-0.149978979668094,-1.48917995126473,-0.916716315540892,0.361793363355829,0.591920815344143,"RFX2"
"4146",5991,-0.151203572257522,-1.02482173982759,-1.55670361640348,0.123125218036877,0.312032447692135,"RFX3"
"4147",5993,-0.122567255273245,-2.26657773184911,-1.40839354304335,0.162533042840126,0.372950922539733,"RFX5"
"4148",6000,-0.127951181081335,-1.35838878775387,-1.26387429180512,0.209608308268115,0.427598836991039,"RGS7"
"4149",60312,0.370827804013886,-2.48601041248642,2.69260267599936,0.00848512210524691,0.0607012581375356,"AFAP1"
"4150",60343,-0.0017423280187821,-0.45390959336354,-0.0197313905194028,0.98430225816082,0.991734612703729,"FAM3A"
"4151",6041,-0.0531694659025121,-2.12779500626975,-0.43519287934194,0.664486457700715,0.823104173102264,"RNASEL"
"4152",6045,-0.0883044754650199,-0.498676631487586,-0.849837365761477,0.397718562180441,0.620853645641797,"RNF2"
"4153",6046,0.0789741280287463,-0.55715021397383,1.09767874348963,0.27533514977113,0.503577815642192,"BRD2"
"4154",6048,0.208529809090287,-4.24223634854612,0.802693085651101,0.424311778848543,0.644871560967869,"RNF5"
"4155",60487,-0.177461873173762,-1.1889418711268,-1.72458648925393,0.0881080754150782,0.255700882693972,"TRMT11"
"4156",60488,-0.147286654907076,-0.729044446805632,-1.98430511956216,0.0503333261285281,0.181946970422206,"MRPS35"
"4157",6049,-0.221281760957617,-3.27751237575874,-1.13218419818912,0.260628417630197,0.488215240003485,"RNF6"
"4158",60490,0.132457061811089,-2.27265129230425,1.11551206244169,0.26766388327365,0.495987086001156,"PPCDC"
"4159",60492,-0.146932725328908,0.117322415531965,-1.98665069268595,0.0500678486167088,0.181521828003165,"CCDC90B"
"4160",60493,-0.184719292640973,-0.91480385815916,-1.77354001173132,0.0795939955225592,0.239132620909187,"FASTKD5"
"4161",60496,0.0675929987678358,0.694973441919857,0.969779011699666,0.334810955203187,0.567841021694703,"AASDHPPT"
"4162",605,-0.0514715543062525,-1.589160828345,-0.182467081510768,0.855635307415396,0.932646155128172,"BCL7A"
"4163",6051,0.236186881967881,2.50638645592312,2.925865574302,0.00436804279530974,0.0427630437098576,"RNPEP"
"4164",60526,-0.364026392787127,0.521970660719378,-3.39406805116983,0.00103387045695758,0.0217012347159473,"LDAH"
"4165",60558,-0.10955253550475,-1.46927649560254,-1.2221361650201,0.224915159505946,0.446817966650743,"GUF1"
"4166",60559,0.249679896147545,2.98702399064618,2.14870032860971,0.0344006497787175,0.142138703741823,"SPCS3"
"4167",60560,-0.156116944105479,-0.234278944334792,-2.00035346221749,0.0485406830482691,0.178088889749119,"NAA35"
"4168",60592,0.206839924819849,-2.08714482948481,1.39403956693492,0.166810941086729,0.378936179271038,"SCOC"
"4169",60625,0.092318788113789,-2.53295338896761,0.792087471802343,0.430436814646994,0.649260166550391,"DHX35"
"4170",60673,-0.124943827783674,-5.68851404637925,-0.422557082889674,0.67364774266168,0.826392920274963,"ATG101"
"4171",60676,-0.0601490731036427,-0.853805990358376,-0.359625827461509,0.71998736109427,0.856118253079548,"PAPPA2"
"4172",60677,-0.404504988951295,-1.27967040823263,-3.35030007440031,0.00118993605917472,0.0231342601003081,"CELF6"
"4173",60681,0.0940392295446606,-0.383286879432845,0.423484608653564,0.672973563881492,0.826392920274963,"FKBP10"
"4174",60682,0.00743316116123072,0.902043783236529,0.0816685762667252,0.935095478355976,0.972764076938182,"SMAP1"
"4175",60686,-0.306460624673036,-4.03327475862089,-1.83048454998395,0.0705579042157664,0.222459331479404,"C14orf93"
"4176",607,0.161908843683495,-2.21446458925029,1.16460814395024,0.247320819850489,0.472971243436794,"BCL9"
"4177",6091,0.542232034435436,-1.26090676447028,2.99202657895683,0.00359413490066161,0.0386444783747051,"ROBO1"
"4178",6092,0.0112444975625356,-3.5807669703835,0.0592951069633142,0.952851320618748,0.980157768720944,"ROBO2"
"4179",6100,0.265103431116153,-2.4414329073684,1.71547518396812,0.0897724006808497,0.2588748072424,"RP9"
"4180",6102,0.0155082492655569,-0.650474466845675,0.187560564245057,0.851652342275119,0.931064097640517,"RP2"
"4181",6103,-0.0769875396034325,-2.26179746146456,-0.435223723312227,0.664464156557709,0.823104173102264,"RPGR"
"4182",6118,-0.102873989103372,1.18770884638136,-1.39047391827616,0.167886838742601,0.379973973525842,"RPA2"
"4183",6119,0.0263588012891264,0.289521241178955,0.170727832919623,0.864829172224557,0.937196089308147,"RPA3"
"4184",6122,0.273781303600368,5.09461404132515,3.16982758822893,0.00209800975324698,0.029507710542835,"RPL3"
"4185",6124,0.364029643060337,4.39787009204011,2.84221428540241,0.00556606451083327,0.0487547466122085,"RPL4"
"4186",6125,0.234282507478785,3.78902133867717,2.78313038862421,0.00658652808965482,0.0527093994971334,"RPL5"
"4187",6128,0.420177393132598,4.60624643021205,2.44311805734285,0.0165557250203339,0.0906503480595983,"RPL6"
"4188",6129,0.253845988339016,4.71657124964913,2.89332568141745,0.00480259410387744,0.0445965546287439,"RPL7"
"4189",613,-0.0876985170062539,2.35215351604155,-1.16599132751881,0.246764087215217,0.472184590433424,"BCR"
"4190",6130,0.300383490975777,4.26896006403199,2.62726101986986,0.0101513714840987,0.067434110572941,"RPL7A"
"4191",6132,0.298626356598877,5.10945901495362,3.54713017556354,0.000626561708752029,0.0170369403964335,"RPL8"
"4192",6133,0.302277110549686,3.68959967711887,3.54125503825921,0.000638888502027439,0.0170499896758453,"RPL9"
"4193",6134,0.294508719433786,3.97955709149921,3.40278150511462,0.00100519347215851,0.0214978311223308,"RPL10"
"4194",6135,0.292892755124354,3.23720711956754,4.11089806687428,8.81861906225439e-05,0.00636808044754323,"RPL11"
"4195",6136,0.358031871154301,4.95466309949903,2.92427777273237,0.00438837638931825,0.0427630437098576,"RPL12"
"4196",6137,0.303811215301414,4.394374160717,2.25494520979493,0.0266144803514939,0.121457011447933,"RPL13"
"4197",6138,0.495812092545223,3.74262414151236,2.4129856157823,0.0178941066003876,0.0945215372746809,"RPL15"
"4198",6139,0.230767385325675,3.5049017097826,2.90459113739393,0.00464783769176104,0.043831701282092,"RPL17"
"4199",6141,0.379045945631252,3.68174675960271,2.20370245948758,0.0301523362941889,0.130434985715375,"RPL18"
"4200",6142,0.321716826035238,2.95264153731876,3.54636801493308,0.000628148021717487,0.0170369403964335,"RPL18A"
"4201",6143,0.418468641470556,4.24723360908238,3.15858875713881,0.00217194304192304,0.0298892240882708,"RPL19"
"4202",6144,0.243050789947039,4.35078984786863,2.88780981303921,0.00488008389081149,0.0451404123069922,"RPL21"
"4203",6146,0.2927147568581,4.19410152714404,3.32184993471036,0.00130297748517552,0.0238736591164399,"RPL22"
"4204",6147,0.275944700917638,4.45582008003318,2.52572760440429,0.0133334409831383,0.078692943033176,"RPL23A"
"4205",6150,-0.143351666240027,1.24954040656923,-1.28790668054146,0.201150281308246,0.41946620844451,"MRPL23"
"4206",6152,0.343786461339414,2.86694331905783,3.1791681183672,0.0020383574718245,0.0290288588446839,"RPL24"
"4207",6154,0.309390674953776,3.92037536459064,3.20478866276672,0.00188275984098868,0.0281465462754707,"RPL26"
"4208",6155,0.222565065465774,4.06879837262177,2.4476485844051,0.0163624194529581,0.0900550083745649,"RPL27"
"4209",6156,0.343719191586182,3.37334289457859,3.71797930174205,0.000352428433493781,0.0135933292883927,"RPL30"
"4210",6157,0.297501334755998,3.92110644978164,3.12239403498906,0.00242688017737974,0.0313566510209802,"RPL27A"
"4211",6158,0.261880286759383,4.04003728838733,2.78353352132314,0.00657902032333372,0.0527093994971334,"RPL28"
"4212",6159,0.46483184039393,3.51143648915397,2.44188504864101,0.0166086861505576,0.090859283058933,"RPL29"
"4213",6160,0.293760096063799,3.75041879829791,3.09755566205409,0.00261765712045724,0.0321526658503914,"RPL31"
"4214",6161,0.47980579644616,2.17370835317135,2.88095310217194,0.004978013917228,0.045536586324807,"RPL32"
"4215",6164,0.413692587655109,3.64961167350981,3.34135634028162,0.00122443930123309,0.0233364381355248,"RPL34"
"4216",6165,0.253329659717439,4.18479025793284,2.97060265393153,0.00382963435260385,0.0398431688399098,"RPL35A"
"4217",6166,0.33483613124094,2.06729352141689,2.8042263952438,0.00620399730089699,0.0517393144468828,"RPL36AL"
"4218",6167,0.215609014971001,0.336078311200683,1.21723470724687,0.226764680826456,0.448311060671225,"RPL37"
"4219",6168,0.270077295293347,1.65954513270354,2.55837190089846,0.0122240128178464,0.0748812282195022,"RPL37A"
"4220",6169,0.249520592310155,2.93656727472291,2.20941712054994,0.0297384051565514,0.129499720781641,"RPL38"
"4221",6170,0.320461130752579,1.47015194798648,1.89400461921758,0.0615048581972879,0.204505319401383,"RPL39"
"4222",6173,0.53579206978929,-0.368337991712278,3.18006931694381,0.00203268656221271,0.0290288588446839,"RPL36A"
"4223",6175,0.23756195960494,3.92259318154039,2.77664597539428,0.00670837252125302,0.0531831979428851,"RPLP0"
"4224",6176,0.304768549028455,-0.79650934235691,1.25002448188603,0.214600126026685,0.434796243923762,"RPLP1"
"4225",6181,0.0413540943540061,2.39970603491426,0.186583068280188,0.852416422535279,0.931227448753191,"RPLP2"
"4226",6182,-0.1165065903076,0.923026013498381,-1.08439817447579,0.281146238683663,0.509048853404226,"MRPL12"
"4227",6183,-0.0602619829864383,-0.3526198256804,-0.595301292358319,0.55316783867105,0.744429772804847,"MRPS12"
"4228",6184,0.20136953473324,4.42320921646339,2.19772966383484,0.0305903383286323,0.131671456284113,"RPN1"
"4229",6185,0.122354090036558,4.34992548837864,1.28466695026251,0.202275485781268,0.420585003972027,"RPN2"
"4230",6187,0.297591713981588,4.49750664524525,2.98569040567397,0.00366235057360928,0.0388918820429304,"RPS2"
"4231",6188,0.265176135265346,4.90577006146778,3.49987643229205,0.000732427711852021,0.0183959334110865,"RPS3"
"4232",6189,0.296662319748794,5.54150190248591,3.66157074173631,0.000426963556279925,0.014782977592485,"RPS3A"
"4233",6191,0.258264505857646,4.84717942830655,3.43458627235928,0.000906750545075261,0.0206900923630928,"RPS4X"
"4234",6192,0.197569772977806,1.20667974536642,1.4709941747469,0.14485470045419,0.347985672728519,"RPS4Y1"
"4235",6193,0.265613529381666,3.94061560874334,3.33707419113576,0.00124128967974723,0.0233587791264705,"RPS5"
"4236",6194,0.290096997336669,4.59296381954392,3.25919767844722,0.00158840007017887,0.0262792442877572,"RPS6"
"4237",6195,0.210656459440747,-0.519263664041376,1.96259217234833,0.0528483039820924,0.187179971057174,"RPS6KA1"
"4238",6197,-0.0787214715202,2.31514687805023,-0.810197415332456,0.42000929890311,0.640819556715707,"RPS6KA3"
"4239",6198,-0.151829244873569,-1.2205906050147,-1.54069259860253,0.126975066532627,0.318487273608813,"RPS6KB1"
"4240",6199,0.208368624987393,-2.51480799102992,1.03908630471498,0.301607315560965,0.530892253212367,"RPS6KB2"
"4241",6201,0.200645638928073,5.77578304144698,2.25045262108936,0.0269093719603069,0.122257383488056,"RPS7"
"4242",6202,0.366818643806718,5.24982088683072,3.19621759526209,0.00193353421450332,0.0283924234656014,"RPS8"
"4243",6203,0.30098986818284,5.34919624659447,3.02010921313206,0.00330571372327654,0.0374362930506853,"RPS9"
"4244",6204,0.242351266738135,2.96086161391108,2.40784973142856,0.0181316047953178,0.0955294336769618,"RPS10"
"4245",6205,0.261211163253304,4.32154414558883,3.37354979034612,0.00110446859874803,0.0224477756924351,"RPS11"
"4246",6206,0.312385994857832,3.98569721634563,2.56837809606871,0.0119010063003193,0.0736374764832256,"RPS12"
"4247",6207,0.250843549329873,3.82260194154991,2.7544492572275,0.00714121958810141,0.0550554087526899,"RPS13"
"4248",6208,0.315040506132309,4.92648260038971,3.48255116261944,0.00077531520986588,0.0190432842435823,"RPS14"
"4249",6209,0.271803175539522,2.53673866640902,2.57076758145401,0.0118250196146877,0.0734635327884144,"RPS15"
"4250",6210,0.386470848319139,4.86510359971312,4.35935064505467,3.52217704269889e-05,0.00415752359386265,"RPS15A"
"4251",6217,0.29817665906376,4.83697187774481,3.52338187288225,0.000677814384186582,0.0177795926928942,"RPS16"
"4252",6218,0.275917671308265,3.07217603188328,3.19672227074023,0.00193050947254257,0.0283924234656014,"RPS17"
"4253",622,-0.259447127239833,1.27658822729457,-2.1585801784572,0.0336012364041602,0.139822636684877,"BDH1"
"4254",6222,0.276576124398243,5.74202977398008,3.04713410254665,0.00304853905988053,0.0358026592106115,"RPS18"
"4255",6223,0.356868956237377,4.04646294277281,3.14567467926868,0.00225989309433234,0.0302865148755718,"RPS19"
"4256",6224,0.29091325439962,3.89845745025325,3.02501203854635,0.00325761358992891,0.0372730437276179,"RPS20"
"4257",6227,0.173289171817067,2.60653997826796,1.19464128544256,0.235432767055801,0.458611972132182,"RPS21"
"4258",6228,0.312769751219445,4.32731025620428,3.4030017791714,0.00100447832263857,0.0214978311223308,"RPS23"
"4259",6229,0.368993150036466,1.95076662160861,3.02178970090047,0.00328915334866521,0.0373968697935715,"RPS24"
"4260",6230,0.329603746490877,5.28720192420689,3.01514909649751,0.00335504470906814,0.0376221643399426,"RPS25"
"4261",6231,0.272621930764829,2.52226030417851,1.10837405403515,0.270716281374487,0.498696439098621,"RPS26"
"4262",6232,0.145934722117939,2.86236060170671,1.87084947259019,0.0646847958554405,0.21066762783859,"RPS27"
"4263",6234,0.145125373225072,2.99061118483984,0.928973419386512,0.355440594761292,0.585375468378001,"RPS28"
"4264",6235,0.286233464660723,3.04589649667718,1.67599229538245,0.0972844393206472,0.270592067113545,"RPS29"
"4265",6237,0.14354294206714,0.450975580845699,0.942843782856041,0.348338571290952,0.57884932550512,"RRAS"
"4266",6238,0.574650105047933,3.88743648449076,3.50627936156095,0.000717152583362739,0.0182650728492966,"RRBP1"
"4267",6239,0.372408211152416,-2.58931419174531,2.46805726434702,0.0155164134604756,0.0871798543703222,"RREB1"
"4268",6240,-0.0286114559880902,-0.438229437109176,-0.326364179947879,0.744922678526927,0.872265095991994,"RRM1"
"4269",6242,0.359171856403936,-3.01196719247735,2.01983669968203,0.0464378995322605,0.172958633087994,"RTKN"
"4270",6251,0.121498590474298,1.76900396416154,1.12811463894989,0.26233360768236,0.489721315071267,"RSU1"
"4271",6252,-0.531131332784929,3.39533675384011,-3.20762195160752,0.00186625142813131,0.028117822835372,"RTN1"
"4272",6256,0.0339294286868821,-1.68240458744807,0.218357243390455,0.82765566682373,0.918322037771939,"RXRA"
"4273",6257,0.114759254661063,-1.43274860230206,1.22510245445588,0.223801193884587,0.445756388711546,"RXRB"
"4274",6272,-0.292462102670347,0.786443146516681,-3.17189231298834,0.00208468509525889,0.0294956081246634,"SORT1"
"4275",6275,0.0259381512856207,-1.08551113278393,0.117049066592992,0.9070875334048,0.956311209618329,"S100A4"
"4276",6277,0.3570208740313,3.51662301053133,1.49404858270874,0.138735181175871,0.337906011404611,"S100A6"
"4277",6278,-0.369217677984891,-1.26105950280145,-2.21928872886396,0.0290350719962397,0.127845962634806,"S100A7"
"4278",6279,-0.220807446721895,0.000349860331300298,-1.12084805023841,0.265397847750254,0.493939353999715,"S100A8"
"4279",6280,-0.40203626728746,-0.516417681616598,-1.95255988592563,0.0540459374736646,0.189715359898163,"S100A9"
"4280",6281,0.434089333083062,1.20719383332573,2.19939050817034,0.0304679895040311,0.131236855842627,"S100A10"
"4281",6282,0.322444858334225,2.60123626172442,1.31645724763626,0.191434436019209,0.408704197664662,"S100A11"
"4282",6284,0.3911657636494,-2.05192788668375,1.34023583037352,0.183614103885204,0.399370435736139,"S100A13"
"4283",6285,-0.313585853344129,-2.76122591990116,-1.76962071922679,0.0802496222315712,0.239811188538162,"S100B"
"4284",629,0.863220571544567,-1.45369798288822,2.75421802463432,0.00714585998377897,0.0550554087526899,"CFB"
"4285",6296,0.20836457443358,0.0809714114872616,1.38377470095916,0.169922580063142,0.383027835632598,"ACSM3"
"4286",6297,0.1283359349233,-5.51110905567696,0.586684492104295,0.558915623505649,0.747901481813315,"SALL2"
"4287",6300,-0.113214832739011,-0.428489323342704,-0.765746548853307,0.445873355279509,0.661661458688149,"MAPK12"
"4288",63036,0.654869601195525,1.62171095149642,1.12511794789138,0.263594254588237,0.491178365107044,"CELA2A"
"4289",6309,-0.057333111819742,-1.71978468033454,-0.454424619441443,0.650640636441275,0.815899682107352,"SC5D"
"4290",6311,-0.169195176300773,0.12486891644365,-1.86819598757133,0.0650578644308488,0.211619062997642,"ATXN2"
"4291",6317,-0.230744000454338,-0.304484947073086,-1.19214216707231,0.236406025838027,0.45919626158032,"SERPINB3"
"4292",6319,-0.199498001759064,-0.0842717586891755,-1.34710515816943,0.181400333763644,0.39609934138785,"SCD"
"4293",633,-0.0309558531285158,-0.151478567994563,-0.136058283680438,0.8920855466562,0.949145620623289,"BGN"
"4294",634,-0.179133776547726,-2.12738802755775,-1.27724841665525,0.204869608936257,0.423112267715593,"CEACAM1"
"4295",6341,-0.0708415743492867,1.52844986246124,-0.957517071373326,0.340925991813116,0.572688488710702,"SCO1"
"4296",6342,-0.0735824424737062,2.40678972065355,-0.683072833869207,0.49635280352608,0.700430971233739,"SCP2"
"4297",636,-0.32260754304993,-2.32902690596842,-2.14636097174404,0.0345923378569849,0.142693393660063,"BICD1"
"4298",637,0.276600597362859,-1.08573060738911,1.95140985772922,0.0541846860684649,0.189723675463912,"BID"
"4299",63826,-0.117768780667404,-1.72666541931074,-0.561055236365017,0.57618382024635,0.762530463275571,"SRR"
"4300",6385,0.441977312199586,-0.0464594256702125,1.6729439328473,0.097885076146685,0.271413578232691,"SDC4"
"4301",6386,0.188144534220619,0.0104254802738524,1.51429113114441,0.133530701213229,0.329161222508755,"SDCBP"
"4302",63874,-0.244331818350525,-2.11935781497757,-1.10241218299376,0.273284264983401,0.501470498794654,"ABHD4"
"4303",63875,0.0359064423483272,0.778757249075206,0.323548673986166,0.747046353050281,0.873071309029441,"MRPL17"
"4304",6388,0.169292008861382,-2.15091146733911,1.27984092620756,0.203960273941959,0.422642448662978,"SDF2"
"4305",63892,-0.213127213043898,-1.02474680873905,-1.36695644551159,0.175116148909937,0.389154797028386,"THADA"
"4306",63897,0.0609196449517233,-2.76395427364243,0.448983812304884,0.654545572236604,0.81858205427634,"HEATR6"
"4307",63898,0.454586549100558,-3.07820549646423,2.18732204608359,0.0313668468206135,0.133794097140324,"SH2D4A"
"4308",63908,-0.538799741984563,0.148143070017702,-3.99570669275011,0.000133520194460746,0.00827825205656624,"NAPB"
"4309",6391,-0.0507658370846958,-0.12484804911786,-0.382670282888177,0.702885708978023,0.844702978262393,"SDHC"
"4310",63915,-0.0585269687085211,-0.469215909544374,-0.670125392689628,0.50453020724509,0.70622723194307,"BLOC1S5"
"4311",63917,-0.0822308897427489,-0.758240469630553,-0.865870223345581,0.388912658253617,0.613504470922823,"GALNT11"
"4312",6392,-0.0200802698928868,0.764830125194979,-0.152653267939585,0.879020707939292,0.943751811322612,"SDHD"
"4313",63931,-0.0905899512165853,0.427114294528081,-1.18835198201276,0.237887595288611,0.461376442323819,"MRPS14"
"4314",63932,-0.0263650897193701,-1.80214517762797,-0.218511782052732,0.82753564243203,0.918322037771939,"STEEP1"
"4315",63933,-0.162552319626839,-0.506830398275755,-1.8184215687965,0.0723971160904677,0.225455859240634,"MCUR1"
"4316",63935,0.0404551209449086,0.162586093434552,0.492852079063944,0.623342978065621,0.798597202956958,"PCIF1"
"4317",63943,0.00471702041758681,-2.01230321249901,0.0257051377953469,0.979550647618507,0.989691674836351,"FKBPL"
"4318",6396,-0.0446202048889525,0.408806824259815,-0.577937098694962,0.564780535700665,0.753122513171993,"SEC13"
"4319",6397,-0.144969869718694,-0.930266267107463,-1.36606888689524,0.175393542744874,0.389154797028386,"SEC14L1"
"4320",63971,-0.153185558347747,-0.035495330233862,-1.84203878965523,0.0688329703843304,0.219536023291586,"KIF13A"
"4321",6399,-0.294430110176171,-1.55875732936351,-2.66097206885715,0.00925791164704412,0.0636338876702764,"TRAPPC2"
"4322",64077,-0.0657873087556164,2.37647447258417,-0.764720381818114,0.446481141550852,0.662116754491213,"LHPP"
"4323",64081,0.352381386889636,1.0528209608817,1.69032700643433,0.0945000471619637,0.265951989674522,"PBLD"
"4324",64083,-0.0202913644073005,0.343264580974862,-0.230853055965573,0.81796409735067,0.913792760297131,"GOLPH3"
"4325",64087,-0.0330149058635305,2.00871210763651,-0.45870355876458,0.647576417858154,0.814010891323711,"MCCC2"
"4326",64089,-0.153675782206394,-2.28870679458352,-1.0913491813833,0.278094254201863,0.5062107153888,"SNX16"
"4327",64093,0.352843795201794,-1.09493089737354,1.63961362527441,0.104650855860815,0.282847623634382,"SMOC1"
"4328",64114,0.644851841819068,-0.602016722364115,3.62633144891909,0.000480880672870048,0.0154421294666649,"TMBIM1"
"4329",64118,-0.0314585824897522,-2.78439892755879,-0.216683165911827,0.828956121916656,0.918874020466012,"DUS1L"
"4330",64122,-0.199545124981291,1.33351289030964,-2.61908393326057,0.0103795408366169,0.0685308063221834,"FN3K"
"4331",64129,0.388100725605146,-2.9860504197259,1.78851979705889,0.0771288364981442,0.235179730961554,"TINAGL1"
"4332",64130,-0.291558162774545,-0.469165837172632,-2.39966041519039,0.0185161127803749,0.0969692710434132,"LIN7B"
"4333",64131,0.00781030423788565,-2.04627178101503,0.0546541789347195,0.956537696031306,0.980826658576705,"XYLT1"
"4334",64132,0.271232028260312,-3.08899481365037,1.61411230941487,0.110078428146435,0.291935347260991,"XYLT2"
"4335",64135,0.171039200736061,-2.27629982484045,1.16083555504314,0.248843835754679,0.475086613954035,"IFIH1"
"4336",641371,0.00191280207420741,2.26819578731955,0.0243319314522539,0.98064285798939,0.989997674726788,"ACOT1"
"4337",64145,0.0281080939066176,-1.08651921022259,0.239961584379609,0.810917353561469,0.910971638132045,"RBSN"
"4338",64146,0.254989189705284,0.381185750864463,2.54655109075581,0.0126157608662803,0.076141140803568,"PDF"
"4339",64167,-0.0879024466840775,-0.784284234652185,-0.756008724070548,0.451660233874665,0.666896924590497,"ERAP2"
"4340",64172,-0.169445705103016,-1.79661326388532,-1.30580292592401,0.195018244520196,0.413102101997987,"OSGEPL1"
"4341",64175,-0.228049930925588,0.312898532842468,-1.79719160938073,0.0757309031350629,0.232650792514022,"P3H1"
"4342",6418,-0.0340284237111046,2.86929770301507,-0.339295373873573,0.735194498831812,0.867039218010796,"SET"
"4343",642,-0.18630181911869,3.17263401535048,-2.20632856317816,0.0299614979385672,0.130151220344604,"BLMH"
"4344",64207,-0.140017252297575,0.135811982566981,-1.63912206885881,0.104753395313199,0.283000149838212,"IRF2BPL"
"4345",64210,-0.234607696824676,-0.328594929189229,-2.6525974092781,0.00947294623125977,0.0646167603470449,"MMS19"
"4346",64215,0.230503125043388,0.135599406611075,3.00115060859422,0.00349796800376947,0.038294769459978,"DNAJC1"
"4347",64219,-0.243314085960191,-2.52875825765774,-1.64756130917264,0.103004179902128,0.280372353099451,"PJA1"
"4348",64222,0.291256173935857,-1.06401908356891,1.4362176833159,0.154481053293939,0.360945833695545,"TOR3A"
"4349",64224,-0.141584914428771,-1.556385036744,-1.16863314124395,0.245703237608895,0.47143684665314,"HERPUD2"
"4350",642273,0.241052087939323,-2.92121584691597,1.44828899324587,0.151085106824653,0.355855865575486,"FAM110C"
"4351",64236,-0.247818086170251,0.402804368960652,-1.62129168560337,0.108528004534903,0.289880283653279,"PDLIM2"
"4352",6427,-0.052936126176073,4.14857373140043,-0.589751793242709,0.55686622036772,0.746590544920765,"SRSF2"
"4353",6428,0.0109777693247377,4.1735973262108,0.144461397229689,0.885466018076509,0.945896179452007,"SRSF3"
"4354",64282,-0.0128422544693949,-2.38400569672422,-0.0763691011292908,0.939298572696866,0.973289834852144,"TENT4B"
"4355",64283,0.212562267079153,-2.47122493122469,1.32105735726964,0.18990241192647,0.407417338135153,"ARHGEF28"
"4356",64284,-0.254846603005472,-2.44205200304948,-1.30559994125542,0.195087005337318,0.413102101997987,"RAB17"
"4357",6430,0.046853862847706,1.13332010902207,0.519675013691627,0.604593063282335,0.785686315123076,"SRSF5"
"4358",64318,0.229848969830346,-1.3974960969946,2.59047570239359,0.0112147925892329,0.071407050739327,"NOC3L"
"4359",64319,0.0928007161166222,-1.61171174227674,0.604460082964056,0.547091004215078,0.739006290464822,"FBRS"
"4360",64320,0.21015633695098,-1.38456230693405,2.24570355102336,0.0272242146395319,0.122779007683649,"RNF25"
"4361",643246,-0.281939503072099,3.30084371363038,-2.41085529946082,0.0179922801344915,0.0948768174102312,"MAP1LC3B2"
"4362",6433,0.0856000378501071,-0.581841842287048,1.19136628456797,0.236708774007236,0.459638865819809,"SFSWAP"
"4363",64343,-0.333272293744419,-1.25686714959043,-3.46282881009796,0.000827019478502598,0.0196753703839107,"AZI2"
"4364",64359,0.121248032993791,-0.355104463520924,1.3603390031429,0.177192366099558,0.391001143406261,"NXN"
"4365",64374,-0.223558512653874,2.26813059705193,-2.32295392739916,0.0224849554035863,0.109795271493407,"SIL1"
"4366",643836,0.159128972913043,-5.47587776848314,0.97275402283809,0.333338217859178,0.566610352040886,"ZFP62"
"4367",643853,0.0347142246303383,0.237582039395346,0.427272636707114,0.670222987674967,0.824860856980407,"TMPPE"
"4368",64397,0.0315268734644354,-4.07467891782659,0.128754801226349,0.897845079888818,0.951246643362413,"ZNF106"
"4369",64398,-0.0753927532359255,-1.21290626667553,-0.936374757666047,0.35163940921619,0.58222321903946,"PALS1"
"4370",64400,-0.139356105113412,-2.17120141567712,-1.3482540016704,0.18103207201703,0.39557666715576,"AKTIP"
"4371",644150,0.167845377813829,-5.66661014124316,0.693024327048331,0.490116788538836,0.695087072100595,"WIPF3"
"4372",64418,0.00819663160944639,-4.47595326922673,0.040317916310618,0.967930876708851,0.986084601035507,"TMEM168"
"4373",64422,-0.0585789793653427,0.342873919723831,-0.768573229187658,0.444201627869223,0.660245792678685,"ATG3"
"4374",64423,0.199261210366385,-0.233339968600923,2.10095041699476,0.0385013870813347,0.153369233841319,"INF2"
"4375",64425,-0.0145751300410353,-1.6563994276832,-0.109842752127034,0.912783849421833,0.959525135768318,"POLR1E"
"4376",64426,0.047005903751806,-1.50648525994566,0.368100292517278,0.713681197644224,0.85204642627996,"SUDS3"
"4377",6443,-0.101730526004129,-2.61542068072742,-0.858674837214052,0.392849633738425,0.616861358886276,"SGCB"
"4378",64431,-0.0942639773272771,-2.7992536737955,-0.695251915574641,0.488726783824283,0.693862740970959,"ACTR6"
"4379",64434,0.108851490343869,-2.84296055156538,0.697521372585878,0.487312878391313,0.692713313325601,"NOM1"
"4380",6444,-0.0763337320688585,0.176626984829507,-0.792172183304278,0.430387685508918,0.649260166550391,"SGCD"
"4381",6447,-0.446846122113696,2.88870861128793,-1.93659391318794,0.0559994003233405,0.19386594426659,"SCG5"
"4382",6448,0.329096822658671,1.27442512780817,2.64993287271134,0.00954230712482307,0.0648770027526907,"SGSH"
"4383",644815,0.190864879436828,-2.80714539074727,1.61327794046892,0.110259763296695,0.292175307756546,"FAM83G"
"4384",64499,0.0888346801173183,3.3627815932943,0.281030927346113,0.779345481059213,0.891173167859116,"TPSB2"
"4385",645,0.287120561071378,2.87606602538063,2.77310859836929,0.00677570644367273,0.0533814984444725,"BLVRB"
"4386",6451,-0.179841035058711,3.07842872685266,-1.55452838517551,0.123642745109934,0.313085465959065,"SH3BGRL"
"4387",6453,-0.168265238453615,-0.258484380993129,-1.94414379058668,0.0550683290876311,0.191832805868263,"ITSN1"
"4388",6456,-0.309383210989028,3.20590164710132,-3.09429826681028,0.00264368584584792,0.0323245890872799,"SH3GL2"
"4389",64599,0.0789148750507125,-1.08275624094236,1.03835405329759,0.301946050173407,0.530892253212367,"GIGYF1"
"4390",6464,-0.0417009835264297,-0.962602923307611,-0.355027696564865,0.723417160818973,0.857250084621236,"SHC1"
"4391",64682,-0.00401655862046635,-1.03961687548252,-0.0532217374895577,0.9576757056289,0.981337809874822,"ANAPC1"
"4392",646915,-0.0384135303195855,0.220724947305494,-0.314795578864205,0.753661040120769,0.877040623845321,"ZNF285CP"
"4393",6470,0.511301300136846,-0.642934410041071,2.76075832826162,0.00701566539916803,0.0545090559748017,"SHMT1"
"4394",647024,0.437718087605819,-3.23906148983823,2.27113430965957,0.025575252052078,0.118565632247473,"C6orf132"
"4395",64708,-0.0316837545951751,1.01075795816659,-0.336598939783051,0.737219533564378,0.868228669770729,"COPS7B"
"4396",64710,0.039611280617176,1.96937512711993,0.234906935898688,0.814825959306106,0.912331583039197,"NUCKS1"
"4397",64714,1.03430882830074,3.07600108560998,1.92398301377438,0.0575843418617773,0.196655446418441,"PDIA2"
"4398",6472,0.424135963386875,2.71121945496122,3.97222093177817,0.000145178329296893,0.00872818551185392,"SHMT2"
"4399",64745,0.0288577773474323,-1.42848097783459,0.220329913128258,0.826123876474587,0.917858102082653,"METTL17"
"4400",64746,-0.128036107951838,1.2765318402279,-1.71332506258449,0.0901688861362542,0.259230268432941,"ACBD3"
"4401",64747,-0.13350090504328,0.397887285486351,-1.46325041052335,0.146956735804827,0.350435293073048,"MFSD1"
"4402",64754,0.00599172381841528,-1.69469463347687,0.0500328233824837,0.960209464532547,0.982294282216795,"SMYD3"
"4403",64755,-0.0978722237675655,2.8149840106464,-1.33858699955453,0.184148487442745,0.400230458919111,"RUSF1"
"4404",64756,-0.161877771317522,-0.27475368199588,-2.11691857910564,0.0370853233355589,0.149559602256019,"ATPAF1"
"4405",64759,0.183294799613301,0.691474281926917,2.62979569592926,0.0100815729062564,0.0672798942329029,"TNS3"
"4406",64760,-0.196681783330275,-1.28896807642059,-1.47079307881549,0.144908989816568,0.347985672728519,"FHIP2B"
"4407",64761,0.127385430186013,-0.529604008325176,1.43257012298094,0.15551871925685,0.362817901481773,"PARP12"
"4408",64762,-0.377616942701974,-2.47947127010297,-2.76999592377595,0.00683546649525666,0.0536522932837409,"GAREM1"
"4409",64763,0.0804382254355329,-1.76160455469571,0.51228592349146,0.609732528668709,0.787764563719703,"ZNF574"
"4410",64769,-0.0186345175912384,-0.684255107117312,-0.169276246302386,0.865967336698979,0.937626302433223,"MEAF6"
"4411",64771,-0.127716826036887,-4.39401282712754,-0.479224787646171,0.632965852903948,0.805712236649613,"ILRUN"
"4412",64772,-0.023364308924309,-1.12651271023588,-0.176476573100443,0.860324505895103,0.935460020758927,"ENGASE"
"4413",64778,0.110310021570713,-0.141322433628393,1.57392403405904,0.119088663136125,0.305077718835366,"FNDC3B"
"4414",64780,-0.0621024717545506,0.0678375474376508,-0.734909373013528,0.464346000441709,0.678285833649929,"MICAL1"
"4415",64784,-0.20658539774483,-2.09605450861051,-1.70186895564084,0.0923056368653593,0.263154667477741,"CRTC3"
"4416",64787,0.338062474275977,1.04372687310454,2.90986107837699,0.00457703133767021,0.0437584451386371,"EPS8L2"
"4417",64788,-0.0216262988176594,-1.20896360131776,-0.14709483031814,0.883393188021385,0.945894781722153,"LMF1"
"4418",64792,-0.189959849450412,-1.65740877907793,-1.14305925140495,0.256109967525438,0.484410599753219,"IFT22"
"4419",64793,0.193019994073798,-0.537791089501181,1.4667045662207,0.146016196388249,0.349395869447808,"CEP85"
"4420",64794,0.182297478548568,-1.26649051236107,2.33249468109889,0.0219534283351986,0.107972871090905,"DDX31"
"4421",64795,-0.0930380732843457,-2.06325507590837,-0.711176566963387,0.478853102043942,0.687693107240458,"RMND5A"
"4422",64798,-0.164115843644595,-0.908254713234764,-1.41888424767114,0.159460125223618,0.367722115043412,"DEPTOR"
"4423",6480,0.148421093914029,-2.31359223573205,0.591336086345873,0.555809142744543,0.74611207098577,"ST6GAL1"
"4424",6482,0.134394886834186,-1.73740336946206,1.22434809706119,0.224084105397155,0.44613306484844,"ST3GAL1"
"4425",64834,0.125645591916308,-0.200042445104784,0.875044081846384,0.383928723385658,0.609580939689904,"ELOVL1"
"4426",64837,-0.285971706861379,2.44731080575033,-3.14018693887252,0.00229826224448805,0.0306002899276956,"KLC2"
"4427",64839,-0.112660237069368,-1.48035993466177,-0.88461668182367,0.378770758722081,0.605441384644827,"FBXL17"
"4428",6484,-0.268296148153596,-3.31754460245544,-1.26364784757225,0.209689230912843,0.427598836991039,"ST3GAL4"
"4429",64841,0.585533497662863,-2.44808518353994,2.91905470171057,0.00445588090206641,0.0430034543661692,"GNPNAT1"
"4430",64847,-0.234323314310212,0.0985066639370202,-2.09756509315003,0.0388075332835464,0.15378434456713,"SPATA20"
"4431",64852,-0.033425609338487,-1.97097684172366,-0.28769048045705,0.774259175187633,0.887888438507355,"TUT1"
"4432",64855,0.334366690135021,2.68314926334753,3.6769658696738,0.000405256332008917,0.0145465693910569,"NIBAN2"
"4433",64856,-0.130606901056788,0.12973281607238,-0.987912705928269,0.325900260904501,0.558140569595934,"VWA1"
"4434",64860,-0.263572115009208,-3.24738761691712,-1.37065377098301,0.173964184167625,0.387940247860242,"ARMCX5"
"4435",64866,0.0223890859727434,0.319340817051186,0.213682072450654,0.831288619664269,0.919665421765545,"CDCP1"
"4436",64897,0.0123086312001146,-1.84738714690771,0.0976310352190226,0.922447002281788,0.965219860212345,"C12orf43"
"4437",649,0.103697660259772,-3.34161594666839,0.636798824366038,0.525906719425278,0.721775320254631,"BMP1"
"4438",64900,0.06122413432329,-1.31325361298131,0.429318781037909,0.668739099568686,0.824241082962368,"LPIN3"
"4439",64921,-0.359698667272077,-0.68800961981454,-2.57172419756629,0.011794721662599,0.0734534084527203,"CASD1"
"4440",64924,0.00825891032035231,-1.82189901712359,0.0517455232466429,0.958848582505379,0.981720200069727,"SLC30A5"
"4441",64925,0.580514001067371,0.598126068783585,2.98843278656073,0.00363268025843918,0.0387780720457386,"CCDC71"
"4442",64928,-0.153152024415511,0.614935765984169,-1.68900488432422,0.0947541080294865,0.2664226821278,"MRPL14"
"4443",6494,0.0412793104863285,-5.12399682763314,0.188789611599121,0.850691832629761,0.930808947218703,"SIPA1"
"4444",64943,-0.444494359283679,0.476273407548519,-3.30916486676842,0.00135656238611152,0.0241350142781233,"NT5DC2"
"4445",64951,-0.102868992952795,-0.423051479587336,-0.887449034956614,0.377252967925784,0.604116545037428,"MRPS24"
"4446",64960,-0.119496833861192,0.898735943755541,-1.51685971758797,0.132881433153033,0.328032614548896,"MRPS15"
"4447",64963,-0.163250588746165,0.158848786324734,-2.00440942045288,0.0480963505072217,0.177200119695874,"MRPS11"
"4448",64968,-0.062127302981821,-0.678435915256633,-0.437875261844201,0.662548143475251,0.822390395278279,"MRPS6"
"4449",64969,-0.145736199552622,-0.24155677232176,-1.96078936952293,0.0530618412746559,0.187611510221105,"MRPS5"
"4450",64975,-0.281927690744417,0.338213301611575,-2.11341349706447,0.037392232285837,0.150205184404756,"MRPL41"
"4451",64976,-0.257770555351358,0.058593725762857,-2.72544766001112,0.00774517263067419,0.0578717257388419,"MRPL40"
"4452",64978,-0.169067564998833,1.53433766103666,-2.08176656772066,0.0402642141874639,0.157415125275576,"MRPL38"
"4453",64981,-0.18411994487987,-1.5362963848173,-1.08080487666029,0.282732985243268,0.510716616663678,"MRPL34"
"4454",64983,-0.214340501783183,-3.58249514059441,-1.10725209107013,0.271198260192678,0.498848899976286,"MRPL32"
"4455",6500,0.00402434211444447,1.00171312225646,0.0525188972357945,0.958234112487854,0.981582273439661,"SKP1"
"4456",65003,-0.226561799954702,1.15414446277333,-2.90871521010365,0.00459234202818659,0.0437584451386371,"MRPL11"
"4457",65008,-0.225101979047343,1.69554979734136,-3.26562262437739,0.00155663732154653,0.0260034677814832,"MRPL1"
"4458",65009,-0.124430077522516,-1.47125741890086,-0.673609655278478,0.502322518303584,0.704814836105282,"NDRG4"
"4459",65057,-0.257673060556333,-1.48795786271254,-2.66507393742423,0.00915421343812702,0.0633467441749985,"ACD"
"4460",65059,-0.453110049449995,0.591124480575379,-3.6522403198498,0.000440652121184511,0.014782977592485,"RAPH1"
"4461",65065,0.115826672870479,-1.13359022211463,1.47588026807297,0.143540479186888,0.345938638455332,"NBEAL1"
"4462",65083,0.169246358733234,-1.37027849418302,2.00128300646583,0.0484385424420893,0.178033397311104,"NOL6"
"4463",65084,-0.00943592617824374,-0.839820470037177,-0.0611908292350468,0.951345803715296,0.979548617439395,"TMEM135"
"4464",6509,0.00963888123811474,-0.312516823695572,0.0946337189774965,0.924820621096989,0.966221101666948,"SLC1A4"
"4465",65095,0.0558776538937975,-2.96488852642928,0.30506566416761,0.761035525844376,0.881698010123212,"KRI1"
"4466",6510,0.549982087493053,-2.71730238312616,2.52802118657908,0.0132526324800877,0.0784132881690401,"SLC1A5"
"4467",65108,0.490647226050968,-2.21613732149207,2.10084563087923,0.0385108318398175,0.153369233841319,"MARCKSL1"
"4468",65109,-0.0569484995091261,-1.39352635021712,-0.736124531760357,0.463609966809916,0.677923533582285,"UPF3B"
"4469",65117,-0.0493528776856021,-0.687586511802338,-0.570510785109459,0.569783214088019,0.75699769871694,"RSRC2"
"4470",65124,-0.18774189417223,-1.58236009224536,-2.10508559016683,0.0381302639378127,0.152075087751978,"SOWAHC"
"4471",6513,-0.101756315154773,0.371981498047563,-0.650351156585176,0.517157433294491,0.715902644465852,"SLC2A1"
"4472",6514,-0.283008468511464,-1.97374059117967,-1.91762918306347,0.0583971593363196,0.198253188056598,"SLC2A2"
"4473",6520,-0.516139149572797,3.41652210984168,-4.31521774549837,4.15514696605015e-05,0.0043095858207076,"SLC3A2"
"4474",6522,-0.101912263183996,-1.6280447614487,-0.481252703007803,0.631529784590982,0.804970846526629,"SLC4A2"
"4475",65244,-0.246618313515257,-1.02922173845626,-2.24449425537887,0.0273049003332062,0.122981661615614,"SPATS2"
"4476",6525,0.298696648425782,-1.82917519433665,1.8564956018386,0.0667244828550719,0.215535124775744,"SMTN"
"4477",65258,0.211744206717628,-3.00210119082993,0.928737166298636,0.355562362542343,0.585410791990793,"MPPE1"
"4478",65260,0.210838597518551,-1.32937518631947,2.20332369510052,0.0301799484987574,0.130453890060122,"COA7"
"4479",65263,0.248729306384004,0.236908044215812,2.82703306760727,0.00581341558601502,0.0500459254796075,"PYCR3"
"4480",65265,0.325228831551159,-0.328367167054503,2.60529245233386,0.0107749066606049,0.0699650792115803,"C8orf33"
"4481",65267,0.286620132310225,0.748358897467107,1.26601916435332,0.208842952002646,0.427091923960332,"WNK3"
"4482",65268,0.262246256447413,-0.953218444261601,2.39356125929369,0.0188071807893098,0.0980621292686677,"WNK2"
"4483",653,-0.173037710528891,-1.94214445030787,-0.913776425161909,0.363327785176513,0.592797965287994,"BMP5"
"4484",653269,0.170940373507174,1.92639667453992,1.29038102686394,0.2002940384733,0.418449560295819,"POTEI"
"4485",653437,0.144088177891322,-3.10227776712694,0.372836265001617,0.710165598895337,0.849375768904829,"AQP12B"
"4486",653567,0.23170196443647,-1.4547331459669,0.94071359175608,0.349423288558284,0.580135284060251,"TMEM236"
"4487",653583,-0.328348754662236,-1.58604759072033,-1.91454131028627,0.0587956643370698,0.198969743348222,"PHLDB3"
"4488",6541,0.187098867002619,0.606430551838619,1.70606781932207,0.0915177271688806,0.261394048097994,"SLC7A1"
"4489",6542,-0.206335017996102,2.97954717822576,-1.56721493409709,0.120648588029139,0.30804535495959,"SLC7A2"
"4490",6543,-0.273001207271848,0.280347758666433,-2.05093481997718,0.0432432160373379,0.164554779936255,"SLC8A2"
"4491",6545,0.101283068005481,-3.02832280755972,0.339226944298105,0.735245866690484,0.867039218010796,"SLC7A4"
"4492",6546,-0.194015521545858,-1.52886710428058,-1.02200660656009,0.309575324928973,0.539209235077763,"SLC8A1"
"4493",6548,0.0412946033013105,-0.850021803436068,0.516238817980318,0.606980643719282,0.786665369752735,"SLC9A1"
"4494",6558,0.270183399673056,-0.297315346245534,2.4266741731417,0.0172745923945398,0.0925230786367236,"SLC12A2"
"4495",656,-0.0132753843960032,-3.13970799813203,-0.083619761210724,0.933548420854444,0.971536149068256,"BMP8B"
"4496",6560,0.172698093515887,-0.833864244393352,1.62252819931646,0.108262755417246,0.289297689486746,"SLC12A4"
"4497",6566,0.040132698742176,-3.74844667814926,0.175618614586961,0.860996505624298,0.935693440425273,"SLC16A1"
"4498",6571,-0.0434776495159632,-0.97485722383348,-0.135087056285254,0.892851130695519,0.949630954810101,"SLC18A2"
"4499",6575,-0.126004412188611,-1.26104497383724,-1.37017818395632,0.17411203795171,0.388053627068844,"SLC20A2"
"4500",6576,-0.263945880838837,3.92070229819055,-3.21568618740782,0.00182000166615464,0.0279979203680632,"SLC25A1"
"4501",6578,-0.604188525724346,-0.0608188480818803,-2.26870771470392,0.0257287119567328,0.118917796679537,"SLCO2A1"
"4502",6585,0.0306777124549912,-0.198358853827295,0.245937616867876,0.806302454477567,0.908529184747043,"SLIT1"
"4503",6594,-0.133089244846667,0.776854218088077,-1.45789882958352,0.148423226284425,0.352085301920291,"SMARCA1"
"4504",6596,-0.145632512528822,-0.186616259680473,-1.92355982274444,0.0576381798805433,0.196655446418441,"HLTF"
"4505",6597,0.170339319727652,-0.760227899725289,1.91079792544366,0.0592818435403796,0.199550360251863,"SMARCA4"
"4506",65975,-0.165220809471433,-2.99613244104425,-0.895439593959214,0.372991611385332,0.599452114377766,"STK33"
"4507",65977,-0.167787485785605,-3.30958838705095,-1.093062718985,0.277345427190338,0.505747543700027,"PLEKHA3"
"4508",65979,0.186981540452018,-1.3567112001238,1.62939015617791,0.106800241318803,0.286762852674897,"PHACTR4"
"4509",6598,-0.0869898222055765,0.844226012420301,-0.774674565109448,0.440605666471447,0.65737422965526,"SMARCB1"
"4510",65980,0.163539129787866,-3.21103167694019,0.916654042760267,0.361825822608541,0.591920815344143,"BRD9"
"4511",65982,-0.203423020349326,-0.17674590225956,-2.01236890707688,0.0472344811309698,0.17474976667853,"ZSCAN18"
"4512",65983,-0.519801324041535,-2.85299712244539,-3.79584001742801,0.000269632053425135,0.0121635726730132,"GRAMD2B"
"4513",65985,-0.133758103430852,0.802241669191329,-1.68151196779588,0.0962044932160475,0.26913104501992,"AACS"
"4514",65987,0.860419371794312,0.493087875230712,1.85629487211719,0.0667533841965932,0.215535124775744,"KCTD14"
"4515",6599,0.215146295044938,-0.423429091976524,2.72322289524263,0.00779337312882745,0.0578717257388419,"SMARCC1"
"4516",65991,0.0068137796371246,1.99486150599354,0.103542016749248,0.91776808749724,0.963279842862185,"FUNDC2"
"4517",65992,0.0398838485124542,2.43438832696559,0.474581187181683,0.636259516446191,0.806978924056059,"DDRGK1"
"4518",66005,0.278052374744953,1.71288057372791,2.00874248974007,0.0476255048823242,0.1757819296258,"CHID1"
"4519",6602,-0.0642927459332313,-0.493055195562466,-0.694629075325985,0.489115215443045,0.694094726632946,"SMARCD1"
"4520",66036,-0.246526547238726,1.36091063546266,-2.82320954422441,0.00587728221295045,0.0502433958538856,"MTMR9"
"4521",6604,-0.181228051198898,-2.35363795007231,-1.2184786751141,0.226294239189328,0.447732981917127,"SMARCD3"
"4522",6605,-0.0117151018861671,0.65565399006583,-0.150485898452926,0.880725205211225,0.945085893284353,"SMARCE1"
"4523",6606,-0.189483663456873,-0.859047289336291,-2.04366601413369,0.0439725174151128,0.166709889990094,"SMN1"
"4524",6609,-0.295815880948948,-0.0699100240331056,-1.92329469779475,0.0576719305403369,0.196661283142549,"SMPD1"
"4525",661,0.0928186583685575,-0.910551003050798,1.04650521744936,0.298189888139215,0.527261611704856,"POLR3D"
"4526",6610,-0.0460658260673421,-1.45335756453299,-0.416850871642994,0.677801193686829,0.828791285692059,"SMPD2"
"4527",6612,-0.0715190150246063,-2.14513399325641,-0.678588843309685,0.499176660253466,0.702739986384351,"SUMO3"
"4528",6616,-0.315667944240479,0.413081401156761,-3.09201682064198,0.00266205914632189,0.0324303995070048,"SNAP25"
"4529",6620,-0.267035752296209,0.573280935998027,-1.63234842107741,0.106174667283351,0.285582869318673,"SNCB"
"4530",6621,-0.0111396852575996,-2.92362924222565,-0.0799773030516047,0.936436658711965,0.973289834852144,"SNAPC4"
"4531",6622,-0.413423609299817,0.0680533249997135,-3.11220355225126,0.00250352916152397,0.0315952663821874,"SNCA"
"4532",6623,-0.317280744454006,-3.07570325316542,-1.14864793009008,0.253809591490869,0.481720245074506,"SNCG"
"4533",6624,0.0707082440959923,1.77066265460223,0.449078420212555,0.654477588350391,0.81858205427634,"FSCN1"
"4534",6625,-0.0431238666348053,2.53298311655167,-0.543028966769176,0.588480802781746,0.772818380931174,"SNRNP70"
"4535",6631,-0.212407683333499,-0.8474156668188,-2.44739173165456,0.0163733245138488,0.0900550083745649,"SNRPC"
"4536",6632,0.0379061383645656,2.41750840641367,0.405849118772292,0.685837259600497,0.834424003850912,"SNRPD1"
"4537",6633,0.0133116863188367,2.94032175710871,0.175066486994653,0.861429016126607,0.935711659589324,"SNRPD2"
"4538",6634,0.100472017677778,3.54891786457609,0.947755133429141,0.345845960934624,0.5770541607892,"SNRPD3"
"4539",6635,0.0715104461035931,3.22580913072481,0.481478964868201,0.63136964478809,0.804970846526629,"SNRPE"
"4540",6636,-0.353336987658277,-0.749646752826072,-1.81439000606386,0.0730206304037241,0.226707450388497,"SNRPF"
"4541",664,0.0921873644106659,-1.92441338493622,0.850475143891133,0.397365949920476,0.6205193290589,"BNIP3"
"4542",6641,0.783102346869809,0.59306129255277,2.88137845529928,0.00497188667526799,0.045536586324807,"SNTB1"
"4543",6645,0.206101911540224,1.03751993697259,2.1057655425373,0.0380695367474738,0.152068146115175,"SNTB2"
"4544",6646,0.181791251549415,-0.965471578445458,1.59380459775388,0.114560516238304,0.298971961227292,"SOAT1"
"4545",6647,-0.162787188767496,3.98547032921656,-1.57519449950111,0.11879508710486,0.304834550438808,"SOD1"
"4546",6648,0.649012656906144,5.78648767914011,3.40829389532694,0.000987440070272203,0.0214978311223308,"SOD2"
"4547",6649,0.636954744806915,-0.656428320408643,2.61679935687596,0.0104441127993138,0.0687095009241031,"SOD3"
"4548",665,-0.302104949043393,-2.2713965850929,-1.82383661986186,0.0715666164931084,0.223954787543163,"BNIP3L"
"4549",6652,0.0935175509551698,2.92494002153571,0.781289145514657,0.436726456363342,0.653971422930374,"SORD"
"4550",6653,-0.374209839270244,1.61564802098398,-3.43213228639339,0.000914010261988907,0.0207018265243096,"SORL1"
"4551",6655,-0.101001891659926,-1.52086098943025,-0.98878410633783,0.325476049400236,0.557766746499706,"SOS2"
"4552",6660,-0.402358168777038,-0.639686890117567,-2.81516579463887,0.00601374670560125,0.0510393945774694,"SOX5"
"4553",6667,-0.0241769091551429,-4.58585857166415,-0.131324910423789,0.895817648836742,0.950509480714062,"SP1"
"4554",6668,0.000253655191419178,-2.24256402998546,0.00254672094377062,0.997973769375658,0.998195792469513,"SP2"
"4555",667,-0.0682835883459699,0.482818756333,-0.766674906164815,0.445323913743669,0.661039463738486,"DST"
"4556",6670,0.034049178100942,-1.46570452167128,0.335753861511047,0.737854574209894,0.868228669770729,"SP3"
"4557",6672,0.287025926873147,-0.299625048814085,2.35214571074761,0.0208935574814885,0.104518871900062,"SP100"
"4558",6674,-0.00931224520239238,-1.46640924607655,-0.0759594222982498,0.93962356837644,0.973289834852144,"SPAG1"
"4559",6675,0.303037948731493,0.179315333621316,2.7017005393514,0.00827397316234741,0.0597862767954879,"UAP1"
"4560",6678,0.0531112224589759,-0.819947391397244,0.203742615482061,0.839024412422073,0.925248265082049,"SPARC"
"4561",6683,-0.0717020205135686,-0.331636043230181,-0.866355158271523,0.388648206214729,0.61340259443199,"SPAST"
"4562",669,-0.165124034183291,-0.646554135483621,-1.6571729496047,0.101040814958525,0.276993533816625,"BPGM"
"4563",6690,1.19923561213621,-0.164253657876673,2.74965220862406,0.00723805282915549,0.0554646295447646,"SPINK1"
"4564",6692,0.410446815915943,0.213277793052619,2.88757170451714,0.00488345472148043,0.0451404123069922,"SPINT1"
"4565",6695,0.29168820665749,-1.57542296152565,1.32742787064924,0.18779596686452,0.404837374709972,"SPOCK1"
"4566",6696,0.585656676080885,-2.86990282331144,1.94913033293704,0.054460599781703,0.190472456672417,"SPP1"
"4567",6697,0.128545341185211,2.25715207616692,1.65797840013273,0.100877672279896,0.276793541552975,"SPR"
"4568",6710,-0.138053579083515,-0.0173876526918195,-0.949399151474655,0.345014176936275,0.576400930330662,"SPTB"
"4569",6711,0.259674512300286,3.27265428957755,3.19061773505554,0.00196739493541542,0.0284823340434916,"SPTBN1"
"4570",6712,-0.197397824513265,0.510459290175139,-2.12474091181253,0.0364082479908945,0.147557132255523,"SPTBN2"
"4571",6713,0.27801460032481,-3.94651062176356,1.20249148126892,0.232394348357498,0.454713583110719,"SQLE"
"4572",6717,0.0501677477723494,3.61878963987922,0.662281873562574,0.50951897664063,0.710617468443578,"SRI"
"4573",672,-0.115815377638713,-1.98624824854252,-0.422102820999713,0.673978023527435,0.826392920274963,"BRCA1"
"4574",6723,0.372874400587688,2.96546331596717,2.87410967732391,0.00507755338304441,0.0461035838241518,"SRM"
"4575",6726,0.176974079167654,1.54739560948638,1.28737480563217,0.201334689736645,0.41956403415426,"SRP9"
"4576",6727,0.145687073692645,1.88209732726692,1.56649262905807,0.120817495755313,0.308348352992146,"SRP14"
"4577",6728,0.166695733746896,-0.0532579181094292,1.78798060129465,0.0772164588704387,0.235330002257573,"SRP19"
"4578",6732,0.474693858245707,-0.159934542723226,3.2895243713099,0.00144362299256953,0.0247268724605995,"SRPK1"
"4579",6737,0.21548688207786,0.123586931494416,2.12184769061159,0.0366574168571624,0.148321176446449,"TRIM21"
"4580",6741,-0.0817462897916985,3.00246981753074,-1.13199374322299,0.26070804599947,0.488215240003485,"SSB"
"4581",6742,-0.20383135510767,4.36171914554984,-2.5643245203955,0.012030919412418,0.0740679873153678,"SSBP1"
"4582",6744,0.241328558656333,-1.09761559215057,1.49243555650025,0.139156643601927,0.338677033476856,"ITPRID2"
"4583",6745,0.451755092834346,3.08190696244385,2.75314043315567,0.00716752151172393,0.055074054652317,"SSR1"
"4584",6747,0.389488523524592,0.91589416806353,1.88965303311681,0.0620922198111994,0.206234872944341,"SSR3"
"4585",6748,0.286041706271293,3.27835674162953,2.46786476673322,0.0155242067166442,0.0871798543703222,"SSR4"
"4586",6750,-0.519342265998044,2.98385913777512,-2.26270461433205,0.0261118383968573,0.120055778337011,"SST"
"4587",6752,-0.0627190538762963,-0.980299084471436,-0.455847758790014,0.649620832948062,0.815269777288072,"SSTR2"
"4588",6753,-0.0155118849492899,-3.33852062120147,-0.0939855128835462,0.925334035324703,0.966592972910658,"SSTR3"
"4589",6760,0.147891661802843,-1.90347175431351,0.882028187757721,0.380161209478503,0.606558228172355,"SS18"
"4590",6764,0.0370171922647042,-2.15851737741364,0.21162760075563,0.832886261189734,0.920795365847008,"DENND2B"
"4591",6767,-0.16542178650359,3.84359169347552,-1.89585129956087,0.0612570175859571,0.204012791070323,"ST13"
"4592",6768,0.0298524846647477,-0.332696578537011,0.182319503620157,0.855750765615854,0.932646155128172,"ST14"
"4593",677,0.683180315312236,0.0970645987641122,3.13516719484433,0.00233388985106083,0.030807346034003,"ZFP36L1"
"4594",6772,0.0908189414044303,1.47023048855592,0.832856281752983,0.407177402276185,0.629059877969098,"STAT1"
"4595",6773,-0.00662413406097706,-1.10668046130884,-0.0624437756980467,0.950350853671601,0.97922333505288,"STAT2"
"4596",6774,-0.0866112833722497,1.68205917983496,-0.902339816260916,0.369336228480616,0.595947889172981,"STAT3"
"4597",6775,-0.0768898978011605,-3.02546155603107,-0.390212495381048,0.697321063108582,0.840399898951595,"STAT4"
"4598",6776,0.0763410990213227,-1.86529479264515,0.259714562954172,0.795689776019777,0.901262935082006,"STAT5A"
"4599",6777,-0.0678593933132086,1.52898923889619,-0.876574577107957,0.383101128711997,0.608717247743784,"STAT5B"
"4600",6778,0.219998245577692,-0.0674498739181777,2.55756014156547,0.0122505602654606,0.0748943614635428,"STAT6"
"4601",678,0.307505559669822,-4.0134545698717,1.95613879937046,0.053616076905279,0.188918186018716,"ZFP36L2"
"4602",6780,0.163673326479329,0.422451780049239,1.9736333884782,0.0515563752230961,0.184520717853857,"STAU1"
"4603",6782,-0.398052752400242,1.47160854269326,-4.55067338906909,1.70211253153283e-05,0.00264345157171998,"HSPA13"
"4604",6793,-0.0192329952218073,-1.07338388299974,-0.219582690900197,0.826704020343601,0.918094676473498,"STK10"
"4605",6794,-0.0747766976809243,-1.84527151585613,-0.605756636723948,0.546233466899364,0.738498021988612,"STK11"
"4606",6801,0.0601452303212412,-0.621461346509322,0.637184517769421,0.525656658667269,0.721775320254631,"STRN"
"4607",6804,-0.622711853716028,2.22341390788822,-4.63444641676927,1.23136468195585e-05,0.00243810207027258,"STX1A"
"4608",6809,-0.570361553609385,2.26023123303591,-5.22797225046176,1.14099968486606e-06,0.000636677824155262,"STX3"
"4609",6812,-0.641058326812796,3.81919093256694,-4.09745063893696,9.25947548109174e-05,0.00653271959803921,"STXBP1"
"4610",6817,0.221230832740448,0.335511518325941,1.20501542546642,0.23142349435409,0.453392086927994,"SULT1A1"
"4611",682,0.320794745519756,1.7756578685355,3.44891331421371,0.000865439599753354,0.0201979781873996,"BSG"
"4612",6821,-0.196285329909984,1.00120111551004,-2.63109235663066,0.010046034454047,0.0671705440947065,"SUOX"
"4613",6827,0.0432824478219584,0.662654196694413,0.401095719141551,0.689320587927544,0.836194802001763,"SUPT4H1"
"4614",6832,-0.139215020628807,0.611085939425724,-1.94328526783189,0.0551735387009771,0.192090289589675,"SUPV3L1"
"4615",6833,-0.766907446782952,1.61838764628728,-4.69391667993112,9.76667012123647e-06,0.00214099361443391,"ABCC8"
"4616",6834,-0.17003132746392,0.501143734296996,-1.90916631076819,0.0594948120147803,0.199769779073699,"SURF1"
"4617",6835,-0.0585000574531431,-3.24006722766052,-0.429005845189421,0.668965959302419,0.824355161252409,"SURF2"
"4618",6836,-0.123105868684514,4.08582666091102,-1.126511410735,0.263007525330229,0.49053181114462,"SURF4"
"4619",6837,-0.366121259320025,-2.52066066171114,-1.69163305025299,0.0942496214125341,0.265612569435323,"MED22"
"4620",6838,0.104152287484736,-2.04764701391805,0.802352909163473,0.424507432247269,0.644871560967869,"SURF6"
"4621",684,0.0175314516691484,-0.56345468415307,0.116864135543381,0.907233654872521,0.956311209618329,"BST2"
"4622",6840,0.455618882259597,-0.656025303715788,2.38160323728441,0.0193896861254149,0.100011675157812,"SVIL"
"4623",6844,-0.225940775091891,3.42459533830425,-1.76985137166898,0.0802109150531467,0.239811188538162,"VAMP2"
"4624",6850,0.116524997015684,-0.404225949035724,1.2997515315825,0.197075921188499,0.415546370334237,"SYK"
"4625",6853,-0.481468097933925,0.837975622405913,-3.38791337573866,0.00105458831751366,0.0219756623929274,"SYN1"
"4626",6855,-0.563507853766409,2.92118983911478,-4.26708844102003,4.97036929002918e-05,0.00449036977174654,"SYP"
"4627",6856,0.215809978070106,2.4029109595977,2.11109703643262,0.0375962687607431,0.150728868486898,"SYPL1"
"4628",6857,-0.00852052917189394,-0.934531176770398,-0.0418991966094533,0.966673846590307,0.985628326682755,"SYT1"
"4629",686,0.0589106386227172,-1.68638255705301,0.480595109750136,0.631995304683065,0.804970846526629,"BTD"
"4630",6860,-0.215548791400601,-2.30943487148053,-1.53796818091513,0.127639539997932,0.31977612102339,"SYT4"
"4631",6861,-0.47327191143343,1.6901113081471,-2.78685894396855,0.00651738704986685,0.0524797643157746,"SYT5"
"4632",6867,0.0348957715590237,0.0959072034510461,0.472330568392846,0.637858500612936,0.808085753717689,"TACC1"
"4633",6868,0.215813725494734,-1.24942596622294,2.20245479615476,0.0302433753886614,0.130544189968779,"ADAM17"
"4634",6872,-0.177930819962377,-1.39812072374325,-0.974730826972713,0.332361983693224,0.565577448269756,"TAF1"
"4635",6874,-0.0289026373545009,-1.47369390031698,-0.337101963696385,0.736841618915486,0.868228669770729,"TAF4"
"4636",6876,-0.267485432407393,2.35868986580171,-1.30776215831937,0.194355486012818,0.412786841919266,"TAGLN"
"4637",6877,0.316279184126442,-1.54096641692242,2.0548969863037,0.042850075034804,0.163571538638058,"TAF5"
"4638",6878,-0.00514882858566001,-1.67802793141261,-0.0645369218923594,0.948688887293736,0.978687424874435,"TAF6"
"4639",6879,-0.0524031482352381,-1.40146618927547,-0.47786879396194,0.633926885912258,0.806391910445763,"TAF7"
"4640",6880,0.0458186672430807,-1.78088876426504,0.482156320379202,0.63089034274483,0.804904029721011,"TAF9"
"4641",6881,0.229914247239176,-5.23807750028248,0.800104703610208,0.425801841487387,0.645839360988884,"TAF10"
"4642",6883,-0.0681493207075681,-2.87641946425828,-0.413050048530323,0.680573292939868,0.830984458337957,"TAF12"
"4643",6885,-0.0433372830268774,-1.69945372490791,-0.551636371109552,0.58259370610348,0.768607145882198,"MAP3K7"
"4644",689,0.138084802855641,1.5770307140867,1.39617690370882,0.166168553157586,0.37817670718623,"BTF3"
"4645",6890,0.142306603262381,-0.615511397223432,1.06866191799569,0.288140758157448,0.516834591925895,"TAP1"
"4646",6891,0.165815610745006,0.716796388776297,1.26622829583936,0.208768437816437,0.427091923960332,"TAP2"
"4647",6892,0.225071276883977,1.87357888992728,1.52513667497972,0.130806147097142,0.324399244800912,"TAPBP"
"4648",6894,0.0589032515502526,-2.3989151118761,0.433453171825459,0.665744808506203,0.823195333322134,"TARBP1"
"4649",6895,0.0726597886750714,-0.607626255898968,0.864323894630945,0.389756669334198,0.614362207594584,"TARBP2"
"4650",6902,-0.130825256031633,2.10769721313021,-1.12570122608035,0.263348548726401,0.491018648870793,"TBCA"
"4651",6903,-0.0542784454691163,1.22416298059721,-0.528852610292518,0.598237280747559,0.780110564951884,"TBCC"
"4652",6907,0.270174537761588,-1.52046240119876,1.77038734263982,0.0801210301034408,0.239811188538162,"TBL1X"
"4653",6908,0.0693015283255078,-1.37643256145551,0.547802216422934,0.585212650641909,0.770057490929214,"TBP"
"4654",6920,0.291323883060906,-1.64638608042426,2.37501895129244,0.0197172210480533,0.100441267099484,"TCEA3"
"4655",6921,-0.179151547741742,1.85897161162004,-1.40277983337535,0.164195958485988,0.375312973377302,"ELOC"
"4656",6923,-0.135987944016005,1.97037664543619,-1.71419114166814,0.0900090078600145,0.259134751521937,"ELOB"
"4657",6924,0.0197116517766843,-0.333478909110531,0.232032814004768,0.81705052948342,0.913515069820556,"ELOA"
"4658",6925,-0.135222057774997,-3.88322160151191,-0.713914034660807,0.477167031976182,0.68641602869772,"TCF4"
"4659",6927,-0.166074327927218,-2.42441431343326,-1.13128034296058,0.261006467589194,0.488432225019047,"HNF1A"
"4660",6928,0.397816419517096,-3.95452953736692,1.75763109232195,0.0822830256750124,0.244341176387627,"HNF1B"
"4661",6936,0.000630706093428635,-0.844135203952621,0.00692345875612892,0.994491573101822,0.996548180456428,"GCFC2"
"4662",6938,0.0425852214448441,-3.23388535972643,0.268422069775973,0.789001832123371,0.897549255923305,"TCF12"
"4663",6942,-0.00578944509895241,-2.2243580886519,-0.0457028445226511,0.963650508548922,0.984174179945638,"TCF20"
"4664",6944,0.20283843490477,-1.4152480960311,1.47801779674111,0.142968477022038,0.345226917674256,"VPS72"
"4665",6945,-0.196890135931887,-1.72562323746368,-1.95245418217799,0.0540586778204443,0.189715359898163,"MLX"
"4666",6949,0.221473743221848,0.189896402576755,1.94172063807767,0.0553657180979131,0.192420993279881,"TCOF1"
"4667",6992,-0.0244380813324767,-2.40321554992196,-0.188970828101037,0.850550229609132,0.930808947218703,"PPP1R11"
"4668",6993,0.114667885426595,-1.24645954480324,0.775623772912612,0.440047758948237,0.657180813728535,"DYNLT1"
"4669",70,-0.0579545279941245,4.54708269945335,-0.516887961722757,0.606529269463027,0.786649956391261,"ACTC1"
"4670",7009,0.390962087040283,-0.506039941620417,3.25165805762788,0.00162644700815901,0.0267644282468632,"TMBIM6"
"4671",7011,-0.326641816080036,-0.280883218786493,-0.938639983961449,0.35048128559528,0.581420035401035,"TEP1"
"4672",7013,0.00661551520313752,-2.95447388031058,0.0562617001768249,0.955260700899022,0.980404469545834,"TERF1"
"4673",7014,-0.175015833622834,-0.916801861067932,-2.0653384433755,0.0418287248258419,0.161373169692657,"TERF2"
"4674",7016,-0.0929217954175487,-3.00938511791231,-0.444666222839664,0.657651223356461,0.82012661701787,"TESK1"
"4675",7018,-0.188151141803448,4.6549180243218,-0.401074412573415,0.689336216703962,0.836194802001763,"TF"
"4676",7019,0.0047538584032405,2.47092962537092,0.0622596615609322,0.950497051645351,0.97922333505288,"TFAM"
"4677",7024,0.121389530392175,-0.664668483593799,1.01698478081463,0.311944774305741,0.542259140381942,"TFCP2"
"4678",7027,-0.331811674199114,-3.17651911608627,-1.4236113537772,0.158090163256722,0.365775712964768,"TFDP1"
"4679",7030,0.17948549311187,-2.39304129854914,1.14745284117452,0.254300272595369,0.481906475205426,"TFE3"
"4680",7036,0.124358507010244,2.71862204318215,0.95007517365325,0.344672523164161,0.576143776465582,"TFR2"
"4681",7037,0.0327256336953845,1.29197863366224,0.327410096354028,0.744134267772917,0.871992389383384,"TFRC"
"4682",7040,-0.0366469377557717,-0.907361099684127,-0.266324734984368,0.790611300104343,0.898120769011707,"TGFB1"
"4683",7041,-0.162940103955513,-1.23294971128919,-0.920446974731663,0.359852170548137,0.59010756687803,"TGFB1I1"
"4684",7045,0.100134608455891,0.787878739072208,0.360941547849859,0.719007000096442,0.855595420813502,"TGFBI"
"4685",7049,-0.0649235856948707,-0.916975681863694,-0.576076329235985,0.566032008968319,0.754135982428379,"TGFBR3"
"4686",705,0.146140183301482,-0.622005428777403,1.69441375067129,0.0937182418406011,0.265052093970788,"BYSL"
"4687",7052,0.0804961569230591,3.37216929144,0.355007944108683,0.723431906660513,0.857250084621236,"TGM2"
"4688",7053,0.127602574403255,-2.79670510044019,0.594776214979885,0.553517243599992,0.744563695880392,"TGM3"
"4689",7057,0.374972279980012,0.939513237903407,1.53267710930398,0.128937865406136,0.321454353315541,"THBS1"
"4690",706,0.372753414939488,1.57782629299116,2.42282568860106,0.0174468037243147,0.0928781277188583,"TSPO"
"4691",7064,-0.0949647659637154,0.761784983989373,-1.26785599276764,0.208189154097336,0.426650681353422,"THOP1"
"4692",7070,-0.131537755004409,1.40547070742298,-0.643231727297972,0.521744108256106,0.7190088317189,"THY1"
"4693",7071,0.0529623249188189,-2.41295912726643,0.208019158823853,0.835694029819645,0.922661007961489,"KLF10"
"4694",7072,0.226445519729431,0.159475609494279,2.32334328729598,0.0224630429732562,0.109775603319941,"TIA1"
"4695",7074,-0.26911443149499,-0.978309328307354,-2.15111976633588,0.0342033714866626,0.141696106755788,"TIAM1"
"4696",7076,-0.197194386591179,3.55533077070635,-1.05230626769779,0.295536102823023,0.524455463397444,"TIMP1"
"4697",7077,-0.516894402357011,2.31378886290443,-2.2986908645176,0.0238882582351862,0.113493479564283,"TIMP2"
"4698",708,-0.118897469922395,0.0128896436942333,-0.679736780447843,0.498452904809511,0.70220425286224,"C1QBP"
"4699",7082,0.315277334663286,1.26395441867033,3.00155691190943,0.00349374147753388,0.038294769459978,"TJP1"
"4700",7084,-0.0168085881930897,1.50059622918637,-0.191369065876495,0.848676704164894,0.9305426241808,"TK2"
"4701",7086,0.111733623764869,5.66007245837693,1.82822861823555,0.0708988664215938,0.222977804546331,"TKT"
"4702",7089,0.0498200288571602,-2.37939250026483,0.393295786541822,0.695050949235395,0.839297346643944,"TLE2"
"4703",7090,0.302592125318736,-2.69553267390377,1.71289790301813,0.090247825381003,0.259316328147373,"TLE3"
"4704",7094,0.0500908690666018,3.42081654923575,0.660155264490213,0.510876091787811,0.711217385210611,"TLN1"
"4705",7098,0.115335994675185,2.28483466407702,1.46132765991767,0.147482323464995,0.351415567324587,"TLR3"
"4706",71,0.394811944584954,0.651457536750663,1.52748191039821,0.130222797204848,0.32360628714306,"ACTG1"
"4707",710,0.847871359382345,-0.637397881302964,2.94404288497912,0.00414137107596765,0.0411989232808581,"SERPING1"
"4708",7102,-0.694304007191413,1.37610995591306,-3.26358553321255,0.0015666430342752,0.0260034677814832,"TSPAN7"
"4709",7103,0.810229327452837,0.734583152200347,3.11065620087496,0.00251536282465113,0.0315952663821874,"TSPAN8"
"4710",7108,-0.0333352716012079,1.26303348879951,-0.368850235536178,0.713124086729029,0.851918186909845,"TM7SF2"
"4711",7109,-0.137985016238158,-1.19919748824261,-1.79945335693136,0.0753697771610217,0.231889570032256,"TRAPPC10"
"4712",7110,-0.161761814391217,0.297139304137666,-2.13157510325968,0.0358254983656496,0.146208051175769,"TMF1"
"4713",7111,-0.323650658342339,2.18952453283745,-2.45103763170646,0.0162191390142136,0.0896874551975165,"TMOD1"
"4714",7114,-0.139192411907563,-0.843418537010653,-0.675422706097647,0.501175796903966,0.704342445187645,"TMSB4X"
"4715",7127,0.47137494088478,-1.08630246642906,3.07598168803763,0.00279458256430307,0.0336997009424209,"TNFAIP2"
"4716",7143,-0.201307086860188,-1.19666353169275,-1.27837022591643,0.20447576169291,0.422868000428262,"TNR"
"4717",7145,-0.0756871076260965,1.98549172149175,-0.654821131191457,0.514288552663838,0.713360946253857,"TNS1"
"4718",7158,-0.266308045002977,1.23854363747711,-2.4166030791329,0.0177284923556405,0.0937421710000889,"TP53BP1"
"4719",7159,0.134609768316743,-1.06873159765927,1.36790017737002,0.174821564312342,0.388928873413974,"TP53BP2"
"4720",7162,0.350321119642742,-1.54587190538451,2.16610891399741,0.033002956444172,0.138456992700772,"TPBG"
"4721",7163,-0.343041470661293,3.69731908386047,-2.82042006502982,0.00592428167810365,0.0505747440058418,"TPD52"
"4722",7164,0.596162725063164,-1.39270946291209,3.29885121273655,0.0014016463964825,0.0242346636101679,"TPD52L1"
"4723",7165,-0.0669832811123983,2.98344848049552,-0.898438968919153,0.371399905147164,0.597877924015156,"TPD52L2"
"4724",7168,0.382790218828628,0.68417987593352,2.59564669360831,0.0110594643116198,0.0708298186108962,"TPM1"
"4725",7169,0.228553883918257,-1.92770203492243,0.761124822600368,0.44861452837508,0.664025437165435,"TPM2"
"4726",7170,-0.103980813079525,2.44946672188216,-0.898104719822225,0.371577071737155,0.597991627247681,"TPM3"
"4727",7171,0.0710290219545717,4.05432623671794,0.545268530542355,0.586946348730802,0.7716163393681,"TPM4"
"4728",7172,0.0973000228919151,0.550054637223588,0.98854767214101,0.325591113181565,0.557766746499706,"TPMT"
"4729",7178,0.0828341092602578,3.20688294906531,1.00218118942625,0.319000134869644,0.550934954369688,"TPT1"
"4730",718,0.554873090727976,1.6232762478661,1.85383685204801,0.0671081443180015,0.216224456697705,"C3"
"4731",7181,-0.10337157407843,-4.00753491368979,-0.465652122496509,0.642613372151475,0.809753067604976,"NR2C1"
"4732",7182,-0.135171567291435,-0.2133554056971,-1.68183730294172,0.0961411457922997,0.26913104501992,"NR2C2"
"4733",7184,-0.0126470439805386,6.39038601619137,-0.142428586194985,0.887066632130036,0.946595095273672,"HSP90B1"
"4734",7186,-0.138723025956066,-1.78564056982906,-1.07029880101189,0.287407675615096,0.516274016074176,"TRAF2"
"4735",7204,0.0261411861183974,-0.812304832558401,0.303390155913146,0.762307678206715,0.882177123621174,"TRIO"
"4736",7205,0.51575580513226,-0.988640648367833,2.55339867360458,0.0123874727643397,0.0755543143150405,"TRIP6"
"4737",7248,-0.0979533931034415,-1.9016603699892,-1.13986198806003,0.257432609731043,0.486041635967131,"TSC1"
"4738",7259,-0.0629278401890861,-0.121994943967833,-0.816794453363758,0.416248620241547,0.636351867431429,"TSPYL1"
"4739",726,0.200290034391541,-1.67598751759391,1.38499652892717,0.169549897372794,0.382468676984273,"CAPN5"
"4740",7260,-0.154233670449613,1.47404230776703,-2.03319716391324,0.045041434289844,0.169342113249502,"EIPR1"
"4741",7263,0.674893034927232,0.869799756958277,3.08841640084447,0.00269129622087458,0.0327112400073825,"TST"
"4742",7264,0.0758830461846984,2.78148411555974,0.961491503243259,0.338936019815412,0.571438022064499,"GFUS"
"4743",7267,0.235451959438274,0.810256120791811,2.03812774057134,0.0445352551932363,0.167905802114725,"TTC3"
"4744",727,0.624727154691576,-2.27473222997307,2.43343756737409,0.0169756161340624,0.0918029355338104,"C5"
"4745",7276,-0.384625746222978,4.66828949630658,-1.68037103077959,0.0964269185518972,0.26927589903164,"TTR"
"4746",7277,0.0696659391414673,3.59419769710197,0.534270158073034,0.594499990958893,0.777053012032727,"TUBA4A"
"4747",727957,-0.0153554742073616,0.180906291000684,-0.177320343183651,0.859663719633053,0.935241113351341,"MROH1"
"4748",7280,0.00492772994445012,3.16387496582921,0.0379843174510753,0.969786105496224,0.986579050793315,"TUBB2A"
"4749",728047,0.446831955712461,-1.9335364576882,2.38493287135859,0.0192259016524121,0.0994801201040614,"GOLGA8O"
"4750",728239,0.127715984607901,-1.98678622320972,0.684796017447421,0.49526991346463,0.699486131809916,"MAGED4"
"4751",728294,-0.357508000146643,-0.833633390683224,-3.15863965448901,0.00217160281148136,0.0298892240882708,"D2HGDH"
"4752",7284,0.00572941941761229,5.05473257824869,0.068534042720585,0.945515794398983,0.976868531563871,"TUFM"
"4753",728489,-0.347180785443366,-0.977529623856368,-2.53885613674192,0.0128768134476712,0.0771101277481031,"DNLZ"
"4754",7286,-0.155883357799384,-1.78263202607845,-1.12343330923145,0.264304811496416,0.492203559758798,"TUFT1"
"4755",728661,-0.36738152069044,-1.39023957012668,-3.05039485326673,0.00301879603240024,0.0356334039362936,"SLC35E2B"
"4756",7290,-0.107732062068457,-1.04857494884195,-1.46479913797418,0.146534448375354,0.349989758140118,"HIRA"
"4757",729438,-0.0489529662989577,-0.813555744267714,-0.297581051142159,0.766723359539592,0.884115720618827,"CASTOR2"
"4758",729440,-0.318724371046443,-0.751690370863161,-1.92385824432995,0.057600210506934,0.196655446418441,"CCDC61"
"4759",7295,0.163604827126137,2.92753157513219,1.43917605969434,0.153643383724032,0.359644096928735,"TXN"
"4760",729540,-0.0459614181220829,-2.47606706987567,-0.315942563385657,0.752793207832081,0.877040623845321,"RGPD6"
"4761",7296,0.00385519447942362,1.53379159612689,0.0443817261172997,0.964700544471411,0.984918819355542,"TXNRD1"
"4762",7297,-0.0417000406317656,-2.0041115300767,-0.326533953328104,0.744794685014982,0.872265095991994,"TYK2"
"4763",729830,0.414321367275894,-2.54289866203789,1.61399963013936,0.110102902963191,0.291935347260991,"FHIP1A"
"4764",729920,0.0945002604275686,-0.925458247852364,1.12913796393927,0.261904087399172,0.489345576185722,"CRPPA"
"4765",729991,-0.124572620616309,-0.521442719489185,-1.13510085312746,0.259411114615717,0.487975918330147,"BORCS8"
"4766",730,0.104145573058514,-1.12620047424378,0.536456274382406,0.592994979969891,0.775619371592626,"C7"
"4767",7318,0.283245210701526,-1.19149555328636,1.98772241176931,0.0499469468372355,0.18134354357213,"UBA7"
"4768",7319,0.118650630425804,0.241990065540786,0.756423149448888,0.451413077097578,0.666852820030068,"UBE2A"
"4769",732,-0.0150106498198033,-1.13818384868623,-0.0587908548328947,0.953251809220772,0.980241180264215,"C8B"
"4770",7320,0.50005191655117,-2.67861041890377,1.88493273188597,0.0627346793783272,0.207256069354954,"UBE2B"
"4771",7321,0.00639800060939634,-0.0882795835555358,0.0476772133441882,0.962081383826743,0.983389764184605,"UBE2D1"
"4772",7322,0.152430853013875,-1.39130800469628,1.07876439927799,0.283636772658175,0.511596388649978,"UBE2D2"
"4773",7323,0.0626262853619675,1.64549325843182,0.837817446249512,0.404399909887521,0.626503444444624,"UBE2D3"
"4774",7326,0.221656747896063,-3.05635621410118,1.35865104231074,0.177724935996469,0.391257659149122,"UBE2G1"
"4775",7327,0.553777844633769,-0.0593711272448288,2.1801167851859,0.0319144530727185,0.135004075093278,"UBE2G2"
"4776",7328,0.013235347500447,0.31512759500922,0.156572179050445,0.875940188110923,0.942422589767721,"UBE2H"
"4777",7329,0.116416649052592,1.65882617938827,1.38831717783935,0.168540180573362,0.380890879366456,"UBE2I"
"4778",7332,0.0920221630886917,1.8897156238664,1.04232046142689,0.300114295136441,0.529035480628223,"UBE2L3"
"4779",7334,-0.0410524082260642,4.26973026466246,-0.44612190117774,0.656603475618369,0.81981939246248,"UBE2N"
"4780",7336,-0.035014992820698,3.05574299630057,-0.393126414040648,0.695175580048519,0.839297346643944,"UBE2V2"
"4781",7342,-0.178335859001174,-1.38773028251518,-1.10197983774076,0.273471147668404,0.501663450205817,"UBP1"
"4782",7345,-0.837560507105761,5.07392821666751,-4.29341048688844,4.50712742078524e-05,0.00432261689199685,"UCHL1"
"4783",7347,0.0418427786858677,2.49554837099014,0.473431187732119,0.637076335188354,0.807428153084063,"UCHL3"
"4784",735,0.892695815803049,0.542304671982635,2.99018325201402,0.00361385806331127,0.0386444783747051,"C9"
"4785",7355,-0.128909651883611,0.030704300402208,-1.29950250539939,0.197160943454866,0.415546370334237,"SLC35A2"
"4786",7358,0.561394640073069,4.5658155910311,2.81922775428354,0.0059444756114915,0.050675333039514,"UGDH"
"4787",7368,0.000738326527718547,-0.251568714889178,0.00963050864769895,0.992337853947371,0.995744604794664,"UGT8"
"4788",7371,0.00416758724885652,0.213272705088059,0.0528372286266208,0.957981195472918,0.981486993458984,"UCK2"
"4789",7374,0.150655993054796,-2.06756691532593,1.16684555336865,0.246420706892158,0.471928330391284,"UNG"
"4790",7375,-0.0219623186216795,-1.5240497232677,-0.188339393702279,0.851043655191347,0.930940792924403,"USP4"
"4791",7381,-0.0276964072555428,0.0737970168763317,-0.186492405817015,0.852487297905536,0.931227448753191,"UQCRB"
"4792",7386,-0.0107113413941353,3.91525051229933,-0.145505042338216,0.8846444470766,0.945896179452007,"UQCRFS1"
"4793",7388,0.219366329574174,-1.94820068992619,1.21477407825083,0.227697326039376,0.449246604702568,"UQCRH"
"4794",7390,0.021393619079584,0.168376951429317,0.226751584661717,0.821142098287408,0.916050060119592,"UROS"
"4795",7392,-0.013222558242455,-0.960515608579322,-0.13854810002426,0.890123381842419,0.948366143208266,"USF2"
"4796",740,-0.248397885104729,-0.345060416921203,-2.58014682000637,0.0115309677789022,0.0725175002324811,"MRPL49"
"4797",7402,0.281935816775599,0.946451022754616,2.71421427093523,0.00799135575367917,0.0586239974616962,"UTRN"
"4798",7403,-0.00726534216237429,-2.47791297987327,-0.035160956820096,0.972030919991588,0.987175080540495,"KDM6A"
"4799",7408,0.125306280611951,2.15808374074172,1.62955777715599,0.106764715869278,0.286762852674897,"VASP"
"4800",741,0.29614397759928,-0.534524533390445,2.2219841695059,0.0288455758105363,0.127285509938945,"ZNHIT2"
"4801",7410,0.217946334925103,0.721634720763102,2.6259978002001,0.0101863204926959,0.0675350857650022,"VAV2"
"4802",7411,-0.0367347000558094,0.0985659301377804,-0.46094243227797,0.645975536784471,0.812499558357189,"VBP1"
"4803",7414,0.0971346230567054,3.72496764565616,1.34312784653813,0.182679628890027,0.39825201763602,"VCL"
"4804",7417,-0.101422895371626,5.34013293588994,-1.38329453436301,0.170069211594937,0.383217628770089,"VDAC2"
"4805",7425,-0.251697421935861,3.973138011572,-0.863511133422258,0.390200741366801,0.614904274841958,"VGF"
"4806",7428,0.121278834114434,-2.77535752295649,0.621109301204063,0.53613105018732,0.7309578822856,"VHL"
"4807",7429,0.236494078894353,1.55257855729657,1.24001412950693,0.218262004718303,0.438830549412474,"VIL1"
"4808",7430,0.286358359381889,3.69842874798512,2.96767618421451,0.00386288789444375,0.0399838210726741,"EZR"
"4809",7431,0.0179929998161255,6.05486263999781,0.121853809155889,0.903292248415994,0.953652045355099,"VIM"
"4810",7436,-0.145916367601432,-0.448602871060288,-1.29638234785528,0.198228540214958,0.416402046488505,"VLDLR"
"4811",7444,-0.0414882245132482,-2.41890384047375,-0.375413310350308,0.708255237813101,0.847909006159485,"VRK2"
"4812",7447,0.176179120772218,-0.66359464477883,0.902925273219522,0.36902712946218,0.595865693339305,"VSNL1"
"4813",7448,0.465090484595457,1.33302707345057,1.70241818905415,0.0922022601951566,0.262982097155145,"VTN"
"4814",7450,-0.258915294953944,-1.41545396855917,-1.13912453359539,0.257738362417817,0.486319725951602,"VWF"
"4815",7453,-0.011561480777516,3.10586183578442,-0.0917096722767704,0.927136873026612,0.967066341769013,"WARS1"
"4816",7458,0.0881744353356924,2.6322330493665,0.668632960755797,0.505477427252569,0.706908281721638,"EIF4H"
"4817",746,0.497432889695523,0.918888150353937,2.34853968026559,0.0210845813311202,0.105217203423102,"TMEM258"
"4818",7461,0.138215204284392,1.26156072417914,1.77738673674123,0.0789548208234225,0.238205414333327,"CLIP2"
"4819",7464,-0.322036075274778,-1.27816130818507,-2.43708282403492,0.0168164001328468,0.0912912396618538,"CORO2A"
"4820",7466,-0.421014395329913,2.76701703517078,-3.85373259007751,0.000220465529000818,0.0109130436855405,"WFS1"
"4821",7469,-0.0396076773691466,-0.297211260172367,-0.408127340392879,0.68417015935801,0.833536046134912,"NELFA"
"4822",747,-0.32274570242179,-2.29438117447954,-1.91925949672167,0.0581876814570993,0.197760791131603,"DAGLA"
"4823",7485,-0.244063700427038,-0.606836456003459,-2.22007743786296,0.028979511325729,0.127737121271317,"GET1"
"4824",7486,-0.345788830957546,2.79134510412643,-1.68005751761283,0.0964881110889681,0.269324250051881,"WRN"
"4825",7507,-0.114752192287313,-3.05611848463749,-0.784750997700759,0.434704208286252,0.652808113992457,"XPA"
"4826",7511,0.491367215174672,2.15406390382393,3.55980483302418,0.000600730771048322,0.0170145458695364,"XPNPEP1"
"4827",7518,-0.0427075928466663,-0.240949773964723,-0.467753431870519,0.641115678283056,0.809753067604976,"XRCC4"
"4828",7528,0.0372295966507941,-0.590252797102642,0.358283865726687,0.72098775753689,0.856906038751294,"YY1"
"4829",7533,-0.139309416331044,4.14417020125877,-1.65933131351663,0.100604122368363,0.276661336512999,"YWHAH"
"4830",7534,0.1675204290778,5.11107409820545,2.49124157409222,0.0146030200496939,0.0835352628751363,"YWHAZ"
"4831",7536,0.0125666088038718,0.968660936726832,0.152683247427405,0.878997134971611,0.943751811322612,"SF1"
"4832",754,-0.0664094246372244,0.429306940649514,-0.844726025068854,0.400551423879687,0.622741803387416,"PTTG1IP"
"4833",7544,0.15594354389559,-0.849289874947066,1.46991372335774,0.145146573453138,0.348011589006001,"ZFY"
"4834",755,-0.314901294871941,-1.03598206849596,-2.7038195389172,0.00822548567061471,0.059678523695311,"CFAP410"
"4835",7570,0.188775794826699,-0.464923305230396,1.71002280967254,0.0907806163341369,0.260264037323877,"ZNF22"
"4836",7572,-0.0491801776327071,0.0952045556254931,-0.70415946889982,0.483190171098997,0.690207416850278,"ZNF24"
"4837",7586,-0.133479061772247,0.035151395076191,-1.37304374068383,0.173222617693649,0.387055124646384,"ZKSCAN1"
"4838",759,-0.306248448544679,-1.91955027555144,-1.09568414647371,0.276202551917471,0.504497553184117,"CA1"
"4839",760,0.83103954884029,2.37542306112269,2.77335989581177,0.00677090269307296,0.0533814984444725,"CA2"
"4840",762,0.48108637192287,-0.0413434442880232,2.08841646510882,0.0396454185733454,0.155989473848201,"CA4"
"4841",767,-0.395400094003022,0.115956312111734,-3.24259440218171,0.0016733134967716,0.0271711269803213,"CA8"
"4842",770,-0.232144222802757,-2.56080790258527,-1.14556062278236,0.255078554269775,0.482934042599592,"CA11"
"4843",7702,-0.109584654292333,-1.3909331222801,-0.780528528030754,0.437171510059595,0.653997831767248,"ZNF143"
"4844",7703,-0.187316431661002,-1.3190513085244,-2.19020874525904,0.0311497660592869,0.133236911773057,"PCGF2"
"4845",7706,0.272186133367079,1.51321782307568,3.2458842227982,0.0016561582438188,0.0270138915711064,"TRIM25"
"4846",7707,-0.188346169722806,-0.533184759616851,-1.04323359962774,0.299693661581172,0.528597613444033,"ZNF148"
"4847",771,1.23261430796984,-1.49400501822239,3.96890680008986,0.000146899927780531,0.00872818551185392,"CA12"
"4848",7726,0.130661182505041,-1.07411542799319,1.50898797068976,0.134879090915889,0.331420280240883,"TRIM26"
"4849",7737,0.0775019863115605,-1.17349150282813,0.823348005255555,0.412532815968682,0.632241304473351,"RNF113A"
"4850",7739,0.213563085469433,0.262537043534374,0.954254648988781,0.342565141001423,0.57425326023828,"ZNF185"
"4851",7745,0.0642212893600687,-4.05389903129435,0.322758747303525,0.747642529323936,0.873435448228077,"ZKSCAN8"
"4852",775,-0.295196172336067,-5.07085421625787,-1.45569102747284,0.149031531179871,0.352914945363445,"CACNA1C"
"4853",7750,-0.071440255933626,-1.53364016808879,-0.733602743074512,0.465138176578929,0.678796511612332,"ZMYM2"
"4854",7756,-0.00386245431949361,1.4583457444893,-0.0480658279616696,0.961772550722873,0.983237827504497,"ZNF207"
"4855",7763,0.176880255853138,-4.31793196868528,0.944941875908059,0.347272328815154,0.57828474071281,"ZFAND5"
"4856",7779,0.0954689451055462,-1.41532948255553,0.805665491668023,0.422604474255536,0.643339846969365,"SLC30A1"
"4857",7791,0.196256567097382,1.46401511673385,1.64229746718921,0.10409243083098,0.282286248480709,"ZYX"
"4858",7798,0.106870188348095,-0.980194879636475,0.98109261521192,0.329233011687989,0.562435910309178,"LUZP1"
"4859",780,0.19538770928431,-0.255335521679217,1.62284581807028,0.108194706148131,0.289241771052799,"DDR1"
"4860",7803,0.134946142800716,0.11727684662781,1.72526683743431,0.0879848209478366,0.255584870316054,"PTP4A1"
"4861",781,-0.396789904469408,1.08471425835583,-3.27900558834428,0.00149237690117432,0.0253044459099668,"CACNA2D1"
"4862",7813,0.0516111712520657,-2.4670477609146,0.391404197446478,0.696443328579628,0.839793818118137,"EVI5"
"4863",783,-0.0594974532875927,-1.99615640030544,-0.465983224912265,0.642377282864581,0.809753067604976,"CACNB2"
"4864",7840,-0.285586835917552,-3.31762481249271,-1.83035264329763,0.0705778029093758,0.222459331479404,"ALMS1"
"4865",7841,0.144583721696274,2.95886966596705,1.75937956000723,0.0819838706045278,0.244043160897474,"MOGS"
"4866",7857,-0.149846518095177,2.45722328859516,-0.854815742938833,0.394971233334515,0.618452405665116,"SCG2"
"4867",7862,-0.249128533030236,-1.64338109266887,-1.51290319624501,0.133882570588273,0.329865835063917,"BRPF1"
"4868",7866,0.500990167752183,-2.75738634621014,2.96353743810095,0.00391037214716615,0.0400264520300573,"IFRD2"
"4869",7867,0.269395604584291,-2.52206470040337,1.92559591639012,0.0573795394187893,0.196627883987126,"MAPKAPK3"
"4870",7873,0.100903069319078,1.54890933085353,1.02444949885256,0.308427077910158,0.538085469167524,"MANF"
"4871",7884,-0.0481012663071225,-2.49511489637035,-0.378638502687967,0.705867035279763,0.846378562716778,"SLBP"
"4872",78986,-0.186566528238088,-1.99396955267983,-1.28726051817253,0.201374331153218,0.41956403415426,"DUSP26"
"4873",78987,-0.23631963014119,-0.0746391932931803,-1.8876898653021,0.0623587423628468,0.206784419569505,"CRELD1"
"4874",78988,-0.0978817588503755,-1.19767582795859,-0.752544315193197,0.453729395630809,0.668023753989423,"MRPL57"
"4875",78991,-0.304065576531477,1.09738543831183,-3.45174023927707,0.000857500861637549,0.0201660547460968,"PCYOX1L"
"4876",78992,-0.159829721705336,1.0792357917021,-1.6269636492024,0.107315581195944,0.287691254095329,"YIPF2"
"4877",78994,0.0437746004166706,-2.81881790545681,0.219239130543323,0.826970793159649,0.918224806153026,"PRR14"
"4878",78997,-0.206238394853967,-0.596101932757058,-1.11315846194369,0.268667674242707,0.496711501355944,"GDAP1L1"
"4879",79001,0.00475049664477983,0.106347257910492,0.0356749114174759,0.971622264579392,0.987175080540495,"VKORC1"
"4880",79002,-0.018757243197027,-0.734010906831023,-0.113005685273744,0.910283092615545,0.958702406052542,"TRIR"
"4881",79006,-0.189416049600788,-0.234194777164042,-1.66313501178558,0.0998382608780334,0.275418986637919,"METRN"
"4882",79016,0.0558806087794355,-1.0417084705981,0.43012599687714,0.66815405850943,0.824181995806045,"DDA1"
"4883",79017,0.0562217055511225,1.23299795884229,0.768488973305337,0.444251404979304,0.660245792678685,"GGCT"
"4884",79020,0.0105811954443786,-1.13626151728323,0.144434695992051,0.885487039284984,0.945896179452007,"C7orf25"
"4885",79023,-0.0377339383394641,-0.444049037769041,-0.430694717837704,0.667741993033397,0.823975803747284,"NUP37"
"4886",79026,0.178364273944678,1.99085404822055,1.24132357206121,0.217780418602063,0.43827416700966,"AHNAK"
"4887",79029,0.0168401178492135,-1.86246612228083,0.166917163930819,0.867817655407469,0.938288668115386,"AFG2B"
"4888",79031,0.0955690676384147,-1.12720122208923,0.96089133952619,0.339236030959858,0.571438022064499,"PDCL3"
"4889",79033,0.309846482589678,1.18910204938753,1.85449889333658,0.0670124385263348,0.216030644787102,"ERI3"
"4890",79034,0.0877832048385545,-3.93644712852648,0.381964762437456,0.703407076898233,0.844702978262393,"INTS15"
"4891",79036,-0.0316105394886996,-2.19180664866642,-0.279629592146889,0.780416999135191,0.892029709626034,"KXD1"
"4892",79039,0.326651727429202,-0.73880371091025,3.47395115084574,0.000797474222310906,0.0193474180891081,"DDX54"
"4893",79042,0.210177244691167,-1.89363150114297,1.31072259470984,0.193357237030737,0.411392666048593,"TSEN34"
"4894",79048,-0.124112850697569,-0.716993181188083,-0.760910540097094,0.44874185620108,0.664025437165435,"SECISBP2"
"4895",79050,0.106780118640606,-0.915842828464399,1.23068906504341,0.221714094552936,0.443598068931425,"NOC4L"
"4896",79058,-0.163781722141383,0.0971943442500023,-2.24099089735504,0.0275398344723349,0.12356688888245,"ASPSCR1"
"4897",79064,-0.3242716091902,-0.941723065290625,-3.48025520522968,0.000781173468524853,0.0191029591625719,"TMEM223"
"4898",79065,0.0240016254691041,-0.435719618970408,0.236324766768526,0.813729116148698,0.911623868542594,"ATG9A"
"4899",79068,-0.219492444635314,1.43602596859304,-2.4744944417282,0.0152578127822207,0.0862276984786057,"FTO"
"4900",79072,-0.122486881202223,-1.01610147093695,-1.09688451273089,0.275680314755661,0.504058913306598,"FASTKD3"
"4901",79073,-0.00440263258858353,3.82078026229425,-0.0555963053775229,0.95578926837912,0.980574967838582,"TMEM109"
"4902",79074,-0.070550337334679,-1.06835879433608,-0.451421137071191,0.652795076440447,0.817855312333025,"C2orf49"
"4903",79077,0.356344117246522,-1.80451377703384,1.98853846168087,0.0498550544041026,0.181285736926767,"DCTPP1"
"4904",79078,0.0372449993058819,-2.72407701418796,0.215318625038586,0.830016476069998,0.919125208064813,"C1orf50"
"4905",79080,-0.193061466418211,0.690322961299922,-1.94161144140282,0.0553791515963829,0.192420993279881,"CCDC86"
"4906",79083,-0.0281307767472101,-1.88161771859032,-0.209985120574051,0.834164026688583,0.922019442401416,"MLPH"
"4907",79084,0.211695790935768,0.80959339918803,2.06926831212051,0.0414497822480498,0.160488416989101,"WDR77"
"4908",79085,0.0439756712195489,-1.15513697769517,0.432844804849693,0.666185073694548,0.823414886702113,"SLC25A23"
"4909",79087,0.269594909547026,-0.101887676395617,2.27644919574268,0.0252419450429115,0.117742434628269,"ALG12"
"4910",79098,-0.276843846452464,0.704441972916282,-2.81275472786069,0.00605521313549239,0.0512646872077963,"C1orf116"
"4911",79109,0.263306228768041,-1.88322129678162,1.60882616095723,0.111231338047766,0.293903552706495,"MAPKAP1"
"4912",79135,-0.108692359765991,1.98134811774724,-1.45394019246662,0.149515304873634,0.353242856549024,"APOO"
"4913",79137,-0.049929751563305,-2.05966726044668,-0.331481590671556,0.741067783167286,0.870179979465368,"RETREG2"
"4914",79139,0.0904866485285367,1.45443047346336,1.03491582632223,0.303539993362001,0.53245041749451,"DERL1"
"4915",79142,-0.00718928052507217,-1.26926592890163,-0.0801654837548308,0.936287422194931,0.973289834852144,"PHF23"
"4916",79143,0.0358557919687166,1.63257718084911,0.541309762889353,0.589660005589397,0.773536634330113,"MBOAT7"
"4917",79144,-0.209407129236981,-4.34923539035603,-1.03253389198665,0.304647573888526,0.533654911109525,"PPDPF"
"4918",79147,-0.266080456158867,-0.593710894725033,-2.77942524913963,0.0066558988222628,0.0529882061881311,"FKRP"
"4919",7915,-0.0561089363408773,2.44918975924676,-0.649023032881532,0.518011459657953,0.71627716588883,"ALDH5A1"
"4920",79156,0.152086302409231,-2.65288661237602,0.645003887254586,0.520600412260674,0.718369839444617,"PLEKHF1"
"4921",7916,-0.119430409158266,-0.102199585631684,-1.24518415330917,0.216365099136803,0.43705749356334,"PRRC2A"
"4922",79161,0.0840174838410825,-1.76297984709916,0.503735115731128,0.615704542855222,0.792283958919361,"TMEM243"
"4923",79165,-0.11382540821299,-0.99693174766063,-0.945669290994326,0.346903152966001,0.577983591993843,"LENG1"
"4924",79169,0.221032028135124,-0.334600829533485,1.91330475428706,0.0589558906354896,0.199150443318518,"C1orf35"
"4925",79171,0.00401674462771052,-0.156135660812997,0.0504262992038941,0.959896804791351,0.982294282216795,"RBM42"
"4926",79174,-0.161657412678806,0.51683971274253,-1.55559792249109,0.123388067318239,0.312569524225897,"CRELD2"
"4927",79176,-0.0760029891329803,-1.44805501301822,-0.691767418630437,0.490902046958155,0.695394964067881,"FBXL15"
"4928",79178,-0.195340097929628,0.519843522634305,-2.30227089049395,0.0236764576725348,0.113094239061493,"THTPA"
"4929",7918,-0.0847939689889641,-1.41079279847597,-0.480417408624468,0.632121127445154,0.804970846526629,"GPANK1"
"4930",79180,0.398600107925859,1.48632403041399,2.81072820153134,0.00609026853107838,0.0514904521263899,"EFHD2"
"4931",79183,-0.259745661196395,-2.09075705884087,-1.6039951219364,0.112293447379323,0.295311559560533,"TTPAL"
"4932",79188,0.0537240648983417,2.31315087208535,0.765602694467844,0.445958529585023,0.661661458688149,"TMEM43"
"4933",7920,-0.394589535190069,2.1429140478111,-3.72418280109154,0.000345032159888568,0.0134038442873166,"ABHD16A"
"4934",7922,-0.0618892306549386,2.02580199488513,-0.798259112914181,0.42686619334062,0.646620112222291,"SLC39A7"
"4935",7923,-0.113041088416224,3.60390486465894,-1.32422906735519,0.18885146604517,0.406014115091158,"HSD17B8"
"4936",79269,0.161922868606357,-3.53569015227769,0.715568331850559,0.476149716039068,0.685896962461346,"DCAF10"
"4937",793,-0.229175539891701,1.40588822432671,-1.35208518560749,0.17980806612069,0.393806048614879,"CALB1"
"4938",7936,0.000562827035919478,-0.681693122266614,0.00679578418414135,0.994593151665244,0.996548180456428,"NELFE"
"4939",79366,-0.416418290758778,0.0152937645505796,-2.95739549367994,0.00398183376959619,0.0404410330660789,"HMGN5"
"4940",794,0.174656912396727,-1.86459716471433,1.60589194875419,0.111875462023706,0.294811117149271,"CALB2"
"4941",79415,0.049263491451064,0.370758793080207,0.648338178108502,0.51845213309262,0.716707373762823,"CYBC1"
"4942",7942,0.0967752731879545,-1.20202298527151,0.91853001720943,0.360848798415655,0.59111020140787,"TFEB"
"4943",79567,-0.00492625709651023,0.128720342602313,-0.0598729589516915,0.952392392218349,0.980025553328272,"RIPOR1"
"4944",7957,-0.013397927326062,-3.22597141815265,-0.0815319922103143,0.935203782667353,0.972764076938182,"EPM2A"
"4945",79572,-0.0774295499468702,0.949679504674645,-0.695593198513449,0.488514015929755,0.693775805131151,"ATP13A3"
"4946",79573,-0.0740568415102885,-1.06897504664431,-1.03052352741304,0.305584498199358,0.534533385565021,"TTC13"
"4947",79576,0.180137895382146,-1.67848004334549,1.74138576869283,0.0851057860001718,0.250115536164138,"NKAP"
"4948",79583,-0.0577365682266369,-1.48981015287956,-0.554135748375832,0.58088949098767,0.767104065336127,"TMEM231"
"4949",79585,-0.269077477618797,2.39637217898226,-2.38919725616191,0.0190179336246585,0.0988417244607568,"CORO7"
"4950",79586,-0.252921718789277,1.42971740263295,-3.39667557573778,0.00102520904931037,0.0216990798091967,"CHPF"
"4951",79587,-0.124955546912916,0.7925595602104,-1.29413133890337,0.199001414189559,0.417268393110248,"CARS2"
"4952",79591,-0.222405972915546,0.190776858278726,-3.15788037626615,0.00217668347465902,0.0298892240882708,"ARMH3"
"4953",79598,0.0849951364035486,-1.85327430529745,0.407664663348987,0.684508599310636,0.833536046134912,"CEP97"
"4954",79603,0.0267120674755262,0.585440597817086,0.209538825274014,0.834511298705463,0.922093672629006,"CERS4"
"4955",79605,-0.264191960069373,-2.06270443680146,-1.87856171028101,0.0636106679047248,0.209016209635546,"PGBD5"
"4956",79607,0.0416237572588538,-2.35694281650138,0.265100262616392,0.791551365153786,0.898488458532061,"FAM118B"
"4957",79611,0.441752527581044,-1.26948348975806,2.6525337390646,0.00947459829135556,0.0646167603470449,"ACSS3"
"4958",79612,0.283825699476886,0.0592338955056628,3.1931312046186,0.00195212881051886,0.0284823340434916,"NAA16"
"4959",79618,-0.0952412339097717,-2.62340988161444,-0.617033707310907,0.538803534874975,0.732577336151522,"HMBOX1"
"4960",79621,0.0155898847528722,-1.96801336533081,0.134180069181786,0.893566168125401,0.95022680872379,"RNASEH2B"
"4961",79623,0.00999123527550183,-1.83604991602691,0.0964263948011789,0.923400891537077,0.965821408226188,"GALNT14"
"4962",79624,-0.178528695943663,0.959169265422843,-2.41140432595459,0.017966932998284,0.0948246214475213,"ARMT1"
"4963",79634,-0.0867213422007203,-1.03927672538578,-0.824722390057194,0.411756096293864,0.631839729762934,"SCRN3"
"4964",79641,-0.295534086168694,0.44304895592481,-3.12056085420369,0.00244050552964806,0.0313566510209802,"ROGDI"
"4965",79649,0.0485184530440701,-1.99126739594726,0.422160854510809,0.673935825453632,0.826392920274963,"MAP7D3"
"4966",79657,-0.00414286651161744,-0.87390068563894,-0.0520183466522572,0.958631812849794,0.981709710514914,"RPAP3"
"4967",79659,-0.15270076634672,-1.27295508043873,-1.20854273683773,0.230071601425284,0.451987010429018,"DYNC2H1"
"4968",79663,0.115934837762669,-2.00957448973143,0.860417092778557,0.391894106491214,0.616622923774178,"HSPBAP1"
"4969",79664,-0.0426917697268254,-3.90419437063717,-0.236167087992971,0.813851079155953,0.911623868542594,"ICE2"
"4970",79665,-0.0593950391465339,-1.40282887853914,-0.439628915831302,0.661282177556648,0.821816158299798,"DHX40"
"4971",79670,0.32642472579333,-1.26442207064728,2.88239350333961,0.00495729285219223,0.0454826061685439,"TUT7"
"4972",79671,-0.0105629295869,0.776565015859737,-0.148784942028308,0.882063292619647,0.945580866666414,"NLRX1"
"4973",79672,-0.132796599914476,0.738339712149547,-1.23385552365945,0.22053745432704,0.442334954704923,"FN3KRP"
"4974",79675,-0.09130004265768,-1.87152567152753,-0.860118142608314,0.39205796150692,0.61672264677844,"FASTKD1"
"4975",79677,0.0871794374869928,-2.70797391913079,0.455822330526971,0.64963904866666,0.815269777288072,"SMC6"
"4976",79683,-0.459360997068382,-0.760712243452947,-3.90842024286001,0.000181974796806504,0.00971270698085498,"ZDHHC14"
"4977",79685,0.0517862552211176,-0.287765396272133,0.600845532813732,0.549485230780163,0.740876143426868,"SAP30L"
"4978",79689,-0.194938213382907,0.720322536680988,-0.921314011753634,0.359401975262634,0.589684395659462,"STEAP4"
"4979",79691,0.144951498506271,-0.78112068330826,1.63670122941679,0.105259570504381,0.283889439172793,"QTRT2"
"4980",79693,-0.108399810094762,-1.47543566422596,-0.771777057895274,0.442311257853979,0.657999636623297,"YRDC"
"4981",79694,-0.163294048514678,-1.25481491620469,-1.29645136929109,0.19820487734064,0.416402046488505,"MANEA"
"4982",79695,-0.0789452635202766,-0.335763377288057,-0.721916414678805,0.472257183343271,0.682693026698304,"GALNT12"
"4983",79697,0.0772718760514311,-0.273137629496449,1.10723546839379,0.271205405542663,0.498848899976286,"RIOX1"
"4984",79699,-0.0751446301993401,-2.75287329774797,-0.715900545504095,0.475945565943667,0.685896962461346,"ZYG11B"
"4985",79701,-0.247743568154773,-0.170101762793361,-2.03787081399883,0.0445615105319139,0.167905802114725,"OGFOD3"
"4986",79706,0.226136809593224,-2.81123049400379,1.45779519521777,0.148451736945212,0.352085301920291,"PRKRIP1"
"4987",79707,0.0965319208609601,-0.936928314138451,1.07560406963739,0.285040499675983,0.513524680660753,"NOL9"
"4988",79709,0.143638701881559,0.539952766958157,1.4238942828422,0.158008456058188,0.365775712964768,"COLGALT1"
"4989",79711,0.133360377239004,1.06107932254238,1.82777534921307,0.070967539158636,0.223040837355713,"IPO4"
"4990",79714,-0.0950807111405881,-0.170356823243514,-1.21881377920652,0.226167631279744,0.447732981917127,"CCDC51"
"4991",79716,0.0113551288186483,0.764767260363579,0.123506917276514,0.901986966784425,0.953400379218667,"NPEPL1"
"4992",79719,-0.016606750366412,-3.02002563183989,-0.0950939540438522,0.924456109393659,0.966189694907568,"AAGAB"
"4993",79720,0.0969811162044079,-2.96747999137605,0.614185775015404,0.540675029963612,0.734380025208375,"VPS37B"
"4994",79724,-0.0573697593959492,-1.07304358504537,-0.63758758954595,0.525395396904494,0.721771921709889,"ZNF768"
"4995",79726,-0.214644657841768,-0.526047991553397,-2.80978677751642,0.00610661669442574,0.0515475338182394,"WDR59"
"4996",79731,-0.100268413554425,1.42717604657368,-1.18090685001807,0.240817260956282,0.46488011920008,"NARS2"
"4997",79736,-0.306229932296126,-1.87015003093627,-2.63519676500953,0.00993428896618423,0.0668521814945612,"TEFM"
"4998",79745,-0.102144253269802,-5.47488113166725,-0.368429769342075,0.7134364197228,0.852044782053095,"CLIP4"
"4999",79746,-0.160736875509084,1.80356822514623,-1.07944668450433,0.283334347282796,0.511201123933511,"ECHDC3"
"5000",7975,0.254896433611148,-3.72856501376596,1.61716124866138,0.109417832913536,0.290888426261818,"MAFK"
"5001",79752,0.191048045544938,-1.54441906405096,1.04735864065211,0.297798463283182,0.527261611704856,"ZFAND1"
"5002",79753,-0.225089807125621,-2.12975161023556,-1.33498378250659,0.185320359513492,0.401539452318671,"SNIP1"
"5003",79763,-0.118384604261672,2.574102841812,-1.49494581712672,0.138501178878467,0.337751384964652,"ISOC2"
"5004",79767,0.21478963676438,-1.34305702043267,1.88202875462511,0.0631326977538753,0.208267647245746,"ELMO3"
"5005",79768,-0.12970035111533,-6.34862673682167,-0.471429237141443,0.638499345712318,0.808244658979278,"KATNBL1"
"5006",79770,-0.211126588407038,-1.57261386616296,-2.09754478689247,0.0388093759749892,0.15378434456713,"TXNDC15"
"5007",79778,0.137525383268847,-1.38994312400565,1.06124960169017,0.291476428740402,0.520224045705617,"MICALL2"
"5008",79784,0.0316389838811997,2.13709555058124,0.317901691976321,0.751311625678571,0.876258730256121,"MYH14"
"5009",79789,0.504226347662769,-0.0820035582016673,3.62417310692366,0.000484384670855011,0.0154421294666649,"CLMN"
"5010",79792,0.465667760429077,0.174117933611877,3.64191567012063,0.000456284563570444,0.0150573905978246,"GSDMD"
"5011",79796,0.215404376400311,0.437863990937304,2.69115153108558,0.00851925077356877,0.0608036758699595,"ALG9"
"5012",79798,-0.0364287480238961,-2.28762683651879,-0.229594651843118,0.818938843490661,0.914288797492417,"ARMC5"
"5013",79803,-0.00773267652921161,-0.484158610694377,-0.110335827160319,0.912393943737151,0.959443896977665,"HPS6"
"5014",79807,0.20700186574195,-2.42314432995202,1.42494497333499,0.157705311429962,0.365557100285918,"GSTCD"
"5015",79811,-0.0633497293956953,1.14518212485836,-0.822557273799839,0.412980089865285,0.632768794706221,"SLTM"
"5016",79813,0.135409866006166,-1.48838245789263,1.61914006713718,0.10899080269549,0.290610576431329,"EHMT1"
"5017",7982,-0.0410789646982321,-0.609089790507612,-0.505410037261846,0.614532694568586,0.791605808869251,"ST7"
"5018",79829,-0.00652233850949413,-3.95633051225998,-0.0293493929307764,0.976652302406447,0.989264836841707,"NAA40"
"5019",79831,0.1545472548094,-2.67219160705083,0.865967135246246,0.388859799886611,0.613504470922823,"KDM8"
"5020",79832,-0.00500702765908989,1.69355945313406,-0.0316994092430698,0.97478345369126,0.989047487188183,"QSER1"
"5021",79833,-0.248706369659631,-1.15378147240265,-2.12843032844399,0.0360926399746308,0.146810221447504,"GEMIN6"
"5022",79834,0.0577479050926701,-4.96792991822853,0.239562339065079,0.81122590486992,0.910971638132045,"PEAK1"
"5023",79837,-0.207152685350377,0.628237538628346,-2.69650130364943,0.00839404733301623,0.0603309865691495,"PIP4K2C"
"5024",7984,0.122902777462259,-1.1423749842558,1.52909799832628,0.129822010614998,0.323264706350855,"ARHGEF5"
"5025",79863,-0.290747083305028,-1.48921607226541,-2.30389523744789,0.0235809061955092,0.112964070160704,"RBFA"
"5026",79868,0.0949705960784552,0.109798297338996,1.13718061569865,0.258545548918877,0.487430466126244,"ALG13"
"5027",79871,0.106914725197079,-3.49352448144916,0.659446542095612,0.511328795948579,0.711390007211375,"RPAP2"
"5028",79872,0.0111555242725334,1.06424191519063,0.0881461842203072,0.929960498841073,0.968952222353846,"CBLL1"
"5029",79873,-0.163863937143765,-0.540681414963797,-1.36714418193022,0.175057517246499,0.389154797028386,"NUDT18"
"5030",79876,0.172322233002065,1.67177323879123,1.93400636483573,0.056321556845068,0.194432911088317,"UBA5"
"5031",79877,-0.160434209930934,0.902064758814938,-1.99520628144965,0.0491096033520434,0.179248270993535,"DCAKD"
"5032",79879,0.0274934026412599,-1.77320586093115,0.291242844210058,0.771550028618956,0.886219514735368,"CCDC134"
"5033",79884,-0.237522472157566,-6.09376755935835,-0.737753350776939,0.462624412755985,0.677382787570667,"MAP9"
"5034",79886,0.113759200834116,-2.99324892361079,0.595827804460517,0.552817589474203,0.744121571094881,"CAAP1"
"5035",79888,-0.139198568088175,1.07049956179404,-1.84387273582865,0.0685624478380591,0.219185575432295,"LPCAT1"
"5036",79896,-0.308582109985601,1.42538161602962,-3.19687978566796,0.00192956632149894,0.0283924234656014,"THNSL1"
"5037",79901,-0.00408113536870863,0.643129105299329,-0.0250823917708749,0.980045957887525,0.989883509875536,"CYBRD1"
"5038",7991,-0.339058038253257,1.12685458626153,-3.03541107850845,0.00315773068483303,0.0365700961198211,"TUSC3"
"5039",79912,-0.14974587153844,-2.37759869184535,-0.798325423849412,0.426827924538678,0.646620112222291,"PYROXD1"
"5040",79913,0.118988850800744,-2.00450942486635,1.4796135135646,0.142542624573332,0.344594970315522,"ACTR5"
"5041",79919,-0.0385740602433713,-1.80753712006323,-0.165582559558921,0.868864763724074,0.938594142861381,"MAB21L4"
"5042",79921,-0.404265739108834,-2.6050984093254,-1.98254760270282,0.0505330315277382,0.182561358162011,"TCEAL4"
"5043",79922,-0.13945531898235,-1.42604374406629,-1.19316602482458,0.236006944461088,0.458856707349432,"MRM1"
"5044",7993,0.190345531477325,-6.22662248610102,0.626527282507188,0.532588861498586,0.726612676567753,"UBXN8"
"5045",79932,0.0174337035199205,-0.448246823759141,0.238707711556729,0.811886492314377,0.911201186656728,"KIAA0319L"
"5046",79934,-0.195125166133267,-0.893403257917208,-1.38117363293275,0.170718038935412,0.384256444072446,"COQ8B"
"5047",79939,-0.0157894931766118,-0.851737388924235,-0.16266456842453,0.871154983377616,0.939910228154651,"SLC35E1"
"5048",7994,-0.413611730273578,-3.0791137839271,-1.55741071911081,0.122957356482731,0.311993490736255,"KAT6A"
"5049",79944,-0.313563220738554,1.09556430648378,-3.62191904480668,0.000488069911458616,0.0154421294666649,"L2HGDH"
"5050",79954,0.199235537329612,-2.06694279110126,1.77990379773111,0.0785388870031624,0.237690717438327,"NOL10"
"5051",79960,-0.381704463349961,-4.4553218442426,-2.69578090792414,0.00841080903004624,0.0603807553525425,"JADE1"
"5052",79961,0.139984172174898,-2.37285930516874,0.9472415966209,0.346106048883355,0.5770541607892,"DENND2D"
"5053",79966,-0.435496649045824,1.98521235981089,-3.81574810781959,0.000251650175640042,0.0116137502111171,"SCD5"
"5054",79969,-0.235093899789504,-1.17859777459343,-2.80669502655675,0.00616058923494621,0.0516580556340162,"ATAT1"
"5055",79971,0.167014420396537,-0.150981289417538,1.32009915275705,0.190220773268488,0.407815265917562,"WLS"
"5056",79979,0.0027702771062672,-2.35783459472215,0.0221094004148379,0.982410675047166,0.990804588143198,"TRMT2B"
"5057",79980,-0.509661279609741,-2.81737764213815,-2.31657405511402,0.0228467036796593,0.111031723820862,"DSN1"
"5058",79982,-0.154380079412773,-1.18491920492716,-1.97182151786314,0.0517665195603579,0.184949299802955,"DNAJB14"
"5059",79983,0.439322978847283,0.212305613513637,2.18324142186607,0.0316759624961018,0.134365623912283,"POF1B"
"5060",79989,-0.0145138240710598,1.80125604674905,-0.170541973864331,0.864974885293362,0.937196089308147,"IFT56"
"5061",79990,-0.197407279461366,-3.21044256646342,-1.29718833834665,0.197952350493617,0.416402046488505,"PLEKHH3"
"5062",800,-0.231929100157329,2.79113182531019,-1.72071037913131,0.0888129903267959,0.257138742748053,"CALD1"
"5063",80004,-0.105116099218369,-1.31475251780748,-0.674632477694968,0.501675428402833,0.704480388821,"ESRP2"
"5064",80011,0.115848830210634,-2.56290950106912,0.876092043866039,0.383361931999276,0.608974000675869,"PSME3IP1"
"5065",80012,-0.153688085852167,-0.763617380524715,-1.69536125246214,0.0935377376586891,0.264905449885941,"PHC3"
"5066",80013,0.0474724835603526,-3.19255152516484,0.309019975352947,0.758035771371853,0.879883427511428,"MINDY3"
"5067",80017,-0.00452685089766691,0.911585810686019,-0.020392583539426,0.983776304051812,0.991693045536217,"DGLUCY"
"5068",80025,-0.211498298544641,-0.738723704581725,-2.08563787566002,0.0399029703217552,0.156425641107569,"PANK2"
"5069",80036,-0.118402239099919,-1.96476251392152,-0.966600284703444,0.336389244513463,0.569259947701453,"TRPM3"
"5070",80055,-0.37864736374865,-0.482491151547318,-3.00843057913495,0.00342295146924753,0.0379967527577185,"PGAP1"
"5071",80097,-0.135326834788394,-2.56611474208038,-1.09157746564869,0.277994411756409,0.5062107153888,"MZT2B"
"5072",801,-0.113666529531494,2.34946671251051,-0.781892386975765,0.436373675593784,0.653971422930374,"CALM1"
"5073",80115,0.0960138290668233,-1.6416982680848,0.782766074704226,0.435863031783737,0.653475156103707,"BAIAP2L2"
"5074",80124,0.0764298420458069,-1.08340211230457,0.959971395553827,0.339696230789929,0.571717977677155,"VCPIP1"
"5075",80128,-0.21273880029292,-1.95886100052044,-1.58144493262179,0.117359146403908,0.303351066049253,"TRIM46"
"5076",80135,0.190562969742606,-2.10915006999693,1.05938246636599,0.292320818540879,0.521437135775623,"RPF1"
"5077",80144,0.0409097804795617,-1.05102072706379,0.403640283649403,0.687455072328372,0.835393249877447,"FRAS1"
"5078",80146,0.211917231454894,-2.37451156085449,1.7837906528052,0.0779001642166133,0.236825759267743,"UXS1"
"5079",80148,-0.252279121876304,0.536517743809362,-1.8238409520177,0.0715659552677668,0.223954787543163,"SLC66A2"
"5080",80149,0.180686517824549,-1.42056998786226,1.53101703724793,0.129347358398828,0.322344330431183,"ZC3H12A"
"5081",80150,-0.19395580487607,-0.110689794911394,-1.23704626747778,0.219356403853924,0.44072327556641,"ASRGL1"
"5082",80162,0.660934661102829,-3.33974044477878,2.37951568249202,0.0194930040990352,0.100375888556944,"PGGHG"
"5083",80164,-0.231206868134726,-1.6501410872402,-1.20035662338743,0.233217829509382,0.455888865454964,"PRR36"
"5084",80173,-0.128020839922413,-1.28456032775589,-1.05827041638365,0.29282452323974,0.521880639850617,"IFT74"
"5085",80177,-0.131084463804423,-1.81942287943793,-0.692288978839853,0.490576116752169,0.695096076783197,"MYCT1"
"5086",80179,-0.258490959383225,1.47908967597448,-0.991948700413347,0.323938548390293,0.556333186910918,"MYO19"
"5087",80185,0.0633477380819487,-2.92130775249917,0.617861941991583,0.53825988796718,0.732233863551098,"TTI2"
"5088",8019,0.00121624676588014,0.00305922783774988,0.0157853259249636,0.987441340002475,0.993600780733264,"BRD3"
"5089",80195,0.256915188785119,-0.738952554844303,2.11122033116114,0.0375853845941122,0.150728868486898,"TMEM254"
"5090",80196,-0.154967842103754,-1.64727941209727,-1.49444020403754,0.138633006716119,0.337906011404611,"RNF34"
"5091",80201,0.876264078313733,-0.213847184698829,2.67528547032897,0.00890062304077256,0.062294212342374,"HKDC1"
"5092",80204,0.0650509633265912,-5.22683973350464,0.30345033528275,0.762261974870383,0.882177123621174,"FBXO11"
"5093",80207,0.0648252463447957,0.694053517689336,0.388482049973073,0.698596336404017,0.841111085297735,"OPA3"
"5094",80208,-0.0649173374806833,-2.13212015204877,-0.581803960861564,0.562184188764965,0.750808917440452,"SPG11"
"5095",80210,0.148654210533828,0.188483251331045,1.5789749356149,0.117924925473353,0.303617110971241,"ARMC9"
"5096",80212,-0.0595778755433414,-0.975121836925295,-0.628953493807248,0.531006557872917,0.725421378193627,"CCDC92"
"5097",80219,0.135714488475443,-1.53771720526793,0.915627586940646,0.362361122999708,0.592322922229616,"COQ10B"
"5098",80221,0.583086790117728,-1.11089248226409,3.03973005883021,0.00311708737878247,0.0363049000587605,"ACSF2"
"5099",80222,-0.110380001997276,0.311871971797066,-1.43433360799079,0.155016369217157,0.361783450287038,"TARS2"
"5100",80223,0.202119466688456,2.60294036678385,1.97394251793869,0.0515205943852496,0.184520717853857,"RAB11FIP1"
"5101",80224,-0.0626236713329885,-0.148875637562551,-0.612872961963864,0.541538845781421,0.735227922009813,"NUBPL"
"5102",80227,0.0490787014506968,0.277496190168186,0.588242245511849,0.557874352227902,0.746996678441287,"PAAF1"
"5103",80262,0.0417163937408547,-2.35349676128502,0.325918238609921,0.745258911389038,0.872311059898153,"PHAF1"
"5104",80271,0.191115132726201,-1.08111488821329,1.3618168516872,0.17672708235333,0.390668539219984,"ITPKC"
"5105",8030,-0.0623470210347019,0.959641286723343,-0.845021761274951,0.400387182443348,0.622741803387416,"CCDC6"
"5106",80301,-0.0130038780747956,-0.828696321155867,-0.116472683552672,0.907542967378084,0.956472996869279,"PLEKHO2"
"5107",80303,0.0537120216503002,-3.34824853086889,0.223775700183618,0.823449818814626,0.916304385040641,"EFHD1"
"5108",80305,0.163315580469365,0.364240444126663,1.90099327511434,0.0605713478550929,0.202011420821751,"TRABD"
"5109",80314,-0.0363757438130423,-2.79876451373401,-0.216330797666415,0.829229909118088,0.918874020466012,"EPC1"
"5110",80315,-0.0609093254077706,-1.05492310196284,-0.852349360483276,0.396330850590822,0.619632898860536,"CPEB4"
"5111",80318,-0.267059303777681,-1.18978359600913,-1.7757088113023,0.0792331020898087,0.238515341160984,"GKAP1"
"5112",80331,-0.524217581231955,1.52076049317476,-4.18533606142613,6.7204053944689e-05,0.00557430382584461,"DNAJC5"
"5113",80344,0.0908686352720258,-0.382606953525567,1.2032638615482,0.232096934846998,0.454276462401426,"DCAF11"
"5114",80346,-0.15390419649418,-0.65848334724687,-1.59336336656728,0.114659497674983,0.298971961227292,"REEP4"
"5115",80381,0.269926807375529,-1.46709003437623,1.87004298999447,0.0647979934483437,0.210885516323401,"CD276"
"5116",8045,0.069537050151276,-2.678229798962,0.314773904344779,0.753677442563107,0.877040623845321,"RASSF7"
"5117",8050,-0.387283019689311,2.60519893880461,-4.66798679200668,1.08071344038745e-05,0.00221113969903272,"PDHX"
"5118",80700,-0.187268584907267,1.05053318717551,-2.73979102385595,0.00744088461923565,0.0563158443808489,"UBXN6"
"5119",80723,-0.186474876554039,-2.62866006247306,-0.943530613939056,0.34798929372872,0.578693656165506,"SLC35G2"
"5120",80724,-0.0185662484754212,-0.535915275162127,-0.17610800280413,0.860613177605293,0.935608162263778,"ACAD10"
"5121",80725,-0.256945400777893,-0.52514643095385,-1.86517209376016,0.0654852099069967,0.212798741694841,"SRCIN1"
"5122",8073,-0.0230991758858176,-0.440407429025082,-0.220601220993629,0.825913256727336,0.917858102082653,"PTP4A2"
"5123",80737,0.0863869204440824,-2.2263062117276,0.54582171835687,0.586567618410386,0.77133662791943,"VWA7"
"5124",80746,0.0586483131278217,-2.53565668184687,0.406034104861016,0.685701836923276,0.834424003850912,"TSEN2"
"5125",80762,-0.0265271502326367,-2.59792939827383,-0.186651779633772,0.852362708249798,0.931227448753191,"NDFIP1"
"5126",80765,-0.00171404801464181,-3.12152822284248,-0.0120056806704495,0.990448221862825,0.994902990543305,"STARD5"
"5127",80774,0.504152773740925,-5.43014016834008,1.57418794421553,0.1190276318834,0.305048686638959,"LIMD2"
"5128",80775,-0.12236776994755,0.289763683666703,-1.1161343790081,0.267398909275227,0.495859367109168,"TMEM177"
"5129",80777,-0.0064667286386354,-0.017550386250862,-0.0589650980182551,0.953113419925539,0.980241180264215,"CYB5B"
"5130",80781,0.69727930714541,0.0728099730824996,2.58683548212602,0.0113253178867862,0.0717657248454083,"COL18A1"
"5131",8079,-0.400555655083998,0.624314893426239,-3.75156724942601,0.000314111436740838,0.0128979450923171,"MLF2"
"5132",80790,-0.571306761153439,-0.280330475884756,-3.76548189882983,0.000299429046066808,0.0126751412741936,"CMIP"
"5133",80817,0.105524725033406,-0.71155652278067,0.8649933044645,0.389391155700242,0.613969949976095,"CEP44"
"5134",80820,0.139299769114571,-0.768261908837911,1.60271163322632,0.112576987150684,0.295803744490967,"EEPD1"
"5135",80829,0.143978253689055,-0.243599441479492,1.23569230287574,0.219857007149985,0.441440075200069,"ZFP91"
"5136",8085,0.461643323061618,-2.58798644756525,2.25644382214108,0.0265167454667261,0.121273957517661,"KMT2D"
"5137",80851,0.147588812211121,-2.69117313611656,1.04717024832482,0.29788483988541,0.527261611704856,"SH3BP5L"
"5138",80854,0.0545787219740471,-0.580266992954797,0.602667263561042,0.548277885689743,0.740157434309039,"SETD7"
"5139",80856,-0.291063880151558,1.67440305244383,-3.75974261867491,0.000305403999521896,0.0127956404713289,"LNPK"
"5140",8089,-0.133038417744975,-0.944755948662716,-1.40299523613398,0.164131911411306,0.375312973377302,"YEATS4"
"5141",81,0.269017331155001,4.32114383752427,3.1222267458863,0.00242812063305834,0.0313566510209802,"ACTN4"
"5142",810,-0.191927373628944,-2.90226040820697,-1.05171841392791,0.295804291441359,0.524587814167113,"CALML3"
"5143",8100,-0.610131932350189,-3.01013090019224,-3.92888974418704,0.000169292823097005,0.009368844146254,"IFT88"
"5144",81034,-0.3498335206925,-0.69104730160831,-3.29268861248821,0.00142925159731865,0.0246425457987131,"SLC25A32"
"5145",81037,-0.112695470342406,-0.583368398767451,-1.40416490549547,0.16378446032672,0.375145381757742,"CLPTM1L"
"5146",8106,-0.0132064385064983,1.43036286348618,-0.159644604369977,0.873526395069074,0.941145341922763,"PABPN1"
"5147",811,0.0111220788414181,4.23570350619041,0.146416612713228,0.883926950195726,0.945894781722153,"CALR"
"5148",8120,-0.280558219061535,0.278565600551305,-1.86355589178763,0.0657145799529702,0.213415921561551,"AP3B2"
"5149",8125,0.0913163188560935,4.56362048432841,1.0022020177528,0.318990134067338,0.550934954369688,"ANP32A"
"5150",813,0.0971293172429576,0.87290839308473,0.905900479508336,0.367458863645133,0.595580275958233,"CALU"
"5151",8131,-0.191626910721153,-1.26089523594325,-2.23744710370244,0.0277792825057355,0.124187353255794,"NPRL3"
"5152",8139,-0.0937103364063847,-1.27572512316315,-0.847658624011249,0.398924582634268,0.62164041423513,"GAN"
"5153",8140,-0.44210848189229,0.314814586193896,-2.98417882357368,0.00367880030240116,0.0389990954337449,"SLC7A5"
"5154",8148,0.00130427249812348,-0.854356640599271,0.0135892569696488,0.98918839469277,0.994209655579535,"TAF15"
"5155",81488,0.0152303677425345,-2.89706464717645,0.0646730388753494,0.948580817652248,0.978687424874435,"POLR2M"
"5156",81490,0.304861940767098,-2.58760107239525,2.3777952097556,0.0195785217100714,0.100441267099484,"PTDSS2"
"5157",81502,-0.0335631753215191,3.18554630972406,-0.422275720599838,0.673852305620682,0.826392920274963,"HM13"
"5158",81532,0.027251353744648,-0.159685252794987,0.287843337625115,0.774142543553518,0.887888438507355,"MOB2"
"5159",81533,-0.33239375036654,1.37728070343511,-2.67641535277754,0.00887295957324718,0.0621714907084374,"ITFG1"
"5160",81537,0.160961001422975,-1.11780327653862,1.33225185132958,0.186212596544808,0.402714138303335,"SGPP1"
"5161",81545,-0.0413821000330088,-1.02114827325821,-0.381838586698024,0.703500333640742,0.844702978262393,"FBXO38"
"5162",81550,0.112028880587133,-0.712706042363217,1.31397446431914,0.192265137594615,0.409622844344237,"TDRD3"
"5163",81553,-0.346262342665072,-3.58705229868844,-1.74730524381044,0.0840681396690913,0.247962633968709,"CYRIA"
"5164",81554,-0.105794088314905,0.0071235113166043,-1.35847468970478,0.17778064701318,0.391257659149122,"RCC1L"
"5165",81556,0.146800184278826,-1.96797399989727,1.36403844511554,0.176029382152841,0.389692785353657,"INTS14"
"5166",81562,0.169627748764988,-0.171063282926437,1.94074895490169,0.0554853527784328,0.192629578820147,"LMAN2L"
"5167",81565,-0.0132350381511097,-2.15182907999972,-0.153128423875789,0.878647104148228,0.943680826817466,"NDEL1"
"5168",81567,-0.0646923058628746,4.0251603500868,-1.05154840018075,0.295881885409994,0.524587814167113,"TXNDC5"
"5169",81572,-0.114882820873797,-2.5876535026772,-0.638582058032378,0.524751094654409,0.721371157668256,"PDRG1"
"5170",81577,0.0952983830347746,-0.696467963031434,1.03608378212993,0.302997898825777,0.53202724496057,"GFOD2"
"5171",816,-0.439636831781169,0.557449505751483,-2.98585729034672,0.00366053863359196,0.0388918820429304,"CAMK2B"
"5172",81608,-0.028506174017251,0.807808864353918,-0.350826497287918,0.726555833632625,0.859433360346319,"FIP1L1"
"5173",8161,0.142798382664416,-1.61675367295942,1.14588426045182,0.254945320719194,0.482839995387843,"COIL"
"5174",81611,-0.18436909388006,2.24404099821,-2.44046443112065,0.0166698931581658,0.0908701635922039,"ANP32E"
"5175",81615,-0.115691916998987,2.16966089194139,-0.992706767575825,0.323570961092851,0.555857419308122,"TMEM163"
"5176",81617,-0.19019839574,-0.787799239657306,-2.15446617547881,0.0339321300607694,0.140821781144694,"CAB39L"
"5177",81618,-0.031966585533254,-1.55895220832167,-0.220049654117143,0.826341458473239,0.917858102082653,"ITM2C"
"5178",81622,0.220744263347474,-1.07546508096322,1.70883572268795,0.0910013477042924,0.260646883905248,"UNC93B1"
"5179",81627,-0.217474459470615,-0.931492920096109,-1.68659051579622,0.0952194928318035,0.267063023996247,"TRMT1L"
"5180",81628,-0.159377632194723,-0.75613549553436,-1.44710210237181,0.151416421250238,0.356499422184105,"TSC22D4"
"5181",8165,0.0391192751853722,-2.66382553718352,0.342449688537877,0.732827968342895,0.865185241332697,"AKAP1"
"5182",81669,0.170265988482743,-4.10729086911611,0.706155885420472,0.481954039097585,0.690207416850278,"CCNL2"
"5183",81689,-0.252719803015573,0.928107408580637,-2.24714277936956,0.027128460343263,0.122610694768684,"ISCA1"
"5184",817,-0.243493904648199,3.15134880060561,-2.95129853448222,0.00405396301737863,0.0409263569089967,"CAMK2D"
"5185",81706,-0.838251551488596,-2.08042885531664,-3.46474297765119,0.000821862200453585,0.0196287555890432,"PPP1R14C"
"5186",8178,-0.0640104544962918,-1.13319379209989,-0.737974639446317,0.462490608772338,0.677348450642952,"ELL"
"5187",81790,0.00894175747094705,-0.854007255979937,0.0921198409409822,0.926811924025804,0.966984801915755,"RNF170"
"5188",818,-0.0921683727219741,-0.318053052389444,-0.898678016204771,0.371273232363485,0.597877924015156,"CAMK2G"
"5189",81839,0.463317631804236,-5.04213567620751,2.11609145942769,0.0371575495486686,0.149689611260383,"VANGL1"
"5190",81846,-0.0193943881296996,-2.23203105700457,-0.155183818838627,0.877031313703081,0.942770263311648,"SBF2"
"5191",81847,-0.0703174392751704,-1.61216367143452,-0.716471853217076,0.475594603250987,0.68574105585026,"RNF146"
"5192",81848,-0.322535386551572,-2.54945054336321,-2.10031060004489,0.0385590873645817,0.153386700093197,"SPRY4"
"5193",81855,0.176033565314387,1.29502094504649,1.74137038718618,0.0851084959400448,0.250115536164138,"SFXN3"
"5194",81857,-0.0767263192591321,-1.77979555439351,-0.57997794555107,0.563409508570452,0.752255299406325,"MED25"
"5195",81858,-0.0605231180109806,-0.878698942845557,-0.793385849545446,0.429684173257195,0.648488186735349,"SHARPIN"
"5196",81876,-0.205147985084454,3.45709449278349,-2.73456745945237,0.00755041470634708,0.0569342081911037,"RAB1B"
"5197",81888,0.122918234075936,0.784842138677129,1.28945202916424,0.200615198516762,0.4188354042503,"HYI"
"5198",81889,-0.0404098972529294,0.0706507327968016,-0.472640258602605,0.637638374855963,0.807973646751837,"FAHD1"
"5199",81890,0.205819501901762,0.51673281774584,2.50653228336305,0.0140272956604494,0.0812259818526778,"QTRT1"
"5200",81892,-0.200600292717237,2.24724170725324,-1.35417963904553,0.179141569681753,0.392844213900179,"SLIRP"
"5201",819,-0.23661400528305,-0.615901926692178,-2.13258743118474,0.0357398690470445,0.145955632874757,"CAMLG"
"5202",81926,0.14293901244931,-0.410682481296739,1.81908695716495,0.0722946357693665,0.225455859240634,"ABHD17A"
"5203",81932,0.0863703488764425,1.76065666337144,1.2707613995907,0.207158091743774,0.425690112863503,"HDHD3"
"5204",8202,0.125416898045603,-1.05238028359798,1.39230867806586,0.167332558816812,0.379278894393499,"NCOA3"
"5205",8209,-0.0335631506095075,2.88382428335849,-0.422094906731375,0.673983778332975,0.826392920274963,"GATD3"
"5206",821,-0.201790033897904,4.0515579826703,-2.77987476573059,0.00664744713121351,0.0529882061881311,"CANX"
"5207",8216,-0.066027320901977,-3.27299096668411,-0.432805914467002,0.666213222006457,0.823414886702113,"LZTR1"
"5208",822,0.534624070214962,0.591009494460928,2.51798676508949,0.0136094500361906,0.0794812600591229,"CAPG"
"5209",8220,-0.0297765486464563,-2.20067336177858,-0.179553157405864,0.857915607054208,0.934311836131916,"ESS2"
"5210",8225,-0.171484637009899,-0.0584037133593153,-2.05194985629582,0.0431422061127999,0.164322014114228,"GTPBP6"
"5211",8226,0.0672264874770232,-0.752990033731437,0.630714220543874,0.52985978448921,0.724822678224821,"PUDP"
"5212",8227,-0.0427559837769986,1.86488299202593,-0.445344462083137,0.657162964542451,0.820028749805026,"AKAP17A"
"5213",8228,-0.174307470436053,-0.627059707398588,-1.28883216334119,0.20082970235235,0.418998202936343,"PNPLA4"
"5214",8237,-0.247888628663172,0.393485730444375,-2.99208765490466,0.00359348310994345,0.0386444783747051,"USP11"
"5215",824,0.115048487854457,2.55673436679598,1.63972176920076,0.104628307747077,0.282847623634382,"CAPN2"
"5216",8242,-0.00509429245839721,-1.99949814967012,-0.0413222429664526,0.967132483139151,0.985925789986399,"KDM5C"
"5217",826,0.082323349964379,3.12845944989815,1.14587236750603,0.254950215876833,0.482839995387843,"CAPNS1"
"5218",8266,-0.0569039682759986,0.788574159253881,-0.723705617867781,0.471163304666367,0.681753975493201,"UBL4A"
"5219",8270,0.127389152023331,0.0577276514591249,1.40391478602077,0.163858711061014,0.375145381757742,"LAGE3"
"5220",828,0.352929570262571,1.60723889722979,2.0876307548492,0.0397181013590045,0.156085855102625,"CAPS"
"5221",8287,-0.271316461084335,-1.459900637386,-2.49740295893471,0.0143685306159805,0.0826560833372898,"USP9Y"
"5222",8289,0.0824220722494136,-0.27505207015749,1.17380835172563,0.243634510688784,0.469080497681227,"ARID1A"
"5223",8291,-0.0901394678518078,0.107111559606811,-0.510920404560153,0.610684470196101,0.788468926811877,"DYSF"
"5224",830,-0.104563235317226,3.09840162410266,-0.71519086187044,0.476381736030492,0.686070177324065,"CAPZA2"
"5225",831,0.0728277313021606,1.67817830395659,0.672818579630637,0.502823301082934,0.704814836105282,"CAST"
"5226",8310,0.304152996535216,-0.209530337528845,2.52321135350107,0.01342260395987,0.0789156543157876,"ACOX3"
"5227",8314,0.272047646723506,-2.82984536846668,1.98537516404281,0.050212067500097,0.181829893991502,"BAP1"
"5228",8315,-0.303162606548055,-2.04948220708639,-2.73556580779702,0.00752936791374297,0.0568453385664875,"BRAP"
"5229",8323,-0.0109755365942812,-4.03521936426245,-0.0494797850932561,0.960648924685532,0.982435914471489,"FZD6"
"5230",8329,0.15589868236491,8.19289595053642,1.67316206565962,0.0978419962834997,0.271413578232691,"H2AC13"
"5231",8334,0.128923272727729,4.97956098825677,1.01639969330663,0.31222162501547,0.542485330913282,"H2AC6"
"5232",834,0.236859855592731,-1.67948871843561,1.63309936367505,0.106016339218449,0.285407144790721,"CASP1"
"5233",83440,0.154461413147234,-0.916330210582964,1.80906514553003,0.0738510068772213,0.228361450988607,"ADPGK"
"5234",83442,0.182160752894273,2.48623881460667,1.15048203986517,0.25305784486081,0.48073941558516,"SH3BGRL3"
"5235",83443,0.0212747246695453,-1.2129431244518,0.109172466460328,0.913313921015928,0.959917953286946,"SF3B5"
"5236",83451,0.167742857671374,1.35020173614446,1.91419366248512,0.0588406734734776,0.198969743348222,"ABHD11"
"5237",83452,-0.0603949076505772,0.652098101730338,-0.841965406044661,0.402086559354557,0.624337794413931,"RAB33B"
"5238",83460,0.210583371739373,0.582764857773563,1.55800339241726,0.122816799811531,0.311894711312858,"EMC6"
"5239",83464,-0.242198600034933,-0.759340444471047,-1.87913120834523,0.0635319482739561,0.208996505016025,"APH1B"
"5240",83468,-0.13911158413875,-1.4204793673157,-0.833955317537846,0.406561114797482,0.628550669455202,"GLT8D2"
"5241",83475,0.0241883224513031,-1.09452285512345,0.294295040613458,0.769224585285551,0.885004780596573,"DOHH"
"5242",83478,0.065186724598928,-0.0537725704397884,0.362865699782976,0.717574135316776,0.854876145020828,"ARHGAP24"
"5243",83479,0.0543144708251337,-1.61719358723586,0.469411783062123,0.63993474755114,0.809046236965788,"DDX59"
"5244",83480,0.25833306053116,-2.73835275399229,1.58961991173075,0.115502023334511,0.300148780367157,"PUS3"
"5245",83481,0.248483552378631,-0.292325784298281,1.46068983002661,0.147656997953801,0.351558826004822,"EPPK1"
"5246",83483,-0.0417718501535639,-0.0821054652387633,-0.179203780321967,0.858189094462766,0.934311836131916,"PLVAP"
"5247",8349,0.133234368080862,5.24806509898396,1.49986831630282,0.137222870069671,0.335166723632169,"H2BC21"
"5248",835,-0.10734467838518,-3.24421377327263,-0.489138622019754,0.625958843208538,0.800444870752918,"CASP2"
"5249",8350,0.208878938074927,7.24938801900736,1.7314460543188,0.0868718335504562,0.253897664743613,"H3C1"
"5250",83539,-0.395812670456736,-1.49125845412283,-2.78693526463593,0.00651597874557486,0.0524797643157746,"CHST9"
"5251",83544,0.0623099147244757,-3.84992614612719,0.407150448814042,0.684884813622311,0.833761004762742,"DNAL1"
"5252",83546,-0.403426305024662,-2.32723603260055,-1.95738332679134,0.0534672796209422,0.18882645677608,"RTBDN"
"5253",83548,-0.18070313065013,0.551654408686517,-2.57098407796395,0.0118181565966615,0.0734635327884144,"COG3"
"5254",83549,-0.186518029656328,-0.302106111195883,-1.80193746812471,0.0749747957826729,0.231137768213986,"UCK1"
"5255",83593,-0.361533039280264,-0.860667273585943,-2.83124127589317,0.00574385938960165,0.0495219006903464,"RASSF5"
"5256",83594,-0.125952584052956,0.743732616790948,-1.45209401444805,0.15002674196179,0.354178516215949,"NUDT12"
"5257",836,0.0121536982109669,1.36731918304656,0.140366001542067,0.888691168577367,0.947340464176429,"CASP3"
"5258",83605,-0.207680704776084,-1.48261501441993,-2.08279796931291,0.0401676962766608,0.157137871093782,"CCM2"
"5259",83636,-0.0664000742344384,-1.67114098585467,-0.636678287849765,0.525984880846467,0.721775320254631,"C19orf12"
"5260",83638,0.0857139431191194,0.715330173843971,1.10757765018179,0.271058343238798,0.498848899976286,"C11orf68"
"5261",83641,0.29451962489951,-1.57305784190163,1.87499040830803,0.0641061863611577,0.209749244936431,"FAM107B"
"5262",83648,-0.281327753006094,0.250921595220594,-2.0985275775766,0.0387202793013298,0.153729026100623,"FAM167A"
"5263",83658,-0.120410363495154,2.24683450604555,-0.786369879543843,0.433760425414895,0.65207482027838,"DYNLRB1"
"5264",83660,0.190574533528873,0.329916711871506,2.06238865109518,0.0421151182759031,0.161867624281461,"TLN2"
"5265",83666,-0.0109306225342712,0.128154444206232,-0.13707996889822,0.891280298917755,0.948617734481911,"PARP9"
"5266",83667,-0.266454032465913,-0.755236214045465,-2.1276366363493,0.0361603347032911,0.14698816848265,"SESN2"
"5267",83693,-0.406163963495019,1.49550341508531,-3.75875367070014,0.000306444957524494,0.0127956404713289,"HSDL1"
"5268",83699,0.0758889779873546,-1.00475208362722,0.389285424774148,0.698004171464273,0.840562998714481,"SH3BGRL2"
"5269",83700,-0.169284870074831,0.13844897330213,-1.44410605826705,0.152255255203388,0.357651265380173,"JAM3"
"5270",83706,0.182019548060185,-1.38006756985345,0.94518779524862,0.347147492020929,0.578233732978145,"FERMT3"
"5271",83707,-0.440228404023888,-2.73313090959189,-2.58612897584369,0.0113468826414643,0.0717657248454083,"TRPT1"
"5272",83714,-0.139882380638053,-1.32117776444838,-0.820968720224188,0.413879531149293,0.633818834211619,"NRIP2"
"5273",83732,-0.123095337502152,-2.00233608487352,-1.10949904145995,0.270233603174227,0.498405605854389,"RIOK1"
"5274",83743,0.200946687746321,-0.478671232166487,1.83623281446554,0.069695289164837,0.221079940513576,"GRWD1"
"5275",83752,0.262538083931271,-1.20167726243215,1.75411641273061,0.0828870954754512,0.245565931471119,"LONP2"
"5276",83758,-0.458013300714729,0.0425898947645938,-1.70928490534117,0.0909177734424905,0.260529081881422,"RBP5"
"5277",83759,-0.190459918604632,-2.8205780474992,-0.914462010768543,0.362969586550721,0.592771266339982,"RBM4B"
"5278",83786,0.0983125416433395,1.47666502683756,0.991184287264897,0.324309492909325,0.556742945906575,"FRMD8"
"5279",83787,-0.0503612903803956,-0.660586292895216,-0.590086759977928,0.556642639643634,0.746487332779687,"ARMC10"
"5280",83851,-0.4366344846924,-1.90449322171023,-2.34338025846532,0.021360584615814,0.106033164981494,"SYT16"
"5281",83856,-0.145319455943776,-0.338316055394328,-1.61828501401242,0.109175158905732,0.290888426261818,"FSD1L"
"5282",83858,-0.316396734145667,-0.616472091081637,-3.58951124309304,0.000544082947636468,0.0159788570937447,"ATAD3B"
"5283",83860,0.0587114410834282,-3.33115507950056,0.317669995824162,0.751486796361717,0.876258730256121,"TAF3"
"5284",83862,0.429421800845769,-0.466624245670009,3.23860457656739,0.00169434211143308,0.0271711269803213,"TMEM120A"
"5285",83871,-0.122834824403934,-3.45067567783985,-0.643349630469106,0.521667976480423,0.7190088317189,"RAB34"
"5286",83874,-0.250036942398594,-0.104193006152361,-2.93708225277756,0.00422685646362505,0.0419134813792093,"TBC1D10A"
"5287",83892,-0.0416215933416986,-2.68504619647391,-0.34668321405212,0.729655817457237,0.862095548651628,"KCTD10"
"5288",839,0.290330227022349,-1.49639469442694,3.00839659351434,0.00342329818752335,0.0379967527577185,"CASP6"
"5289",83930,-0.0671550826135103,0.656119808967482,-0.706975108855555,0.481447302724892,0.690126936974635,"STARD3NL"
"5290",83937,0.116862938651219,-2.37288148391661,0.918655150357003,0.36078368790093,0.59111020140787,"RASSF4"
"5291",83938,0.198337657496485,-1.77869658140327,1.11068964774063,0.269723425161934,0.497884917642445,"LRMDA"
"5292",83939,0.163291440858806,1.69982036433039,2.07156233730674,0.0412299475893759,0.159968026740575,"EIF2A"
"5293",8394,-0.100332336504131,-1.8823981772806,-0.864962831523963,0.389407790038602,0.613969949976095,"PIP5K1A"
"5294",83940,0.287133873723406,0.0161387225253435,2.95501496977839,0.00400985404267275,0.0405477497758243,"TATDN1"
"5295",8396,-0.169287195204476,-0.415045265402223,-2.14071723364665,0.0350586125603395,0.143843425063746,"PIP4K2B"
"5296",8398,-0.380650907467521,-2.61254160617318,-2.96550156940303,0.00388777064514864,0.0400264520300573,"PLA2G6"
"5297",83985,-0.186924561202242,0.0998310402282562,-1.35665403598889,0.178356577402806,0.39189931077356,"SPNS1"
"5298",83986,-0.0996497914912429,-1.86320414529428,-0.851365756772329,0.396873872320819,0.620323867661112,"FAM234A"
"5299",83987,0.0440125674109262,-3.16066651947853,0.269614596934347,0.788087109758581,0.897454300500588,"CCDC8"
"5300",83988,-0.223384265189681,0.413808399503419,-2.18466488978496,0.031567831427567,0.13415702426598,"NCALD"
"5301",83992,0.0747107487889944,-2.91887671163966,0.431073978533926,0.667467257161486,0.823831494964247,"CTTNBP2"
"5302",840,0.501817294407308,0.0144483543779927,3.612882462115,0.000503112815410163,0.0156390247768753,"CASP7"
"5303",8402,-0.209860998380031,4.13525951128823,-3.02983453676275,0.00321093487798852,0.0369564259295575,"SLC25A11"
"5304",8404,-0.0871203540953664,-2.21457237098666,-0.391266766825045,0.696544530472375,0.839793818118137,"SPARCL1"
"5305",84056,-0.03897752654446,-0.559487718440525,-0.330330512102126,0.741934307320932,0.870411463749213,"KATNAL1"
"5306",84058,-0.16952274472878,-0.273699699051015,-1.32449732423583,0.188762779601537,0.405965641623767,"WDR54"
"5307",84061,0.163473534569198,2.38961810576975,1.82076157743497,0.0720372523215398,0.224791385231119,"MAGT1"
"5308",84062,-0.127861236264407,-1.89738393710165,-1.12412318544579,0.264013669170098,0.491810592220353,"DTNBP1"
"5309",84063,-0.0107634104130914,-1.49004740665289,-0.119868870566946,0.904859891870899,0.954464687455504,"KIRREL2"
"5310",84064,-0.016710655139319,2.92569135317482,-0.199710316389623,0.842167277469682,0.92704855615296,"HDHD2"
"5311",84065,-0.173164849308094,-1.80004182492136,-1.69553068597365,0.0935054895809465,0.264905449885941,"TMEM222"
"5312",84067,-0.196130099095587,-0.443764971545349,-2.32373521240151,0.0224410052468879,0.109755291000317,"FHIP1B"
"5313",8407,0.209514735265889,5.02845766006589,2.22684009780477,0.0285069235863787,0.126518797522193,"TAGLN2"
"5314",84078,-0.188903865663125,-0.475033552218645,-2.71252664862083,0.00802895014510993,0.0587386126229854,"KBTBD7"
"5315",84079,-0.061984679766077,-2.89921121598741,-0.381443898599992,0.70379207769154,0.844880847422389,"ANKRD27"
"5316",8408,0.0108770511811156,-3.08995851909426,0.0763057733582001,0.939348809554981,0.973289834852144,"ULK1"
"5317",84081,-0.0197837138221406,-1.55732658921371,-0.16054033761031,0.872822903443617,0.940733772513132,"NSRP1"
"5318",84085,-0.0404667246125285,-3.85214597994862,-0.20981820422892,0.834293904056282,0.922019442401416,"FBXO30"
"5319",8409,-0.100401346580678,-1.00231556775872,-1.04637641847159,0.298248992479515,0.527261611704856,"UXT"
"5320",841,0.425121233201363,-1.60479101515763,3.26341268310659,0.00156749479947031,0.0260034677814832,"CASP8"
"5321",84100,-0.464070092666364,-1.25596218471082,-3.84937020594813,0.000223849965749917,0.0109919287181839,"ARL6"
"5322",84105,-0.0692969025366407,0.345334003502409,-0.466617491837003,0.641925127771461,0.809753067604976,"PCBD2"
"5323",84108,0.0273681693886987,-4.63188961739962,0.177317336765405,0.859666073888606,0.935241113351341,"PCGF6"
"5324",84126,-0.00680615246239609,0.139574314268687,-0.0741555510830034,0.941054689163658,0.973289834852144,"ATRIP"
"5325",84129,-0.114080532722693,-0.224420852268827,-1.06825708348301,0.28832226204458,0.517009069363023,"ACAD11"
"5326",84135,0.0525079581862122,-0.571331000024206,0.618279478284198,0.537985926511254,0.732090680910182,"UTP15"
"5327",84140,0.0736719574716531,-4.3803938942665,0.491779381350906,0.624098122669204,0.799231019600161,"FAM161A"
"5328",84142,0.0333980010260921,-4.1828932654154,0.220269586297075,0.826170710691107,0.917858102082653,"ABRAXAS1"
"5329",84146,-0.066073863387583,-3.17417522747339,-0.365265781515246,0.715788274325071,0.85343986554143,"ZNF644"
"5330",84148,0.0737718736415829,-1.85335234039758,0.451433516878254,0.652786190167268,0.817855312333025,"KAT8"
"5331",84152,0.468752228729393,-1.66726526370147,2.36717708553411,0.0201137186984252,0.101444540156889,"PPP1R1B"
"5332",84153,-0.00490787474641941,-0.703953185137477,-0.0452319687910248,0.964024757248295,0.984392606885715,"RNASEH2C"
"5333",84154,0.333014061933049,-0.692783523702537,3.16133420245725,0.00215366151324183,0.0298752512008635,"RPF2"
"5334",84159,-0.0391897118459177,-4.25682720738734,-0.160064667287846,0.873196473048691,0.94095504767782,"ARID5B"
"5335",8416,0.308600349636389,-0.65633638835006,2.02761234851147,0.0456207298724586,0.170639878096984,"ANXA9"
"5336",84162,-0.261825142187833,-0.2040600221603,-2.07321980543379,0.0410717394082263,0.159555909169426,"BLTP1"
"5337",84168,0.208398221117639,-2.3131617458971,1.27372663254439,0.206109689542411,0.424103678984685,"ANTXR1"
"5338",84171,-0.419515760435007,0.654864479300262,-1.80116923571447,0.0750967630747147,0.231397556100702,"LOXL4"
"5339",84181,0.0231078255897179,-2.1328876865923,0.120474968992229,0.904381173684829,0.954451795749223,"CHD6"
"5340",84188,-0.196516845307828,-1.07589766295359,-2.31329600014976,0.0230345666896805,0.111496278945672,"FAR1"
"5341",84196,-0.21012531794984,-0.251082996305884,-2.66193541942077,0.00923346210810814,0.0636082945225228,"USP48"
"5342",842,0.0964389253716891,-3.50259868984916,0.624301581520989,0.534042529767501,0.728434010602872,"CASP9"
"5343",84219,-0.101817982187363,-0.424193253048086,-1.0865965019191,0.280178526874561,0.508196157788433,"WDR24"
"5344",84236,-0.0678052936830849,-4.91073069708594,-0.306108820091384,0.760243827091302,0.881038053185912,"RHBDD1"
"5345",84245,0.158220462743242,1.08529589803394,1.15109562206052,0.25280670839875,0.480708666713608,"MRI1"
"5346",84248,-0.0760927791634111,0.156585892540127,-1.00003544445023,0.320031541205672,0.551939758336728,"FYTTD1"
"5347",84254,-0.286462295496154,-0.113830524463662,-2.64540244503476,0.00966129727845111,0.0653815244709293,"CAMKK1"
"5348",84259,-0.0459393342085408,-0.00257122021081869,-0.513631170182688,0.608795375845957,0.787764563719703,"DCUN1D5"
"5349",84261,-0.124458932990679,-2.04263425412624,-1.09901832179756,0.274753661932835,0.503223704399114,"FBXW9"
"5350",84262,0.0174555295186186,-0.737871565169612,0.133699262634646,0.893945255191153,0.950300654028974,"PSMG3"
"5351",84263,-0.11399562634921,2.20592087659241,-1.47718986362912,0.143189820277325,0.345604856891118,"HSDL2"
"5352",84265,-0.108614466705326,-4.33216292817916,-0.683170239443574,0.496291557287813,0.700430971233739,"POLR3GL"
"5353",84266,-0.313554430850304,-2.17222854977088,-2.65389409010374,0.00943935786717819,0.0646167603470449,"ALKBH7"
"5354",84270,0.173555971436566,-0.628095070051082,1.87879742654538,0.063578075774433,0.209016209635546,"CARD19"
"5355",84271,-0.017136869677969,1.04333603164952,-0.198672500842113,0.842976590502154,0.927086267521464,"POLDIP3"
"5356",84272,0.0800967843374094,1.02251322262536,0.609713647567467,0.543620506462588,0.737075915323032,"YIPF4"
"5357",84273,-0.0732468998804272,-1.90743285527482,-0.589607011994467,0.556962871487811,0.746590544920765,"NOA1"
"5358",84275,-0.111579924242818,0.0596247827558414,-1.29340058672377,0.199252795732508,0.417268393110248,"SLC25A33"
"5359",84277,-0.344888394069049,0.349461307655309,-3.51144774457617,0.000705042703962949,0.0181619497513231,"DNAJC30"
"5360",84279,0.132640319200055,-3.69982787870783,0.649875919660959,0.517462940736415,0.715925914505756,"PRADC1"
"5361",84284,-0.046653422220825,1.04790175974669,-0.295774104743694,0.768098456063054,0.884372223469336,"NTPCR"
"5362",84285,0.142484679638013,-2.02335777953151,1.0893562872119,0.278966921161159,0.50675790070696,"EIF1AD"
"5363",84293,-0.067367892664402,0.69842993965617,-0.772144175670902,0.442094944972885,0.657996792493591,"PRXL2A"
"5364",84294,0.18347644872339,-3.4313738876631,0.947385709616537,0.346033048038576,0.5770541607892,"UTP23"
"5365",84298,0.303417688818706,-2.06939971199876,1.94778721662149,0.054623728031012,0.190716975343772,"LLPH"
"5366",84299,-0.0847207287213768,-0.109212923213965,-0.597461787789405,0.551731327227061,0.742822304566725,"MIEN1"
"5367",84300,-0.223981267697006,-0.708993542174801,-2.28782090739424,0.0245416195156134,0.115430237997575,"UQCC2"
"5368",84301,-0.131834494427798,1.63111053430196,-1.67947941340983,0.0966010302280469,0.269394422326103,"DDI2"
"5369",84302,-0.293805102325244,1.26089589221614,-2.86471382274269,0.00521720069425912,0.0468184673811236,"PGAP4"
"5370",84303,-0.195414441853083,1.02222427689657,-2.42098953920191,0.0175295056000797,0.0931124031336155,"CHCHD6"
"5371",84305,0.119809142699408,-0.371328889324284,1.02161003403117,0.309761998902063,0.539381318939252,"PYM1"
"5372",84306,0.00463617065217248,-2.10242027781352,0.033311766504368,0.97350130859052,0.988151320014653,"PDCD2L"
"5373",84310,0.11222401462225,-0.310758122158314,0.683571978636879,0.49603899685777,0.700411171546582,"C7orf50"
"5374",84312,0.0401742805788294,-2.68445031595912,0.174676113343113,0.861734841797918,0.935833060678631,"BRMS1L"
"5375",84313,0.035527569400625,0.675840498397576,0.473820015720988,0.636800109159456,0.807411499694431,"VPS25"
"5376",84315,0.0338911008339712,-0.831004982381669,0.296060284803794,0.767880621797388,0.884287290167423,"MON1A"
"5377",84317,-0.0368519652414558,-0.199551878362445,-0.339748228435517,0.734854586001742,0.867039218010796,"CCDC115"
"5378",84319,0.207209817451846,-1.4802576377149,1.58798625937161,0.115871251868751,0.300527106095777,"CMSS1"
"5379",84320,0.24486826905825,-1.15152114430181,2.11599093903565,0.0371663355426561,0.149689611260383,"ACBD6"
"5380",84321,0.0256941408818352,-0.157105839637922,0.357949374028178,0.721237187823731,0.856906038751294,"THOC3"
"5381",84324,0.0361369973413153,2.75459039042695,0.453912846356855,0.65100752931657,0.816152821679965,"SARNP"
"5382",84327,-0.213139953815823,-1.0877046479367,-1.69135212330914,0.0943034416737389,0.265642278565126,"ZBED3"
"5383",84328,-0.145245171538019,-0.270571618290676,-1.69284305901441,0.0940180929254539,0.265447587109676,"LZIC"
"5384",84329,-0.391882298867081,-1.38073193467826,-1.88659653472929,0.0625075913521066,0.207166088401312,"HVCN1"
"5385",84335,-0.109039450409321,-2.05229554713321,-0.724516548135383,0.470667988669549,0.681397591056397,"AKT1S1"
"5386",84340,-0.236824743204605,0.369661058448092,-1.85159062483625,0.0674337158187303,0.216705836489721,"GFM2"
"5387",84342,-0.147226971891634,0.75775919749309,-2.06654086421163,0.0417124644538923,0.161117182783352,"COG8"
"5388",84343,0.133925864922608,-2.2740315387091,1.31208646930024,0.192898634023203,0.41068741437198,"HPS3"
"5389",8436,-0.199851444743477,0.807940549267774,-1.19956906377232,0.233522146566513,0.4561931685631,"CAVIN2"
"5390",84364,-0.0632429728920334,1.75973857314472,-0.866944903560877,0.388326747512949,0.613052874545906,"ARFGAP2"
"5391",84365,0.179888659078242,-0.608006380640859,1.98618319772451,0.0501206653356229,0.181606047125179,"NIFK"
"5392",8437,0.415893373060295,-4.9272559580145,2.14372583051178,0.0348093733962302,0.14320370905232,"RASAL1"
"5393",84376,-0.104938890522439,-0.322091757041208,-1.2431403502424,0.217113532360856,0.437746714460424,"HOOK3"
"5394",8440,0.178348187461193,0.117086455323836,1.91132380389529,0.0592133398824505,0.199550360251863,"NCK2"
"5395",84418,-0.0149554861403502,1.94548156257295,-0.138167555261882,0.890423236083304,0.948366143208266,"CYSTM1"
"5396",84419,-0.117833329522426,1.1260381310685,-0.79940873489189,0.426203021398637,0.64615019590978,"C15orf48"
"5397",8443,0.0857101417872361,-0.833049484973839,0.927262054151674,0.356323258871623,0.586357148245046,"GNPAT"
"5398",84433,0.185935481584567,-3.70757511632802,0.953362626773698,0.343014213255644,0.574415418125706,"CARD11"
"5399",84437,-0.24241473898236,0.803160989502771,-0.514985446798829,0.607852591706283,0.787191273582738,"MSANTD4"
"5400",84440,-0.000668013825981362,-0.227229798802678,-0.00343522398162559,0.997266858069296,0.997917178811435,"RAB11FIP4"
"5401",84447,-0.0336006664463107,1.08904261079471,-0.404604987613781,0.686748316549274,0.83520134079244,"SYVN1"
"5402",84448,-0.037070141358582,-0.174455583617308,-0.276610002739993,0.782727340210827,0.893743063000669,"ABLIM2"
"5403",84451,-0.0547241982103266,-3.23578275479996,-0.30360261546725,0.762146329162272,0.882177123621174,"MAP3K21"
"5404",84457,-0.12621684906352,0.23283986151052,-1.1418968749306,0.256590262277438,0.484898716089567,"PHYHIPL"
"5405",84461,-0.102371054048501,-1.55999599114065,-0.935653149177103,0.35200885725895,0.58222321903946,"NEURL4"
"5406",84498,-0.196272161089913,0.586694259748981,-2.18790221480302,0.0313231122479526,0.133700461041678,"FAM120B"
"5407",8450,-0.123347657694866,1.29113528514288,-1.4543355170691,0.149405966241232,0.353232405826784,"CUL4B"
"5408",84513,-0.197462659568551,-2.89550351776756,-1.3089959678796,0.193938983143488,0.41204481776903,"PLPP5"
"5409",84516,-0.21545259586486,-1.23071428166904,-1.74772105180866,0.0839956443708431,0.247867915936651,"DCTN5"
"5410",84520,0.321013697211839,-5.53281195680546,1.19363910125129,0.235822711567383,0.45885654883506,"GON7"
"5411",84522,0.0018833013885815,0.58481894410206,0.0289991802203468,0.97693082021717,0.989264836841707,"JAGN1"
"5412",84532,0.853935668969718,0.0629607894275084,3.17175822151142,0.00208554804921863,0.0294956081246634,"ACSS1"
"5413",84545,-0.127135083555183,1.15307619496179,-1.57851117176939,0.118031397813751,0.303763823807464,"MRPL43"
"5414",84549,0.0822946163389733,-2.31485967241853,0.450263086448623,0.653626551067759,0.81793267491415,"MAK16"
"5415",8455,0.0148106892199189,-1.34132633449602,0.185996367694817,0.852875097082919,0.931485292863871,"ATRN"
"5416",84553,-0.0217527772702675,-1.90635334079846,-0.165321606201129,0.869069530778119,0.938650146034858,"FAXC"
"5417",84557,-0.298318379101414,-0.289421468839617,-1.85944580987492,0.0663009153811356,0.214638722895259,"MAP1LC3A"
"5418",84561,-0.141090149276095,-2.50109427286064,-1.05666359846269,0.293553380109093,0.522572693477267,"SLC12A8"
"5419",84572,-0.118937179136684,-0.79643525148727,-0.977422097530798,0.331035936607962,0.563946316652698,"GNPTG"
"5420",8459,1.10097909067745,-1.89735448678658,2.88655068413117,0.00489793330017218,0.0451404123069922,"TPST2"
"5421",846,-0.461626268427546,1.25858142793275,-3.2352939167793,0.00171197854878184,0.0272555420862384,"CASR"
"5422",8460,-0.0359605337923172,-1.75809365828223,-0.375049507819628,0.708524811435647,0.847909006159485,"TPST1"
"5423",84612,0.291410536803412,-0.584293853020008,2.27641265416685,0.0252442235208215,0.117742434628269,"PARD6B"
"5424",84617,0.512694541780997,1.18852455474311,3.40698716785669,0.000991621665302068,0.0214978311223308,"TUBB6"
"5425",84619,-0.166170752402265,-1.2831987510694,-1.78201744362772,0.0781910182018043,0.237474749986479,"ZGPAT"
"5426",84632,0.222407263912565,-3.43127574259187,1.16273601521751,0.24807577726952,0.473915070301996,"AFAP1L2"
"5427",84640,0.157506719843785,-1.33736374855403,1.14425880023786,0.255614979480918,0.483800414447695,"USP38"
"5428",84661,0.177639701476384,-2.43953410822398,1.09085641883528,0.278309853540709,0.506452973920211,"DPY30"
"5429",84668,-0.0367554324190524,-2.33701828512753,-0.229570848685421,0.81895728390572,0.914288797492417,"HYCC1"
"5430",84678,0.0948123839031181,-1.87146557211844,0.675150782634004,0.501347693552431,0.704342445187645,"KDM2B"
"5431",84679,-0.0363821078149262,-0.771541059014285,-0.347776953173694,0.728837048171885,0.861467706851344,"SLC9A7"
"5432",84681,0.0120611979648531,2.43722790147394,0.122599411612208,0.902703493241429,0.953652045355099,"HINT2"
"5433",84687,-0.174265141637852,0.161552216704577,-1.96687377245636,0.0523440851912777,0.186145999365042,"PPP1R9B"
"5434",84693,-0.137140107496876,0.740038246807188,-0.862466039949074,0.39077221332817,0.615488797897949,"MCEE"
"5435",84695,-0.341820436188812,-0.406226863758107,-1.96987921773185,0.0519926004419488,0.185385249754414,"LOXL3"
"5436",847,0.400262819023701,1.82548136728869,3.32197900494563,0.00130244261275914,0.0238736591164399,"CAT"
"5437",8470,0.479726003481443,2.73156745963955,3.22074318337007,0.00179154776383988,0.0277689903395182,"SORBS2"
"5438",84705,-0.247766857278736,-1.85702882940951,-1.64864630829268,0.102781014123686,0.279967398601213,"GTPBP3"
"5439",84706,0.318983774751267,-1.43545073948965,1.61398559748034,0.11010595127227,0.291935347260991,"GPT2"
"5440",84708,0.180019120460632,0.370968045954247,1.11093751224671,0.269617299125118,0.49786732311371,"LNX1"
"5441",84717,0.0505535016975037,0.885059832035622,0.465767937060868,0.642530787550009,0.809753067604976,"HDGFL2"
"5442",84726,-0.0121221324454059,-0.183764744544088,-0.120199026510585,0.904599118541181,0.954464687455504,"PRRC2B"
"5443",84747,-0.145484415792865,1.21555672342099,-1.77758907384944,0.0789213182357631,0.238205414333327,"UNC119B"
"5444",84752,-0.436007100614911,-1.09077757108588,-3.00995354988641,0.00340744758783608,0.0379581003523373,"B3GNT9"
"5445",8476,-0.290341485295192,0.0132119779827257,-3.31520256250292,0.00133080486738469,0.0239652314411958,"CDC42BPA"
"5446",84769,-0.0710696587441983,-1.70590602380093,-0.785066289065792,0.434520303822733,0.652737548914326,"MPV17L2"
"5447",8479,-0.118852135868778,-1.34058693580747,-1.16904286189692,0.245539001524012,0.471269040448526,"HIRIP3"
"5448",84790,0.16254916516154,5.63729334161842,1.3663035438037,0.175320171659723,0.389154797028386,"TUBA1C"
"5449",84795,-0.0416349448557218,-1.65220703901802,-0.13120830132098,0.895909621064464,0.950509480714062,"PYROXD2"
"5450",84803,-0.0696951560036903,-4.20758213098516,-0.272268772419329,0.786052305337146,0.895876548697361,"GPAT3"
"5451",84804,-0.0611322806254582,-3.67495209080877,-0.407673016133034,0.684502488827642,0.833536046134912,"MFSD9"
"5452",8481,0.0111843877739815,-2.18676317081815,0.101686056952837,0.919236892694349,0.964056047574618,"OFD1"
"5453",84811,0.202040290520521,-1.55555733390318,1.97426486474442,0.0514833061931457,0.184520717853857,"BUD13"
"5454",84817,0.0407998615802319,2.56891460897809,0.381830524277192,0.703506292746392,0.844702978262393,"TXNDC17"
"5455",84826,-0.226254737098853,0.407185932000297,-2.03081641492732,0.0452876060886665,0.169941878362196,"SFT2D3"
"5456",84833,-0.221446917465861,1.99891403688256,-1.92188016629214,0.0578522842822419,0.197057336805994,"ATP5MK"
"5457",84836,0.0371876858037674,3.56001501389841,0.454684773595318,0.650454163526673,0.815899682107352,"ABHD14B"
"5458",84844,0.194611896112929,0.926048381311196,2.01248053395743,0.0472224884942587,0.17474976667853,"PHF5A"
"5459",84858,0.162105294978018,-2.60432633990555,1.39569852428012,0.16631216802518,0.37824744783728,"ZNF503"
"5460",84859,0.050582421970178,-1.7571886821588,0.619279930163618,0.537329781727301,0.731974874503633,"LRCH3"
"5461",84861,-0.240289956702094,-0.349899567031848,-3.14156890997674,0.00228854302544461,0.0306002899276956,"KLHL22"
"5462",84864,-0.151683468589102,-0.0172724630225904,-2.06741374392036,0.041628241339737,0.160903114196036,"RIOX2"
"5463",84869,-0.0579565706949983,1.5596428686949,-0.630156593888256,0.530222831994957,0.725157696698985,"CBR4"
"5464",8487,-0.0783905819474935,-1.23501449208866,-0.540054747234888,0.590521520412989,0.773665121087497,"GEMIN2"
"5465",84875,-0.0225073032458527,-1.2873220437236,-0.241366741217071,0.809831635136795,0.910893636882838,"PARP10"
"5466",84878,-0.0529969058877025,-2.5705792169837,-0.35538395179259,0.723151222807009,0.857250084621236,"ZBTB45"
"5467",84881,-0.025004586585827,-3.76883063866633,-0.143176903817148,0.886477359843018,0.946257852142665,"RPUSD4"
"5468",84883,-0.292265378635892,0.283179797690963,-2.58153412214561,0.0114880387432528,0.0723392096632241,"AIFM2"
"5469",84886,0.12171757906975,-1.26513609788971,1.23489800469313,0.220151071964288,0.441741510204903,"C1orf198"
"5470",84888,0.239517530392792,-2.98714347607086,1.28399668836068,0.202508858650155,0.420785163979233,"SPPL2A"
"5471",84892,-0.00346811636030886,0.493936608047453,-0.0391262657583831,0.9688782265201,0.986394850618738,"POMGNT2"
"5472",84893,-0.163570606505371,-1.30582563398874,-1.77860830512183,0.0787527346931767,0.238116079415249,"FBH1"
"5473",84901,0.050755701667716,-3.45266525434542,0.24369103376494,0.808036548582015,0.909541231468257,"NFATC2IP"
"5474",84908,0.113384178715329,0.07004724146638,1.33256871535629,0.186108944864883,0.402714138303335,"FAM136A"
"5475",8491,0.0523146703610227,-1.74738694476274,0.527447741302007,0.599208196518969,0.780931264829967,"MAP4K3"
"5476",84910,-0.0120906006110864,0.458800210423358,-0.129420010823851,0.897320263575194,0.951088202007346,"TMEM87B"
"5477",84916,0.164147858367335,-0.580678612988433,1.83536945882249,0.0698242841969125,0.221374719215211,"UTP4"
"5478",84918,-0.396978064070751,0.0782877550896513,-3.7434829276542,0.000322953987130895,0.0130413919276937,"LRP11"
"5479",84922,-0.271795523509626,-1.48681143653255,-1.47481823192475,0.143825342914202,0.346120482976031,"FIZ1"
"5480",84926,-0.226410556719636,-0.925887486993729,-2.79928708337649,0.00629169136831602,0.0518319008895444,"SPRYD3"
"5481",84932,-0.405205357254359,0.320229367960494,-4.05931055774337,0.000106280083435279,0.0071686500233598,"RAB2B"
"5482",84936,-0.00532788245646698,-0.171435596320565,-0.0569037045529254,0.95475073295815,0.980404469545834,"ZFYVE19"
"5483",84938,0.127232271256564,-2.65703662783917,0.859239136388955,0.392539990872993,0.616776004046984,"ATG4C"
"5484",84939,0.311843329737626,-3.97592401525259,1.33208629320798,0.186266770714104,0.402714138303335,"PWWP3A"
"5485",84942,-0.135344217047256,-1.27191331871076,-1.26887466037781,0.207827222333028,0.426605212264797,"WDR73"
"5486",84945,-0.170655175418378,-0.578396215387047,-2.0127336339054,0.0471953063425029,0.17474976667853,"ABHD13"
"5487",84946,0.0872975706505636,-2.35919651643499,0.476247269440672,0.63507693339984,0.806976612398872,"LTV1"
"5488",84947,0.196573498686405,-0.669105283887781,1.93112698706121,0.0566818902462742,0.19545699007395,"SERAC1"
"5489",8495,0.185317405068178,-0.95139463843343,1.53758743855628,0.127732620068903,0.319796535105283,"PPFIBP2"
"5490",84950,0.0589062307476831,-1.55963508264847,0.411874883748061,0.681431281104137,0.831370543314887,"PRPF38A"
"5491",84952,0.320045431631037,-2.44153424481379,1.37923154386906,0.171313816443363,0.384924158750266,"CGNL1"
"5492",84958,-0.123887387377508,1.22089771162024,-1.58993515872828,0.115430881470922,0.300090957419956,"SYTL1"
"5493",8496,0.336107883111812,-2.14084470430153,2.40267175619185,0.0183738874114693,0.0963922401124775,"PPFIBP1"
"5494",84961,0.147482762032052,-1.85868593617932,1.28591658886183,0.201840917005214,0.420108358283487,"FBXL20"
"5495",84975,-0.101933687938616,-1.63675187272764,-0.898421782490532,0.371409013403354,0.597877924015156,"MFSD5"
"5496",84987,-0.00561464332626938,-1.41391781096392,-0.0226515695696255,0.981979421390581,0.990679344233738,"COX14"
"5497",84988,0.0219233736905339,-0.78010682377478,0.240965404342055,0.810141697053904,0.910971638132045,"PPP1R16A"
"5498",84993,0.32225336678001,-1.97975464182682,1.69512677835597,0.0935823798024861,0.264905449885941,"UBL7"
"5499",85007,0.277655823088807,-0.420707049381961,2.98077770849657,0.00371606290347286,0.0391910551572447,"PHYKPL"
"5500",85013,-0.263965185147237,-2.5663458666221,-1.75797737741793,0.0822237064456963,0.244283209178937,"TMEM128"
"5501",8502,0.172404388551881,-1.02294689590121,1.92224989264596,0.0578050979543048,0.197005936281801,"PKP4"
"5502",85021,-0.0887883555947868,-0.512694871081356,-1.27731123477961,0.204847539794188,0.423112267715593,"REPS1"
"5503",8504,-0.184907055524792,0.343303190443557,-2.35645307188695,0.0206673935151596,0.103725643005764,"PEX3"
"5504",8508,-0.1720646411282,3.20157506716227,-2.18992428806042,0.0311710989420185,0.133236911773057,"NIPSNAP1"
"5505",8509,0.132673330681153,-2.02614009025204,0.505046048770038,0.614787271866975,0.791767577574379,"NDST2"
"5506",8520,0.148868668409989,-0.165130093172957,1.39700669756318,0.165919664744777,0.378028131869707,"HAT1"
"5507",8525,-0.258890680964443,0.0436825619805095,-2.27875399650091,0.0250985990483231,0.117420122681865,"DGKZ"
"5508",8526,-0.3244962450991,-1.86866426227359,-3.11042695568707,0.00251712044002764,0.0315952663821874,"DGKE"
"5509",8531,0.72144776709625,0.00288003080662583,2.3541722445957,0.0207868796614682,0.104154993764973,"YBX3"
"5510",85313,-0.0294340007679363,-0.0493191265156996,-0.331715476525979,0.740891756261577,0.870179979465368,"PPIL4"
"5511",8535,-0.172779114965008,-1.82049922979356,-1.64455140820817,0.103625317213919,0.281439025247361,"CBX4"
"5512",8536,0.350741887968203,-2.14971326187882,1.83493394833341,0.0698894299534231,0.221427749813674,"CAMK1"
"5513",85363,0.361349623170337,-3.91087444721362,1.71224828961204,0.0903679825825805,0.259316819584796,"TRIM5"
"5514",85364,-0.142742256023875,-1.05998211343608,-1.14818419805972,0.253999911521204,0.481753833172465,"ZCCHC3"
"5515",85365,-0.104985725755599,1.34681867385803,-1.51171306903992,0.134184872329168,0.329978664405622,"ALG2"
"5516",85369,0.112362683862428,0.203867922475298,1.28300157655505,0.202855706227885,0.421363223291627,"STRIP1"
"5517",85377,0.34202590442374,-1.98564450397995,2.08053224250435,0.0403799844480427,0.157466546723053,"MICALL1"
"5518",85379,0.158011423499275,-0.829888705665695,1.54131179729731,0.126824429234668,0.318253616779393,"KIAA1671"
"5519",85395,0.12320274156134,-2.19875902542042,0.477771534881612,0.633995840479882,0.806391910445763,"SLX9"
"5520",8540,0.0931649849583198,0.692529990646445,1.07455094622944,0.285509326403594,0.514218381885346,"AGPS"
"5521",85403,-0.0964135877642203,-1.53914110387951,-0.513309032730105,0.609019730332676,0.787764563719703,"EAF1"
"5522",85406,-0.0118024803893366,-3.52526703642967,-0.0575151045420378,0.954265092731319,0.980404469545834,"DNAJC14"
"5523",8541,-0.282854858159066,-0.818134760661254,-2.54211041732463,0.0127658239320541,0.0767084148538814,"PPFIA3"
"5524",85415,0.414460663000904,-1.77596929479089,2.22334443878205,0.0287503572954276,0.127060087765751,"RHPN2"
"5525",85437,-0.391133783800711,-2.88588116537417,-2.49838959957749,0.0143312964898686,0.0825192287568608,"ZCRB1"
"5526",85439,-0.0744207803120318,-3.61726769077378,-0.402040835766974,0.688627462481243,0.835876533701034,"STON2"
"5527",8544,-0.362910914779919,1.308686249385,-2.84464119181899,0.00552742986328883,0.0487547466122085,"PIR"
"5528",85441,0.467187641566116,-2.49885236552079,2.77301880819457,0.00677742360954263,0.0533814984444725,"HELZ2"
"5529",85442,-0.103926991935949,-2.13288651886536,-0.753055058577463,0.453424006343642,0.667986478648345,"KNDC1"
"5530",8545,0.0124811692510992,-0.71558848764309,0.16720065625807,0.867595262361677,0.938288668115386,"CGGBP1"
"5531",85453,-0.329524146903894,-0.0681162148424377,-3.09191193134895,0.00266290670438749,0.0324303995070048,"TSPYL5"
"5532",85455,-0.0557956804274693,-3.13434588735076,-0.306005345495802,0.760322347299735,0.881038053185912,"DISP2"
"5533",85456,0.318585167066422,1.15725410688979,3.06119841855273,0.002922163774477,0.03462594835471,"TNKS1BP1"
"5534",85461,0.643205629716391,-2.05954292445171,4.12766757723292,8.29705646392594e-05,0.00617026034145467,"TANC1"
"5535",85465,0.0117680191170138,-0.00974164043445065,0.0876755267783294,0.930333504794274,0.969176349699127,"SELENOI"
"5536",85476,-0.206268289663838,2.18567063141208,-2.52517407972515,0.0133530092405092,0.0787327288359708,"GFM1"
"5537",85477,-0.256632875013294,0.503590879132838,-1.42719409596068,0.157057902457273,0.365270129607667,"SCIN"
"5538",8548,-0.0755827159474554,-2.44128107388237,-0.618272744418857,0.537990344291768,0.732090680910182,"BLZF1"
"5539",8554,-0.212000387638483,-1.7103976131225,-2.19943785101862,0.0304645081910826,0.131236855842627,"PIAS1"
"5540",8559,-0.169932381424216,-1.56403079657079,-1.88774542127733,0.0623511867898045,0.206784419569505,"PRPF18"
"5541",8560,-0.0825052146853194,-1.55612602849324,-0.515035673096236,0.607817639241403,0.787191273582738,"DEGS1"
"5542",8562,0.0710590668454243,1.81516187639648,0.787738287379911,0.432963605391056,0.651514832289807,"DENR"
"5543",8565,0.241080882741736,1.90856332143321,2.8756780169008,0.00505458116739973,0.0460067067848367,"YARS1"
"5544",8567,-0.300525278094633,0.158491296533174,-2.7540730020912,0.00714877171324436,0.0550554087526899,"MADD"
"5545",8568,0.268913325155971,-0.161357113538541,2.9901821919779,0.00361386943419366,0.0386444783747051,"RRP1"
"5546",8569,0.353456929041856,-1.97999478436784,1.84347673577715,0.0686207858334168,0.219257877899798,"MKNK1"
"5547",857,-0.258021971774687,2.30945541599681,-1.45496431259717,0.149232182234468,0.353224068527211,"CAV1"
"5548",8572,0.047446366332526,0.639935609912732,0.331935309478477,0.740726318410469,0.870179979465368,"PDLIM4"
"5549",85865,-0.00131219745724576,-0.302307043754311,-0.0158271596203382,0.987408060306326,0.993600780733264,"GTPBP10"
"5550",8602,0.292989592330398,-0.762204132966127,3.16054812509627,0.002158881177528,0.0298752512008635,"NOP14"
"5551",8603,0.347848635669557,-4.03605729949525,1.50856304080909,0.13498759575924,0.331469026727796,"FAM193A"
"5552",8604,-0.49312074348952,3.67863711435267,-4.83482380541982,5.60568728803934e-06,0.00155180695354026,"SLC25A12"
"5553",8605,-0.289714336547256,-1.03684871320588,-1.53483735948145,0.128406527220555,0.320586624030468,"PLA2G4C"
"5554",8611,-0.133947814644339,-0.678787886672192,-0.796780082218499,0.427720287463553,0.647115386850207,"PLPP1"
"5555",8613,-0.127330659202501,-0.910163346504018,-0.639516043371923,0.524146353549529,0.720862719714767,"PLPP3"
"5556",8618,-0.492181850862899,3.15292052820762,-3.06614148586497,0.00287891488690056,0.0343789485910421,"CADPS"
"5557",8621,0.00794380694533459,-0.718187244323814,0.0785797206203949,0.937545080770864,0.973289834852144,"CDK13"
"5558",8622,-0.111165290991007,-2.4130587249579,-0.602525339893561,0.548371897163225,0.740157434309039,"PDE8B"
"5559",8623,-0.0860301990847012,1.06478675049498,-0.976701516528049,0.331390640763116,0.564393938125418,"ASMTL"
"5560",8624,0.0931081835184397,-0.0341562581598378,0.965998506510143,0.33668858430304,0.569363910608725,"PSMG1"
"5561",8635,-0.0755544539461246,-0.159031289271202,-0.818218810223036,0.415439318503348,0.635584879604574,"RNASET2"
"5562",8639,-0.0512341620338299,2.76023300056115,-0.269120040411803,0.788466421026885,0.897549255923305,"AOC3"
"5563",8644,1.18359324360413,3.53239720656661,3.32983134120894,0.00127028712611246,0.0236422312306139,"AKR1C3"
"5564",8648,-0.192079868752519,-2.21637430394853,-1.31622635657975,0.191511575209292,0.408726720665729,"NCOA1"
"5565",8649,-0.158000007462025,1.47539587879984,-1.11895030993732,0.266202216926652,0.494686408566694,"LAMTOR3"
"5566",865,-0.078972749001322,0.678468012219692,-1.07781465871435,0.284058118612843,0.512055427913548,"CBFB"
"5567",8650,0.099672997425417,0.348489017083746,1.16593858648969,0.246785299138225,0.472184590433424,"NUMB"
"5568",8653,-0.0686066006728929,0.649401955448595,-1.02283072298652,0.309187639998148,0.538918371032264,"DDX3Y"
"5569",8654,-0.124442365417311,-0.240924597394905,-1.49093513464557,0.139549583496063,0.33922983900944,"PDE5A"
"5570",8655,-0.0381115554267453,2.44670150853802,-0.331413378696275,0.741119123383419,0.870179979465368,"DYNLL1"
"5571",8659,-0.0690491275512388,1.23277967020464,-0.645749704024108,0.520119478797258,0.718059685303098,"ALDH4A1"
"5572",8660,-0.450909342264671,-1.12517397970001,-2.58961866843261,0.0112407260301976,0.0714980066045108,"IRS2"
"5573",8669,0.153055769847968,1.30663538932965,1.44301699212062,0.152561062546681,0.358232517946262,"EIF3J"
"5574",867,-0.0601838609955863,-2.77513711701924,-0.446713201642346,0.656178073589007,0.819515972775483,"CBL"
"5575",8671,0.774397054094717,0.769489250440404,3.00162939719492,0.00349298795418901,0.038294769459978,"SLC4A4"
"5576",8673,0.225714244783358,1.19195675976068,1.7057840913108,0.0915707944913043,0.261423970505873,"VAMP8"
"5577",8674,-0.372635615096754,-1.78025260498121,-2.71469893358585,0.0079805888145586,0.0586239974616962,"VAMP4"
"5578",8675,-0.164784384251986,-0.394864975491495,-1.96973559180895,0.0520093515928807,0.185385249754414,"STX16"
"5579",8677,-0.0809722668623709,-1.10890948748075,-0.907822584023668,0.366447948805693,0.59509215548263,"STX10"
"5580",868,0.151282914190085,-2.24055967930992,1.21590734851386,0.227267441025978,0.448686893862159,"CBLB"
"5581",8682,0.0330747257188425,1.11967864926813,0.255072567037547,0.799261420870583,0.904140545761821,"PEA15"
"5582",8690,-0.0250898748519228,-4.00235109681359,-0.156171435700022,0.876255111623376,0.942431027710581,"JRKL"
"5583",8694,-0.0466556664832543,-1.67095783467203,-0.511108866803569,0.610553048003607,0.788465097548105,"DGAT1"
"5584",87,0.184948196967814,3.50806923193845,2.29160077697096,0.0243126581016367,0.114881520729674,"ACTN1"
"5585",8702,-0.041132373992962,-0.397234084670364,-0.442063648448242,0.659526172790393,0.820963627780863,"B4GALT4"
"5586",8703,-0.0961388128546717,-0.730803131307728,-1.14133670183026,0.256821953189606,0.48518718026402,"B4GALT3"
"5587",871,0.168683984788602,2.6531167502024,0.739872384103981,0.461344024166715,0.676469837515516,"SERPINH1"
"5588",8714,0.523680624650608,-1.16755802361891,3.40523074031755,0.000997268596370015,0.0214978311223308,"ABCC3"
"5589",8715,-0.248186283635417,-0.108444401495535,-2.33827772005344,0.0216366874198759,0.106757224584564,"NOL4"
"5590",8717,0.190105197531822,-0.826309904066465,1.84291942042881,0.0687029587834546,0.219406223211678,"TRADD"
"5591",8720,0.0546241497605893,-1.42432997316708,0.444781388934997,0.657568305758309,0.82012661701787,"MBTPS1"
"5592",8721,0.156144727997681,1.49083526105045,1.22967898983877,0.222090394103011,0.444075289653785,"EDF1"
"5593",8724,-0.00794398654954431,2.14118735648605,-0.111965036291894,0.911105777844046,0.959042102476618,"SNX3"
"5594",8725,-0.143561401288012,-1.1163927018728,-1.62316794478063,0.108125726229296,0.289224154967195,"URI1"
"5595",8726,-0.0206347971100338,-2.02894087321798,-0.111521737423809,0.911456257332432,0.959115122150946,"EED"
"5596",8727,0.244867447048209,-0.678170572856933,1.94204345572772,0.0553260208567865,0.192420993279881,"CTNNAL1"
"5597",873,0.224376276033027,3.78157311330576,2.35681707317715,0.0206483809660189,0.10371502648889,"CBR1"
"5598",8732,-0.00201877272682438,-1.36012673051918,-0.0245606828767989,0.980460912810604,0.989976819021465,"RNGTT"
"5599",8733,-0.104381838000667,0.251132443661358,-1.33002925895482,0.186940864777436,0.403744907812773,"GPAA1"
"5600",8737,0.00255844066498856,-0.451725902363208,0.0348361630026804,0.972289173804127,0.987175080540495,"RIPK1"
"5601",8738,-0.0847190772474484,-0.976256506668676,-0.894264392265074,0.373616436560868,0.599858144810518,"CRADD"
"5602",874,0.121493538322771,-1.36966675952658,0.705193450979898,0.482549736347638,0.690207416850278,"CBR3"
"5603",8743,0.495569686254519,-1.80552972547263,2.95991495931098,0.00395237509387198,0.0402316390152341,"TNFSF10"
"5604",8751,-0.204280625529512,-5.02855447168819,-0.894649096701614,0.373411826386361,0.59984344160154,"ADAM15"
"5605",8754,-0.0831177324718484,-1.39893189939422,-0.549898148642364,0.583780320935162,0.769266554293694,"ADAM9"
"5606",8760,-0.471148792351381,1.09249562850574,-4.34141127806406,3.76735361367534e-05,0.00424351803528738,"CDS2"
"5607",8761,0.279471453514158,2.23781351976703,2.89276908109174,0.00481036183233583,0.0446012098593313,"PABPC4"
"5608",8767,0.0950656873082417,-0.817332732387312,0.882246293414859,0.380043927608092,0.606558228172355,"RIPK2"
"5609",8772,0.00805773583103697,-1.35869232552608,0.0741362146654675,0.941070030977348,0.973289834852144,"FADD"
"5610",8773,0.390764208548833,-0.528848570103039,3.06536905579493,0.00288563378210084,0.0343922721447281,"SNAP23"
"5611",8774,-0.1147238306248,1.24555046278566,-1.05427755310927,0.294637978845883,0.523895687762466,"NAPG"
"5612",8775,-0.228536000211815,2.74768368291749,-3.21815653680549,0.00180604953723029,0.0279232545579837,"NAPA"
"5613",8776,-0.000478199557976788,-1.14163794734135,-0.00659802444521126,0.994750490532794,0.996548180456428,"MTMR1"
"5614",87769,0.499330626279251,-0.186922041775146,3.04276334131888,0.00308883353291492,0.0360442209601365,"GGACT"
"5615",8777,-0.162060556298961,-2.20058658307313,-1.48995981292128,0.139805472342308,0.339717335406605,"MPDZ"
"5616",8780,0.12969503721935,-0.722434610455713,0.763162750321535,0.447404623751517,0.66296912260371,"RIOK3"
"5617",8789,0.568233566776481,1.53929692272715,2.9334700443193,0.00427185773945474,0.0421554064385421,"FBP2"
"5618",8790,0.0878457674175148,-1.3691968417054,1.25793762195113,0.211737461796943,0.430488420175434,"FPGT"
"5619",8799,-0.36524532659663,1.01632841827402,-3.77636035553099,0.000288408073776115,0.0124665405411112,"PEX11B"
"5620",8801,0.266502268386887,2.64062301702752,3.06987186540559,0.00284667057030943,0.0341266874229673,"SUCLG2"
"5621",8803,-0.246898917439304,3.43315308797842,-2.78808688816383,0.00649476221924977,0.0524797643157746,"SUCLA2"
"5622",8805,0.0952978413630674,-1.47734130805116,0.878339891613845,0.382147940275322,0.608147279598115,"TRIM24"
"5623",8813,0.150284149649926,2.54235219253766,1.59368083375338,0.114588273325471,0.298971961227292,"DPM1"
"5624",8815,0.162223949109657,0.894289825943877,1.06486307154577,0.289847020396265,0.518767013954794,"BANF1"
"5625",8816,0.0656171783189821,-0.275177270363445,0.844015467680196,0.400946210615043,0.623039959684844,"DCAF5"
"5626",8821,0.233303820077055,-1.95155198415529,1.48439392481373,0.14127279231166,0.342334148917871,"INPP4B"
"5627",8824,0.475644134787217,-1.94413210406617,2.84793176776366,0.00547543926738873,0.0485380701450191,"CES2"
"5628",8825,-0.277357378059313,-3.01222968579152,-1.21718122982183,0.226784920720781,0.448311060671225,"LIN7A"
"5629",8829,0.0880370083352686,0.495733348750773,0.781340535085338,0.436696396793126,0.653971422930374,"NRP1"
"5630",883,-0.0408791229095846,-1.07605138347349,-0.457525738026046,0.648419271803504,0.814571733591877,"KYAT1"
"5631",8834,-0.224040092717362,2.01636505375288,-2.58592981954493,0.0113529682021654,0.0717657248454083,"TMEM11"
"5632",8836,0.22897695693463,-0.114366964210008,1.97929780636256,0.0509040824499744,0.183469910791511,"GGH"
"5633",8844,0.271908157446377,-1.22173299497242,2.4820710723825,0.0149583862664886,0.0849776003855688,"KSR1"
"5634",88455,-0.0702560470063821,-0.657736352952889,-1.02094650272039,0.310074504361395,0.539772350473694,"ANKRD13A"
"5635",8846,-0.245707718853475,-3.93969830635623,-1.38992327231699,0.168053461867932,0.380070799169258,"ALKBH1"
"5636",8848,-0.390072654440127,-0.753800358099136,-2.87534926815281,0.0050593885760451,0.0460067067848367,"TSC22D1"
"5637",8850,-0.14905197914576,-2.32650687631139,-1.22171109217121,0.22507512158923,0.446946326856906,"KAT2B"
"5638",8853,0.0367070817090278,-3.848381199501,0.198636405215449,0.843004741763582,0.927086267521464,"ASAP2"
"5639",8854,0.469188396475989,-2.51682030993387,2.0608807796744,0.0422621672234043,0.162229632531117,"ALDH1A2"
"5640",8861,-0.0984681454072541,-0.475296926449486,-1.03103290306209,0.305346921573504,0.534280689083462,"LDB1"
"5641",8867,-0.227823803238687,0.157520565752414,-2.76829747790231,0.00686827759677356,0.0538409807011445,"SYNJ1"
"5642",8871,-0.0941111134730569,-0.226140497589135,-0.956989633347579,0.341190647420848,0.57284970718643,"SYNJ2"
"5643",8872,0.215317530541215,-1.98819994987074,1.09184085617512,0.277879246073463,0.5062107153888,"CDC123"
"5644",8878,0.115986434837571,2.60893588557969,0.634868695662026,0.527159029141712,0.722769682463815,"SQSTM1"
"5645",8882,-0.024461525809629,0.0655379061034788,-0.300695216772629,0.76435521677659,0.883383163553275,"ZPR1"
"5646",8884,-0.425632342560662,-3.2623469621637,-2.57749324714678,0.0116134841636915,0.0727383324456516,"SLC5A6"
"5647",8886,0.293560566275719,0.542352485693232,3.55438297931603,0.000611654662729764,0.0170369403964335,"DDX18"
"5648",8887,0.0330073090660317,-0.709673634782312,0.425539566427086,0.671480855566421,0.825961821937213,"TAX1BP1"
"5649",8888,0.0847975713884861,-0.883711144583932,1.1087798589829,0.270542100663866,0.498525191796701,"MCM3AP"
"5650",889,-0.239004162387976,-2.44858291477374,-2.05488169994388,0.0428515858797649,0.163571538638058,"KRIT1"
"5651",8895,-0.107609428788956,4.26285272540296,-1.45416423034064,0.149453332996442,0.353232405826784,"CPNE3"
"5652",8896,0.0422841445549269,-1.8933022244778,0.376292410323409,0.707603988027684,0.847467956783204,"BUD31"
"5653",8897,-0.128178246351793,-0.588261759710856,-1.43658879885196,0.154375778086853,0.36083721473614,"MTMR3"
"5654",8898,-0.0235063431710078,-0.292105377018916,-0.298246644424214,0.766217027252338,0.884072371741733,"MTMR2"
"5655",8899,0.025715508467461,-0.639130365252986,0.339037626862666,0.735387987411959,0.86704023563861,"PRP4K"
"5656",8904,0.21473941747923,1.86414433453859,1.03341064719539,0.304239572762568,0.533092348734411,"CPNE1"
"5657",8905,0.228273331555055,0.478985590121356,1.83784780144779,0.0694545261985387,0.220455558251378,"AP1S2"
"5658",8906,0.120052178434226,0.575949491231881,0.966430621365099,0.336473621743381,0.569259947701453,"AP1G2"
"5659",8910,0.0636949271838685,-1.65734406637561,0.533828118998002,0.59480452422967,0.777138736785036,"SGCE"
"5660",8912,-0.100802670828661,-2.61502630688776,-0.520721154915602,0.603867022242865,0.785116666495807,"CACNA1H"
"5661",89122,-0.106343732087217,3.08562889175106,-1.55302027093205,0.124002565565697,0.313608466189637,"TRIM4"
"5662",8915,0.192120536212659,-1.63671595661814,1.39287977767648,0.167160315608268,0.37902845112802,"BCL10"
"5663",8916,0.0488262085154951,-2.12966781922383,0.268316971927034,0.789082461142841,0.897549255923305,"HERC3"
"5664",8924,-0.0927707387286454,-0.37937926110533,-1.1862043465991,0.238730052346236,0.462247653407318,"HERC2"
"5665",8925,-0.0775315592407566,-1.08120603437906,-1.10700554556191,0.271304252608432,0.498881217049298,"HERC1"
"5666",8927,-0.204368803216397,-0.792440185772426,-1.82370491727313,0.0715867209448821,0.223954787543163,"BSN"
"5667",8932,0.0595030148504465,-1.57663563384034,0.664076140703353,0.508375443443406,0.709667607881653,"MBD2"
"5668",8933,-0.241040040045348,-0.705403523928893,-1.22687587042636,0.22313712172295,0.445113959420042,"RTL8C"
"5669",8934,-0.0957199476284307,0.294723144942023,-0.990502899175968,0.324640385162113,0.556915227536347,"RAB29"
"5670",8936,0.564875984889564,3.33804603139482,2.08069583681787,0.0403646240694957,0.157466546723053,"WASF1"
"5671",8938,0.0531564838736189,-2.92249880811057,0.308299432703604,0.758582103090368,0.880184678406177,"BAIAP3"
"5672",8940,0.0278260275966311,-1.08727522253522,0.354979487529095,0.723453150592702,0.857250084621236,"TOP3B"
"5673",8971,0.0248196260732052,2.18105408472045,0.206410221980276,0.836946650501592,0.923462122165598,"H1-10"
"5674",8974,0.229077548672803,-0.449760387492699,1.37184028983488,0.173595726857554,0.387465662346061,"P4HA2"
"5675",8975,-0.0600566778511562,-0.46146003547426,-0.591310209710518,0.55582640023877,0.74611207098577,"USP13"
"5676",89777,-0.226830013526712,-0.840993908726153,-1.34734140815502,0.181324557688411,0.39607478117134,"SERPINB12"
"5677",89781,-0.401560885646267,-2.87822840369079,-2.38847102993419,0.0190532087061458,0.0988822834270112,"HPS4"
"5678",89796,-0.227637494170552,-0.0692237165561395,-2.04018970692425,0.0443250231068661,0.167423387310997,"NAV1"
"5679",89797,-0.136248944393193,-0.814422392994508,-1.18024513244039,0.241078892719645,0.465035274517028,"NAV2"
"5680",89822,0.063163887362619,-1.14778401603338,0.428703923086844,0.669184863866635,0.824373472576737,"KCNK17"
"5681",89848,-0.0678092198974989,-1.83464546899572,-0.389468035771346,0.697869595559784,0.840562998714481,"FCHSD1"
"5682",8985,-0.0566155652633018,1.60794675795752,-0.733969389647223,0.464915811084042,0.678633352778561,"PLOD3"
"5683",8986,0.0202682571489363,-0.870699162679638,0.225594980697934,0.822038828539439,0.916073622397971,"RPS6KA4"
"5684",8987,-0.360591121660916,1.31992432703438,-2.50427568570103,0.0141109588340648,0.0815312432597193,"STBD1"
"5685",89874,-0.106908576850411,-0.979747731746048,-0.7272206562998,0.469018434752459,0.680414831602598,"SLC25A21"
"5686",89890,-0.374288834764146,-0.368800413227015,-3.76559458556132,0.00029931285400395,0.0126751412741936,"KBTBD6"
"5687",89891,-0.195057677340669,-3.55635061296914,-1.29614358193675,0.198310413426915,0.416431514750053,"DYNC2I2"
"5688",8991,0.337051376227091,3.2557077451157,2.56012692783287,0.0121667942547206,0.0746797831354751,"SELENBP1"
"5689",89910,0.129030745780013,-2.59583261514339,0.982563817528539,0.328512190629927,0.561673489160583,"UBE3B"
"5690",89927,-0.104372643915055,-0.761965870057929,-0.969142276748357,0.335126715073142,0.568077265152981,"BMERB1"
"5691",8994,0.162459864200027,-1.59411367727177,1.42905076785587,0.156525005798065,0.364334655134062,"LIMD1"
"5692",8996,-0.217078060213875,-2.28880361383907,-1.23998868681202,0.218271369722431,0.438830549412474,"NOL3"
"5693",89970,0.121652786369348,-2.62429491663645,0.561422064334592,0.575934866525348,0.762529812496244,"RSPRY1"
"5694",89978,0.093590976095367,-2.25319414549239,0.709382253575745,0.479960054393269,0.688477404502427,"DPH6"
"5695",9,0.279874256597009,-0.582265687831153,1.79640610778645,0.0758566571585111,0.232920541090016,"NAT1"
"5696",90113,-0.512031851049236,2.88428446106712,-3.02040115038511,0.00330283129400616,0.0374362930506853,"VWA5B2"
"5697",9013,-0.0340004064647259,-1.40979586039911,-0.17938656637604,0.858046009979892,0.934311836131916,"TAF1C"
"5698",9016,-0.5191670961883,-0.130273033748079,-3.71639698861643,0.000354338984382996,0.0135933292883927,"SLC25A14"
"5699",9019,0.137496515762292,-0.312222389993454,1.20193260134169,0.232609722680545,0.454989954688715,"MPZL1"
"5700",9024,0.0127771734119948,-2.03505649568878,0.0865826915789237,0.93119965963855,0.969914052411576,"BRSK2"
"5701",90324,0.0610024183936213,-2.87968557518148,0.429513019042187,0.668598304127051,0.824241082962368,"CCDC97"
"5702",90332,-0.0391070090647927,-0.557845148956223,-0.190514625455591,0.849344101781348,0.930724696866094,"EXOC3L2"
"5703",90362,-0.1228077202835,-6.60473218056852,-0.563889141140507,0.57426188827988,0.761437114569203,"FAM110B"
"5704",9037,-0.199186742035605,-2.54379555256654,-1.11896409890253,0.266196366238469,0.494686408566694,"SEMA5A"
"5705",90378,0.0476186518231136,-2.35752627937927,0.296912342769089,0.767232163595783,0.884184103072078,"SAMD1"
"5706",90390,-0.10611751950345,-2.456141046636,-0.602444352402972,0.548425547611194,0.740157434309039,"MED30"
"5707",904,-0.0535867492491351,-1.67446747224815,-0.588869061138645,0.557455631925109,0.746604655549695,"CCNT1"
"5708",90407,0.248884786294171,-1.71317967069763,2.21014184890531,0.0296862674661282,0.129499720781641,"TMEM41A"
"5709",90410,-0.0286130999416123,-4.30470234195692,-0.173368052327741,0.862759753521383,0.936251365148982,"IFT20"
"5710",9044,0.000288992794867271,-1.07142326330364,0.00376396446681947,0.997005305895306,0.997917178811435,"BTAF1"
"5711",90441,0.146408219918203,-0.708202120361288,1.33712908209015,0.184621971148503,0.400773948437271,"ZNF622"
"5712",9045,0.256016372563555,3.83538971268972,2.83215954939988,0.00572878333283779,0.0495219006903464,"RPL14"
"5713",90459,0.058115514269913,-0.763507058566553,0.335624321862996,0.737951933886265,0.868228669770729,"ERI1"
"5714",90480,-0.222301927073639,-0.631341974332163,-2.61506494147898,0.0104933773364856,0.0688859359265758,"GADD45GIP1"
"5715",90488,-0.0908280101839669,0.889338155381442,-0.57388620102168,0.567506727125652,0.755117340363592,"TMEM263"
"5716",9049,-0.126369366226973,1.65684759532848,-1.53859085927676,0.127487429486773,0.319525456182038,"AIP"
"5717",905,0.0883010062884049,-2.36035352525868,0.540833642097102,0.5899867728694,0.773569441547439,"CCNT2"
"5718",90507,0.0816247938412386,0.445362645559952,0.868427212728948,0.387519497185791,0.612560059022964,"SCRN2"
"5719",90522,-0.168168368211339,-0.36223773026984,-1.79614023554167,0.0758992609207099,0.232934831765659,"YIF1B"
"5720",90523,-0.307259147400181,-0.616060067717385,-1.47620971001507,0.143452204406367,0.345938638455332,"MLIP"
"5721",9053,-0.0431569064156734,2.18389883554504,-0.513468548978098,0.608908629644821,0.787764563719703,"MAP7"
"5722",9054,-0.223322061722247,0.524519916559695,-2.90032918879406,0.00470583701429716,0.0441657914277614,"NFS1"
"5723",90580,-0.0811441896202518,0.83412317877388,-1.14113817442837,0.256904100740412,0.485193037029122,"TIMM29"
"5724",9060,-0.336022912444691,3.45059439682164,-2.30265444085988,0.0236538647350034,0.113074315999573,"PAPSS2"
"5725",9061,-0.0291961333965856,1.14294806092461,-0.39906521469986,0.690810606868149,0.836825637449516,"PAPSS1"
"5726",90624,-0.092246199600247,-1.05778325755575,-0.950656186235994,0.344379061617303,0.575810046365297,"LYRM7"
"5727",90627,0.286092767031473,-3.03858317343033,2.05265317835207,0.0430723349995211,0.164311990197054,"STARD13"
"5728",9066,-0.330461079248933,1.91296619246121,-3.06197940639571,0.00291529072149692,0.03462594835471,"SYT7"
"5729",90673,-0.448462292344818,-0.14296151926789,-2.70513291612884,0.00819556259783845,0.0595490844778683,"PPP1R3E"
"5730",90678,-0.0879867650162026,-0.358274686035103,-1.02694719573942,0.307256036451272,0.536784139140753,"LRSAM1"
"5731",90701,0.324687712435046,2.74912373092431,1.97182954825429,0.0517655865739425,0.184949299802955,"SEC11C"
"5732",9076,0.524256048931576,-1.6190474781981,1.76091602983583,0.0817217285848942,0.243617275402662,"CLDN1"
"5733",90780,-0.17043380341561,-2.35093951027219,-1.13356287495526,0.260052509335585,0.488215240003485,"PYGO2"
"5734",90806,-0.0447442142467533,-1.82486908927702,-0.366440512404404,0.7149147520357,0.852729643994389,"ANGEL2"
"5735",90809,-0.237750450018842,-2.18778084247646,-1.90085078079455,0.0605902616052204,0.202011420821751,"PIP4P1"
"5736",90826,0.00103971000222813,-1.16819754634814,0.0150411766825901,0.988033332020459,0.993600780733264,"PRMT9"
"5737",90850,0.195519544962375,-0.813399263613283,1.98462192896637,0.0502973989522617,0.18192423969887,"ZNF598"
"5738",90861,0.0928232237866978,-0.577587805437336,0.773643118078582,0.441212378384371,0.657640014211575,"JPT2"
"5739",9091,0.0493287100782176,-2.52764186606519,0.239351947508421,0.811388515125386,0.910975435492888,"PIGQ"
"5740",9093,-0.271702466200399,1.1542880348959,-3.991188654716,0.000135690865213314,0.00832870530679321,"DNAJA3"
"5741",90933,-0.198386989984416,-2.78217726720087,-1.04020089930969,0.301092205643928,0.530302427042303,"TRIM41"
"5742",9094,0.236735555365463,-3.32154623938313,1.37869238033327,0.171479496896134,0.385122997419858,"UNC119"
"5743",90952,-0.084243631319491,-1.71745243288926,-0.588862604836916,0.557459944018288,0.746604655549695,"ESAM"
"5744",90957,0.102539781873129,-1.24083040926186,1.31680133076661,0.191319523242793,0.408704197664662,"DHX57"
"5745",91,-0.0156042593130139,-2.75523176090001,-0.10015828468517,0.92044618111476,0.964441560205257,"ACVR1B"
"5746",9101,-0.0856691026981768,0.343049808747228,-1.00431188640351,0.317978153952164,0.549479141035582,"USP8"
"5747",91010,0.201342978220223,-1.20969373792402,1.22270989324053,0.224699386909978,0.446778372806429,"FMNL3"
"5748",91012,-0.198173521298757,-1.49618641059089,-1.97218470108946,0.0517243385373359,0.184949299802955,"CERS5"
"5749",9104,0.194227133223293,1.55026763905614,1.65437405383866,0.10160938949691,0.278002560007417,"RGN"
"5750",91050,-0.295128932175782,-1.7075721284017,-2.60248987851585,0.0108568948646336,0.070083474097794,"CCDC149"
"5751",9108,-0.460712900092787,0.688560956081531,-3.39751226218543,0.00102244433461404,0.0216990798091967,"MTMR7"
"5752",91107,0.564437074159156,-1.5503044946695,3.07740520477726,0.00278257449861277,0.0336209493552857,"TRIM47"
"5753",9111,-0.236442895017328,-0.834157621905189,-1.29806767102734,0.197651355211395,0.416186627199843,"NMI"
"5754",9112,-0.114699120281432,0.461402418214328,-1.46331412112273,0.146939345355385,0.350435293073048,"MTA1"
"5755",9113,0.403649630273341,-1.42105899148167,3.83467821662061,0.000235616890624727,0.0112109804236788,"LATS1"
"5756",91137,-0.306403094268872,0.206346133876333,-3.15386456311265,0.00220373983410094,0.0299923616445933,"SLC25A46"
"5757",9114,-0.30638207485711,3.38578418204089,-2.91325920210175,0.00453190284651999,0.0436000308337613,"ATP6V0D1"
"5758",91147,-0.126394464201102,-2.44750248363086,-0.813465393639559,0.418143837308438,0.638926281652774,"TMEM67"
"5759",9118,0.0304630433053288,1.58401965758462,0.192586187300519,0.847726209477957,0.92966651309196,"INA"
"5760",9124,-0.0402541319675547,3.02120783644112,-0.389840259200555,0.697595313941302,0.840400399798177,"PDLIM1"
"5761",91289,0.27424456277822,1.77418703286429,2.87614837537966,0.00504771025277343,0.0460067067848367,"LMF2"
"5762",91298,-0.0831519330757109,-1.90757054089068,-0.714989233457093,0.476505697055244,0.686087724261104,"RLIG1"
"5763",9130,-0.0227691159016958,0.407283344299366,-0.27864430088172,0.781170647232502,0.892464538944811,"FAM50A"
"5764",91304,-0.00414744026921765,-2.89095905276002,-0.0246109771623124,0.980420909688651,0.989976819021465,"TMEM259"
"5765",91368,0.0320856578398676,-1.64812457413954,0.368876372667011,0.713104673016987,0.851918186909845,"CDKN2AIPNL"
"5766",91369,-0.146770230237406,-2.87796107452703,-0.963184962132787,0.338090423868363,0.570661824878827,"ANKRD40"
"5767",91373,-0.256805119345173,0.0906956383521979,-2.77343831431894,0.00676940429828545,0.0533814984444725,"UAP1L1"
"5768",91408,0.0729449501564474,1.43606941368774,0.762741789683226,0.447654390642992,0.663055658727482,"BTF3L4"
"5769",9141,-0.0890034080359431,0.0810561571381363,-0.496933171606904,0.620473705117521,0.796273260695343,"PDCD5"
"5770",9143,-0.38212113835197,0.455286174171949,-3.14965339219422,0.00223244890456925,0.0302001342039521,"SYNGR3"
"5771",91433,0.182716571072646,-1.73257940915013,1.7869957161274,0.077376721262777,0.235701397077382,"RCCD1"
"5772",9144,0.261843315356208,3.29088019685326,2.41654171241657,0.0177312904091077,0.0937421710000889,"SYNGR2"
"5773",91445,-0.0245840234897625,0.59157383332468,-0.331818252483923,0.740814409499033,0.870179979465368,"RNF185"
"5774",9145,-0.0781115210530982,0.796006998320233,-0.907974174108161,0.366368296385488,0.59509215548263,"SYNGR1"
"5775",9148,-0.0605598325908457,0.101458508272751,-0.557793594715954,0.578399654191201,0.764547727215639,"NEURL1"
"5776",9150,0.10182757851769,-0.168473386574399,1.38597068342763,0.169253207093485,0.382220818668068,"CTDP1"
"5777",91526,-0.0208081320617168,-2.19871047857347,-0.193579173700225,0.846950916790962,0.929314395291906,"ANKRD44"
"5778",9158,-0.141186149938765,-0.050465560406372,-1.94818750959852,0.0545750671269813,0.190655527618333,"FIBP"
"5779",91582,0.0401802411992316,-1.09411828295252,0.321801539185134,0.748365162589895,0.873946987819021,"RPS19BP1"
"5780",91603,-0.0824924717609177,-4.83399257685891,-0.401989228435326,0.688665303181187,0.835876533701034,"ZNF830"
"5781",91624,0.116662276196454,-0.600691021281152,0.953237873757619,0.343077048362469,0.574415418125706,"NEXN"
"5782",91647,-0.307198493825391,-0.012556425445963,-3.8954252042883,0.000190491989646027,0.0100141186434528,"ATPAF2"
"5783",9166,-0.166372833880022,-0.959234785386741,-1.17412854329281,0.243506928091363,0.468981965680824,"EBAG9"
"5784",91663,0.0927646593745046,3.24606794222036,0.942790217125474,0.348365820856291,0.57884932550512,"MYADM"
"5785",9167,0.0945022529404089,0.831222889133268,0.735914564973943,0.463737098501119,0.677923533582285,"COX7A2L"
"5786",9168,-0.137039396875969,-0.595512554869747,-0.686527358950374,0.494183190646161,0.698755223263335,"TMSB10"
"5787",91689,-0.19743079660451,-0.584044669158318,-1.0713484005274,0.286938283725981,0.515581728779294,"SMDT1"
"5788",9169,0.180976178761626,-1.28572126964051,2.20939359049426,0.0297400992738952,0.129499720781641,"SCAF11"
"5789",91703,0.890422083708691,-1.73357474443279,4.10640262310611,8.96370341303851e-05,0.0063975827382826,"ACY3"
"5790",9173,0.201975439196012,-0.635999355482902,1.69402884233133,0.0937916500659092,0.265052093970788,"IL1RL1"
"5791",91748,-0.023657235794458,-1.1837032180965,-0.31712566545654,0.751898381064956,0.876572129720171,"MIDEAS"
"5792",91768,-0.158641867849497,-3.99150495517981,-0.914037278099056,0.363191470564683,0.592771266339982,"CABLES1"
"5793",9179,0.0626455102997803,-1.71923099485372,0.438543113285845,0.662065904460337,0.821958034299665,"AP4M1"
"5794",9181,0.265007595269332,-0.413942927693961,2.65529479622476,0.00940319631598937,0.064488065907869,"ARHGEF2"
"5795",91833,-0.0265118913396878,-1.25401679138936,-0.329885638598709,0.742269294324805,0.870471709699208,"WDR20"
"5796",9185,-0.103604056236834,-1.18442634046806,-1.35027591115766,0.180385320454487,0.394584852797449,"REPS2"
"5797",91869,0.327228093969506,0.364230307581355,2.91924736012999,0.00445337402379975,0.0430034543661692,"RFT1"
"5798",91875,-0.309409336705863,-0.197521347942605,-2.06846184408167,0.0415273049290105,0.160614113203696,"TTC5"
"5799",9188,0.189550515391661,1.98069442007147,1.93169580677479,0.0566105522944726,0.195320725117185,"DDX21"
"5800",9189,-0.296989250328973,-1.7123728655967,-2.30804170433381,0.0233385337400308,0.112149293184084,"ZBED1"
"5801",91894,0.111533944754118,-2.06791005355636,0.870783667552369,0.38623833988238,0.611688015239986,"C11orf52"
"5802",9194,0.486220768792542,-2.65992386527263,2.59904271426294,0.0109585135325684,0.0703861306290968,"SLC16A7"
"5803",91942,-0.243279897806974,0.579958430153777,-3.11555126362563,0.00247810393988853,0.0314919295715027,"NDUFAF2"
"5804",9197,-0.0176850829749334,0.956047772681443,-0.243130140564735,0.808469641255137,0.909861873491755,"SLC33A1"
"5805",91978,-0.28099036323645,-2.00264088532608,-1.9766362268385,0.0512096990715192,0.184031108255846,"TPGS1"
"5806",92017,-0.18205594736531,-0.785770709189235,-2.06494799008564,0.0418665371537206,0.161417591111518,"SNX29"
"5807",9202,0.0836876605149375,-1.70026324096798,0.660774372216724,0.510480804358485,0.710828306976493,"ZMYM4"
"5808",9203,0.237183067431124,-3.38692182402314,1.13189936148639,0.260747512923596,0.488215240003485,"ZMYM3"
"5809",9208,0.121370715892283,1.0709622830033,0.943807527678551,0.347848537516371,0.578616347771134,"LRRFIP1"
"5810",9209,-0.0426056286240446,-1.1371080093825,-0.467065369696228,0.641605926692277,0.809753067604976,"LRRFIP2"
"5811",92092,-0.108983756427765,-0.591780898520227,-1.29943509251227,0.197183964190841,0.415546370334237,"ZC3HAV1L"
"5812",92104,-0.12157604069335,-1.01910555601684,-1.5577276743777,0.122882172409387,0.311931668423828,"IFT70A"
"5813",92106,0.232194232161136,-2.57117066141924,1.57906758789842,0.117903663263039,0.303617110971241,"OXNAD1"
"5814",9213,0.252220087109415,-0.407849521441162,2.50972178910735,0.0139098044334942,0.080774247505002,"XPR1"
"5815",92140,-0.00168118126229144,3.18524298778808,-0.0199200990392442,0.984152146933042,0.991734612703729,"MTDH"
"5816",92154,-0.103116101306637,-0.611514911578311,-0.676280381742557,0.500633824629282,0.704306764972388,"MTSS2"
"5817",92162,-0.317317826940955,-1.28032219349375,-1.47699522089471,0.143241895720268,0.345604856891118,"TMEM88"
"5818",92170,-0.0675486510664481,0.0554498445353901,-0.60797440223077,0.544768214855145,0.737872153583318,"MTG1"
"5819",92181,-0.00466143466891777,-3.05558855559918,-0.0288922316692659,0.977015875030047,0.989264836841707,"UBTD2"
"5820",9221,0.138548671164034,1.05260059957053,1.77180417952707,0.0798838204399299,0.23976865029843,"NOLC1"
"5821",9223,0.100104364318726,-0.402872146055565,1.22520432715847,0.223763007827939,0.445756388711546,"MAGI1"
"5822",92255,-0.356275960501943,0.640820546645114,-3.91120609926485,0.000180196895648435,0.00970218022359734,"LMBRD2"
"5823",92259,-0.148961984260805,0.486879209580542,-0.885652012400767,0.378215506902678,0.605026526288412,"KGD4"
"5824",92291,-0.521033490962097,-0.411036483433839,-2.73300406838214,0.00758348131296001,0.0571133844158878,"CAPN13"
"5825",9230,0.267963662297695,1.83000919310081,1.30553312326706,0.195109643807782,0.413102101997987,"RAB11B"
"5826",9231,-0.0836460013895217,-1.77399679065783,-0.757881138835453,0.450544173918641,0.66588975186916,"DLG5"
"5827",92344,0.087832742719911,-1.81817561705273,0.732209998204813,0.465983402784733,0.679233027867924,"GORAB"
"5828",92345,0.124663073031263,-2.61326176710633,0.726482347755558,0.469468492968881,0.680585170014877,"NAF1"
"5829",92359,-0.259286655093902,-3.23099799518715,-1.38437358427605,0.169739830353119,0.382756458011552,"CRB3"
"5830",9236,0.160240948864861,-0.432101235627251,1.8849132875239,0.0627373373837578,0.207256069354954,"CCPG1"
"5831",9238,-0.13148135420859,0.762078080655497,-1.74111547660894,0.0851534168516132,0.250115536164138,"TBRG4"
"5832",92399,-0.137769402315466,1.38914447759058,-1.9797832438297,0.0508485098016923,0.183377293280134,"MRRF"
"5833",9240,-0.39934771470386,-1.06695216887281,-4.48884653338979,2.15706676712157e-05,0.00307908739920749,"PNMA1"
"5834",92421,0.114700207639311,-1.34560235925274,0.948200502013282,0.345620500331741,0.5770541607892,"CHMP4C"
"5835",9245,0.189952781116707,-1.4574528694492,1.34930164275734,0.180696743065735,0.394984547342408,"GCNT3"
"5836",9246,0.247387614392861,-0.461659187238089,2.24895287169457,0.0270084516539645,0.122302097056809,"UBE2L6"
"5837",9249,0.453750605689141,-0.42947470602764,2.94421871044419,0.00413923252137774,0.0411989232808581,"DHRS3"
"5838",9252,0.0676858200004906,-3.74425106869374,0.404341513811792,0.686941313572631,0.835270559173694,"RPS6KA5"
"5839",92521,0.167041327531723,-2.71317607461685,1.15011566530098,0.25320788459282,0.480875617460002,"SPECC1"
"5840",9253,-0.206448201543778,0.307435103775713,-2.03992808536112,0.0443516500110266,0.167423387310997,"NUMBL"
"5841",9254,-0.504129376785334,1.16723770813564,-3.38062756030025,0.00107961868880071,0.0221628746216012,"CACNA2D2"
"5842",92597,-0.121879810302137,1.59475867861944,-1.11034702069487,0.269870172857024,0.497884917642445,"MOB1B"
"5843",9260,0.546882953446334,0.0225557629642729,3.3944437171443,0.00103261837604271,0.0217012347159473,"PDLIM7"
"5844",9266,0.0780190860455833,0.240240168358832,0.784606525452886,0.434788491932194,0.652808113992457,"CYTH2"
"5845",92675,-0.0432127942401475,0.951503454602662,-0.518983528227114,0.60507318533509,0.785686315123076,"DTD1"
"5846",92689,-0.0726134273919852,1.10691850474643,-1.03549283781779,0.303272097605487,0.53230887477909,"FAM114A1"
"5847",9270,-0.0973814042045453,-2.0719476212986,-0.73891841054287,0.461920196542885,0.676674502716044,"ITGB1BP1"
"5848",92714,0.11447172822094,-1.26980924443128,1.06778639107884,0.288533391273616,0.517131935616319,"ARRDC1"
"5849",9274,-0.0453352467854344,-1.95897837697068,-0.410735011854082,0.682263902522249,0.832220952639421,"BCL7C"
"5850",9277,0.119980712432246,-0.673407010824137,1.31031579636295,0.193494180600792,0.411506926745948,"WDR46"
"5851",928,-0.0277763872386092,1.50640292248915,-0.20864357543302,0.835208010862024,0.922661007961489,"CD9"
"5852",9282,0.046022365304871,-1.54902762212273,0.440717388468168,0.660496902226835,0.821672068477567,"MED14"
"5853",92840,0.929237806365163,-0.638887926918669,3.36552257838594,0.00113330264337152,0.0227902290447438,"REEP6"
"5854",92856,0.268147751586439,-0.0544634285205418,3.42341143308877,0.000940255148480292,0.0208349678749893,"IMP4"
"5855",9289,-0.224631525492653,0.951929207426195,-1.61802688489312,0.109230862842275,0.290888426261818,"ADGRG1"
"5856",929,-0.238832416573703,-1.19045247536575,-2.06314856697028,0.0420411776242952,0.161867624281461,"CD14"
"5857",92935,-0.0395296155339253,-0.210046589783012,-0.512880482712163,0.609318254450031,0.787764563719703,"MARS2"
"5858",9295,0.0980558734477386,0.86919608847861,0.776265491991762,0.439670815026232,0.656907716888626,"SRSF11"
"5859",9296,-0.294355966286457,-0.572594880288868,-1.70012102079495,0.0926352632976257,0.263238539870753,"ATP6V1F"
"5860",93010,0.462111526840238,-2.28895194721153,2.31300545146834,0.0230512834770379,0.111496278945672,"B3GNT7"
"5861",93100,0.0520125149260897,1.33646377472277,0.300498230889436,0.764504947017758,0.883383163553275,"NAPRT"
"5862",93145,-0.458495591889633,0.283586410733905,-3.18928975355043,0.00197550566071611,0.0285203749553941,"OLFM2"
"5863",9317,0.310771858347061,1.76621058440395,3.34043833511477,0.00122803348285672,0.0233364381355248,"PTER"
"5864",93183,0.103812791038259,-2.86804715471155,0.46140934815246,0.645641883628112,0.812246337714563,"PIGM"
"5865",93185,-0.0834290688490029,-0.581418126438169,-0.610372562556182,0.543186015746292,0.736812323679722,"IGSF8"
"5866",9320,0.0812416327973855,0.118423234420392,1.03475868608036,0.303612978369303,0.53245041749451,"TRIP12"
"5867",9322,0.250703846535497,-0.401642299148941,2.66131626620275,0.00924916928676395,0.0636338876702764,"TRIP10"
"5868",9324,-0.0637833795766234,-5.03696593126855,-0.298191332229963,0.766259100659062,0.884072371741733,"HMGN3"
"5869",93343,-0.327798073007162,-3.78036056725503,-1.5020484631444,0.136659679804718,0.334441454491433,"MVB12A"
"5870",93380,0.00716614531659476,0.650323546726503,0.0853024564792786,0.932214448473279,0.970476981806137,"MMGT1"
"5871",9341,-0.0854761002908904,0.473806910056416,-0.643852130498461,0.521343570162087,0.718941099450661,"VAMP3"
"5872",9342,-0.0371737499347566,0.291570932075794,-0.464802310079263,0.643219490496052,0.810028976746977,"SNAP29"
"5873",93436,0.0308989489596775,-0.583196412709438,0.409382437372833,0.683252403446725,0.832930139494737,"ARMC6"
"5874",9344,-0.0900114796147591,-1.1218157737844,-1.06985878933181,0.287604610135235,0.516325562155623,"TAOK2"
"5875",93487,-0.10100604023827,-2.43973637598102,-0.450726453896361,0.653293802963614,0.817860794832449,"MAPK1IP1L"
"5876",9349,0.273048554037818,3.26841148274696,2.96503235509119,0.00389315895437209,0.0400264520300573,"RPL23"
"5877",9351,-0.269129653768628,0.220096700204985,-1.8816247040686,0.0631882446863095,0.208297231946599,"NHERF2"
"5878",93587,-0.098207591091382,-3.01635334913166,-0.443356706944886,0.658594353318048,0.820323819685099,"TRMT10A"
"5879",9360,0.01094269520275,-0.0233198566347855,0.14329860728079,0.886381528919705,0.946257852142665,"PPIG"
"5880",93624,0.148623028452005,-3.48459626400765,0.944317860849991,0.347589229874961,0.578498561001223,"TADA2B"
"5881",93627,-0.196274995321063,-1.2130701737113,-2.36212635864361,0.020372823569365,0.102582765437869,"TBCK"
"5882",9364,-0.240190586374304,-0.355228844982355,-2.57157457237306,0.0117994559684559,0.0734534084527203,"RAB28"
"5883",93643,-0.052551716278133,-1.14632311184772,-0.697337571796207,0.487427305352439,0.692713313325601,"TJAP1"
"5884",93663,0.238402700720487,0.531911576426467,2.42990455019942,0.0171312123067583,0.0920006588410442,"ARHGAP18"
"5885",93664,0.290345073452467,-0.463900283632419,2.12930002788983,0.0360185887075795,0.146737460376653,"CADPS2"
"5886",9367,0.0669466744859546,-0.7564931989208,0.794668819232828,0.428941227925489,0.647844797491794,"RAB9A"
"5887",9368,0.103412532332585,2.17598193143797,0.919160186150487,0.360520978885585,0.590888589692849,"NHERF1"
"5888",9371,-0.29014862065307,0.258036215693682,-3.66026927702252,0.000428848391574941,0.014782977592485,"KIF3B"
"5889",9372,-0.251143596130028,-1.57149703084668,-1.59679048940066,0.113892487025562,0.298364854469331,"ZFYVE9"
"5890",9375,0.0810478786261757,1.76386476631335,1.17576358623785,0.242856178052996,0.467875461672721,"TM9SF2"
"5891",9377,-0.162298435647072,3.04402303448614,-1.2292383714085,0.222254690423009,0.444075289653785,"COX5A"
"5892",9379,0.38101286134935,-1.10218109015398,1.13948496670475,0.257588892870467,0.48618715388651,"NRXN2"
"5893",9382,-0.17737331265428,0.943443442860066,-2.57821156676363,0.011591094620231,0.0726722561583024,"COG1"
"5894",9391,0.0354388127947163,0.0798933692470151,0.357664052751175,0.721449975590295,0.856906038751294,"CIAO1"
"5895",9394,-0.163102794132839,-0.294186184335973,-1.65094337312962,0.102309837744434,0.279250243799506,"HS6ST1"
"5896",9397,-0.0112965730242216,-1.48769466448046,-0.107108761494445,0.914946173995985,0.96115842391472,"NMT2"
"5897",93973,-0.0171076643619632,-1.61070695264133,-0.198755429297528,0.84291191472453,0.927086267521464,"ACTR8"
"5898",93974,-0.100115115570397,1.27856938757232,-0.547734802353887,0.585258747993611,0.770057490929214,"ATP5IF1"
"5899",94005,-0.0558405686966674,-0.031452149693544,-0.638156653388384,0.525026658009437,0.721528236744162,"PIGS"
"5900",9403,-0.0488672136757311,1.261040439713,-0.433773922219548,0.665512733870344,0.823114080633273,"SELENOF"
"5901",94056,-0.119817988435576,-0.0556450886451807,-0.930442019866284,0.354684260091709,0.58456212354903,"SYAP1"
"5902",94059,0.106911832563977,-0.720192895719743,0.808933406666441,0.420732165484699,0.641444121148803,"LENG9"
"5903",9406,-0.0568787996182253,0.520811882027426,-0.7274847013074,0.468857537116336,0.680414831602598,"ZRANB2"
"5904",94081,-0.349295233695509,3.80768993369662,-4.55997146669036,1.6422939545965e-05,0.00264345157171998,"SFXN1"
"5905",9409,-0.190719538896175,-0.200514351904351,-2.07126278393732,0.0412585964211904,0.159978057380459,"PEX16"
"5906",94097,-0.239027441523226,0.300509212046556,-2.92485406321969,0.00438098627188614,0.0427630437098576,"SFXN5"
"5907",94101,-0.0153744667895114,-1.01989633359093,-0.085968181823603,0.931686741735185,0.970200992476429,"ORMDL1"
"5908",94103,0.12215282109664,0.912236658644535,1.18762369807417,0.238173041022303,0.461692499721653,"ORMDL3"
"5909",94104,0.0853302359129651,-0.511235469364127,0.830603111452078,0.408442644412593,0.629946712092579,"PAXBP1"
"5910",9412,-0.228807863460251,-3.3473529645395,-1.41454303719918,0.160726279752927,0.369628289667841,"MED21"
"5911",94121,-0.132086042908115,-1.03144591165849,-1.31704547202051,0.191238019174477,0.408704197664662,"SYTL4"
"5912",94134,-0.110289349027986,-0.556717886327586,-1.54723412101266,0.125390797438594,0.315947748225816,"ARHGAP12"
"5913",9414,0.486359735969289,0.855423873000237,3.55495137418841,0.000610500706295981,0.0170369403964335,"TJP2"
"5914",9415,-0.224567420050238,-0.70973221474567,-1.82126544021975,0.0719599598723264,0.224726321580426,"FADS2"
"5915",9420,0.221383932702865,0.252832674292556,1.82575369768425,0.0712745061888651,0.223736216802762,"CYP7B1"
"5916",9429,0.0818740915866165,-2.72836144664359,0.32493702392333,0.745998905795465,0.872511677548126,"ABCG2"
"5917",9440,0.03282034721741,-2.19575949469987,0.231827149427796,0.817209771569281,0.913515069820556,"MED17"
"5918",9441,-0.0705880472891219,-0.855671381021395,-0.607325837236189,0.545196508735554,0.737872153583318,"MED26"
"5919",9442,-0.0901147043501109,-2.21286820546264,-0.591257105161402,0.555861817246996,0.74611207098577,"MED27"
"5920",9444,0.355658848609819,-0.455406350193017,2.72263395361313,0.00780617848095453,0.0578717257388419,"QKI"
"5921",9445,0.102140180543893,-0.600598062895341,1.28134858679248,0.203432830491417,0.422133439336146,"ITM2B"
"5922",9446,0.0303004812161234,4.95699830812263,0.375923678191709,0.707877123588783,0.847629688760817,"GSTO1"
"5923",9448,0.119954549842061,-0.310492202212136,1.30408599366269,0.195600423811189,0.41361813281555,"MAP4K4"
"5924",9451,-0.0398587635661456,-1.32351786664267,-0.343484612780042,0.732052075687604,0.864601816542335,"EIF2AK3"
"5925",9455,0.0683415715104649,-0.496199730254895,0.769006809093059,0.443945526582025,0.660126802247474,"HOMER2"
"5926",9456,-0.24697812682102,-2.24001786595155,-1.89492201389522,0.0613816304859499,0.204316945728178,"HOMER1"
"5927",9462,-0.13040958608293,-1.30283128812553,-1.17158675561346,0.24452103689356,0.470050148591504,"RASAL2"
"5928",9465,0.418537933842878,-2.3483897746959,2.42708951947498,0.0172560974996907,0.0925047392603505,"AKAP7"
"5929",947,-0.250174160753788,-1.70797027259338,-1.16453433651442,0.247350552530484,0.472971243436794,"CD34"
"5930",9470,0.123191376228683,-0.761764825105996,1.37346283505757,0.173092827934795,0.386905964262116,"EIF4E2"
"5931",9477,0.140559869145769,-0.431848118025099,1.4406943568126,0.153214841240004,0.359217989125723,"MED20"
"5932",9479,-0.118035193529307,-2.08646760324683,-0.749926918261189,0.455296269039849,0.669527671146764,"MAPK8IP1"
"5933",948,-0.180326181198288,0.749892441537648,-0.826935611930756,0.410507172517814,0.631472618171769,"CD36"
"5934",9482,-0.18867357895727,-0.0828245698556372,-2.43630190467617,0.0168503961549918,0.0912912396618538,"STX8"
"5935",9486,-0.0976716229616863,-2.21041439097909,-0.827196139232907,0.410360307378136,0.631434336096013,"CHST10"
"5936",9488,0.141966813949391,-1.55086037677425,1.29675995377758,0.198099109875765,0.416402046488505,"PIGB"
"5937",9489,-0.378955144296358,-0.492872399298336,-4.34847077941816,3.66896671140704e-05,0.00424351803528738,"PGS1"
"5938",949,-0.196293673195261,-0.671545734555135,-1.3207552892564,0.190002730240418,0.407490132150835,"SCARB1"
"5939",9491,0.0329935543627435,1.4111550154488,0.320864329180697,0.749072916405268,0.874440768523304,"PSMF1"
"5940",9497,0.231890349149195,-3.45065368564225,1.22860030815685,0.2224927661872,0.44416064352692,"SLC4A7"
"5941",9498,0.0555755934300279,-1.96846894873398,0.519286542499699,0.604862770744662,0.785686315123076,"SLC4A8"
"5942",95,0.259541226246153,-0.312516011415855,2.39329448017273,0.018820004607118,0.0980621292686677,"ACY1"
"5943",950,-0.124358233967222,4.3147477141277,-1.66498871377089,0.0994667420293463,0.275012100259517,"SCARB2"
"5944",9500,-0.236202731233674,-1.9120012029287,-1.50189533715469,0.136699177020235,0.334441454491433,"MAGED1"
"5945",9501,-0.409007042824211,2.06626151021582,-2.55960463317538,0.0121837971747986,0.0747094376212926,"RPH3AL"
"5946",9509,-0.0528302598868764,-1.06120194967831,-0.512483642615102,0.609594748726017,0.787764563719703,"ADAMTS2"
"5947",9515,-0.399577803413039,-0.843701862929374,-3.08074748529037,0.00275456883488846,0.0334141176058209,"STXBP5L"
"5948",9517,-0.0138030567685904,-0.976186851797504,-0.150161124710708,0.880980667582626,0.945123806143992,"SPTLC2"
"5949",9519,-0.337344808599099,-2.24170016303998,-3.16240953229747,0.00214654022839727,0.0298752512008635,"TBPL1"
"5950",9522,-0.448139411534051,1.54545813551409,-4.59716398304327,1.42275518262291e-05,0.00247454902057905,"SCAMP1"
"5951",9526,0.0857226810178928,3.27910922052622,0.957891161048211,0.340738363761025,0.572529996376997,"MPDU1"
"5952",9528,-0.0816888214810525,-1.80004385908224,-0.696862175801468,0.487723336150053,0.692973573446534,"TMEM59"
"5953",9529,-0.192465362118114,-0.431019810234094,-1.87676717123316,0.0638592566336613,0.209389251247171,"BAG5"
"5954",953,-0.146957021228814,-0.533593686991276,-0.88216815036732,0.38008594483824,0.606558228172355,"ENTPD1"
"5955",9531,-0.188970412546116,-0.945413400666363,-1.92986815066114,0.0568400365048707,0.195527374908678,"BAG3"
"5956",9532,-0.220258142308547,0.242711815069126,-2.89498855808619,0.00477945626039042,0.0444489432216309,"BAG2"
"5957",9535,0.335128102522334,-2.37658582127829,1.91066305842289,0.0592994227923425,0.199550360251863,"GMFG"
"5958",9537,0.285877653616998,-0.485629075184163,2.07548406499033,0.040856457540055,0.158820099037908,"TP53I11"
"5959",9538,0.207040390910554,0.978836767151004,2.08006270879933,0.0404240984265397,0.157538486439429,"EI24"
"5960",954,-0.182640199214862,-1.54589586615957,-0.969609827917253,0.334894835212582,0.567841021694703,"ENTPD2"
"5961",9540,0.394622854123613,1.46463778399928,3.11328609517032,0.00249528102573471,0.0315794534762054,"TP53I3"
"5962",9545,0.0865226666793397,2.63924204462923,0.960082786948586,0.33964048584916,0.571717977677155,"RAB3D"
"5963",9546,0.109286140327519,-1.75309673704069,1.06247377888939,0.290923715087807,0.520002843101036,"APBA3"
"5964",9550,-0.33528928784401,3.07108876636975,-2.49275234038968,0.0145452080844917,0.083437838525804,"ATP6V1G1"
"5965",9551,-0.137937170764222,2.02744106837789,-1.42104418282938,0.158833025627079,0.367004277052733,"ATP5MF"
"5966",9552,-0.0158912267876046,-0.875797750844324,-0.160649038312072,0.872737538954868,0.940733772513132,"SPAG7"
"5967",9553,-0.142599528814652,-1.16426505111158,-1.18391105744809,0.239632006992206,0.463409344334645,"MRPL33"
"5968",9555,-0.0532643811158211,5.66246712325037,-0.559357766983891,0.577336507236044,0.763891244107531,"MACROH2A1"
"5969",9556,-0.160758537326884,-0.345604248307376,-0.691141810207016,0.491293154397376,0.695630307195178,"ATP5MJ"
"5970",9557,-0.057878687440571,-0.677345295246414,-0.465969049239727,0.642387389934214,0.809753067604976,"CHD1L"
"5971",956,-0.635511510571887,1.30240855361364,-4.41869898553344,2.81608808292037e-05,0.00358617558938411,"ENTPD3"
"5972",9563,0.175685877447829,0.369809422199119,1.75214372897818,0.0832277400714171,0.246120173648264,"H6PD"
"5973",9564,0.216524466817028,-0.581538789604424,1.9173469674896,0.0584334856348801,0.19826685175616,"BCAR1"
"5974",95681,-0.155002024019767,-1.17896918528651,-1.59135510717694,0.115110875683068,0.299512740543735,"CEP41"
"5975",9577,0.0501179048984712,-0.364861226512552,0.465603565770114,0.642647998130982,0.809753067604976,"BABAM2"
"5976",9580,-0.409073356454946,-4.61948438550795,-1.71547982394989,0.0897715466076774,0.2588748072424,"SOX13"
"5977",9581,-0.300581472832253,0.107218557135494,-2.68696099374905,0.00861850756004494,0.0612273141244859,"PREPL"
"5978",9583,-0.290100951430231,-1.08885170094072,-2.94766034964357,0.0040975767370158,0.0410292430861386,"ENTPD4"
"5979",9586,-0.0070978389489913,-1.60220471814538,-0.0469733808858058,0.962640736113716,0.983470179471702,"CREB5"
"5980",9589,0.0212374874744496,-0.262403800656907,0.238077006209745,0.812374085693005,0.911423469143308,"WTAP"
"5981",9590,-0.183379064744093,0.722875753755661,-1.29710870642374,0.19797962530625,0.416402046488505,"AKAP12"
"5982",960,0.821239881998474,2.39406185679626,2.91814548347225,0.00446772924286945,0.0430501131754045,"CD44"
"5983",9600,-0.329019096596258,0.39651376987516,-3.61829480789203,0.000494051099687123,0.0155512084609208,"PITPNM1"
"5984",9601,0.315188438996007,4.21335775732323,2.14801946063196,0.0344563449851224,0.142228006401265,"PDIA4"
"5985",9604,0.0462945784257716,-0.501478934352207,0.486543703633513,0.627789626514613,0.801783755211547,"RNF14"
"5986",9605,0.0450837918924814,-5.12948767725408,0.17286050450697,0.863157498434948,0.936271623474458,"VPS9D1"
"5987",961,0.0585137593780414,2.02763100244785,0.662014755313766,0.509689335124448,0.710635944345393,"CD47"
"5988",9610,-0.116141419867646,-0.455657801218692,-1.1072372518384,0.271204638912786,0.498848899976286,"RIN1"
"5989",9611,0.0989343625603287,-0.907068397836523,1.26801061968975,0.208134185377266,0.426650681353422,"NCOR1"
"5990",9612,-0.171945822873506,0.112037207628911,-1.6871592693099,0.0951096946747909,0.267012055159045,"NCOR2"
"5991",9615,-0.699534276180519,2.77821176081416,-4.05474509483836,0.000108042789011311,0.00720833303208071,"GDA"
"5992",9630,-0.200994108194178,-0.725997069263774,-2.09083011357363,0.0394228596268408,0.155412660494251,"GNA14"
"5993",9636,0.450385466707682,0.00106620924052244,2.47417970803376,0.0152703662831939,0.0862276984786057,"ISG15"
"5994",9640,0.0948712149994226,-0.81344126312829,0.990958806982359,0.324418964772095,0.556742945906575,"ZNF592"
"5995",9643,-0.128081188906547,-0.997146035232525,-1.22278617660306,0.224670708947889,0.446778372806429,"MORF4L2"
"5996",9644,0.074072896620428,-2.02043706748383,0.416710131910075,0.677903762289819,0.828791285692059,"SH3PXD2A"
"5997",9645,0.345448146689847,-0.857041447656141,1.91626028249116,0.0585735401655806,0.198456976586986,"MICAL2"
"5998",9647,-0.00570056943359341,0.0487243147255702,-0.0750513121443942,0.940344002921123,0.973289834852144,"PPM1F"
"5999",9651,-0.0855084924497513,-1.27956544217073,-0.617636208913814,0.538408029677497,0.732273096866935,"PLCH2"
"6000",9656,-0.0930569754474412,-0.124404814057115,-0.870548664554037,0.386365988120793,0.611688015239986,"MDC1"
"6001",9657,-0.435828878978858,-3.45140488799461,-2.52251439144556,0.0134473953025376,0.0789857534612211,"IQCB1"
"6002",9658,-0.115040620973703,-1.50963189154319,-1.06772868405452,0.288559283070364,0.517131935616319,"ZNF516"
"6003",9659,-0.11914279860912,-0.098013530562616,-1.82135457911681,0.0719462931784827,0.224726321580426,"PDE4DIP"
"6004",966,0.186901873701461,2.45094935310319,1.58789273710266,0.115892417746612,0.300527106095777,"CD59"
"6005",9662,-0.00908309343831393,0.962904348209502,-0.0655963060812139,0.947847818116653,0.978454407601752,"CEP135"
"6006",9665,0.144717077131791,-1.60441502823273,1.35881235672275,0.177673987228312,0.391257659149122,"MARF1"
"6007",9666,-0.0269674323080253,-3.68154185228671,-0.145792434398244,0.884418230422182,0.945896179452007,"DZIP3"
"6008",967,-0.112587829480338,4.47555983372978,-1.59379928561619,0.114561707503835,0.298971961227292,"CD63"
"6009",9670,-0.129465154268896,-1.41805860911825,-1.51876352173224,0.132401809854961,0.327035134362071,"IPO13"
"6010",9673,-0.297909230285734,-1.08509573680468,-2.84109293691455,0.00558399916395936,0.0487547466122085,"SLC25A44"
"6011",9675,-0.035487477585352,-1.00095181060844,-0.371952600978562,0.710821085619585,0.849994121085723,"TTI1"
"6012",9677,-0.170552233459365,-0.722710031843159,-1.95205997852601,0.0541062132004629,0.189723675463912,"PPIP5K1"
"6013",9678,0.0611857040796965,-0.158608639141705,0.753185665268554,0.453345931503765,0.667986478648345,"PHF14"
"6014",9681,-0.0505679442292321,-0.926516876810043,-0.548017377758279,0.585065536039288,0.770057490929214,"DEPDC5"
"6015",9683,0.0104668964861165,-4.45907884617316,0.0582413384365539,0.953688261409178,0.980361505364183,"N4BP1"
"6016",9685,-0.101135914725173,2.14064364507863,-1.3179642407326,0.190931530508365,0.408415043836928,"CLINT1"
"6017",9689,0.120221869288802,1.88411225382403,1.53472906209515,0.128433122921297,0.320586624030468,"BZW1"
"6018",9690,-0.225049741808219,0.573070809333764,-3.18077770077959,0.00202823930279937,0.0290288588446839,"UBE3C"
"6019",9692,-0.069863644810648,-1.68636455056266,-0.655257767767187,0.514008766248673,0.713360946253857,"PRORP"
"6020",9693,-0.0247011436098661,-3.01083986550522,-0.182742605668988,0.855419758313357,0.932646155128172,"RAPGEF2"
"6021",97,-0.151472870808546,-0.230209124090731,-1.16044166157205,0.24900323657603,0.475095388903846,"ACYP1"
"6022",9701,-0.209419430698927,0.453710656732831,-2.11043173228702,0.0376550473175073,0.150767567146027,"PPP6R2"
"6023",9702,-0.145551411008367,-1.03127817427835,-1.05892814241846,0.292526533691665,0.521652488030052,"CEP57"
"6024",9703,-0.142381997824288,2.67218942347052,-1.11898952554052,0.266185577896239,0.494686408566694,"BLTP2"
"6025",9704,-0.135404731562818,-1.85171892162023,-0.924576033653211,0.357711448088038,0.587554847515924,"DHX34"
"6026",9705,-0.102176939617345,-3.04944957413064,-0.514733883412782,0.608027668304946,0.787191273582738,"ST18"
"6027",9709,-0.159148467482031,-1.46932211933818,-1.21987785664103,0.225765945930135,0.447732981917127,"HERPUD1"
"6028",971,-0.534427836300484,-3.51562264739736,-2.30035066162113,0.0237898548128653,0.113297397651973,"CD72"
"6029",9712,-0.180959477291168,-2.2146764158759,-0.988570994492004,0.325579761859673,0.557766746499706,"USP6NL"
"6030",9719,-0.0477833841542474,-1.0867287250442,-0.309623063331049,0.757578590895801,0.879519082829284,"ADAMTSL2"
"6031",972,0.282204558344591,-2.77403574906556,1.35907632920633,0.177590639288418,0.391257659149122,"CD74"
"6032",9723,0.149354008594589,-3.10222696757026,0.709920873454339,0.479627618658132,0.688477404502427,"SEMA3E"
"6033",9725,0.940172775369206,-0.83143459059499,3.4327681002958,0.000912124070479398,0.0207018265243096,"TMEM63A"
"6034",9728,-0.0336439376811932,-2.80069136121995,-0.163407672537691,0.870571644283444,0.939445983229919,"SECISBP2L"
"6035",9734,-0.243277954805451,0.204956043171245,-1.88466213970395,0.062771677301236,0.20725796410704,"HDAC9"
"6036",9736,-0.0188088100685901,-1.61243847922967,-0.189561198933858,0.850088946409947,0.930808947218703,"USP34"
"6037",9737,-0.118311498979542,-1.19716903344832,-0.936900051769418,0.351370627086588,0.58222321903946,"GPRASP1"
"6038",9738,0.10022682370074,-1.54403018095724,0.760998209768742,0.448689759884912,0.664025437165435,"CCP110"
"6039",9739,0.0223990459544046,-1.16236733949127,0.299547298166281,0.765227882977623,0.883403699123526,"SETD1A"
"6040",9741,0.294798493075112,-2.49014173867323,1.5021261526574,0.136639644048778,0.334441454491433,"LAPTM4A"
"6041",9742,0.00911279405223819,-0.714655001863982,0.105713352833814,0.91605005637145,0.961970101968856,"IFT140"
"6042",9743,0.0466598039092041,-1.94419320345325,0.284342633461408,0.776814913130129,0.889090211737041,"ARHGAP32"
"6043",9744,-0.151166841136448,1.48215892924339,-1.2199088099564,0.225754268924386,0.447732981917127,"ACAP1"
"6044",9746,-0.137487941539133,-3.30411039586729,-0.831801687814254,0.407769301294816,0.629340701872662,"CLSTN3"
"6045",9747,-0.0855847843718576,0.764605107437789,-1.08877302411702,0.279222683791387,0.50706178494424,"TCAF1"
"6046",9749,-0.267080980431971,-1.72888657588112,-2.31033031304644,0.0232057024253771,0.111886202260754,"PHACTR2"
"6047",975,0.0310287974011965,-0.776152882255324,0.225005167811205,0.822496209357318,0.916073622397971,"CD81"
"6048",9751,-0.0801521468773592,-4.11162544693295,-0.450528614205635,0.65343586475372,0.817860794832449,"SNPH"
"6049",9757,-0.257858281540912,-2.62213107282773,-1.49790855928403,0.137730680173151,0.336273235840415,"KMT2B"
"6050",9759,-0.205759474273906,-1.07954310947957,-2.23162880781118,0.0281763753328346,0.125596496110707,"HDAC4"
"6051",976,0.240464668692334,-2.12915400532564,1.47800175225819,0.142972763885298,0.345226917674256,"ADGRE5"
"6052",9760,-0.23658079252867,-3.60999430605412,-1.31469676313631,0.192023189846111,0.409249423359525,"TOX"
"6053",9761,0.231931558182902,2.73514831933189,2.06297794984026,0.0420577691254345,0.161867624281461,"MLEC"
"6054",9764,-0.160637822888504,-1.60853720206756,-1.79540013274779,0.0760179606651719,0.233066055226186,"KIAA0513"
"6055",9765,-0.0754016027990418,-0.491039770714803,-0.787523907307405,0.433088381363706,0.651514832289807,"ZFYVE16"
"6056",9766,0.150278753481293,-1.61070788570042,0.931028824601434,0.354382342689468,0.584416662930671,"SUSD6"
"6057",9774,0.00950667591942578,2.58436130988137,0.125684980977546,0.900267596166031,0.953071648531288,"BCLAF1"
"6058",9776,-0.0839078415315944,-1.89801962298311,-0.737053503737554,0.463047725451978,0.677416831407259,"ATG13"
"6059",9788,-0.161520352634631,-0.387370785555935,-1.52365699631874,0.131175259243798,0.325051974662265,"MTSS1"
"6060",9789,0.206043300494849,3.77737881288876,1.90755374331661,0.059705928323199,0.200259556310271,"SPCS2"
"6061",9790,0.175449862735533,0.0705518266014959,1.75036730547427,0.0835354805401164,0.246747247139189,"BMS1"
"6062",9791,0.104343200224734,-0.49399370851546,1.50070607154363,0.137006240457758,0.334904143341186,"PTDSS1"
"6063",98,-0.330643210457168,-0.069428428771035,-2.30997082166746,0.0232265230801343,0.111886202260754,"ACYP2"
"6064",9801,-0.184465014474281,1.52354734169342,-2.56956863046501,0.0118630919138399,0.0735511698658073,"MRPL19"
"6065",9804,0.0680579564834427,-1.10852837368086,0.564037976041495,0.574161034999335,0.761437114569203,"TOMM20"
"6066",9805,-0.240126992564788,3.65389005635816,-2.47220469560975,0.0153493531597521,0.0865145359913301,"SCRN1"
"6067",9807,-0.0306931630614162,-1.09033178767274,-0.405260978723449,0.686267887175675,0.834782459667914,"IP6K1"
"6068",9813,0.232721486186106,-2.99956873423258,1.4304985541419,0.156110434942248,0.363645483747825,"EFCAB14"
"6069",9815,0.252831361400556,-0.27885468874504,3.21114662480834,0.00184590335509936,0.028071045673263,"GIT2"
"6070",9816,-0.0149027913415414,-2.20171813382649,-0.17406329219598,0.862214979310276,0.936029072212995,"URB2"
"6071",9819,-0.0791059468459157,-2.33986914778723,-0.656116218976949,0.513458925868669,0.713117934398453,"TSC22D2"
"6072",9820,-0.083715063698031,-0.349881277510192,-0.912653784378569,0.363914818095936,0.593125107135649,"CUL7"
"6073",9823,-0.363542004392772,0.801655574083974,-4.30626675773454,4.2962880281908e-05,0.0043095858207076,"ARMCX2"
"6074",9826,-0.0547924411256615,-0.769850333277566,-0.785589198571984,0.434215399760991,0.652439197976246,"ARHGEF11"
"6075",9828,-0.0904979631794012,-1.33176065035974,-0.916794630483217,0.361752544873323,0.591920815344143,"ARHGEF17"
"6076",9829,-0.257121263648686,-0.657951972756341,-2.36680557749711,0.0201326771132294,0.101456791560757,"DNAJC6"
"6077",9836,-0.323915036718198,-1.75749202088045,-2.76163497584663,0.00699838003441844,0.0545090559748017,"LCMT2"
"6078",9844,-0.0362209020541711,-2.64739172994669,-0.164295620664446,0.869874696114505,0.938952501919866,"ELMO1"
"6079",9846,-0.0494269213245513,-4.39771374305557,-0.189458742065282,0.850168996816742,0.930808947218703,"GAB2"
"6080",9851,-0.112159726294123,-3.53382699150477,-0.519113097387453,0.604983207793391,0.785686315123076,"KIAA0753"
"6081",9852,-0.382425384563643,1.31286769853138,-3.47198263017748,0.000802629764409122,0.0193958326533196,"EPM2AIP1"
"6082",9854,-0.189976725740646,-1.70559738385197,-1.64024106524214,0.104520088667015,0.282743192700809,"C2CD2L"
"6083",9855,-0.0771742515612092,-0.522692979146804,-1.06170785101196,0.291269446035669,0.520224045705617,"FARP2"
"6084",9856,-0.151221409223679,-2.30611140622735,-0.971758722488065,0.33383045327167,0.567084880288849,"KIAA0319"
"6085",9857,-0.00134468354055528,-2.00977339648437,-0.0130951157268881,0.989581510036093,0.994441930026447,"CEP350"
"6086",9859,-0.163691255647648,-0.994403301031067,-1.60361516593929,0.112377324984694,0.295405576340922,"CEP170"
"6087",9862,-0.0543591868235578,-2.68214877502776,-0.423005589284398,0.673321709222837,0.826392920274963,"MED24"
"6088",9863,-0.134398966290011,-1.41928539047946,-1.02489019643282,0.30822023966006,0.537917495318013,"MAGI2"
"6089",9867,-0.353473187674728,-1.91999761057303,-2.67248017168353,0.00896964561598352,0.0624922642348545,"PJA2"
"6090",9869,0.114257799779005,-1.27151816610109,0.971629186615813,0.333894551541854,0.567084880288849,"SETDB1"
"6091",9871,-0.0148830077854676,2.53172494386742,-0.20168264922179,0.84062967382179,0.926041875835945,"SEC24D"
"6092",9873,0.272439002184173,-4.72207048540141,1.32301633932459,0.189252787172023,0.406592092286272,"FCHSD2"
"6093",9875,-0.17367071958311,-2.33304220413249,-1.13474852958605,0.259557948292679,0.488102538793034,"URB1"
"6094",9878,-0.0733685438794004,-0.804323994398025,-0.70423243106052,0.483144963919378,0.690207416850278,"TOX4"
"6095",9879,0.0857799424724042,1.45563705655427,1.13713318730607,0.258565265185248,0.487430466126244,"DDX46"
"6096",9882,-0.147560711271329,-0.0555115541809197,-1.67979943129847,0.0965385089381669,0.269342439937486,"TBC1D4"
"6097",9885,0.0206616184663622,-1.519146906134,0.238878986745801,0.811754093604376,0.911201186656728,"OSBPL2"
"6098",9887,-0.0802193964944879,-2.20225489412659,-0.70574425739486,0.482208765806567,0.690207416850278,"SMG7"
"6099",9892,-0.493070844334137,0.453150723795466,-3.34111725723145,0.00122537440847865,0.0233364381355248,"SNAP91"
"6100",9894,-0.0219163556532931,-2.28429302326268,-0.213529197901779,0.831407476860003,0.919665421765545,"TELO2"
"6101",9895,-0.122462034489473,-1.14289198138797,-1.21556081171166,0.227398830814297,0.448801936828989,"TECPR2"
"6102",9898,-0.169166626213791,0.98562168000203,-1.46477208060607,0.146541817924422,0.349989758140118,"UBAP2L"
"6103",9900,-0.541107327264385,1.31432069798935,-4.58196888983504,1.50877467583751e-05,0.0025029348541326,"SV2A"
"6104",9902,0.22459267799534,-2.32460724309452,1.5752546905089,0.11878119264452,0.304834550438808,"MRC2"
"6105",9904,0.0339628267023175,-1.60384349367157,0.433880699285622,0.665435483987636,0.823114080633273,"RBM19"
"6106",9905,-0.174233088469033,-0.928999448271317,-1.47584729133888,0.143549317716802,0.345938638455332,"SGSM2"
"6107",9907,0.038444272360882,-2.46394898329651,0.304026388650131,0.76182453273612,0.882177123621174,"AP5Z1"
"6108",9909,-0.0651667768481219,-1.27455856132355,-0.554836905934699,0.580411829235307,0.766638219893763,"DENND4B"
"6109",9911,-0.535335310374453,-3.70813389954824,-2.5340525202392,0.0130422313023454,0.0777215686735883,"TMCC2"
"6110",9912,-0.180455597854356,-0.61044773757266,-1.94650536339374,0.0547798019560813,0.190936072916767,"ARHGAP44"
"6111",9913,-0.134202568932944,-1.56297948068216,-0.978723926973938,0.330395747864227,0.563268747618512,"SUPT7L"
"6112",9917,-0.252239470269701,0.691995247545624,-3.02467124891159,0.00326093588819335,0.0372730437276179,"FAM20B"
"6113",9920,0.382109767187458,-0.371690320502863,2.93398815297683,0.00426537605568236,0.0421554064385421,"KBTBD11"
"6114",9923,0.0690578873346328,-2.99054136698055,0.29766901406784,0.766656438280979,0.884115720618827,"ZBTB40"
"6115",9924,-0.0267483075800699,-3.03821971315236,-0.19789091778612,0.843586198809996,0.927186290892624,"PAN2"
"6116",9926,-0.130668739286617,-0.201903785432872,-1.36338304388954,0.176234995930086,0.389812758565358,"LPGAT1"
"6117",9927,-0.254238390598565,1.29741036413239,-3.46130366331231,0.000831150470117498,0.0196973034192324,"MFN2"
"6118",9931,-0.105887666862374,-1.95663131698662,-1.19874760048112,0.233839869149714,0.456457984662013,"HELZ"
"6119",9933,0.174067341380457,-0.222147549775499,2.45155679861964,0.0161972892665713,0.0896473954176868,"PUM3"
"6120",9939,0.0700850224633416,1.5725130109171,0.916980645554988,0.361655603841458,0.591920815344143,"RBM8A"
"6121",9941,-0.523376537643379,-0.878414785565895,-3.85694105581623,0.000218007566457596,0.0108791092920059,"EXOG"
"6122",9942,0.357762545613337,-1.67575978444989,2.85682587939925,0.0053371521246716,0.0475203899967646,"XYLB"
"6123",9953,0.147576100351379,-0.884365307330878,1.21834012179313,0.226346601969509,0.447732981917127,"HS3ST3B1"
"6124",996,-0.0348605838185155,-0.923569082165275,-0.451277050392642,0.652898506098375,0.817855312333025,"CDC27"
"6125",9960,0.468879767409401,-3.68004738962821,2.52606276250664,0.0133216049759657,0.078692943033176,"USP3"
"6126",9961,0.523386040603438,2.96720605095823,3.39345478370532,0.00103591752554131,0.0217012347159473,"MVP"
"6127",9968,0.0475712962746435,-2.5403964899747,0.336876086629017,0.737011309114372,0.868228669770729,"MED12"
"6128",997,-0.0200949848176716,-0.0090430112778106,-0.220215841903506,0.826212435218653,0.917858102082653,"CDC34"
"6129",9973,0.0689657784338149,1.10483003062502,0.775297899850839,0.440239248009921,0.657208223372049,"CCS"
"6130",9978,-0.123798589988802,0.753086859161811,-1.32810114818903,0.187574372757168,0.404543745602072,"RBX1"
"6131",9980,-0.0117276342286295,0.146631054739029,-0.098728484836936,0.921578090306729,0.96513330801957,"DOP1B"
"6132",9987,-0.124645388883526,2.82270440008232,-1.50826919338726,0.135062669122838,0.331473275920023,"HNRNPDL"
"6133",9989,0.161439967507125,0.224322492762501,2.1495147061441,0.0343341362103626,0.142010059339087,"PPP4R1"
"6134",999,0.288127755723607,1.86426139791984,3.6516088552152,0.000441593432469525,0.014782977592485,"CDH1"
"6135",9991,-0.130853569579864,1.89292681404093,-1.79494228034757,0.0760914693940086,0.233167869573371,"PTBP3"
"6136",9997,0.0383816795850661,-0.0920288005176869,0.462040223613659,0.64519118187334,0.811888749850182,"SCO2"
