"","Feature","logFC","Average.level","T_statistic","P_value","Adjusted.p_value","GeneID","chromosome"
"1","DDX3Y",-1.92736723618988,-0.0236488750275713,-4.99772367402748,1.69448841707918e-05,0.10400769904032,8653,"Y"
"2","HBD",-0.791245253937904,-0.151803008655469,-4.0127712732147,0.000308742455539487,0.467873990502691,3045,"11"
"3","CYP7B1",-0.494580995137256,0.0947758251905618,-3.97088284506308,0.000348224069859853,0.467873990502691,9420,"8"
"4","GAA",0.4148980103223,3.44807654867506,3.90456471657426,0.000421007338273796,0.467873990502691,2548,"17"
"5","ADSS1",0.48716755685476,-1.74737138653462,3.84471895703447,0.000499266683432323,0.467873990502691,122622,"14"
"6","GTPBP6",-0.289235380897843,-0.174142194285154,-3.83549741754457,0.00051252110085555,0.467873990502691,8225,"c(""X"", ""Y"")"
"7","RNF146",0.375067450187885,-1.53714835257311,3.80124316444894,0.00056481817162824,0.467873990502691,81847,"6"
"8","PEX19",0.455911388752032,-2.08792967032859,3.77415826424264,0.000609806439234527,0.467873990502691,5824,"1"
"9","SPON2",0.561197097488422,-1.44023919831412,3.71416270057755,0.000722191529265278,0.492534622958919,10417,"4"
"10","C11orf52",0.492373096393916,-1.94775541326748,3.5233144098065,0.00122950635940064,0.746958711910213,91894,"11"
"11","MAVS",0.303264196540525,0.902594929541703,3.48022133863563,0.00138458931155777,0.746958711910213,57506,"20"
"12","AGT",0.826982648070006,-0.0128368186950618,3.43267089409998,0.00157754014070744,0.746958711910213,183,"1"
"13","ZFP62",0.432452146265214,-5.56288145129685,3.43163374467468,0.00158202399068634,0.746958711910213,643836,"5"
"14","ROBO2",0.577956985311988,-3.50131015063689,3.4040999518168,0.00170563577796918,0.747799457512486,6092,"3"
"15","ZNF512B",0.496591774568292,-2.21209787134118,3.36030247602265,0.0019215656254229,0.786304653923049,57473,"20"
"16","ADAMTS2",0.291987828065652,-1.07875060980631,3.3325723376032,0.00207157363107354,0.794707434220587,9509,"5"
"17","ZNF185",0.752655382160123,0.484673794341536,3.29581618986415,0.00228775745894548,0.826015016647491,7739,"X"
"18","MMRN1",0.430936592381741,0.166871067616189,3.25839809715773,0.00252989830824957,0.856829753103508,22915,"4"
"19","PUDP",0.331415990942583,-0.691732889860157,3.20553064247517,0.00291404434137184,0.856829753103508,8226,"X"
"20","SCOC",0.608767302664315,-2.23506311107998,3.19296218552239,0.0030132256081521,0.856829753103508,60592,"4"
"21","RNF34",0.266980709893535,-1.59687850418137,3.17860477941232,0.00313045543355844,0.856829753103508,80196,"12"
"22","IFIT2",0.620827348046855,-1.49760800176056,3.1628622745208,0.00326397815289057,0.856829753103508,3433,"10"
"23","FSTL4",0.533251363741293,-0.299354720513825,3.11060515251005,0.00374708183660835,0.856829753103508,23105,"5"
"24","HBB",-0.919302447166532,4.87996766692656,-3.10152842361501,0.00383762641538798,0.856829753103508,3043,"11"
"25","ZNF428",0.410797343967883,-1.31167889663078,3.09831709535234,0.00387015487630778,0.856829753103508,126299,"19"
"26","FKBP8",0.264153550941676,0.650607992043036,3.08536967701878,0.00400397334333364,0.856829753103508,23770,"19"
"27","MAP4K2",0.440562903999742,-1.67707700323353,3.06081339329318,0.00426990520161743,0.856829753103508,5871,"11"
"28","ABCC4",-0.382333038900584,-0.736937102898906,-3.05105609866386,0.00438014357946936,0.856829753103508,10257,"13"
"29","N4BP1",0.455566302946423,-4.42490883008018,3.0455467102095,0.00444357274693318,0.856829753103508,9683,"16"
"30","NUDT8",-0.371536433733697,-2.1630403073836,-3.02689257186169,0.00466484651848599,0.856829753103508,254552,"11"
"31","FBXO45",0.279731401142262,-1.45961729756545,3.0209823708194,0.0047370979506411,0.856829753103508,200933,"3"
"32","ZDHHC14",-0.423232121192833,-0.887250630308762,-2.99354977498677,0.00508651469804119,0.856829753103508,79683,"6"
"33","BCAM",0.345770262356997,1.49612764698974,2.99265222577001,0.00509834799459635,0.856829753103508,4059,"19"
"34","MRGBP",0.685615133594036,-4.62718081670544,2.9925016201597,0.00510033612292783,0.856829753103508,55257,"20"
"35","CORO2B",0.350266147880644,0.515471807087685,2.98824508171572,0.00515682958936952,0.856829753103508,10391,"15"
"36","KANSL3",0.370108659465207,-3.93891221518074,2.98583664427218,0.00518905567596517,0.856829753103508,55683,"2"
"37","ARX",0.464439235338954,-1.22575348585696,2.97825584483799,0.00529173458702215,0.856829753103508,170302,"X"
"38","LIN7A",0.753699826656096,-2.87822909743224,2.94820030479547,0.00571797414309678,0.856829753103508,8825,"12"
"39","KDF1",0.455636775993189,-2.50660702665914,2.94721902004456,0.0057324210223234,0.856829753103508,126695,"1"
"40","AGR2",-0.911341879557114,1.42339045285021,-2.94006923830651,0.00583872474593813,0.856829753103508,10551,"7"
"41","PHC3",0.266078380466373,-0.751198379305006,2.93638926655497,0.00589415932046143,0.856829753103508,80012,"3"
"42","ZNF652",0.497609842786987,-3.51055847086178,2.92986676046906,0.00599363175496923,0.856829753103508,22834,"17"
"43","COMMD5",0.262551471913867,-0.06979600105968,2.92928667423255,0.00600255447759056,0.856829753103508,28991,"8"
"44","TLCD4",0.375033001368792,-1.53880398179314,2.91035197179011,0.00630075363241239,0.867965425259317,148534,"1"
"45","TAF9",-0.300758531913418,-1.8943359646501,-2.90526050227132,0.00638328134473126,0.867965425259317,6880,"5"
"46","NPC2",0.394493526047751,0.141298676828133,2.89787546066339,0.00650479139164688,0.867965425259317,10577,"14"
"47","PKP1",0.759173356535635,-3.13135194278325,2.86667120395974,0.00704257754889293,0.899019958170968,5317,"1"
"48","CHGB",0.529265172747046,2.05070353061295,2.85347240953002,0.00728236386054351,0.899019958170968,1114,"20"
"49","ZMYM4",0.380657174793224,-1.6708435168628,2.84740669430943,0.00739510721034183,0.899019958170968,9202,"1"
"50","CACNA1C",0.461758905297009,-5.02369747814026,2.83486834863394,0.00763335654292867,0.899019958170968,775,"12"
"51","SUGP2",0.220427075524071,0.0497946505604592,2.81790525188564,0.00796712602477981,0.899019958170968,10147,"19"
"52","B4GALT4",0.251875021502196,-0.37842113468476,2.80799965208499,0.00816828965342488,0.899019958170968,8702,"3"
"53","RTBDN",0.548768110316004,-2.3037400059546,2.80467657161449,0.00823683116669325,0.899019958170968,83546,"19"
"54","SMOC1",0.524782297867797,-1.20919052412092,2.80368859889725,0.00825731235379401,0.899019958170968,64093,"14"
"55","PRPH",-0.593025644724186,-0.611154045356173,-2.802374512268,0.00828462775905833,0.899019958170968,5630,"12"
"56","ARL6IP1",-0.228774010949451,0.800598743768583,-2.79661460247158,0.00840535521434625,0.899019958170968,23204,"16"
"57","SLC12A8",-0.319458229507454,-2.52564845535381,-2.78983009494763,0.00854966428142553,0.899019958170968,84561,"3"
"58","OSBPL6",0.35827189529751,-1.79966829800321,2.78833239095572,0.00858183103128978,0.899019958170968,114880,"2"
"59","PISD",0.274098362312361,-1.41452665905474,2.78225672585238,0.0087134820427153,0.899019958170968,23761,"22"
"60","REPIN1",0.283931568577581,-1.00995566057462,2.77789863011491,0.00880907344733048,0.899019958170968,29803,"7"
"61","H1-10",0.364722973066056,2.22138662890718,2.75991320050664,0.00921400734121192,0.899019958170968,8971,"3"
"62","JMY",0.471952226953168,-2.88839709487418,2.75786891565873,0.00926111532469275,0.899019958170968,133746,"5"
"63","CBX7",0.422861632841813,-1.36076182649483,2.75593230297011,0.0093059489665275,0.899019958170968,23492,"22"
"64","PARP10",0.25932236479673,-1.32456870955676,2.75301167698529,0.00937394547457509,0.899019958170968,84875,"8"
"65","ZNF285CP",0.407119911347569,0.204229190714438,2.73296761187214,0.00985322712356995,0.910070977935287,646915,"2"
"66","SETD2",-0.439980316324875,-2.62551097643357,-2.7297073545753,0.00993330676824134,0.910070977935287,29072,"3"
"67","SLC2A1",-0.398427915547899,0.449262095702883,-2.72696783577653,0.0100010632959647,0.910070977935287,6513,"1"
"68","VGF",0.778907792650446,4.02057456143549,2.72245518543713,0.0101136122156299,0.910070977935287,7425,"7"
"69","ST18",0.386010600392655,-3.0542375079279,2.71243835956504,0.0103676587182235,0.910070977935287,9705,"8"
"70","ATP1B3",-0.24432965904235,1.41146843210903,-2.70950754151939,0.010443103459858,0.910070977935287,483,"3"
"71","PPT1",0.233354361507788,2.48860571637637,2.70626943358176,0.0105270510644193,0.910070977935287,5538,"1"
"72","MEX3D",-0.385855330669584,-2.22902360708943,-2.68153157879804,0.0111893503264592,0.914731888412554,399664,"19"
"73","BRD1",0.232839148995102,-1.07156824043825,2.67974756652749,0.0112385764529424,0.914731888412554,23774,"22"
"74","PODN",-0.592298568328143,-1.94510269411852,-2.64989830505628,0.0120925465807615,0.914731888412554,127435,"1"
"75","HBA1",-0.595927145138192,4.18991416352586,-2.64827903389059,0.012140547572972,0.914731888412554,3039,"16"
"76","EIF4E2",-0.241938714332421,-0.782124332966539,-2.64294363642717,0.0122999577116828,0.914731888412554,9470,"2"
"77","ZNF827",-0.473637625843887,-1.22737210397817,-2.6344264284926,0.0125584491159308,0.914731888412554,152485,"4"
"78","SCG2",0.504720153251343,2.45997266327176,2.63107875878508,0.0126614160909384,0.914731888412554,7857,"2"
"79","ABLIM2",0.303428677991063,-0.281910753381891,2.63013684466049,0.0126905276027308,0.914731888412554,84448,"4"
"80","NPRL3",0.204475076023456,-1.22615177541604,2.62591695365078,0.0128217114258837,0.914731888412554,8131,"16"
"81","MPP2",0.289976115759267,0.00506146663908885,2.62109467182282,0.0129731546687417,0.914731888412554,4355,"17"
"82","EVA1B",0.240889799469615,-0.698048308928182,2.61909927404933,0.0130363016892278,0.914731888412554,55194,"1"
"83","SSTR2",0.332560020521938,-0.956902032226707,2.61611486966977,0.0131312768878236,0.914731888412554,6752,"17"
"84","TECPR1",0.258053181590812,-0.452283017096859,2.61266361823501,0.0132419051060226,0.914731888412554,25851,"7"
"85","H2AC6",0.361403931303701,4.97700151375317,2.60920233028106,0.0133537183208925,0.914731888412554,8334,"6"
"86","GHRL",0.764458870692391,0.208753737465101,2.59659518471745,0.01376838296223,0.914731888412554,51738,"3"
"87","MLXIPL",0.343477718597268,-0.848532359542818,2.59018293804046,0.0139838138938542,0.914731888412554,51085,"7"
"88","GSTM2",0.431171563997546,2.20591027360308,2.58864214627158,0.0140360403199943,0.914731888412554,2946,"1"
"89","OSBPL10",0.267483268981869,-1.04070275692251,2.58350986306323,0.0142113022256551,0.914731888412554,114884,"3"
"90","CA5B",-0.329715646083798,-2.41940279527618,-2.5769172906855,0.0144393885521526,0.914731888412554,11238,"X"
"91","AFF4",0.277906415233591,-2.14636275297824,2.57131300052981,0.0146359276531456,0.914731888412554,27125,"5"
"92","CTSG",-0.917592045607077,-0.241789700624718,-2.57023169073774,0.0146741306918585,0.914731888412554,1511,"14"
"93","SLC35A3",-0.268205459816543,-0.258589134332022,-2.56825471082065,0.0147442153716816,0.914731888412554,23443,"1"
"94","ABL1",0.246614972840015,-2.38464690663552,2.56743831711654,0.0147732465709816,0.914731888412554,25,"9"
"95","FBXL17",-0.299817631514489,-1.41017046789625,-2.56419852759941,0.0148889735686783,0.914731888412554,64839,"5"
"96","TRAK1",0.687712063732181,-3.40830776951392,2.56353679608957,0.0149127132728002,0.914731888412554,22906,"3"
"97","HMGN5",0.43237199379438,0.179290942929307,2.54787838458566,0.0154847167239917,0.914731888412554,79366,"X"
"98","H2AZ1",0.279698783356475,5.31068042750308,2.53997714990672,0.0157809386449014,0.914731888412554,3015,"4"
"99","PDE3B",0.368759828415952,-1.31575678856518,2.53632765541706,0.0159195092706512,0.914731888412554,5140,"11"
"100","C1QL1",0.81475951784191,-3.62919804929803,2.53150880632666,0.0161041910568635,0.914731888412554,10882,"17"
"101","AMIGO1",0.304773217510255,-1.34016366933604,2.52941128881898,0.0161851905503285,0.914731888412554,57463,"1"
"102","SGSM1",0.241915815981273,0.493217819414231,2.5257653459965,0.0163268753025802,0.914731888412554,129049,"22"
"103","IRX2",0.455312510955165,-4.68443755723318,2.52186809101779,0.016479583432701,0.914731888412554,153572,"5"
"104","MCOLN3",0.481989337240244,-6.17852712243884,2.52048136641052,0.0165342353112494,0.914731888412554,55283,"1"
"105","MMAB",0.339898935919287,1.39231588284929,2.52031496044883,0.0165408046519,0.914731888412554,326625,"12"
"106","ERF",-0.342014036767714,-2.35021713004483,-2.51766880378545,0.0166455911534165,0.914731888412554,2077,"19"
"107","HMGXB4",0.491925294514007,-4.98725840063571,2.51422110708042,0.016783031068434,0.914731888412554,10042,"22"
"108","ZNF574",-0.267004358351284,-1.81491815359435,-2.5141312298847,0.0167866278258753,0.914731888412554,64763,"19"
"109","RAC3",0.243608406776392,-0.554254817449872,2.51393435757746,0.0167945088436774,0.914731888412554,5881,"17"
"110","IDH3G",-0.167432838733004,1.91613604268827,-2.51308728418717,0.0168284568273407,0.914731888412554,3421,"X"
"111","NEGR1",0.306680072196678,-0.407013213113645,2.51149166968465,0.0168925747612446,0.914731888412554,257194,"1"
"112","VSNL1",0.440620383109638,-0.791969489316144,2.50876635706748,0.0170026061304583,0.914731888412554,7447,"2"
"113","SHROOM2",0.259418892512381,-0.797569458152551,2.50640412059512,0.0170985094298667,0.914731888412554,357,"X"
"114","HECW2",0.313773850778215,-1.2544659245566,2.50573179173001,0.0171258954115269,0.914731888412554,57520,"2"
"115","PRADC1",0.346572669954036,-3.62904201812462,2.50369046189066,0.0172092912414495,0.914731888412554,84279,"2"
"116","FHIP1A",-0.436860130811457,-2.45650765470938,-2.50179135003087,0.0172872106640365,0.914731888412554,729830,"4"
"117","ADAM15",0.521032396876809,-4.86975133252373,2.49610639234736,0.0175223955660349,0.919251828925829,8751,"1"
"118","FBLN7",0.321823245584524,-0.512927550630949,2.46555227257597,0.0188373057645416,0.936326878007133,129804,"2"
"119","AASS",-0.256506760518255,-0.166286939611922,-2.46404098195651,0.0189046257801506,0.936326878007133,10157,"7"
"120","CEACAM1",0.355050613125239,-2.13633968328299,2.46096181998678,0.0190424662117466,0.936326878007133,634,"19"
"121","PBX2",0.335030039043209,-3.28204669973187,2.46062614305375,0.0190575482975987,0.936326878007133,5089,"6"
"122","DOP1B",0.236567837955472,0.0773848816972164,2.45338271915232,0.0193856649074655,0.936326878007133,9980,"21"
"123","MED25",0.388338086908975,-1.85760852686966,2.45226493685461,0.0194367553137265,0.936326878007133,81857,"19"
"124","ZNF687",0.191105576740991,-0.415091008957507,2.45017065719855,0.019532809127355,0.936326878007133,57592,"1"
"125","SCG3",0.406872612419822,2.02817960694772,2.44827329465927,0.0196202048738001,0.936326878007133,29106,"15"
"126","MADD",0.208680804209904,0.191059218059211,2.44628180687383,0.0197123195471201,0.936326878007133,8567,"11"
"127","DPH6",0.394085921289579,-2.34165833329237,2.44085927260303,0.0199651360741156,0.936326878007133,89978,"15"
"128","WBP4",0.377653171464522,-3.41852939042276,2.4394814374343,0.0200298443459588,0.936326878007133,11193,"13"
"129","SYT17",0.281977116707216,-0.261037268990731,2.43941029414495,0.0200331906819296,0.936326878007133,51760,"16"
"130","NBR1",-0.214809972462774,-0.906064272549127,-2.4378378304643,0.0201072841385758,0.936326878007133,4077,"17"
"131","ZMYM2",0.218135309898175,-1.54243755912194,2.43017798567265,0.0204717931342843,0.936326878007133,7750,"13"
"132","PLPP5",-0.380725166227268,-2.8128776884483,-2.42933311455628,0.020512364242987,0.936326878007133,84513,"8"
"133","NSUN6",-0.404440107345285,-2.1234956287325,-2.42034105191158,0.0209487244562812,0.936326878007133,221078,"10"
"134","CYB561D2",0.166377972413073,-0.350307577777533,2.41845992155092,0.0210410719411905,0.936326878007133,11068,"3"
"135","SRCIN1",0.342323412305969,-0.525925112362714,2.41516135578492,0.0212038977361884,0.936326878007133,80725,"17"
"136","ADH1C",-0.678344526331169,0.769139390985493,-2.41463434086259,0.021230018462873,0.936326878007133,126,"4"
"137","RPS6KA3",0.220599867505083,2.31122997896459,2.41309543601229,0.0213064595774499,0.936326878007133,6197,"X"
"138","JSRP1",0.332640523142163,-1.61189760307789,2.41247787116864,0.0213372058074183,0.936326878007133,126306,"19"
"139","DUSP26",-0.512796246220583,-2.17105768811098,-2.40987451363596,0.0214672610716102,0.936326878007133,78986,"8"
"140","CTNNAL1",-0.376054351575593,-0.69856476321244,-2.40968706379736,0.0214766532059049,0.936326878007133,8727,"9"
"141","SLC25A6",-0.203872743530854,5.48989184561313,-2.40715398986913,0.0216039390849804,0.936326878007133,293,"c(""X"", ""Y"")"
"142","CPSF4",0.343194731826812,-2.52733926205086,2.40561961172214,0.0216813739314042,0.936326878007133,10898,"7"
"143","STEAP4",-0.494283481240394,0.821271007070021,-2.40077830513027,0.0219273541064235,0.936326878007133,79689,"7"
"144","CADPS2",0.354912841742713,-0.487475904853718,2.39112512649715,0.022425398469799,0.936326878007133,93664,"7"
"145","RNF13",0.301001768535293,-2.13795234339266,2.38992366919733,0.0224880994494394,0.936326878007133,11342,"3"
"146","SERPINI1",0.305974544051551,-0.313503677300989,2.38967107074528,0.0225013021372763,0.936326878007133,5274,"3"
"147","BICRAL",0.53612235226836,-3.18163415086722,2.37219326041437,0.0234320806248534,0.936326878007133,23506,"6"
"148","CAV1",-0.323397413324094,2.29255548134741,-2.37155964046359,0.0234664701249762,0.936326878007133,857,"7"
"149","MAGI3",0.624220530118067,-3.20793286646816,2.36834096059324,0.0236418699578051,0.936326878007133,260425,"1"
"150","FAM234B",0.238420709810512,-0.973070727392051,2.36720990486282,0.0237037874974868,0.936326878007133,57613,"12"
"151","SPPL2A",-0.452656356763997,-3.070350341936,-2.36624706044102,0.0237566123065538,0.936326878007133,84888,"15"
"152","NT5C3A",0.271083407488289,0.123299638725275,2.36333177953724,0.0239172048694024,0.936326878007133,51251,"7"
"153","MOB4",-0.247147926106039,-0.138737168417042,-2.36285833695661,0.0239433777288039,0.936326878007133,25843,"2"
"154","SLC35G2",0.486315824524135,-2.68313845623123,2.36135320617459,0.0240267567269624,0.936326878007133,80723,"3"
"155","EEIG1",0.23128873822827,-1.21622556137334,2.35985739474219,0.0241098797722296,0.936326878007133,399665,"9"
"156","SUMO3",0.292041595461462,-2.17080736644796,2.35755105250449,0.0242385545734595,0.936326878007133,6612,"21"
"157","FASTKD1",-0.252191759691905,-1.89806995077406,-2.35517109974099,0.0243719874344094,0.936326878007133,79675,"2"
"158","STOM",-0.350299875644687,2.27114615137452,-2.35516613182881,0.0243722666558004,0.936326878007133,2040,"9"
"159","SULT1A4",-0.591195790256892,-1.70547636447608,-2.35233898372921,0.0245316367014321,0.936326878007133,445329,"16"
"160","SMARCA1",0.198236844721367,0.783553325006536,2.35188217612756,0.0245574758219947,0.936326878007133,6594,"X"
"161","LARP1B",-0.267810102355108,-2.14465291603799,-2.35183945340887,0.0245598936720672,0.936326878007133,55132,"4"
"162","RBP5",-0.527084383330764,0.0580563460754043,-2.34434888822839,0.0249871577484905,0.946610098535311,83758,"12"
"163","UNC119",0.457538708529792,-3.21963268513995,2.34173090515612,0.0251380655036259,0.946610098535311,9094,"17"
"164","GGA2",0.247800953880656,0.680660185462789,2.33866121326355,0.0253160596752991,0.947499843213329,23062,"16"
"165","RCOR3",0.2076620842579,0.230201098515895,2.33559008066648,0.0254952760025167,0.94842426729362,55758,"1"
"166","GALNT7",-0.225262341963297,-0.408203511248165,-2.33229453138599,0.0256888620011075,0.94986888531806,51809,"4"
"167","NMRAL1",-0.305109312212463,-0.566246331787524,-2.32354870339035,0.0262090568796199,0.950114322969714,57407,"16"
"168","TLE5",0.268573582124079,-0.346674669517934,2.320692060608,0.026381015632963,0.950114322969714,166,"19"
"169","DHTKD1",-0.216646312520595,0.708611622264536,-2.31620931773196,0.026652911318257,0.950114322969714,55526,"10"
"170","PMF1-BGLAP",0.531271702058623,-5.36249210775042,2.31599082212635,0.0266662282719148,0.950114322969714,100527963,"1"
"171","MECP2",0.255245362262722,2.63949744630921,2.31465487528336,0.0267477826235499,0.950114322969714,4204,"X"
"172","ASPH",-0.197694747736599,0.982165673358916,-2.31433188077695,0.0267675339029918,0.950114322969714,444,"8"
"173","MBD3",0.334813072531845,-2.39795497077878,2.31414373871488,0.02677904494522,0.950114322969714,53615,"19"
"174","HM13",-0.221858465311791,3.19507911623198,-2.31131817631544,0.0269524580670564,0.95077119319306,81502,"20"
"175","LMOD1",-0.461331711817255,-1.04574020537817,-2.30407149890535,0.0274018432192979,0.959248025735898,25802,"1"
"176","CCDC88A",0.227730891767826,-1.42211821429416,2.30241803400069,0.0275053197343627,0.959248025735898,55704,"2"
"177","TANC1",-0.378999636580022,-2.13943531156655,-2.2964350889137,0.0278826885320519,0.96556534279626,85461,"2"
"178","TAF6L",0.254239093271135,-1.20526466029553,2.29003050877856,0.0282918095783546,0.96556534279626,10629,"11"
"179","IRF2BP1",0.200482543629876,-0.514554939317076,2.28213698213491,0.028803467471089,0.96556534279626,26145,"19"
"180","PDP2",0.273538028911679,-3.64341448722716,2.27872544992768,0.029027165519269,0.96556534279626,57546,"16"
"181","PDCD7",0.252469773898853,-2.29313863352608,2.27108420057189,0.0295338840674794,0.96556534279626,10081,"15"
"182","ACOT7",-0.279395703717266,0.261747306230987,-2.26704635809454,0.0298048429054974,0.96556534279626,11332,"1"
"183","CWC15",0.269575554676371,0.247025669466759,2.26412207121386,0.0300024676317301,0.96556534279626,51503,"11"
"184","KCTD12",0.37281777300712,2.88246973252333,2.25810929823292,0.0304125119619961,0.96556534279626,115207,"13"
"185","SLC1A4",-0.275140521635135,-0.386817880528517,-2.25789173435003,0.0304274426210342,0.96556534279626,6509,"2"
"186","LGALS4",-0.748669731401264,1.78937359500709,-2.2545564365042,0.0306571568101347,0.96556534279626,3960,"19"
"187","ERO1A",-0.17856956806645,2.35579541324634,-2.2542462996841,0.0306785958775703,0.96556534279626,30001,"14"
"188","APOE",-0.471135641468494,1.89029273947589,-2.25079094782159,0.0309183672351649,0.96556534279626,348,"19"
"189","ZNF593",-0.741114215902655,-3.99974461888146,-2.2496018797302,0.0310012657904796,0.96556534279626,51042,"1"
"190","ALDOC",0.265441647870312,1.47839442175772,2.24876946564041,0.0310594178683147,0.96556534279626,230,"17"
"191","KIF16B",0.26665944875134,-0.0413305511564436,2.24387399248565,0.0314033951249654,0.96556534279626,55614,"20"
"192","ZKSCAN1",0.230485410360914,0.0750145400789151,2.24170765380112,0.0315566974675577,0.96556534279626,7586,"7"
"193","HERC5",0.205636285577625,-1.48139632302032,2.23522520155402,0.0320194424955108,0.96556534279626,51191,"4"
"194","SMPD3",0.281498596494238,-1.0590478692707,2.23235629588466,0.0322261685064462,0.96556534279626,55512,"16"
"195","SYT5",0.290764674990697,1.73374917281309,2.23188844252554,0.0322599938229635,0.96556534279626,6861,"19"
"196","PHF14",0.189460423086961,-0.214833116787766,2.22752402066955,0.0325770701739707,0.96556534279626,9678,"7"
"197","ARID4A",0.376933682933455,-3.3107823807574,2.22626575230635,0.03266899974001,0.96556534279626,5926,"14"
"198","FOXRED1",-0.221377032249411,0.0421719891818731,-2.22619643320741,0.0326740709536632,0.96556534279626,55572,"11"
"199","CEP350",0.219005069692552,-2.09675806411353,2.22390037955446,0.0328424427571695,0.96556534279626,9857,"1"
"200","PCMTD2",0.252707925376221,-1.24116646068054,2.21669941146908,0.03337553750053,0.96556534279626,55251,"20"
"201","CENPC",0.220687873248523,-0.829538107753439,2.21491044558106,0.033509169293478,0.96556534279626,1060,"4"
"202","TBRG4",-0.135095113765615,0.706535488376458,-2.2110751978794,0.0337972650962432,0.96556534279626,9238,"7"
"203","GALC",0.370768713754743,0.631571000757232,2.20778728054018,0.0340460046918498,0.96556534279626,2581,"14"
"204","TPCN1",0.407948791794448,-3.94584442952452,2.20013151454363,0.0346315241996593,0.96556534279626,53373,"12"
"205","PGBD5",0.272233930317309,-2.12651042175785,2.19834824117317,0.0347691932723089,0.96556534279626,79605,"1"
"206","GPX3",0.351449278637398,0.662610828225661,2.19347090286435,0.0351482200457493,0.96556534279626,2878,"5"
"207","SMARCD1",0.224935703525081,-0.518909872632315,2.19193661357362,0.0352682114285888,0.96556534279626,6602,"12"
"208","PLXNA3",-0.232282393274427,-1.45534357229874,-2.18336607244988,0.0359452200354044,0.96556534279626,55558,"X"
"209","CALCOCO2",0.340359733493957,-2.08034293810987,2.1798287096493,0.0362280016378279,0.96556534279626,10241,"17"
"210","SERPIND1",-0.86324475557989,0.227333910708839,-2.17905239569842,0.0362903254999499,0.96556534279626,3053,"22"
"211","RADX",0.332723576838228,-1.60734350720422,2.17813671880069,0.0363639602771407,0.96556534279626,55086,"X"
"212","PHC1",0.508713531684302,-5.24206901885556,2.17336949213308,0.0367494715255072,0.96556534279626,1911,"12"
"213","DHX33",0.276798754866904,-1.17349206013028,2.17158007923691,0.0368951114588387,0.96556534279626,56919,"17"
"214","EP400",0.217346382992438,-0.959941241831367,2.16962606352847,0.0370547343080782,0.96556534279626,57634,"12"
"215","MRC2",0.309481649679692,-2.40293817468869,2.16830195085955,0.0371632492457407,0.96556534279626,9902,"17"
"216","PRR12",0.312247300785072,-2.40605078637185,2.16543845786545,0.0373988872745848,0.96556534279626,57479,"19"
"217","CES1",-0.68147197534935,0.0536847794980021,-2.16229666314249,0.0376589533324815,0.96556534279626,1066,"16"
"218","PCGF2",0.216838426621902,-1.30558317609114,2.15505263841881,0.0382647169813044,0.96556534279626,7703,"17"
"219","ENTPD1",-0.323025183011498,-0.61598227327149,-2.15336767767184,0.0384068514806389,0.96556534279626,953,"10"
"220","TECPR2",-0.240834914555032,-1.21512360372425,-2.15283272618762,0.0384520750794121,0.96556534279626,9895,"14"
"221","MCAM",-0.291212493399634,-0.180533049175978,-2.15140485416443,0.0385730156334385,0.96556534279626,4162,"11"
"222","ZBTB38",0.371832589581612,-4.08079908430814,2.14733371227375,0.0389196955456017,0.96556534279626,253461,"3"
"223","DTNBP1",0.318815814225498,-1.87351283095387,2.14635572344927,0.0390033871453501,0.96556534279626,84062,"6"
"224","HTT",0.177282088363301,0.49050136521038,2.1450840117981,0.039112452785726,0.96556534279626,3064,"4"
"225","MACROH2A1",0.208891328225627,5.66964443064847,2.14083137213927,0.0394791378105451,0.96556534279626,9555,"5"
"226","REXO4",0.412188828461836,-4.87697560213235,2.14043939691877,0.0395130888477548,0.96556534279626,57109,"9"
"227","DHRSX",-0.308492053548608,-1.0069727632799,-2.13655373175502,0.0398510487071404,0.96556534279626,207063,"c(""X"", ""Y"")"
"228","CSNK1G3",-0.194192563205182,-1.28159144986657,-2.13391792836456,0.0400817556519263,0.96556534279626,1456,"5"
"229","C6orf120",0.43657100410188,-3.32734605997185,2.13235573570018,0.0402190489938105,0.96556534279626,387263,"6"
"230","SHARPIN",0.164292125939697,-0.913973491133633,2.13168816747256,0.0402778451158276,0.96556534279626,81858,"8"
"231","GNAS",0.247477631912579,2.25751900629084,2.1307942829982,0.0403566932192361,0.96556534279626,2778,"20"
"232","SIN3B",0.198913696177573,-1.46316672183936,2.12858036017872,0.0405525683450268,0.96556534279626,23309,"19"
"233","TAF12",-0.239673571921176,-2.89735433118849,-2.12556997601661,0.0408202594615065,0.96556534279626,6883,"1"
"234","NKX2-2",0.279485514305073,-1.38447051605546,2.12307700586934,0.0410431229706854,0.96556534279626,4821,"20"
"235","TRIT1",-0.531983095523746,-0.845412230442507,-2.11991444056144,0.0413273943176989,0.96556534279626,54802,"1"
"236","JPT2",0.291440214897727,-0.679728416338846,2.11824810069171,0.041477874643033,0.96556534279626,90861,"16"
"237","NBEAL1",0.192416027428842,-1.0947484913819,2.11752254011863,0.041543548278558,0.96556534279626,65065,"2"
"238","CELF6",0.230398814486268,-1.26489838877126,2.11732183524043,0.0415617311701641,0.96556534279626,60677,"15"
"239","IFT88",-0.402310083564954,-3.05361535496798,-2.11675489753716,0.0416131309909369,0.96556534279626,8100,"13"
"240","PPP6R2",0.186801156976478,0.408833478524324,2.11593174265875,0.0416878600346622,0.96556534279626,9701,"22"
"241","VASN",0.369551850892551,-2.82553367695391,2.11463005606515,0.0418062740367008,0.96556534279626,114990,"16"
"242","NUCB1",0.202310962575062,1.42970081166887,2.11270805117076,0.0419816616269692,0.96556534279626,4924,"19"
"243","NDUFA4L2",-0.268121466722987,-1.62072016984159,-2.10948310498747,0.0422774064871778,0.96556534279626,56901,"12"
"244","PHF12",0.379307902301904,-2.81024406677991,2.10618646796825,0.0425816260974286,0.96556534279626,57649,"17"
"245","TTLL12",0.196270673814578,1.27338504297471,2.09849155457427,0.0432992577815119,0.96556534279626,23170,"22"
"246","RAPGEF2",0.279134166506645,-2.97606885493757,2.09835309822503,0.0433122674251328,0.96556534279626,9693,"4"
"247","PPP1R2",0.318356287152342,-0.242695215600454,2.09692579792589,0.0434465805989668,0.96556534279626,5504,"3"
"248","SLC22A17",0.328629429109744,-0.82775851826822,2.08907818363405,0.0441916457604373,0.96556534279626,51310,"14"
"249","COPZ2",-0.460647895556825,-2.95885024518312,-2.0885215899102,0.0442449147786992,0.96556534279626,51226,"17"
"250","NPDC1",0.286565295975481,0.278971394453949,2.08770476761989,0.0443231915081247,0.96556534279626,56654,"9"
"251","DSN1",-0.369231019514219,-2.83593266991274,-2.08476076913938,0.0446063304336215,0.96556534279626,79980,"20"
"252","IGFBP5",0.521269605977246,0.503486896637653,2.0845721293487,0.0446245270448922,0.96556534279626,3488,"2"
"253","GUCY1B1",-0.156717343202332,-0.118503404811587,-2.08413680805623,0.0446665440517947,0.96556534279626,2983,"4"
"254","NFYB",0.215838380316602,-0.982160646813608,2.0810443504277,0.0449660307122347,0.96556534279626,4801,"12"
"255","CHCHD6",-0.169997039037858,0.920497141038426,-2.0807687577909,0.044992805864889,0.96556534279626,84303,"3"
"256","GRB14",-0.36821930193052,-1.92679599961162,-2.08044471612412,0.0450243060265351,0.96556534279626,2888,"2"
"257","AGPAT2",0.284860295536557,0.0518529661484971,2.0784392342118,0.0452196915734615,0.96556534279626,10555,"9"
"258","RALGPS2",0.389935349217531,-2.46533690081607,2.07712358656236,0.0453482744968509,0.96556534279626,55103,"1"
"259","C15orf39",0.304704322046099,-5.2950145425419,2.07423589642931,0.0456316272974644,0.96556534279626,56905,"15"
"260","HSPA4L",0.174022863169411,1.36718098646992,2.07416483668474,0.0456386195819232,0.96556534279626,22824,"4"
"261","ZC2HC1A",0.340349039675286,-0.724415920814097,2.07375053625367,0.045679405546385,0.96556534279626,51101,"8"
"262","PGM5",-0.302243009948296,-0.428390280773198,-2.07177954077175,0.0458738803311178,0.96556534279626,5239,"9"
"263","HDAC8",0.557353327204477,-4.71467153813931,2.07036817137542,0.0460135847603687,0.96556534279626,55869,"X"
"264","PPP1R14B",0.594971857875844,-1.7980017896296,2.07012874776502,0.0460373211884579,0.96556534279626,26472,"11"
"265","ALPK3",0.226620337901464,1.05942310142683,2.06994450549866,0.0460555942739779,0.96556534279626,57538,"15"
"266","FBXO9",0.317191884533605,-1.58666740002955,2.0694820331512,0.0461014902204284,0.96556534279626,26268,"6"
"267","ANKRD13A",0.159327770462229,-0.686470296343889,2.06759394498318,0.0462892823083278,0.96556534279626,88455,"12"
"268","MTG1",-0.188308121332995,0.107520829315608,-2.06700289304979,0.0463482072519288,0.96556534279626,92170,"10"
"269","SLC25A46",0.195758420871009,0.212456076943873,2.06543878531867,0.0465044592123612,0.96556534279626,91137,"5"
"270","POLR1F",0.377032073405866,-1.83575152550708,2.0632939628993,0.0467194761934799,0.96556534279626,221830,"7"
"271","SPATA33",0.364252900738391,-2.89479800027207,2.0626238858012,0.0467868297867322,0.96556534279626,124045,"16"
"272","RIOK1",0.256434005420027,-2.00557579164746,2.05831827914856,0.047221651288665,0.96556534279626,83732,"6"
"273","GALNS",0.19026485224274,0.140484361321909,2.05685271504671,0.0473704653831424,0.96556534279626,2588,"16"
"274","HNF4A",0.335598271936508,-1.81927604989387,2.05622863017126,0.0474339601508156,0.96556534279626,3172,"20"
"275","PLCH2",-0.334351734317817,-1.34338741911274,-2.05393531451077,0.0476679255608689,0.96556534279626,9651,"1"
"276","INTS12",0.177617083377035,-1.10602820082365,2.0533940811545,0.0477232899975006,0.96556534279626,57117,"4"
"277","NKRF",-0.188857623692219,-1.04158636756062,-2.05338419115761,0.0477243022006825,0.96556534279626,55922,"X"
"278","P4HTM",0.292352936192986,-0.556932984597727,2.04961719075988,0.0481112129521559,0.96556534279626,54681,"3"
"279","GTF2H4",-0.212256836790157,-1.97326553440593,-2.04784609356717,0.0482940723462055,0.96556534279626,2968,"6"
"280","ME3",-0.268603235823746,-0.0587590457333847,-2.04576926439174,0.048509273601757,0.96556534279626,10873,"11"
"281","KRT3",0.947390326059964,-2.63766345169851,2.04265675747501,0.0488333660190841,0.96556534279626,3850,"12"
"282","PDE8B",-0.31868421709534,-2.38972356151987,-2.04150098922941,0.0489541936595837,0.96556534279626,8622,"5"
"283","KANK3",-0.274181139542091,-1.13002005944294,-2.03970055064831,0.049142939088896,0.96556534279626,256949,"19"
"284","NOA1",-0.332747411441303,-2.02430601559687,-2.03922677135184,0.0491927126462875,0.96556534279626,84273,"4"
"285","ZNF516",0.218599501814889,-1.56607053505295,2.03558488986695,0.049576792327691,0.96556534279626,9658,"18"
"286","ARID4B",-0.286078047039315,-1.5303384209897,-2.03439269120858,0.0497030931093785,0.96556534279626,51742,"1"
"287","CEP85",0.393939785387319,-0.554479726206962,2.03323123261061,0.0498264081320325,0.96556534279626,64793,"1"
"288","RIPOR1",-0.178666996115143,0.115486968122963,-2.03282709794781,0.0498693789080273,0.96556534279626,79567,"16"
"289","RAP1GAP",0.323034957631808,-0.516322469296351,2.03221433428068,0.0499345946433824,0.96556534279626,5909,"1"
"290","DMAP1",0.171779175552308,-0.443326461381185,2.03155254170288,0.0500051123072492,0.96556534279626,55929,"1"
"291","GPT",-0.54601379194001,-2.63057257891959,-2.03003041284169,0.050167634427632,0.96556534279626,2875,"8"
"292","MANEAL",0.228131211441859,-0.933208244236139,2.02680044229712,0.0505140395610871,0.96556534279626,149175,"1"
"293","SLC25A25",-0.166084190879295,1.16668639098675,-2.02477445274897,0.0507323874040758,0.96556534279626,114789,"9"
"294","MBP",0.325466686572861,-1.08925554260304,2.02093308272823,0.0511486519430224,0.96556534279626,4155,"18"
"295","NPC1",-0.163068555709804,-0.0112012940397802,-2.01993466582547,0.0512573316034311,0.96556534279626,4864,"18"
"296","RAPGEF6",-0.24544766064074,-0.188373058805084,-2.01957593632499,0.0512964292781364,0.96556534279626,51735,"5"
"297","RNF181",-0.222979497355515,-0.306286836883424,-2.01637131640428,0.0516468564569693,0.96556534279626,51255,"2"
"298","SDF4",0.197021181529878,1.13828540353634,2.01564985377043,0.0517260366672801,0.96556534279626,51150,"1"
"299","RAB34",-0.444774011010752,-3.49720561861613,-2.01481275588091,0.0518180406773547,0.96556534279626,83871,"17"
"300","TMEM131",-0.179197085600571,-0.097091341097708,-2.01174696310165,0.0521562182010275,0.96556534279626,23505,"2"
"301","SIPA1L3",0.256696758137171,0.531075953801713,2.00892259531339,0.0524694687051723,0.96556534279626,23094,"19"
"302","RBPJ",0.171506401140067,-1.24401610421057,2.00871617969753,0.0524924265130842,0.96556534279626,3516,"4"
"303","SMARCD3",0.548717085762074,-2.27071805491723,2.00673196267475,0.0527135612369988,0.96556534279626,6604,"7"
"304","VWA5A",0.259688466801424,2.92615856094912,2.0054219172232,0.052860006802215,0.96556534279626,4013,"11"
"305","DYNC2LI1",0.222706942935719,-2.01670080072328,2.00526271896025,0.0528778272054935,0.96556534279626,51626,"2"
"306","DPYD",-0.284575541267473,-2.00628465295057,-2.00503589070535,0.0529032270578468,0.96556534279626,1806,"1"
"307","RFX3",0.219305828678878,-1.0060220672152,2.00354051274255,0.0530709435459374,0.96556534279626,5991,"9"
"308","GPRIN3",0.225380942014838,-0.184563129917753,2.00198441014028,0.0532459629282766,0.96556534279626,285513,"4"
"309","EVI5",0.244976516790097,-2.45751741119014,2.00094935357288,0.0533626573172149,0.96556534279626,7813,"1"
"310","DPP4",0.309402743221093,2.18149503488484,2.00043529032302,0.053420696694192,0.96556534279626,1803,"2"
"311","PLSCR1",-0.356887351624583,-0.427545632211069,-1.99803890486526,0.0536919831301077,0.96556534279626,5359,"3"
"312","PDF",-0.189497653696097,0.408771735914852,-1.99781716065717,0.053717146615319,0.96556534279626,64146,"16"
"313","GNG5",0.255820811711064,-0.170652504328045,1.99127221582502,0.0544645086536247,0.96556534279626,2787,"1"
"314","COL6A6",-0.55729609795663,-0.223978670593322,-1.98880913768037,0.0547481020563642,0.96556534279626,131873,"3"
"315","FMNL2",-0.277496364189198,-0.962890081913962,-1.9861289080978,0.0550581576212982,0.96556534279626,114793,"2"
"316","ZSCAN18",0.240354698548393,-0.19066112703739,1.98587142719037,0.0550880239559145,0.96556534279626,65982,"19"
"317","GIMAP1",-0.279975061095438,-0.557019695746624,-1.98468466311294,0.0552258642372214,0.96556534279626,170575,"7"
"318","NDRG2",-0.332718461752732,-0.217580412446209,-1.98047831430183,0.0557168430685073,0.96556534279626,57447,"14"
"319","PLEKHA2",0.294917121088003,0.197983353156188,1.97859169539525,0.05593828584136,0.96556534279626,59339,"8"
"320","IFIH1",-0.272521812763228,-2.28481142027649,-1.97688825808925,0.0561388846109852,0.96556534279626,64135,"2"
"321","CD14",0.253077410997014,-1.14773105850057,1.97385658925719,0.0564974446205155,0.96556534279626,929,"5"
"322","ARHGDIB",-0.302328139429981,2.25020261057442,-1.97326812595368,0.0565672732313694,0.96556534279626,397,"12"
"323","SELENON",0.318534478653187,-3.20743888174006,1.97222063171998,0.0566917572316998,0.96556534279626,57190,"1"
"324","RREB1",0.309575789565139,-2.52813635362807,1.97133508493122,0.0567971810170922,0.96556534279626,6239,"6"
"325","SPRED2",0.574050746195789,-4.95242179601421,1.97066299473653,0.0568773065675248,0.96556534279626,200734,"2"
"326","ITGB4",-0.326186593628382,-0.208143934234312,-1.97032458807037,0.0569176880381019,0.96556534279626,3691,"17"
"327","DPP7",0.324479636746382,4.28960601521988,1.969430137787,0.0570245411288024,0.96556534279626,29952,"9"
"328","LAMTOR4",0.186072188725684,0.771185238483505,1.96892683770808,0.0570847430786769,0.96556534279626,389541,"7"
"329","IL4I1",-0.195863140353751,-1.77635736044604,-1.96752650926485,0.0572525330638819,0.96556534279626,259307,"19"
"330","FAAH",-0.173837225879663,-0.191426902286849,-1.96606355324115,0.0574282844216343,0.96556534279626,2166,"1"
"331","TXNDC16",0.332072707624492,-2.57753500430104,1.96530967772255,0.0575190335377375,0.96556534279626,57544,"14"
"332","PAK1IP1",-0.183579653094856,-1.20658314801543,-1.96252940634339,0.0578547905512554,0.96556534279626,55003,"6"
"333","CMIP",0.217045914945646,-0.161414426041434,1.96191146908205,0.0579296457834523,0.96556534279626,80790,"16"
"334","LAMTOR2",0.264909343160791,-0.649554362110858,1.95846153419429,0.0583491074839676,0.96556534279626,28956,"1"
"335","HNF1B",0.449215290042666,-3.99932437145544,1.95775679058113,0.058435117292363,0.96556534279626,6928,"17"
"336","ALKBH3",0.314202131102687,-2.13553129718613,1.95655685631442,0.0585818151772184,0.96556534279626,221120,"11"
"337","TCEA3",-0.590477342602546,-1.80825231438639,-1.95651218350818,0.0585872828080082,0.96556534279626,6920,"1"
"338","CHD3",0.176584745603574,-0.992190685645503,1.95401048453545,0.0588941797859306,0.96556534279626,1107,"17"
"339","CAVIN1",-0.284125928153268,1.68064666069223,-1.95254133613361,0.0590750568440783,0.96556534279626,284119,"17"
"340","DYSF",-0.301868411492649,0.0978843970286174,-1.95199945852346,0.0591418925809302,0.96556534279626,8291,"2"
"341","OCIAD2",-0.197772172899819,1.53056813011092,-1.95173270739749,0.059174817996857,0.96556534279626,132299,"4"
"342","ADCYAP1",0.389583842889621,-0.778945667484289,1.94891884981883,0.0595231043920881,0.96556534279626,116,"18"
"343","CTSZ",0.242388722638994,3.92144145086346,1.94884070975615,0.059532801497245,0.96556534279626,1522,"20"
"344","C1orf131",-0.34081061287139,-1.19600463721308,-1.94852069557673,0.0595725292216299,0.96556534279626,128061,"1"
"345","SCG5",0.487697395696222,2.859182038666,1.94673319949985,0.0597948580765779,0.96556534279626,6447,"15"
"346","INPP5K",-0.216045242874165,-1.62506796856677,-1.94665123803809,0.05980506965309,0.96556534279626,51763,"17"
"347","AP1AR",0.335920187548498,-1.43840621583814,1.94562243570352,0.0599333766049511,0.96556534279626,55435,"4"
"348","NMT2",-0.153306960537573,-1.44689068807176,-1.94424116097925,0.0601060168570799,0.96556534279626,9397,"10"
"349","SELENOK",-0.443333058986371,-2.47407350210803,-1.94396630891065,0.0601404208730109,0.96556534279626,58515,"3"
"350","TSPAN3",-0.333325056723037,1.92033503013539,-1.94328208634757,0.0602261410038086,0.96556534279626,10099,"15"
"351","CPOX",-0.16347356372165,0.080796458758744,-1.9426109337765,0.0603103264314359,0.96556534279626,1371,"3"
"352","PPP1R13B",0.244324017873022,-3.50792410122111,1.94247799440275,0.0603270136428739,0.96556534279626,23368,"14"
"353","ITGA5",-0.355298771702983,0.0391197404022507,-1.94234414508722,0.0603438191115817,0.96556534279626,3678,"12"
"354","BLTP1",0.260646887077419,-0.244212564492781,1.93953929067474,0.0606969161129699,0.96556534279626,84162,"4"
"355","CDC42SE2",0.269687541883607,-3.24094999270565,1.93654773577888,0.0610754848720624,0.96556534279626,56990,"5"
"356","PPID",0.164506729286897,0.593613396331214,1.93617386259403,0.0611229402007124,0.96556534279626,5481,"4"
"357","COMMD3-BMI1",0.254769677125568,-0.351913545506093,1.9350844501335,0.0612614000250133,0.96556534279626,100532731,"10"
"358","ARMC9",0.18737045637705,0.115189949695019,1.93261134918397,0.0615767278242844,0.96556534279626,80210,"2"
"359","PKIG",0.30895100379033,-2.33894783740632,1.93191961779602,0.0616651763330559,0.96556534279626,11142,"20"
"360","TAF1",0.352114729523218,-1.35417571032345,1.92936575796927,0.0619926782493721,0.96556534279626,6872,"X"
"361","CA1",-0.450541395988808,-2.11818843391519,-1.92659344132837,0.0623498945483617,0.96556534279626,759,"8"
"362","AGFG1",0.171974613683419,0.908972997806691,1.92588087442558,0.0624419963124007,0.96556534279626,3267,"2"
"363","ESRP2",-0.311389999803588,-1.36452372263061,-1.92444251159284,0.062628267703863,0.96556534279626,80004,"16"
"364","DNAJB1",0.174151028355848,1.51171566396891,1.9227363095107,0.0628498467858828,0.96556534279626,3337,"19"
"365","QDPR",0.247938074461356,3.4714400300287,1.92087545327149,0.063092281442002,0.96556534279626,5860,"4"
"366","DCAF8",0.19524222104771,-0.573952637988361,1.91969288320479,0.0632467671524964,0.96556534279626,50717,"1"
"367","TRMU",-0.174278875907965,-0.193890871864847,-1.91778409519021,0.0634968112934709,0.96556534279626,55687,"22"
"368","ANG",0.587446054148836,-0.67175063212889,1.91714393640778,0.0635808604405702,0.96556534279626,283,"14"
"369","STAT3",0.226352163480311,1.68188983589258,1.91658820284608,0.0636539028350072,0.96556534279626,6774,"17"
"370","HEATR6",0.278468748894704,-2.82534708430537,1.91531873820962,0.0638210254099295,0.96556534279626,63897,"17"
"371","WDR17",0.170364040993824,-1.81800536881863,1.91280922350945,0.0641525116424702,0.96556534279626,116966,"4"
"372","SLC25A29",-0.253009160849628,0.0656272005715729,-1.91223511728006,0.064228554614627,0.96556534279626,123096,"14"
"373","FPGT",-0.151498069984793,-1.3797899416946,-1.91007729907844,0.0645150625630717,0.96556534279626,8790,"1"
"374","RAB3A",0.239806932878023,1.84975358416449,1.9076055939714,0.0648445999046907,0.96556534279626,5864,"19"
"375","BIRC6",0.176845626018998,0.106394537595743,1.90702820609184,0.0649217880829769,0.96556534279626,57448,"2"
"376","ZHX3",0.416140537982702,-2.55780827986878,1.90689960022235,0.0649389915488825,0.96556534279626,23051,"20"
"377","TMED8",0.205221428854533,0.714110050616466,1.9017897208807,0.0656257187546681,0.96556534279626,283578,"14"
"378","ZNF592",0.246598639358068,-0.878521721951919,1.90177322203562,0.0656279461535587,0.96556534279626,9640,"15"
"379","GALNT12",-0.280412163517433,-0.298795615873621,-1.90083623891455,0.0657545488048305,0.96556534279626,79695,"9"
"380","RAP1A",0.337296330843479,-0.689766000945844,1.90051391313369,0.065798149161033,0.96556534279626,5906,"1"
"381","NFATC2IP",0.34392940455752,-3.3442176177419,1.89722254937139,0.0662447910771252,0.96556534279626,84901,"16"
"382","ENGASE",0.278803888292867,-1.12410490593699,1.89681676873402,0.0663000361496466,0.96556534279626,64772,"17"
"383","PTGS2",-0.652735588966236,-3.27992532128925,-1.89550326535416,0.0664791350950355,0.96556534279626,5743,"1"
"384","TTI2",-0.206214568163518,-2.98589692387858,-1.89544542299438,0.0664870315771232,0.96556534279626,80185,"8"
"385","NUDT19",-0.159999893160305,0.868737828044714,-1.89510816459166,0.0665330892427668,0.96556534279626,390916,"19"
"386","FERRY3",-0.301372407673126,-2.54896535186153,-1.89461478543251,0.0666005169489838,0.96556534279626,57102,"12"
"387","ANK2",0.240933867785584,-1.77365113713537,1.89458424712568,0.0666046923995953,0.96556534279626,287,"4"
"388","RFC3",0.161626970253041,-1.17445285005143,1.89423953647328,0.0666518397105939,0.96556534279626,5983,"13"
"389","POLD3",0.213712042217215,-1.62262677810988,1.8931073520369,0.0668068945740663,0.96556534279626,10714,"11"
"390","POGLUT3",-0.263073769372745,-0.135375276575738,-1.89244095644885,0.0668983036366461,0.96556534279626,143888,"11"
"391","HP1BP3",0.156012724857018,4.40221143984647,1.89220320502335,0.0669309418590978,0.96556534279626,50809,"1"
"392","HTATSF1",0.256715260333142,1.51311141833854,1.89090699380619,0.0671091249509285,0.96556534279626,27336,"X"
"393","TCEAL5",0.347017118491717,1.50397865969317,1.88629384269652,0.0677465803738902,0.96556534279626,340543,"X"
"394","MOB2",-0.186528141525488,-0.13861799744101,-1.88482845226086,0.0679501565721014,0.96556534279626,81532,"11"
"395","ASMTL",-0.160657722334071,0.974729206640322,-1.88387691795102,0.0680826275047572,0.96556534279626,8623,"c(""X"", ""Y"")"
"396","GLB1",0.170153264321631,1.70081857824966,1.88270329954195,0.0682463219167845,0.96556534279626,2720,"3"
"397","SMG8",0.171616900104019,-1.88678848009093,1.88263698919902,0.0682555808518497,0.96556534279626,55181,"17"
"398","LGI3",0.317941532360926,-0.0424681348189682,1.88241678919991,0.068286335186076,0.96556534279626,203190,"8"
"399","SLC12A7",-0.191001854723722,0.114803671318112,-1.88212282125928,0.0683274108915711,0.96556534279626,10723,"5"
"400","SYN1",0.227754409142435,0.819655091846283,1.88210777063032,0.0683295144642402,0.96556534279626,6853,"X"
"401","CASP1",-0.237042599091722,-1.76344118765682,-1.88146849226472,0.0684189154547676,0.96556534279626,834,"11"
"402","XPR1",-0.1845278111755,-0.346804453227581,-1.88137220479674,0.0684323896375584,0.96556534279626,9213,"1"
"403","ARHGAP1",0.150633797003116,3.17534590511603,1.88044794505682,0.06856184368951,0.96556534279626,392,"11"
"404","TMED5",-0.208066064301021,2.17167074028497,-1.88016061656313,0.0686021304063039,0.96556534279626,50999,"1"
"405","PTPRE",-0.251712273711263,-2.08104437000229,-1.87979697397498,0.0686531463451259,0.96556534279626,5791,"10"
"406","CAPN13",-0.361938300115445,-0.450300378820476,-1.87775905604124,0.0689396515258885,0.96556534279626,92291,"2"
"407","NRP1",-0.175830317154252,0.409512904690056,-1.87746347068996,0.0689812920926553,0.96556534279626,8829,"10"
"408","WDR55",-0.172090278147746,-1.44036305835919,-1.87636895755,0.069135669447126,0.96556534279626,54853,"5"
"409","A1CF",0.217804449330489,1.21995521478537,1.87601947361514,0.0691850253346619,0.96556534279626,29974,"10"
"410","CASC3",0.364016504018996,-2.28406916765826,1.87559173765004,0.0692454734883458,0.96556534279626,22794,"17"
"411","ZBTB33",0.262543117686126,-3.49573287553355,1.87430973833285,0.0694269185028496,0.96556534279626,10009,"X"
"412","ANP32B",0.191959217274804,3.54343148443798,1.87363544443286,0.0695225167142885,0.96556534279626,10541,"9"
"413","PODXL",-0.353965718037322,2.15215194226738,-1.87324702876759,0.069577635663561,0.96556534279626,5420,"7"
"414","KDM6A",0.531945093631519,-2.35774782334108,1.87315900713341,0.069590131765466,0.96556534279626,7403,"X"
"415","PPP1R9B",0.175597014336005,0.110323337145459,1.87042721610435,0.0699789113536646,0.96556534279626,84687,"17"
"416","CALML5",0.621877054405789,-3.96528611642316,1.86837313130655,0.0702724664782757,0.96556534279626,51806,"10"
"417","TSFM",-0.180448640533146,1.28541898572676,-1.86272477909674,0.0710851323813266,0.96556534279626,10102,"12"
"418","PTPRN",0.286056263442933,2.76339711545157,1.86272189155126,0.0710855498803499,0.96556534279626,5798,"2"
"419","N6AMT1",0.230171819544437,-1.38595827467452,1.86158307823345,0.0712503702059714,0.96556534279626,29104,"21"
"420","IL6ST",-0.302761543800068,-1.7007201594315,-1.86118128256915,0.0713086000446133,0.96556534279626,3572,"5"
"421","TTC7B",0.15148290473242,0.108985475934252,1.86099127675052,0.0713361506287021,0.96556534279626,145567,"14"
"422","CGNL1",-0.427999261156613,-2.54113701873759,-1.86026835746748,0.0714410562046421,0.96556534279626,84952,"15"
"423","INPP5F",-0.474726229488461,4.03649393314987,-1.85933182599389,0.0715771561001606,0.96556534279626,22876,"10"
"424","LDB1",0.181476911075709,-0.476112862410198,1.85903268864741,0.0716206744561832,0.96556534279626,8861,"10"
"425","SH3D19",-0.244404633921615,-1.9893394372559,-1.85779750003048,0.0718006088605759,0.96556534279626,152503,"4"
"426","BORCS8",-0.205713179481486,-0.589808803808845,-1.85634940150159,0.0720120508425713,0.96556534279626,729991,"19"
"427","ZNF800",0.402462284575327,0.0986502235731636,1.8541559366204,0.0723333403725548,0.96556534279626,168850,"7"
"428","MED8",0.402361351787408,-2.60168272178202,1.8519793561537,0.0726533672282988,0.96556534279626,112950,"1"
"429","QSOX2",0.143930388554266,-0.120671881191594,1.85145046761217,0.0727313132210021,0.96556534279626,169714,"9"
"430","TBL1X",0.184552565756173,-1.52781682896882,1.8507142236678,0.0728399375895186,0.96556534279626,6907,"X"
"431","TM9SF2",-0.152753945997697,1.80733689415496,-1.84965291398617,0.0729967655901465,0.96556534279626,9375,"13"
"432","RWDD4",0.212384898458584,-0.187296888582762,1.84899559629199,0.0730940409334816,0.96556534279626,201965,"4"
"433","SMPDL3B",0.316747750330546,0.503425929749636,1.84758034189069,0.0733038579648914,0.96556534279626,27293,"1"
"434","PRG4",0.438117294039302,0.224625557665356,1.84742048693683,0.0733275893894188,0.96556534279626,10216,"1"
"435","GPRC5C",0.225636474723865,-0.752846747129202,1.84738291914877,0.0733331675044339,0.96556534279626,55890,"17"
"436","MICU2",0.193057222296577,-2.15107365588883,1.84621853934831,0.0735062359185777,0.96556534279626,221154,"13"
"437","SLC25A1",-0.170671351098237,3.91326205346354,-1.84559323133226,0.0735993228691708,0.96556534279626,6576,"22"
"438","M6PR",0.132280658515017,1.42336896635105,1.84553819426272,0.0736075208210884,0.96556534279626,4074,"12"
"439","RPRD2",0.183053742552062,-0.512824963284742,1.8455047983326,0.0736124956343889,0.96556534279626,23248,"1"
"440","ANK3",-0.241386979683147,0.512038422622499,-1.84501273282896,0.0736858292843716,0.96556534279626,288,"10"
"441","SET",0.221567722510743,2.85817750647902,1.84465659100554,0.0737389448137631,0.96556534279626,6418,"9"
"442","FNDC3B",-0.156435732383333,-0.128409872259136,-1.84282056794676,0.0740132909152074,0.96556534279626,64778,"3"
"443","PLXNB1",0.286439967016687,-1.78427630205549,1.84170358999892,0.0741806201514575,0.96556534279626,5364,"3"
"444","ABCG2",0.345236190291947,-2.91518746719124,1.84000870109983,0.0744351399766229,0.96556534279626,9429,"4"
"445","MTCL3",0.187317615853055,-0.353719036545914,1.83818093119502,0.0747104488947732,0.96556534279626,387104,"6"
"446","AGFG2",0.270651664108258,-0.372739033716312,1.83772896887929,0.0747786597505094,0.96556534279626,3268,"7"
"447","NEPRO",-0.394114067884946,-0.997292198398819,-1.83673070720379,0.0749295071659006,0.96556534279626,25871,"3"
"448","CLCN4",0.221677634710234,-1.90083072264518,1.83609122112329,0.0750262762462039,0.96556534279626,1183,"X"
"449","LSR",0.154332593740561,0.753172563972874,1.83493293992227,0.0752018223414698,0.96556534279626,51599,"19"
"450","MACROD2",0.238980956481814,-0.7492017798217,1.83263839132158,0.0755506121088048,0.96556534279626,140733,"20"
"451","PHIP",0.201757957190182,0.146607199976102,1.83251538180546,0.0755693494086582,0.96556534279626,55023,"6"
"452","SH3RF1",0.228603879973185,-2.93261675574606,1.83016378932376,0.075928315465728,0.96556534279626,57630,"4"
"453","ANXA2",-0.291385551525798,5.678135364003,-1.83001429402278,0.0759511846571991,0.96556534279626,302,"15"
"454","ALG2",-0.129891960760798,1.40398052277479,-1.82881243160088,0.0761352540242727,0.96556534279626,85365,"9"
"455","INTS14",0.257362849485161,-2.00813571951848,1.82814295284486,0.0762379516551666,0.96556534279626,81556,"15"
"456","FAHD1",-0.200674828422159,0.0361572451692917,-1.82698394524631,0.0764160215907225,0.96556534279626,81889,"16"
"457","MLX",0.210702281994922,-1.74334390528536,1.82691580397126,0.0764265018294081,0.96556534279626,6945,"17"
"458","TBC1D9",0.205715724965873,-1.36613537849105,1.82477835503356,0.0767558667044458,0.96556534279626,23158,"4"
"459","FCSK",0.17770234324886,0.669244483516553,1.81825071169309,0.0777692149708697,0.96556534279626,197258,"16"
"460","RNF145",0.282566730546106,-3.38282075705106,1.81789471573393,0.0778248052280572,0.96556534279626,153830,"5"
"461","MTA1",0.162455646131424,0.41493515340917,1.81779397649961,0.0778405422121533,0.96556534279626,9112,"14"
"462","NAGLU",0.232444916070292,0.368425987743312,1.81629504142651,0.0780750182209675,0.96556534279626,4669,"17"
"463","C15orf40",0.316802965943645,-1.01548878022693,1.81587553061474,0.0781407490528218,0.96556534279626,123207,"15"
"464","MNDA",-0.407990823520022,-3.84165232098098,-1.81586438380233,0.0781424962265831,0.96556534279626,4332,"1"
"465","CYBA",0.244881666484775,-1.21230756612229,1.81461605149725,0.0783383725240463,0.96556534279626,1535,"16"
"466","PDX1",0.304897210185877,-1.20718222156422,1.81244096465612,0.0786806630990732,0.96556534279626,3651,"13"
"467","SNX16",-0.248367250774096,-2.37252007736102,-1.81232263392366,0.0786993210369037,0.96556534279626,64089,"8"
"468","TCOF1",0.245143018959425,0.200244119992597,1.81059517399662,0.0789721285301798,0.96556534279626,6949,"5"
"469","NRBF2",0.233436869765608,-1.80433146805001,1.80965601112552,0.0791207816710625,0.96556534279626,29982,"10"
"470","PDCL3",-0.158242742888475,-1.14905225282322,-1.80870315196112,0.079271845456832,0.96556534279626,79031,"2"
"471","RSU1",-0.187410353709375,1.75827926514744,-1.80791609025517,0.0793968087542698,0.96556534279626,6251,"10"
"472","EHD4",-0.290790100356721,2.81305992103113,-1.80715077347951,0.0795184798896422,0.96556534279626,30844,"15"
"473","HRAS",-0.182508029172354,1.49661848073075,-1.80700679289328,0.0795413878048535,0.96556534279626,3265,"11"
"474","FSCN1",-0.247311825367675,1.69832728822625,-1.80581239891801,0.0797316369506842,0.96556534279626,6624,"7"
"475","ELL2",-0.359161659318025,-2.19990162143964,-1.80450413178167,0.0799404674003633,0.96556534279626,22936,"5"
"476","CPLX2",0.435783444072418,-0.155236839627313,1.80385526132666,0.0800442145586377,0.96556534279626,10814,"5"
"477","CPT2",-0.144123411716728,2.32013644135064,-1.80379588363447,0.0800537140925118,0.96556534279626,1376,"1"
"478","POMGNT2",0.165488253081219,0.568121629892625,1.80361714031011,0.0800823160978833,0.96556534279626,84892,"3"
"479","HSPA12B",-0.300297340069212,-0.102387854195188,-1.80361272087508,0.0800830233932904,0.96556534279626,116835,"20"
"480","PROX1",0.431254613705437,-2.55943772893637,1.80313319697712,0.0801597988666518,0.96556534279626,5629,"1"
"481","CC2D2A",-0.168655191497577,-0.504589975727035,-1.80224815254143,0.0803016652753321,0.96556534279626,57545,"4"
"482","NEMP1",-0.226548734046061,-1.94468120211409,-1.80214682564345,0.0803179208435187,0.96556534279626,23306,"12"
"483","STMN3",0.260149593051079,-1.51113723252736,1.80181279736122,0.0803715277584573,0.96556534279626,50861,"20"
"484","AKAP17A",-0.167936270349941,1.87559251737563,-1.80181204319834,0.0803716488254832,0.96556534279626,8227,"c(""X"", ""Y"")"
"485","ALDH2",-0.191073755921859,2.89947926992325,-1.80162735906724,0.0804013011343959,0.96556534279626,217,"12"
"486","EHD2",-0.239996401878487,2.2014542531208,-1.80158256438417,0.0804084946271297,0.96556534279626,30846,"19"
"487","TSPAN8",-0.415815764404437,0.698246296471258,-1.80102902761083,0.0804974310971339,0.96556534279626,7103,"12"
"488","CHKA",0.214463666460439,-1.33821428539856,1.80091430865155,0.0805158733654399,0.96556534279626,1119,"11"
"489","PWWP2B",-0.317824368341441,-2.96884402230221,-1.79920966683325,0.080790334737728,0.96556534279626,170394,"10"
"490","LRWD1",0.254721751309524,-0.470687499573371,1.79850755832253,0.0809036103958487,0.96556534279626,222229,"7"
"491","TRMT2B",0.280715255231021,-2.36255545392768,1.79619801775075,0.0812771735810167,0.96556534279626,79979,"X"
"492","LOXL4",0.382140193174734,0.53009814091877,1.79498901714025,0.0814733089661068,0.96556534279626,84171,"10"
"493","GALNT1",-0.149610326882778,0.0879777891432404,-1.79436871809488,0.0815740952284772,0.96556534279626,2589,"18"
"494","SP2",0.207639360437589,-2.29038012734803,1.79050253029582,0.0822046572196534,0.96556534279626,6668,"17"
"495","CA4",-0.460927002739322,-0.190437095606752,-1.78988598898815,0.0823055935404921,0.96556534279626,762,"17"
"496","WWC1",0.283830553641545,-2.19675998036095,1.78868320216073,0.0825028083434486,0.96556534279626,23286,"5"
"497","PCBP3",0.201996600373864,-0.352238123326563,1.78660954902259,0.0828437537865347,0.96556534279626,54039,"21"
"498","ABI3",0.234869773753059,-0.891903995360908,1.78652484011958,0.0828577067432615,0.96556534279626,51225,"17"
"499","RNPEPL1",0.306373595915724,2.71587137719227,1.78500226597186,0.083108839117099,0.96556534279626,57140,"2"
"500","TBC1D10B",0.134589327490076,-1.61096214869281,1.7843694791018,0.0832133998036214,0.96556534279626,26000,"16"
"501","NCK2",-0.210264753834011,0.0621454169375728,-1.78409589711197,0.083258640491487,0.96556534279626,8440,"2"
"502","COL6A2",-0.275794835874929,5.06858857249047,-1.78297358307002,0.0834444489038858,0.96556534279626,1292,"21"
"503","MYO1D",0.163827480085277,2.87185245798265,1.7825049750359,0.0835221345621392,0.96556534279626,4642,"17"
"504","CPQ",0.227744381430337,3.3261484545713,1.78098256050303,0.0837749420350962,0.96556534279626,10404,"8"
"505","INTS7",0.132781619168627,-0.794113543930173,1.78057166236518,0.0838432852666967,0.96556534279626,25896,"1"
"506","CAPS",0.249378255133535,1.32221742398229,1.78009281315248,0.0839229900164903,0.96556534279626,828,"19"
"507","FKBP5",0.208888104839161,2.64352171323869,1.77972503307122,0.0839842507148732,0.96556534279626,2289,"6"
"508","LLGL1",0.148824745855024,-1.23440684455053,1.77874016758318,0.084148484747244,0.96556534279626,3996,"17"
"509","PUSL1",-0.222283301889819,-1.43924197826991,-1.7784822641945,0.0841915369700337,0.96556534279626,126789,"1"
"510","STARD3",0.228658378634689,-2.47997930257304,1.77824394746252,0.0842313361052879,0.96556534279626,10948,"17"
"511","FOXP4",0.234112273593774,-0.527092898986842,1.77807037274483,0.0842603332633697,0.96556534279626,116113,"6"
"512","ZFAND5",-0.367076005604658,-4.45005845716279,-1.77759286764251,0.0843401481426564,0.96556534279626,7763,"9"
"513","MRTFA",0.234085393956913,-2.36470776464128,1.77719294008319,0.084407045095451,0.96556534279626,57591,"22"
"514","SLC44A2",-0.289944510835688,0.390061814611663,-1.77696536836525,0.0844451316332984,0.96556534279626,57153,"19"
"515","EPS8L1",-0.478830612096382,-3.64118136463356,-1.77486986503627,0.0847965191155276,0.96556534279626,54869,"19"
"516","CHMP4C",-0.201110143008001,-1.26774394480079,-1.77441221700496,0.0848734245547853,0.96556534279626,92421,"8"
"517","SS18",0.297998187866132,-1.86981638355133,1.77406611656535,0.0849316240919717,0.96556534279626,6760,"18"
"518","SYNM",-0.183872591523055,-1.23948772682477,-1.77390738553146,0.0849583272453657,0.96556534279626,23336,"15"
"519","TFR2",0.225124103319605,2.66629484483115,1.77380082858578,0.084976257183819,0.96556534279626,7036,"7"
"520","ALDH1A1",0.248771617821233,6.50330427829376,1.77338686895155,0.0850459429414303,0.96556534279626,216,"9"
"521","RASA2",0.297650267405869,-3.07588157181329,1.77209144948255,0.0852643250168403,0.96556534279626,5922,"3"
"522","ABHD11",-0.146962825986065,1.25545714662747,-1.77163897507062,0.0853407147065447,0.96556534279626,83451,"7"
"523","CERS2",0.14019217142414,0.284055248516825,1.77146068207251,0.0853708311585847,0.96556534279626,29956,"1"
"524","SH3YL1",-0.390476075097984,-2.60606057391987,-1.77108276000532,0.0854346977160353,0.96556534279626,26751,"2"
"525","LRRC58",0.272878364870785,-2.05557771239828,1.77041513404625,0.0855476210308813,0.96556534279626,116064,"3"
"526","DNAJC25",-0.201641608793188,-1.38760063410881,-1.76696179451674,0.0861337369743634,0.96556534279626,548645,"9"
"527","CPA3",-0.732126852396317,0.747414233551832,-1.76638902675391,0.0862312763709176,0.96556534279626,1359,"3"
"528","S100B",-0.215890544727637,-2.78574144187778,-1.76474555173536,0.0865116689375551,0.96556534279626,6285,"21"
"529","NR2F6",0.217109793360922,-1.8450290801839,1.76419845177943,0.0866051798059106,0.96556534279626,2063,"19"
"530","HMGB3",0.254928062195542,1.37629032827299,1.76382303378604,0.0866693959089083,0.96556534279626,3149,"X"
"531","RPUSD4",-0.315914799383166,-3.71837077310919,-1.76306419112419,0.0867993202469764,0.96556534279626,84881,"11"
"532","OLFM4",0.910954964982215,0.768193749721898,1.76065967427415,0.0872120914306039,0.96556534279626,10562,"13"
"533","GRIA2",0.206562075781753,-2.30512553498968,1.76065592460214,0.0872127364071139,0.96556534279626,2891,"4"
"534","SOD3",0.50602661061408,-0.718544472759638,1.75982894795297,0.0873550818696765,0.96556534279626,6649,"4"
"535","G6PC2",-0.413294138957391,-2.81948128672291,-1.75853108632277,0.0875788742109422,0.96556534279626,57818,"2"
"536","TDRKH",0.185239909176598,-1.41221664668624,1.75806368124761,0.0876595877926875,0.96556534279626,11022,"1"
"537","ARG1",0.326409591580632,-0.164447646756795,1.75673625298745,0.0878891556699811,0.96556534279626,383,"6"
"538","ZNF280D",0.219278939141677,-2.41547879072926,1.75478603607092,0.0882273478114392,0.96556534279626,54816,"15"
"539","ATP5MF",-0.16117251497824,2.01437931570725,-1.75442480672288,0.0882901096150871,0.96556534279626,9551,"7"
"540","DPY30",-0.303027054660105,-2.49978084691395,-1.75340817974839,0.0884669452329231,0.96556534279626,84661,"2"
"541","TMEM88",-0.38260696130693,-1.38785804168053,-1.7533702354776,0.0884735511568854,0.96556534279626,92162,"17"
"542","USP36",-0.239065835817508,-3.54849929247503,-1.74996726214549,0.0890676834928753,0.96556534279626,57602,"17"
"543","ARMCX5-GPRASP2",0.37454402393582,-1.85231397231643,1.74992603378436,0.0890749021655236,0.96556534279626,100528062,"X"
"544","PPIF",-0.236695389095872,1.25407228694905,-1.7482118045629,0.0893754823751675,0.96556534279626,10105,"10"
"545","DR1",0.232732918640478,-0.70174866083276,1.74784984125088,0.0894390594932588,0.96556534279626,1810,"1"
"546","SERPINI2",-0.390265501483467,-0.268011695835678,-1.74548960451473,0.0898545567374766,0.96556534279626,5276,"3"
"547","SCO1",-0.14588858714935,1.52475587304435,-1.74496369168288,0.0899473593846147,0.96556534279626,6341,"17"
"548","ANP32E",0.17281164243252,2.28020151654216,1.7430708537385,0.0902820367264326,0.96556534279626,81611,"1"
"549","CAND2",0.256790876946351,0.957082118268186,1.7428833259137,0.0903152508698119,0.96556534279626,23066,"3"
"550","OLFM2",0.242100283118862,0.261066395495369,1.74235876570043,0.090408213301284,0.96556534279626,93145,"19"
"551","CEP44",-0.209523755247749,-0.754416019962333,-1.74157663007398,0.0905469724472588,0.96556534279626,80817,"4"
"552","TST",-0.373899870363312,0.7748092885818,-1.74003171226017,0.0908215828757963,0.96556534279626,7263,"22"
"553","TMEM168",0.381513757836846,-4.52469472927308,1.73984712004619,0.0908544410194205,0.96556534279626,64418,"7"
"554","ACAD8",-0.119074302880227,1.01871564286722,-1.73965167246793,0.0908892423397017,0.96556534279626,27034,"11"
"555","TXNRD3",0.207885726837627,-1.05897499627399,1.73943027360742,0.0909286780553439,0.96556534279626,114112,"3"
"556","BCL7A",0.381474557388671,-1.55877378164836,1.7391132142723,0.0909851778972782,0.96556534279626,605,"12"
"557","MSL2",0.251064045319057,-2.84773371742866,1.73762849032069,0.0912501474087793,0.96556534279626,55167,"3"
"558","MKRN2",0.149579121734663,-0.565241800645943,1.73707070541506,0.0913498590670334,0.96556534279626,23609,"3"
"559","PIH1D1",0.211026689399195,-0.511343522839029,1.73638934023547,0.091471786449766,0.96556534279626,55011,"19"
"560","MAPK8IP1",-0.377586857238735,-2.01651611890314,-1.73621347335113,0.0915032792409697,0.96556534279626,9479,"11"
"561","POLD2",0.219247006747342,-1.80669333842808,1.73259289194667,0.0921536474749373,0.96556534279626,5425,"7"
"562","SRR",0.339602791793992,-1.95049209752654,1.73182954868087,0.0922912612215552,0.96556534279626,63826,"17"
"563","R3HCC1",0.292271717018405,-0.480110621908515,1.73067415463649,0.0924998807414589,0.96556534279626,203069,"8"
"564","PWP1",-0.309742768070415,-1.95892616379044,-1.72993611478129,0.0926333490447599,0.96556534279626,11137,"12"
"565","CIZ1",0.209153876149373,-0.846107785988556,1.7292054506761,0.092765642491927,0.96556534279626,25792,"9"
"566","PLD1",-0.250497860968202,-1.86435897583253,-1.72903693424533,0.0927961764025901,0.96556534279626,5337,"3"
"567","RHOB",-0.256207393058412,-0.215997965338618,-1.72865148659909,0.0928660482885438,0.96556534279626,388,"2"
"568","MRPL19",-0.112749619122353,1.4911019616699,-1.72716533939073,0.0931358619640096,0.96556534279626,9801,"2"
"569","SLC8A2",0.201484503011914,0.220117012480554,1.7257207849733,0.0933987535707677,0.96556534279626,6543,"19"
"570","HOMER1",-0.212892850748029,-2.2615368103251,-1.72461442494197,0.0936005179460341,0.96556534279626,9456,"5"
"571","ICA1L",0.230322771540701,-1.51941150319648,1.72437994682947,0.0936433260376016,0.96556534279626,130026,"2"
"572","PLVAP",-0.330130386689813,-0.245073281281477,-1.72406198710957,0.0937014013515583,0.96556534279626,83483,"19"
"573","RPS4Y1",-0.177417310113441,1.30739145737803,-1.72299407755303,0.0938966757459246,0.96556534279626,6192,"Y"
"574","ENPP2",0.264127640478098,2.22854497212534,1.72159443123646,0.0941531262570023,0.96556534279626,5168,"8"
"575","BBX",0.137884082124341,-0.825274144173788,1.71807809408705,0.0947999956347217,0.96556534279626,56987,"3"
"576","MDK",0.27606530146376,-2.28351938134208,1.71802866723893,0.094809114687115,0.96556534279626,4192,"11"
"577","TRADD",0.164970752442642,-0.814864326042057,1.71562396181988,0.0952536601666061,0.96556534279626,8717,"16"
"578","FECH",-0.148646377301883,0.98245447335756,-1.71544650545941,0.0952865345569233,0.96556534279626,2235,"18"
"579","MED15",0.163718912095169,-1.27382480609372,1.71535712708567,0.095303095794871,0.96556534279626,51586,"22"
"580","PHF8",0.226240030542689,-1.28682117756942,1.71494631480381,0.0953792476277854,0.96556534279626,23133,"X"
"581","EPG5",0.315713007780553,-3.26091009718578,1.71393516083815,0.095566900905127,0.96556534279626,57724,"18"
"582","SLC30A7",-0.156986261705704,2.44709377242278,-1.71357083507783,0.0956345892716751,0.96556534279626,148867,"1"
"583","SP1",0.291470804104124,-4.54875109839047,1.71344254072752,0.0956584347180327,0.96556534279626,6667,"12"
"584","MYO1C",-0.196229052481395,2.77034240541562,-1.71235821463284,0.0958601717101705,0.96556534279626,4641,"17"
"585","CORO2A",0.260037860326289,-1.2655981997685,1.71192608202647,0.0959406682631942,0.96556534279626,7464,"9"
"586","FRAS1",0.145470331393732,-1.0942388208594,1.7118543125859,0.0959540427588737,0.96556534279626,80144,"4"
"587","UBAC1",0.155522054918688,-0.925295673158738,1.71106382278873,0.0961014565167896,0.96556534279626,10422,"9"
"588","RAB33B",-0.126730858355384,0.75576569815746,-1.71001124157492,0.096298039848532,0.96556534279626,83452,"4"
"589","ZBTB4",0.194427431553754,-0.56353819669795,1.70982814381782,0.096332270032162,0.96556534279626,57659,"17"
"590","VAMP3",0.226919308762502,0.392074800296372,1.70904680589249,0.0964784556600983,0.96556534279626,9341,"1"
"591","WDR12",-0.185964992910493,-0.781730719690686,-1.70872397007999,0.0965389112006353,0.96556534279626,55759,"2"
"592","FAAH2",0.49692009712893,-4.40860274109013,1.70731696888215,0.0968027614979228,0.96556534279626,158584,"X"
"593","PPOX",-0.118103921772992,1.70481684709584,-1.70731655314895,0.0968028395479005,0.96556534279626,5498,"1"
"594","TFE3",0.243716081913972,-2.51318249591766,1.70721792663504,0.0968213572283381,0.96556534279626,7030,"X"
"595","RPS6KA1",0.214299550250782,-0.456388311018909,1.70706190563289,0.0968506570859884,0.96556534279626,6195,"1"
"596","SCD",-0.23248617552133,0.0538856849750845,-1.70654936715524,0.0969469610126751,0.96556534279626,6319,"10"
"597","KDM1B",0.207490082848024,-1.79869430729356,1.70601920049029,0.0970466613152734,0.96556534279626,221656,"6"
"598","DPAGT1",-0.184499317630475,-0.433189849773092,-1.70575652635231,0.0970960901086209,0.96556534279626,1798,"11"
"599","ACYP1",0.236406817110992,-0.246919336530404,1.70498895166757,0.0972406491795051,0.96556534279626,97,"14"
"600","CBX1",0.16735514516861,1.70690957583537,1.70408544693376,0.0974110383979742,0.96556534279626,10951,"17"
"601","ITPR1",0.143257857146469,-0.686677344803261,1.70361790794584,0.0974993079430873,0.96556534279626,3708,"3"
"602","GFPT1",-0.152841848728424,3.94055553052278,-1.70198811007272,0.0978075294771538,0.96556534279626,2673,"2"
"603","HERPUD1",-0.20851527809628,-1.47029241322848,-1.70154422666964,0.0978916158218872,0.96556534279626,9709,"16"
"604","ZBTB20",0.156103413403877,-1.06089260482506,1.7006492660708,0.0980613346210454,0.96556534279626,26137,"3"
"605","DENND11",0.153493703873103,-1.18974343299726,1.70007658734555,0.0981700651492373,0.96556534279626,57189,"7"
"606","MCM3AP",0.150176668634947,-0.900796905814752,1.69924710762883,0.0983277309614979,0.96556534279626,8888,"21"
"607","TGM3",0.381811736756888,-2.76401862917056,1.69852599565859,0.0984649699704824,0.96556534279626,7053,"20"
"608","MTCL2",-0.406422504382757,-3.97608493888104,-1.69765001635916,0.0986318974747191,0.96556534279626,140710,"20"
"609","FOXO1",-0.358834382265584,-5.21640189407547,-1.69753709016764,0.0986534339606828,0.96556534279626,2308,"13"
"610","SZT2",0.144450812212355,-0.719714495798738,1.69613263093102,0.0989216102022359,0.96556534279626,23334,"1"
"611","AHCYL2",0.150990095540807,0.220255660271595,1.69566447407264,0.0990111379070739,0.96556534279626,23382,"7"
"612","SNUPN",0.169499806424372,-0.759584293745554,1.69400066739324,0.0993298615636493,0.96556534279626,10073,"15"
"613","H1-4",0.361332294225465,7.30908589335169,1.69296255559986,0.0995291579729544,0.96556534279626,3008,"6"
"614","SLC26A11",-0.145049197940963,-0.806901041926445,-1.69274079165764,0.0995717752987043,0.96556534279626,284129,"17"
"615","PLEKHO2",-0.163718614094049,-0.804723391872171,-1.6925685754892,0.0996048813002512,0.96556534279626,80301,"15"
"616","NEDD4L",-0.134767978385369,0.639481892407853,-1.69035617979871,0.100030997462475,0.96556534279626,23327,"18"
"617","MAB21L4",0.281328959669628,-1.8794415878979,1.68961098134639,0.100174866894603,0.96556534279626,79919,"2"
"618","MYADM",-0.182124938811767,3.25132617873125,-1.68799213709953,0.10048799761478,0.96556534279626,91663,"19"
"619","FMNL3",-0.256037861943017,-1.26598420521196,-1.6865336364841,0.100770810409054,0.96556534279626,91010,"12"
"620","DNLZ",-0.245598756115482,-1.11512021017978,-1.68601575666436,0.100871389869897,0.96556534279626,728489,"9"
"621","FGFBP3",-0.297356063196156,-4.77810890609361,-1.68588618080275,0.100896568361255,0.96556534279626,143282,"10"
"622","TUSC1",0.332925813138196,-3.33251330063868,1.68491138970126,0.101086152230172,0.96556534279626,286319,"9"
"623","TAF9B",0.205473616224206,-1.78628177528378,1.68463937922669,0.101139107483047,0.96556534279626,51616,"X"
"624","WDR59",0.133582860856893,-0.520153513522076,1.68419436231324,0.101225793540194,0.96556534279626,79726,"16"
"625","ABHD14B",0.190122757852085,3.50508344128898,1.68269458337632,0.101518394689305,0.96556534279626,84836,"3"
"626","TMEM9B",0.184815249787985,-1.02078968839087,1.68181701444687,0.101689930913862,0.96556534279626,56674,"11"
"627","MRPL16",-0.123848654558698,0.655518720659373,-1.68096912014663,0.101855895501115,0.96556534279626,54948,"11"
"628","PAX6",0.214831638631998,0.201182136856096,1.68063732074817,0.101920902294993,0.96556534279626,5080,"11"
"629","SORT1",0.15275261446437,0.861623383087339,1.67897030720769,0.102248028888437,0.96556534279626,6272,"1"
"630","KLF13",0.329992422930439,-3.29261815542913,1.67878176837891,0.102285081678108,0.96556534279626,51621,"15"
"631","NFX1",0.215568019368684,-2.52822866148463,1.67847940364049,0.102344527513701,0.96556534279626,4799,"9"
"632","DSP",0.220283391500087,2.28327841182993,1.67776617845319,0.102484863481386,0.96556534279626,1832,"6"
"633","TOMM34",0.186188959315856,1.70170336400286,1.67612065817739,0.1028092500392,0.96556534279626,10953,"20"
"634","SMG9",0.218466414820686,-1.15088890207238,1.67568852887827,0.102894578256473,0.96556534279626,56006,"19"
"635","ESYT1",0.148777759141312,2.97453092101815,1.67488685017069,0.10305303341176,0.96556534279626,23344,"12"
"636","STX3",0.171392425130119,2.2855281057232,1.67459206577386,0.103111349703505,0.96556534279626,6809,"11"
"637","RPH3A",0.279956861413768,-1.68365218088635,1.67403735896118,0.103221159929379,0.96556534279626,22895,"12"
"638","BCKDHB",0.218105560352307,-1.11713021111496,1.67218610647868,0.103588338226639,0.96556534279626,594,"6"
"639","CAMK2B",0.205889748236479,0.505743729669491,1.6695200925627,0.104119020461096,0.96556534279626,816,"7"
"640","VEZT",-0.194946565302358,-1.28977470941672,-1.66935002444302,0.104152949671387,0.96556534279626,55591,"12"
"641","WRAP53",0.25406893907716,-1.65567906434723,1.66855674211709,0.104311333557831,0.96556534279626,55135,"17"
"642","CTSB",0.211911901345863,3.90440855625938,1.66818197244938,0.104386228157819,0.96556534279626,1508,"8"
"643","CDC42EP3",0.395628438741771,-4.29273694106408,1.66752529649912,0.104517566897919,0.96556534279626,10602,"2"
"644","JAGN1",-0.166300142541844,0.602107562589584,-1.66704932464312,0.104612849463822,0.96556534279626,84522,"3"
"645","LDLR",-0.215839860584946,-0.508307954713144,-1.66621191497658,0.104780661364734,0.96556534279626,3949,"19"
"646","PTGFRN",0.306805886219727,0.270839611990624,1.66568408930543,0.1048865490839,0.96556534279626,5738,"1"
"647","GAREM1",-0.464122540780134,-2.74361363353171,-1.66560869014602,0.1049016822338,0.96556534279626,64762,"18"
"648","KIAA0513",0.160056016616341,-1.6156569692878,1.66402903750594,0.105219146133555,0.96556534279626,9764,"16"
"649","CFAP410",0.220679187759158,-1.11159315634282,1.66170157778045,0.10568834753029,0.96556534279626,755,"21"
"650","GXYLT1",0.222120642861192,-2.03456303089565,1.66111817684859,0.105806228777802,0.96556534279626,283464,"12"
"651","PTPRM",-0.267608507474053,-2.47805570401165,-1.66110807578686,0.105808270744011,0.96556534279626,5797,"18"
"652","MEGF8",0.193302983074001,-2.5951248729532,1.66097536804778,0.105835101125119,0.96556534279626,1954,"19"
"653","COX17",0.274293662319226,1.96859467152302,1.66082867574726,0.105864765411169,0.96556534279626,10063,"3"
"654","ARSD",0.243737372355361,-0.909966418186746,1.66066200185194,0.105898478754001,0.96556534279626,414,"X"
"655","BCLAF3",-0.366820718458807,-1.47614786389962,-1.66038559036569,0.105954408457528,0.96556534279626,256643,"X"
"656","KLC3",0.305739102408219,-2.22779047530795,1.65985935938962,0.106060954790359,0.96556534279626,147700,"19"
"657","ZNF358",0.246133762712643,-3.1460518847243,1.65938396369477,0.106157284723955,0.96556534279626,140467,"19"
"658","RCAN3",0.196210535851201,-0.849640158329548,1.65852896754733,0.106330715776086,0.96556534279626,11123,"1"
"659","PARVA",-0.165065157954343,1.33089837873185,-1.65791996946693,0.106454390503788,0.96556534279626,55742,"11"
"660","SUPV3L1",0.118914482262949,0.549946082047765,1.65790015254588,0.106458416903795,0.96556534279626,6832,"10"
"661","MFN2",0.121107384932694,1.32650424649069,1.65759309667416,0.106520820593174,0.96556534279626,9927,"1"
"662","JUND",0.194807771314939,-1.73280366744567,1.65758846706093,0.106521761712013,0.96556534279626,3727,"19"
"663","JPH1",0.306809757847112,-3.31606125920898,1.656497809187,0.106743665092796,0.96556534279626,56704,"8"
"664","TPK1",0.202943951760206,-0.249195401973464,1.65639147851127,0.106765319398233,0.96556534279626,27010,"7"
"665","LAMB3",-0.734295910660568,-2.7461186068747,-1.65612794917051,0.106819002973078,0.96556534279626,3914,"1"
"666","C19orf53",0.241948377113432,-0.926249794815337,1.65583762927534,0.106878169905875,0.96556534279626,28974,"19"
"667","CTDSP1",-0.230639494316721,-1.52011633736811,-1.65455133832681,0.10714064111799,0.96556534279626,58190,"2"
"668","RRN3",-0.190935023873423,-1.64673173346178,-1.65440499826265,0.107170535962181,0.96556534279626,54700,"16"
"669","HLA-DRA",-0.221051019889015,-1.08715350069723,-1.65426522462931,0.107199095835227,0.96556534279626,3122,"6"
"670","GPATCH11",0.229852495629448,-1.37584599437933,1.65403349413482,0.107246459074728,0.96556534279626,253635,"2"
"671","CACUL1",0.278116519603793,-1.74454987857703,1.65280571751831,0.107497692364676,0.96556534279626,143384,"10"
"672","TRIM22",-0.244389925868034,-1.20498725418383,-1.65151360803203,0.107762615102215,0.96556534279626,10346,"11"
"673","SEPTIN6",0.253063823971549,-0.466367398068926,1.64975097871281,0.10812487917686,0.96556534279626,23157,"X"
"674","PRR14",0.309676873756072,-2.7848582656171,1.64963679811385,0.108148380792166,0.96556534279626,78994,"16"
"675","ANAPC5",0.223129995846302,-0.415467711774317,1.64932135808793,0.108213329263634,0.96556534279626,51433,"12"
"676","ZNF316",0.205842454812361,-1.88301784832356,1.64913524948905,0.108251663768189,0.96556534279626,100131017,"7"
"677","C1orf122",-0.174539600520058,-0.910228534452782,-1.64834036016549,0.108415520787393,0.96556534279626,127687,"1"
"678","SNTB2",-0.186402977196361,1.00195832884111,-1.64371040406608,0.109374008637402,0.96556534279626,6645,"16"
"679","NECTIN1",0.208455031223665,-0.901608469634371,1.64326698969008,0.109466169672214,0.96556534279626,5818,"11"
"680","POU2F1",0.220745049840797,-0.84659791942477,1.64213044761885,0.109702685897759,0.96556534279626,5451,"1"
"681","FRA10AC1",-0.214891165844384,-2.05464511109025,-1.64158782981013,0.109815754176487,0.96556534279626,118924,"10"
"682","NECAB2",0.329127894839212,-1.3559387623358,1.64118240115227,0.10990029834276,0.96556534279626,54550,"16"
"683","CUEDC1",0.207920510518943,-2.08869819906296,1.64064887677879,0.110011636176431,0.96556534279626,404093,"17"
"684","ZC3H4",0.207614881699387,-1.72192221956665,1.64051920840793,0.110038709902143,0.96556534279626,23211,"19"
"685","GATAD2B",0.189267818332234,0.0402460737993743,1.64017543267259,0.110110514149307,0.96556534279626,57459,"1"
"686","CPNE4",0.2804263952955,-2.42431915009368,1.6399025609522,0.110167536226209,0.96556534279626,131034,"3"
"687","ACOT8",-0.165804330891284,-0.52435770188082,-1.63619025016646,0.110945721364044,0.96556534279626,10005,"20"
"688","PTPRN2",0.202533954281273,2.11509826077842,1.63584251861949,0.11101884537001,0.96556534279626,5799,"7"
"689","ISYNA1",0.139444207431689,1.91204353583702,1.6341439501466,0.11137660623589,0.96556534279626,51477,"19"
"690","ENPEP",-0.267063312364169,-0.221635585082628,-1.63339027708418,0.111535652567771,0.96556534279626,2028,"4"
"691","GNPTG",0.181882652463614,-0.863453201897316,1.63324146242087,0.111567078781077,0.96556534279626,84572,"16"
"692","SAP30L",0.14484994373941,-0.329817976475202,1.63241848008697,0.111741005351807,0.96556534279626,79685,"5"
"693","MTRF1L",-0.156369499129378,-1.7587212458759,-1.63130889968149,0.111975854170837,0.96556534279626,54516,"6"
"694","USF2",0.168075914609175,-0.946915665459441,1.63118933750904,0.112001184407714,0.96556534279626,7392,"19"
"695","HEXA",0.200374711215723,1.74982305170404,1.63089443269551,0.112063682609789,0.96556534279626,3073,"15"
"696","YJU2",0.155558618154429,-1.84155652750377,1.63041947758998,0.112164398644035,0.96556534279626,55702,"19"
"697","PSMF1",0.231129925626317,1.39000924730332,1.63035704191644,0.112177643906895,0.96556534279626,9491,"20"
"698","ACSM3",-0.220753852307251,-0.118684845311,-1.62992183194339,0.112270006239319,0.96556534279626,6296,"16"
"699","ICAM2",-0.265907727664842,-3.0829020550797,-1.62830432401082,0.11261383039666,0.96556534279626,3384,"17"
"700","UTP14A",-0.216719250312317,-1.13517143187816,-1.62806786746813,0.112664165106703,0.96556534279626,10813,"X"
"701","RTN1",0.240761070378443,3.37726469421603,1.62744341647951,0.112797181555049,0.96556534279626,6252,"14"
"702","KCNJ6",0.247218588847879,-1.24916746919553,1.62739741361934,0.112806985891184,0.96556534279626,3763,"21"
"703","PTPMT1",-0.138437776015424,-0.348318790011432,-1.62735181777702,0.112816704173841,0.96556534279626,114971,"11"
"704","RBBP7",0.134147205334477,0.135060966700704,1.62703259883823,0.112884761690157,0.96556534279626,5931,"X"
"705","CD34",-0.431781916192968,-1.83420708175344,-1.62651175775169,0.112995877599297,0.96556534279626,947,"1"
"706","PYROXD2",0.539073602156825,-1.49811263454335,1.62606453944546,0.113091358665958,0.96556534279626,84795,"10"
"707","TINF2",0.274675121888639,-2.73677716603138,1.62558915345714,0.113192926299638,0.96556534279626,26277,"14"
"708","DIS3L",0.2300864885746,-2.436528498427,1.6245013894774,0.113425612623894,0.96556534279626,115752,"15"
"709","TMEM30B",-0.196803708946102,-1.72582391488882,-1.62422828649379,0.113484094513773,0.96556534279626,161291,"14"
"710","GFOD2",0.155990307622202,-0.741035518763881,1.62407788660589,0.113516311522175,0.96556534279626,81577,"16"
"711","KPRP",0.357358309631501,-0.936627551958827,1.62299429763677,0.11374864839631,0.96556534279626,448834,"1"
"712","KAT7",0.156477448845353,-0.942305339488903,1.62178718202858,0.114007931379307,0.96556534279626,11143,"17"
"713","FAM184B",-0.26645550879122,-3.89532799001494,-1.62163687268231,0.11404025113675,0.96556534279626,27146,"4"
"714","EXOC3L2",-0.302181894759417,-0.542616672152469,-1.62081987714243,0.114216054577066,0.96556534279626,90332,"19"
"715","DNAJC8",0.124588381932412,1.45274708755491,1.62077343021087,0.114226055848757,0.96556534279626,22826,"1"
"716","FADS2",-0.24063738224932,-0.756894833770757,-1.62031453764171,0.114324906431655,0.96556534279626,9415,"11"
"717","RNPC3",0.233973254073667,-1.28795599815685,1.62028016031295,0.114332314521741,0.96556534279626,55599,"1"
"718","CENPV",-0.187438088694114,1.15425291396558,-1.62018785194873,0.11435220832383,0.96556534279626,201161,"17"
"719","LAMC3",-0.303226520774016,0.292168013182188,-1.62008872860285,0.114373574021379,0.96556534279626,10319,"9"
"720","CDNF",0.208043606725334,-1.63559256225662,1.62001300588577,0.114389898003699,0.96556534279626,441549,"10"
"721","EYA3",0.201072939869629,-2.10938141880136,1.61838904821418,0.114740444957748,0.96556534279626,2140,"1"
"722","SPG21",0.186033119153327,-1.00883650694638,1.61747262903312,0.11493865209725,0.96556534279626,51324,"15"
"723","HIGD1A",0.280656548931507,0.929949870247601,1.61746425876701,0.114940463750151,0.96556534279626,25994,"3"
"724","ESAM",-0.22454398943128,-1.79653291041079,-1.61657210170024,0.115133695940277,0.96556534279626,90952,"11"
"725","CRYBA2",0.208168578350747,0.122693417878565,1.61611977103738,0.115231768051855,0.96556534279626,1412,"2"
"726","STS",0.340791173233012,-0.924220000938551,1.6159747186057,0.115263232129226,0.96556534279626,412,"X"
"727","VCL",-0.133031221420718,3.68669391449218,-1.61191892824575,0.116145854543459,0.96556534279626,7414,"10"
"728","PNISR",0.284627831769759,-2.51400191835009,1.61171487383386,0.116190407052118,0.96556534279626,25957,"6"
"729","MCF2L",0.113379252794518,-0.402577652409702,1.61017314936192,0.116527474978904,0.96556534279626,23263,"13"
"730","CCNL1",0.245185043774327,-3.70179039963017,1.60908447511245,0.116765975114305,0.96556534279626,57018,"3"
"731","KMT2A",0.222780416385201,-2.31935498810516,1.6085229647732,0.116889143768788,0.96556534279626,4297,"11"
"732","NCDN",0.131608441358116,-0.221078061080681,1.60835354349493,0.11692632764968,0.96556534279626,23154,"1"
"733","ATG3",0.135520604488693,0.324317133007103,1.60749118314428,0.11711574526958,0.96556534279626,64422,"3"
"734","H4C16",0.150102477714557,8.0569042289782,1.60661399378119,0.1173086780759,0.96556534279626,121504,"12"
"735","TAOK2",0.174172949936694,-1.15234334295473,1.60440445200926,0.117795808854092,0.96556534279626,9344,"16"
"736","TPM4",0.222957398907367,4.07962810556853,1.60411471721821,0.117859808509473,0.96556534279626,7171,"19"
"737","ICAM1",-0.273140672005122,0.620500062274645,-1.6036276371433,0.117967464051086,0.96556534279626,3383,"19"
"738","MCM6",-0.263177620103298,-0.753753867410197,-1.60357165802031,0.117979841842635,0.96556534279626,4175,"2"
"739","CNPY2",0.177752748517272,3.41039732665727,1.60306775234448,0.118091310550861,0.96556534279626,10330,"12"
"740","INO80C",0.40937953194607,-3.52498463913748,1.60240011008998,0.118239132179063,0.96556534279626,125476,"18"
"741","ELAPOR1",0.163275604097148,3.57387532930568,1.60154840439287,0.118427926922643,0.96556534279626,57535,"1"
"742","CHMP4B",0.172997678553693,1.90064499785376,1.60146267720003,0.118446943446505,0.96556534279626,128866,"20"
"743","ANKRD40",-0.286297159450501,-3.10062698422114,-1.60071975475986,0.118611847727425,0.96556534279626,91369,"17"
"744","PPM1G",0.164206951244579,1.24460192447503,1.59714485001149,0.119407988638786,0.96556534279626,5496,"2"
"745","PHYH",0.281922262754727,-0.757896555278046,1.59573089315093,0.119724084785421,0.96556534279626,5264,"10"
"746","CCNL2",0.356196616798427,-4.14348877861426,1.59549327465555,0.119777272530912,0.96556534279626,81669,"1"
"747","IQCB1",-0.259753769953494,-3.65232817541345,-1.59517800244826,0.11984787185505,0.96556534279626,9657,"3"
"748","CYSTM1",0.173482919228188,1.87521005895592,1.59285719598022,0.120368620936535,0.96556534279626,84418,"5"
"749","PTK2",0.174493464797694,0.829305892804656,1.59285508372789,0.120369095730739,0.96556534279626,5747,"8"
"750","MAPT",0.250676156095824,0.762300021657648,1.59244136024488,0.120462122429162,0.96556534279626,4137,"17"
"751","ARL14EP",-0.19367219047863,-0.793198483151148,-1.59203762280999,0.12055296038256,0.96556534279626,120534,"11"
"752","SHROOM3",0.200889307848994,-2.05211424381012,1.59202722093479,0.120555301467485,0.96556534279626,57619,"4"
"753","TAF4",0.164572699778241,-1.5184405114103,1.59176974328362,0.12061326219333,0.96556534279626,6874,"20"
"754","YARS2",-0.102923261093132,0.811951291960229,-1.59114115183076,0.120754859912031,0.96556534279626,51067,"12"
"755","NR2C2",0.152685695580908,-0.275534784752589,1.5906376627537,0.120868374772345,0.96556534279626,7182,"3"
"756","BNIP3L",0.299927664475164,-2.19017550798917,1.58987430903045,0.121040644067762,0.96556534279626,665,"8"
"757","MCUR1",-0.164297461086118,-0.543020813928446,-1.58949708055754,0.12112584884726,0.96556534279626,63933,"6"
"758","GOLIM4",0.151797731270518,0.0546731649034795,1.5885892339075,0.121331105449967,0.96556534279626,27333,"3"
"759","ERCC4",-0.154728502007269,-1.3143866876914,-1.58691535974892,0.121710299174309,0.96556534279626,2072,"16"
"760","TAMM41",-0.163496928530051,-0.647957392683522,-1.58593246651723,0.121933410934429,0.96556534279626,132001,"3"
"761","PCSK2",0.208026184466617,2.84925577086551,1.58551178071006,0.122029006437262,0.96556534279626,5126,"20"
"762","TRIR",0.366765910853711,-0.872046623723989,1.58507998775838,0.122127189500823,0.96556534279626,79002,"19"
"763","STAT5A",-0.28953561479188,-1.89263290060159,-1.58489437799144,0.122169414109511,0.96556534279626,6776,"17"
"764","MAPKBP1",0.225588265866344,-2.27357405636356,1.58452250726793,0.122254047311858,0.96556534279626,23005,"15"
"765","TRPV2",-0.329459374997398,-4.3989806682073,-1.58429183653155,0.122306569171966,0.96556534279626,51393,"17"
"766","PLOD3",0.129751374795543,1.58876057876986,1.58390995245275,0.122393561556555,0.96556534279626,8985,"7"
"767","ZBTB45",0.241378649118184,-2.58817527569991,1.5826433937619,0.122682442371945,0.96556534279626,84878,"19"
"768","BSG",-0.136196265335498,1.72238285731363,-1.58234096439844,0.122751503636353,0.96556534279626,682,"19"
"769","SOX5",-0.256755944692732,-0.845270898584584,-1.58218673899625,0.122786733987968,0.96556534279626,6660,"12"
"770","GMEB2",0.177908244954184,-0.89607819504854,1.58045317070043,0.123183307821454,0.96556534279626,26205,"20"
"771","FUT8",-0.12825846504354,-0.221443645092169,-1.57950766632335,0.123400042639664,0.96556534279626,2530,"14"
"772","MRPL38",-0.122207914131315,1.5501314056479,-1.57947493875397,0.123407550233995,0.96556534279626,64978,"17"
"773","HSD17B11",-0.191544735202167,1.31347570923665,-1.57945825725711,0.123411377056516,0.96556534279626,51170,"4"
"774","ANKRD46",0.280583604261575,-1.23102675502318,1.57918417717627,0.123474266311217,0.96556534279626,157567,"8"
"775","RNPEP",-0.188404911879271,2.43716257483225,-1.57846791161704,0.12363874091558,0.96556534279626,6051,"1"
"776","APC",0.157055141938828,-1.69679816136129,1.57630551067263,0.124136372126662,0.96556534279626,324,"5"
"777","PYGO2",0.295054892685294,-2.51964896535448,1.57551103852016,0.124319612595938,0.96556534279626,90780,"1"
"778","CHGA",0.297656843770509,2.99113578248277,1.57538828539906,0.124347944543097,0.96556534279626,1113,"14"
"779","TSPYL4",-0.350002617499707,-3.41024600678298,-1.57476330136945,0.124492275097667,0.96556534279626,23270,"6"
"780","ACO1",-0.18923962977274,2.79620182303244,-1.57363450459939,0.124753299243675,0.96556534279626,48,"9"
"781","TMEM38B",0.148404339421964,0.101400191731771,1.57285144285173,0.124934636908973,0.96556534279626,55151,"9"
"782","STK11IP",0.129641317472642,-0.0237345598441682,1.57206063996501,0.125117984938864,0.96556534279626,114790,"2"
"783","FCHSD2",-0.542097619161551,-5.0716325339572,-1.57005137836618,0.125584818448498,0.96556534279626,9873,"11"
"784","BICD2",0.202877266682127,-2.00874155513851,1.56938133900215,0.125740810682967,0.96556534279626,23299,"9"
"785","YEATS2",0.164163478850333,-1.64022129388155,1.5681323470462,0.126032009920705,0.96556534279626,55689,"3"
"786","PTGR2",0.136200137255494,1.30207558600235,1.56766815918901,0.126140373814048,0.96556534279626,145482,"14"
"787","TATDN3",0.211119727303856,-0.111570922661242,1.5676013018817,0.126155987783177,0.96556534279626,128387,"1"
"788","GEMIN4",0.141304790391403,-0.771052610427544,1.56753120148703,0.126172360836258,0.96556534279626,50628,"17"
"789","CYFIP2",0.183825284416025,0.395631086701623,1.56742978139096,0.126196052158095,0.96556534279626,26999,"5"
"790","MIEN1",0.249766563355054,-0.175909377331136,1.56540678700226,0.126669371535118,0.96556534279626,84299,"17"
"791","MEMO1",-0.146828188113613,-0.561895025365696,-1.56517093176386,0.12672464831525,0.96556534279626,51072,"2"
"792","TIMP2",0.335387271861042,2.13122546900154,1.5646311623795,0.126851226442806,0.96556534279626,7077,"17"
"793","KCTD5",0.241002361673722,-1.96354507772117,1.56413772585655,0.126967029203912,0.96556534279626,54442,"16"
"794","MTMR3",0.153587622736077,-0.54142649221725,1.56366921139715,0.127077062591464,0.96556534279626,8897,"22"
"795","JMJD8",-0.23399193387934,-1.16695438266389,-1.5628951560989,0.127259023786647,0.96556534279626,339123,"16"
"796","ANKH",0.196627655065551,0.576620190570238,1.56208209203589,0.12745038285168,0.96556534279626,56172,"5"
"797","AIP",0.142723598955006,1.58883805947781,1.56189287395452,0.127494949868972,0.96556534279626,9049,"11"
"798","ANO8",0.191537613963259,-2.06528578203779,1.55973915504882,0.128003113240825,0.96556534279626,57719,"19"
"799","RIMBP2",0.37580760949397,-0.884632352011761,1.55966902232265,0.128019688448164,0.96556534279626,23504,"12"
"800","TRAPPC2",0.203834534111873,-1.58591698915981,1.55879333601207,0.1282267953766,0.96556534279626,6399,"X"
"801","ALG6",-0.152314892184417,-0.347897836475563,-1.55848314901039,0.128300222320142,0.96556534279626,29929,"1"
"802","STXBP5",0.165874700032563,2.65808022112992,1.55780457847806,0.128460971379757,0.96556534279626,134957,"6"
"803","BRD3",0.147728826429834,-0.0521448360668947,1.55775416939964,0.128472919490106,0.96556534279626,8019,"9"
"804","PLBD2",0.166246192179795,1.51177627588637,1.5577241934641,0.128480024903467,0.96556534279626,196463,"12"
"805","TMEM67",0.248296975355108,-2.45335815827866,1.55750127476231,0.12853287494419,0.96556534279626,91147,"8"
"806","PHF21A",0.226509935229689,-2.76535478111287,1.55669370650917,0.128724482677191,0.96556534279626,51317,"11"
"807","WFS1",0.1577691949093,2.76858872526935,1.55592439901272,0.128907227942068,0.96556534279626,7466,"4"
"808","RAD23A",0.166444618089558,1.04267014287862,1.5556102609797,0.128981910397759,0.96556534279626,5886,"19"
"809","FABP4",-0.302356660457258,1.55833769193054,-1.55534407387772,0.129045220574922,0.96556534279626,2167,"8"
"810","APLP2",-0.162640458331863,-1.22618100829286,-1.55394971085394,0.129377269053956,0.96556534279626,334,"11"
"811","CADM4",0.193148314307172,-0.789571257327211,1.55359241945588,0.129462464528535,0.96556534279626,199731,"19"
"812","ENOSF1",-0.238825800812981,0.395972796969072,-1.55328459289219,0.129535901676658,0.96556534279626,55556,"18"
"813","ANAPC10",0.254340719927853,-1.66572277582894,1.55282352380403,0.129645960552874,0.96556534279626,10393,"4"
"814","ARL10",0.198142810448612,-0.335972997154692,1.55238161941519,0.129751515878881,0.96556534279626,285598,"5"
"815","VWF",-0.303030494748329,-1.44505388082893,-1.55234241432906,0.129760883950516,0.96556534279626,7450,"12"
"816","MICAL1",0.126427030280302,0.0553348690113672,1.5503590831962,0.130235517600832,0.96556534279626,64780,"6"
"817","NFASC",0.171373486008426,-0.368644736993573,1.55030173446404,0.130249262701612,0.96556534279626,23114,"1"
"818","ZNF618",0.153335215332729,0.642266309216598,1.54985083080104,0.130357374333617,0.96556534279626,114991,"9"
"819","SDR39U1",-0.184369760662116,1.70842972748199,-1.54898772786081,0.130564520343899,0.96556534279626,56948,"14"
"820","CDKN1B",0.286902173187161,-3.06442254916684,1.54855299671812,0.130668957402281,0.96556534279626,1027,"12"
"821","PC",0.143477307517968,1.794210224892,1.54805222652695,0.130789343111617,0.96556534279626,5091,"11"
"822","MAL2",0.158469227376926,2.28253115255915,1.54678603183595,0.131094138432533,0.96556534279626,114569,"8"
"823","TRIM38",0.351585989514081,-2.65491681078022,1.54661776216505,0.131134687157759,0.96556534279626,10475,"6"
"824","RMDN2",-0.206017195879188,-1.79298403892385,-1.54622549343435,0.131229253405689,0.96556534279626,151393,"2"
"825","MAP4K4",0.166981794015507,-0.322336752181915,1.54561095293112,0.131377514842341,0.96556534279626,9448,"2"
"826","CYP27A1",-0.188304288630562,1.92941606665388,-1.54500842821197,0.131523009006455,0.96556534279626,1593,"2"
"827","SLC25A15",-0.301743064764549,-0.520693317135821,-1.5449149912038,0.131545583306773,0.96556534279626,10166,"13"
"828","H2AC13",0.151463896836478,8.18866119605807,1.54468766395642,0.131600518468411,0.96556534279626,8329,"6"
"829","MFAP1",0.139405480857473,0.123969221405086,1.54379374912206,0.131816719082607,0.96556534279626,4236,"15"
"830","C5",0.384793833540183,-2.33215682571391,1.54286049743138,0.132042740182547,0.96556534279626,727,"9"
"831","NOS3",-0.226446820462489,-0.736547028495519,-1.54235830598873,0.132164493928578,0.96556534279626,4846,"7"
"832","SLC22A18",0.240844696378716,-0.930261511122268,1.54165107840078,0.132336111613986,0.96556534279626,5002,"11"
"833","HMGN3",-0.228947135807865,-5.10054988644527,-1.54154234164989,0.132362513935231,0.96556534279626,9324,"6"
"834","PCSK1N",0.58453907672645,2.50937120214449,1.54096707088911,0.132502266061879,0.96556534279626,27344,"X"
"835","CLTB",0.200819420516185,1.90479673468548,1.5401629286709,0.132697818508533,0.96556534279626,1212,"5"
"836","PHF3",0.158891914251741,-1.30855718771544,1.53997719714623,0.132743018119236,0.96556534279626,23469,"6"
"837","ELOA",0.166907038315796,-0.354682388872871,1.53965515790783,0.132821419066134,0.96556534279626,6924,"1"
"838","BMP2K",0.189955213807639,-1.66983932270734,1.53817023766145,0.133183409541968,0.96556534279626,55589,"4"
"839","H2BC21",0.141997795350805,5.23627812635576,1.53745379501523,0.133358347220991,0.96556534279626,8349,"1"
"840","TOM1L2",0.153309508298307,1.53596340637046,1.53691253836724,0.133490631869135,0.96556534279626,146691,"17"
"841","SERPINC1",-0.748822236359019,2.69544756151415,-1.53643441123874,0.133607575656326,0.96556534279626,462,"1"
"842","PHF2",0.13813805372382,0.421614951339959,1.53509000855394,0.133936842947439,0.96556534279626,5253,"9"
"843","GTPBP10",-0.117870335987589,-0.346295644172908,-1.53462420912979,0.134051077972587,0.96556534279626,85865,"7"
"844","ILK",-0.140374920887433,0.890276893480094,-1.53198305330102,0.134700297083131,0.96556534279626,3611,"11"
"845","PGAM2",-0.204684703098583,-1.63206250860795,-1.53123055040451,0.134885732650024,0.96556534279626,5224,"7"
"846","CHMP4A",0.235937553302787,-1.243174294129,1.53040602162149,0.135089153657824,0.96556534279626,29082,"14"
"847","FADS1",0.440024865382479,-2.37102051040786,1.52955836991393,0.135298537309013,0.96556534279626,3992,"11"
"848","SEPTIN3",0.210106422186386,1.10882931478379,1.52913236096775,0.135403867197165,0.96556534279626,55964,"22"
"849","INPP5E",-0.230139065169634,-4.44132186972016,-1.52888848762073,0.135464194172564,0.96556534279626,56623,"9"
"850","DNASE2",-0.128636254142084,-0.242283631772388,-1.52859113470307,0.135537779722505,0.96556534279626,1777,"19"
"851","PDPR",0.134858384948769,0.870523739181586,1.52849625438859,0.135561266416865,0.96556534279626,55066,"16"
"852","MSL1",-0.155045761699276,-1.95419464060329,-1.52849190322362,0.135562343583926,0.96556534279626,339287,"17"
"853","NME6",0.363036588310201,-3.4293464390779,1.52844711339228,0.135573432080268,0.96556534279626,10201,"3"
"854","GPSM1",0.179166993182847,-0.38509431372868,1.52832337478793,0.135604069510659,0.96556534279626,26086,"9"
"855","CFI",-0.460065926952128,-1.24698769430129,-1.5281554875459,0.13564564698189,0.96556534279626,3426,"4"
"856","ADPRH",-0.165178391539822,-1.30344265508233,-1.52746344635617,0.135817140323814,0.96556534279626,141,"3"
"857","BAX",0.17408674131374,2.55995456329623,1.52652331248508,0.136050393020617,0.96556534279626,581,"19"
"858","SMARCB1",0.197280675818237,0.772674006653265,1.52602428879819,0.136174334841885,0.96556534279626,6598,"22"
"859","RPA3",0.216448215405091,0.308134426369071,1.52400607974372,0.1366765232189,0.96556534279626,6119,"7"
"860","HERC1",0.110608129560346,-1.03891393239583,1.52369174699722,0.136754872362988,0.96556534279626,8925,"15"
"861","RNF220",0.230613340017456,-1.64925933386916,1.52115274997897,0.13738905839731,0.96556534279626,55182,"1"
"862","SAMD1",0.311478766292663,-2.55027521315296,1.5206612888993,0.137512087774879,0.96556534279626,90378,"19"
"863","COL6A1",-0.220606983089747,4.74738361615179,-1.52025665528493,0.13761344785506,0.96556534279626,1291,"21"
"864","ACY1",-0.142682831893515,-0.3004418869598,-1.51993363552559,0.137694406957784,0.96556534279626,95,"3"
"865","SLC25A40",-0.181017810232288,-1.17837506925416,-1.51956426526021,0.137787029963707,0.96556534279626,55972,"7"
"866","OTUD4",0.201385924116354,-0.601550707723666,1.51927293335339,0.137860119500057,0.96556534279626,54726,"4"
"867","TRUB2",-0.186199339885393,-1.85545017758494,-1.51906452858718,0.137912423364456,0.96556534279626,26995,"9"
"868","RPGR",0.300556789675023,-2.17444100584986,1.51882236361978,0.137973220170231,0.96556534279626,6103,"X"
"869","USP8",0.157267205226714,0.352290064321528,1.51824544637015,0.138118145220312,0.96556534279626,9101,"15"
"870","NHLRC3",0.124714370355063,-0.186464979642514,1.51801507593467,0.138176049857245,0.96556534279626,387921,"13"
"871","NEU1",0.177673843310711,0.69345630707865,1.51797852496403,0.138185238901974,0.96556534279626,4758,"6"
"872","MPP1",-0.159371869407923,0.840808411379291,-1.51729123348954,0.138358118001248,0.96556534279626,4354,"X"
"873","SYF2",-0.208344492753764,-1.97452229320213,-1.51714439970875,0.138395074649066,0.96556534279626,25949,"1"
"874","SVIP",0.262758075148576,-0.162162534914702,1.51614742133029,0.138646214554512,0.96556534279626,258010,"11"
"875","WDR5B",-0.242298259755588,-3.48677209161601,-1.51586897979282,0.1387164197141,0.96556534279626,54554,"3"
"876","HLA-DRB1",-0.189269497268104,-0.566794598480454,-1.51548310109735,0.138813760920466,0.96556534279626,3123,"6"
"877","FGD6",0.170844694655602,-2.14755005832185,1.51506839978423,0.138918434109014,0.96556534279626,55785,"12"
"878","XKR7",0.300432490176833,-5.58327452036214,1.5140196419653,0.139183430315097,0.96556534279626,343702,"20"
"879","TPP1",0.184574555626161,4.62304198637745,1.51381211193225,0.139235916361413,0.96556534279626,1200,"11"
"880","GDA",0.22322270865879,2.8714625771167,1.51326930597267,0.13937327166992,0.96556534279626,9615,"9"
"881","SIL1",0.134513067160423,2.27569136021581,1.51287579236968,0.139472917108352,0.96556534279626,64374,"5"
"882","SH3BP5L",0.234174051104917,-2.70201753405765,1.51272875099265,0.139510165588971,0.96556534279626,80851,"1"
"883","RLIG1",-0.202859169140693,-1.96762997549526,-1.51153723448188,0.139812295168115,0.96556534279626,91298,"12"
"884","RPH3AL",0.207715512768161,2.08214741798011,1.51090993843978,0.139971568023655,0.96556534279626,9501,"17"
"885","SCGN",0.218215329659854,5.42607192007049,1.51036123717719,0.14011100484753,0.96556534279626,10590,"6"
"886","SYT7",0.176480958452792,1.90161360988086,1.50944134177226,0.140345020412645,0.96556534279626,9066,"11"
"887","PLA2G6",0.22759861851819,-2.65976379961137,1.50942437290469,0.140349340131857,0.96556534279626,8398,"22"
"888","TTC28",0.135707673477686,-2.01703563093344,1.50913227633168,0.140423715114626,0.96556534279626,23331,"22"
"889","XPO6",-0.227701871915784,-1.59250506388358,-1.5089272076727,0.140475949554374,0.96556534279626,23214,"16"
"890","SYAP1",0.240526154578857,-0.0832272434771168,1.50836479950335,0.140619284456748,0.96556534279626,94056,"X"
"891","MFSD9",0.295064950083839,-3.7690365789637,1.50781193577542,0.140760301299941,0.96556534279626,84804,"2"
"892","PDZD2",-0.375349624161723,-0.0466762057295602,-1.50768158923365,0.140793564828368,0.96556534279626,23037,"5"
"893","PLTP",-0.490601815387161,0.174362531150143,-1.50743013950436,0.140857750873517,0.96556534279626,5360,"20"
"894","SPRYD3",0.13133400961798,-0.907419628763516,1.50692298779979,0.140987279871584,0.96556534279626,84926,"12"
"895","FAM161A",0.211762604450783,-4.39072362533252,1.50627607768902,0.141152642575257,0.96556534279626,84140,"2"
"896","NT5C3B",-0.134231341833492,-1.91874640853483,-1.50598601756973,0.141226838061749,0.96556534279626,115024,"17"
"897","SEMA3E",0.344272773707946,-3.12506163283757,1.5049137979452,0.141501376549398,0.96556534279626,9723,"7"
"898","HNMT",-0.243226787495747,1.41675343629779,-1.50467399118037,0.1415628368758,0.96556534279626,3176,"2"
"899","GNS",0.1878990832142,2.27229690771851,1.50433607278714,0.141649478682396,0.96556534279626,2799,"12"
"900","EFNB1",-0.301584666946263,-3.51496346568463,-1.50237816533499,0.14215232096756,0.96556534279626,1947,"X"
"901","DFFA",0.138773875578504,0.284141061369682,1.50209659489637,0.142224753263205,0.96556534279626,1676,"1"
"902","ZFP91",0.225641926519553,-0.25834050488693,1.50153042660162,0.142370486207921,0.96556534279626,80829,"11"
"903","HDAC9",0.217606780418624,0.244315745609644,1.50089798142856,0.142533420490398,0.96556534279626,9734,"7"
"904","RCN2",-0.211793483374359,-2.55491828425838,-1.49897229898227,0.143030446758729,0.96556534279626,5955,"15"
"905","DISP2",-0.263453216840414,-3.1279921598797,-1.49723896370051,0.143479014073747,0.96556534279626,85455,"15"
"906","OTUD6B",0.272517526343291,-0.950771516555595,1.49658696623416,0.143648034885362,0.96556534279626,51633,"8"
"907","RAVER1",0.159656464378384,0.514074329983767,1.49495882238492,0.144070803608066,0.96556534279626,125950,"19"
"908","DHX40",0.304149023251265,-1.49938761846163,1.49461300802813,0.144160726919677,0.96556534279626,79665,"17"
"909","COA6",0.269439560376062,-1.92781786187594,1.4941875996802,0.144271408952246,0.96556534279626,388753,"1"
"910","KLHL42",0.176905935342673,0.159374694914858,1.49331889400129,0.144497638581013,0.96556534279626,57542,"12"
"911","TRIQK",0.223457685225355,0.842063170283909,1.49187877205691,0.144873302539477,0.96556534279626,286144,"8"
"912","PNMA2",-0.227257780512788,-0.885645455568444,-1.49087414894312,0.145135826450703,0.96556534279626,10687,"8"
"913","AOC3",-0.256499810999473,2.79345996512309,-1.49042926291248,0.145252203687004,0.96556534279626,8639,"17"
"914","MAP7D3",0.146448753348434,-1.94792500241272,1.49005082621332,0.145351257242091,0.96556534279626,79649,"X"
"915","LIN7B",0.180221082224411,-0.52839655605131,1.48910980194009,0.145597798886433,0.96556534279626,64130,"19"
"916","PACSIN1",0.256904414928808,-1.60817374168335,1.48910219977275,0.145599791960437,0.96556534279626,29993,"6"
"917","DNAJC3",-0.128495252460979,2.91000448994836,-1.48885562027906,0.145664449981015,0.96556534279626,5611,"13"
"918","TFAM",0.13499345282183,2.47694179199653,1.48846601628223,0.145766658636365,0.96556534279626,7019,"10"
"919","FLYWCH2",0.252308207444629,-0.0582355889529685,1.488219830459,0.145831272538525,0.96556534279626,114984,"16"
"920","TCIRG1",-0.216608827361902,-1.0110079744237,-1.48776485112787,0.145950746604804,0.96556534279626,10312,"11"
"921","EWSR1",0.180433991120373,3.93111531547784,1.48725972772252,0.146083479734208,0.96556534279626,2130,"22"
"922","SMIM1",0.185254133102125,-1.19310564336469,1.48720095967755,0.146098928690919,0.96556534279626,388588,"1"
"923","SRSF8",0.224680625992276,-3.3099822953231,1.48585913011998,0.14645202446635,0.96556534279626,10929,"11"
"924","E2F4",0.326107920389395,-3.05726641594335,1.48558555451521,0.146524098120654,0.96556534279626,1874,"16"
"925","GLYCTK",0.22717959977352,-1.20683958681934,1.48401935855106,0.1469372588986,0.96556534279626,132158,"3"
"926","GNG2",0.24329143778413,0.90140270037677,1.48392408931922,0.146962420801345,0.96556534279626,54331,"14"
"927","ASRGL1",-0.176161692827081,-0.152871813344592,-1.48375473654133,0.14700715767191,0.96556534279626,80150,"11"
"928","MATN2",0.198170613386132,-1.28943179195607,1.48365113493173,0.14703453082513,0.96556534279626,4147,"8"
"929","DNAJC6",0.183057000397962,-0.62727707529043,1.48360708004126,0.147046172044049,0.96556534279626,9829,"1"
"930","WDR4",-0.182718009439331,-1.31692037013486,-1.48333415634884,0.147118306759772,0.96556534279626,10785,"21"
"931","C5orf24",0.259809025111517,-1.63683901193811,1.4833272283168,0.147120138231216,0.96556534279626,134553,"5"
"932","ITPK1",0.142037912121759,0.192000391867633,1.48327331059091,0.147134392363493,0.96556534279626,3705,"14"
"933","ZNF106",0.450202070624458,-4.23629542333002,1.48314596984302,0.147168061585055,0.96556534279626,64397,"15"
"934","MIF4GD",0.310164556425098,-2.33106662356268,1.48301580594561,0.147202483611122,0.96556534279626,57409,"17"
"935","NOL4",0.157314476074653,-0.135327365654573,1.48258365949816,0.147316811440907,0.96556534279626,8715,"18"
"936","HTATIP2",0.132191565587858,0.848696300139616,1.48171538089075,0.147546735814962,0.96556534279626,10553,"11"
"937","DNMT3A",-0.344991466363564,-3.0442027298953,-1.48134469989245,0.147644981124826,0.96556534279626,1788,"2"
"938","BCL2L1",-0.131222812954767,-0.067934157469143,-1.47963209515523,0.148099567872485,0.96556534279626,598,"20"
"939","MTHFS",-0.137907294936441,1.73899405965221,-1.47710244037079,0.148773070664245,0.96556534279626,10588,"15"
"940","ITGAM",-0.141270101048687,2.61170160192538,-1.47581822627835,0.149115916871882,0.96556534279626,3684,"16"
"941","MMUT",0.0957983069886883,1.83157111267494,1.47446451586596,0.149477997886829,0.96556534279626,4594,"6"
"942","IREB2",-0.183587005612,-3.23397995953223,-1.47373673542063,0.149672948851166,0.96556534279626,3658,"15"
"943","JCAD",-0.303783865551443,-1.58501420348498,-1.47361739790892,0.149704935178513,0.96556534279626,57608,"10"
"944","RGL3",0.195997267065573,-0.966211875876824,1.47329304708404,0.149791899240971,0.96556534279626,57139,"19"
"945","BDH1",-0.150821866227393,1.38368266624943,-1.47303940321239,0.149859933579121,0.96556534279626,622,"3"
"946","APAF1",0.218727989747681,-2.02151357443055,1.47177418950652,0.150199666697561,0.96556534279626,317,"12"
"947","KIF3A",0.128044835254785,0.307468131971295,1.47162896882553,0.150238700319615,0.96556534279626,11127,"5"
"948","SAMD11",0.529727911039725,-0.29944381014756,1.47084180185942,0.15045042215843,0.96556534279626,148398,"1"
"949","MRPL10",-0.126831371626794,0.741943281048598,-1.47067546044122,0.150495192873828,0.96556534279626,124995,"17"
"950","TSC1",0.116242416251727,-1.90694316507145,1.47031121247888,0.150593267080357,0.96556534279626,7248,"9"
"951","SELENOT",-0.13584744748078,0.935529842781095,-1.4700818732655,0.150655043035679,0.96556534279626,51714,"3"
"952","TERF2",0.149157265611997,-0.918628605824647,1.46922397282625,0.150886310236312,0.96556534279626,7014,"16"
"953","STX8",0.131525353954102,-0.0913891691380441,1.46766620559132,0.151306965056925,0.96556534279626,9482,"17"
"954","SETD1A",0.14536538867868,-1.19195461379148,1.46671074925784,0.151565434847311,0.96556534279626,9739,"16"
"955","FSD1L",0.154531053767479,-0.388871321621214,1.46484762626079,0.152070456208764,0.96556534279626,83856,"9"
"956","MEN1",0.138169590855836,-0.874890851097228,1.46418237777107,0.15225110337468,0.96556534279626,4221,"11"
"957","STK10",0.143877942037629,-1.06791671593893,1.46368500749488,0.152386274874005,0.96556534279626,6793,"5"
"958","MAGT1",-0.134035735015463,2.46223887611148,-1.46365770676652,0.152393697217935,0.96556534279626,84061,"X"
"959","DNAJC21",-0.196553033601613,-2.43949084571835,-1.46322118111764,0.152512415990688,0.96556534279626,134218,"5"
"960","BABAM1",0.121206663492328,0.509096033406111,1.46189137429594,0.152874527057323,0.96556534279626,29086,"19"
"961","GCG",0.397245830029683,4.9050244192357,1.46151088613127,0.152978260887792,0.96556534279626,2641,"2"
"962","TCF25",0.123821729230705,-0.30766707996477,1.46029518007968,0.153310077850615,0.96556534279626,22980,"16"
"963","ATG2A",0.13602564986291,-1.57063961037641,1.45980051584662,0.153445255858689,0.96556534279626,23130,"11"
"964","RDH12",-0.263464382841263,-2.20859090464493,-1.45931070986074,0.153579199468964,0.96556534279626,145226,"14"
"965","PKNOX1",-0.706438681429093,3.02699028226623,-1.45930243102025,0.153581464219519,0.96556534279626,5316,"21"
"966","MAST3",-0.209923601921984,-2.18270013849055,-1.45864114171973,0.15376245145216,0.96556534279626,23031,"19"
"967","PLA2G4A",-0.212899531000901,-1.54007254752639,-1.45820290609498,0.15388248471463,0.96556534279626,5321,"1"
"968","NEIL2",0.217798317501438,-1.14014631052214,1.45818758480345,0.153886682579819,0.96556534279626,252969,"8"
"969","NUCKS1",0.273857005645678,1.95589850634593,1.4578322380037,0.153984069191462,0.96556534279626,64710,"1"
"970","PSAP",0.157044834978901,3.49369737905042,1.45668058578316,0.154300028014791,0.96556534279626,5660,"10"
"971","PEX12",0.233459617367954,-0.897792671107207,1.45638818100149,0.154380331860607,0.96556534279626,5193,"17"
"972","ABCA5",0.142574883949135,-1.20069823366647,1.45464483142603,0.154859800566678,0.96556534279626,23461,"17"
"973","BCL2L13",0.173848164051136,0.973185814735661,1.45399626718995,0.155038474514392,0.96556534279626,23786,"22"
"974","STEAP3",-0.204420087406231,-0.25721900716919,-1.45366478606419,0.155129857851232,0.96556534279626,55240,"2"
"975","PHACTR4",0.19793470030689,-1.45550959142742,1.45297689720824,0.15531963259211,0.96556534279626,65979,"1"
"976","ITGA6",-0.34151366120162,0.0917051446491826,-1.45260266505757,0.155422953001767,0.96556534279626,3655,"2"
"977","CD36",-0.318276260422489,0.820635023423829,-1.45127443909873,0.155790097965529,0.96556534279626,948,"7"
"978","NIT1",-0.13729219614821,1.28236468001125,-1.45119366465307,0.155812447587551,0.96556534279626,4817,"1"
"979","STX17",-0.109708762441403,-0.042920387106281,-1.45083869225065,0.15591069563429,0.96556534279626,55014,"9"
"980","MCUB",0.155586238660078,-1.94036063586893,1.45005291762969,0.15612835421758,0.96556534279626,55013,"4"
"981","WDTC1",0.311481911008983,-3.61064532319906,1.44981551398006,0.15619416205501,0.96556534279626,23038,"1"
"982","PTPRJ",0.135331598269057,0.0449337709088322,1.44809859131661,0.156670743933907,0.96556534279626,5795,"11"
"983","ATM",0.125439170378396,0.102660944421845,1.44653164274179,0.157106700313034,0.96556534279626,472,"11"
"984","BAIAP2L2",0.19291507491588,-1.68374919985524,1.44639322671643,0.157145256521715,0.96556534279626,80115,"22"
"985","ELP4",-0.122484351733885,-0.314419534007282,-1.44572303774362,0.157332045634429,0.96556534279626,26610,"11"
"986","PRCP",0.136599055227154,0.744353655666821,1.44499709858205,0.157534571112752,0.96556534279626,5547,"11"
"987","BET1L",0.281917719517834,-1.04003165768861,1.44384060131739,0.157857641410069,0.96556534279626,51272,"11"
"988","DNM1",0.16724910288489,2.32553541397809,1.44375214907401,0.157882372314291,0.96556534279626,1759,"9"
"989","USP20",0.328274152117842,-2.8236675135913,1.44359876426683,0.157925265375784,0.96556534279626,10868,"9"
"990","SDK1",0.159090454898647,-0.0322133092916649,1.44302560553882,0.158085627045045,0.96556534279626,221935,"7"
"991","PIN4",0.266180346861916,-0.58685717658489,1.44300990247095,0.158090022351937,0.96556534279626,5303,"X"
"992","IFT43",0.282769812923534,-2.67122101705755,1.4426880846275,0.158180120824385,0.96556534279626,112752,"14"
"993","COL6A3",-0.195500783193427,4.56733728684012,-1.44267122644609,0.15818484168283,0.96556534279626,1293,"2"
"994","FIZ1",-0.244459872235747,-1.47573532768823,-1.4392222303969,0.159153021698781,0.96556534279626,84922,"19"
"995","SORBS3",-0.123742156161549,0.690545784679171,-1.43719559855768,0.159724104832144,0.96556534279626,10174,"8"
"996","HTRA1",0.352791056803738,-1.21069390361033,1.43710416592971,0.15974990766725,0.96556534279626,5654,"10"
"997","PSIP1",0.149921672469623,1.27065586287945,1.43544825232487,0.160217786213401,0.96556534279626,11168,"9"
"998","GORAB",-0.21878874943162,-1.88034183917244,-1.43526803376872,0.16026877218161,0.96556534279626,92344,"1"
"999","SGMS2",-0.163816162778521,-1.42497888337778,-1.43505911322398,0.16032789430981,0.96556534279626,166929,"4"
"1000","MYCBP2",0.1195568294419,-0.0163326917411351,1.4345695641172,0.160466498538466,0.96556534279626,23077,"13"
"1001","HK1",-0.17117527739302,1.5223610440089,-1.43442040991404,0.160508746804946,0.96556534279626,3098,"10"
"1002","FTH1",-0.166231007275903,3.35730794484089,-1.43426844178682,0.160551801148707,0.96556534279626,2495,"11"
"1003","TCEAL4",0.249146959208643,-2.64019479713207,1.434185689678,0.160575249618689,0.96556534279626,79921,"X"
"1004","NCBP2",0.143831680614232,0.846595325322106,1.43287846422835,0.160946020980968,0.96556534279626,22916,"3"
"1005","TAB3",0.178339929438142,-3.33203327868567,1.43260436846149,0.161023848973177,0.96556534279626,257397,"X"
"1006","SNX18",0.140889171824019,-0.0597315066056875,1.4323437910073,0.161097866036318,0.96556534279626,112574,"5"
"1007","CPT1A",0.117725478723231,1.50382950361245,1.43183772663604,0.161241690352879,0.96556534279626,1374,"11"
"1008","HERC2",0.107431017820466,-0.384232273999426,1.43131770481672,0.161389586865901,0.96556534279626,8924,"15"
"1009","METAP1D",-0.210500372438001,-1.5703643183017,-1.43084432558962,0.161524311003621,0.96556534279626,254042,"2"
"1010","CADPS",0.197072455482876,3.18028422793864,1.42991697103115,0.161788493890429,0.96556534279626,8618,"3"
"1011","NAA35",0.147317195722162,-0.25690526802548,1.42948366534262,0.16191204982858,0.96556534279626,60560,"9"
"1012","POLR2I",0.399957175491848,-1.6071194130429,1.42871125961516,0.162132483646467,0.96556534279626,5438,"19"
"1013","LRRC8D",0.166976946838389,-2.23122381612766,1.42842800620052,0.162213379456699,0.96556534279626,55144,"1"
"1014","RNF113A",0.163682192807009,-1.15664468163358,1.42835564985622,0.162234049178826,0.96556534279626,7737,"X"
"1015","SLC7A2",0.176630153154971,2.94540068754824,1.42700479964653,0.162620321825708,0.96556534279626,6542,"8"
"1016","SPINT2",0.159993236555298,0.58542432252357,1.42661548425348,0.162731780077501,0.96556534279626,10653,"19"
"1017","GEMIN2",0.218321612501667,-1.16161725908325,1.42610948873715,0.162876732930703,0.96556534279626,8487,"14"
"1018","CAAP1",0.242643729082259,-3.10482825963662,1.42586339217249,0.16294726911029,0.96556534279626,79886,"9"
"1019","SLX9",0.358610786961297,-2.21874463356883,1.42555270877094,0.163036351512906,0.96556534279626,85395,"21"
"1020","SCML2",0.183842581397032,-1.4022083490734,1.42516358742261,0.163147978550558,0.96556534279626,10389,"X"
"1021","HSP90B1",-0.138925357237866,6.48796472076391,-1.42399851441629,0.163482562245583,0.96556534279626,7184,"12"
"1022","NBEAL2",0.143921902257396,-1.47913725326196,1.4232084453882,0.163709760059247,0.96556534279626,23218,"3"
"1023","TTC39B",-0.173843318501937,0.22656500466501,-1.42271209152768,0.163852622104579,0.96556534279626,158219,"9"
"1024","ZER1",0.211091676956126,-2.80419045899094,1.42219754509574,0.164000823921919,0.96556534279626,10444,"9"
"1025","IRF3",-0.188567882701215,0.590711295014906,-1.42211583759416,0.164024367358189,0.96556534279626,3661,"19"
"1026","TXNDC5",-0.123910097394858,4.0909561800268,-1.42155533149385,0.164185944898378,0.96556534279626,81567,"6"
"1027","NME7",-0.0975303517701687,0.0322693296582278,-1.42095474294952,0.164359215958001,0.96556534279626,29922,"1"
"1028","DNM3",0.245054681648634,-3.2866817749167,1.42091028316261,0.164372048415134,0.96556534279626,26052,"1"
"1029","TMSB4X",-0.398758275869215,-0.851768470152453,-1.41991060513458,0.164660794224189,0.96556534279626,7114,"X"
"1030","IFT52",-0.276395345054001,-3.61710073845363,-1.41959763081075,0.16475127528451,0.96556534279626,51098,"20"
"1031","ARAP1",0.104967782571484,-0.335152110730109,1.41925533181721,0.164850278874043,0.96556534279626,116985,"11"
"1032","HSPA1A",0.156355087527836,5.5129937629263,1.41901131872729,0.16492088365193,0.96556534279626,3303,"6"
"1033","MYLK",-0.202095081991067,2.59265990069049,-1.41891341339613,0.164949219076512,0.96556534279626,4638,"3"
"1034","SVOP",0.151276053278404,-0.150674435605889,1.41840154287501,0.165097425194653,0.96556534279626,55530,"12"
"1035","TMEM43",-0.120497093152869,2.27491854603589,-1.41825005936759,0.165141305535489,0.96556534279626,79188,"3"
"1036","DTX3",0.160386906673488,-1.44982501493683,1.41824603386192,0.165142471731741,0.96556534279626,196403,"12"
"1037","NRF1",0.125413480666938,0.0883144669059314,1.41746797961875,0.165367996997365,0.96556534279626,4899,"7"
"1038","MAP4",0.223259313217387,2.42077016962533,1.4170354072472,0.165493486208202,0.96556534279626,4134,"3"
"1039","KPNA5",0.308116351915542,-3.86460196432292,1.41588398306429,0.165827878914331,0.96556534279626,3841,"6"
"1040","TPM3",0.183468918473145,2.47814442164091,1.41583444989567,0.165842276067264,0.96556534279626,7170,"1"
"1041","DAGLB",-0.155807447224194,-1.85624077453185,-1.41545576996807,0.165952374413922,0.96556534279626,221955,"7"
"1042","LYN",-0.223280271220403,-0.427272849214794,-1.41528471113177,0.166002127305435,0.96556534279626,4067,"8"
"1043","TPPP",0.192790381645881,1.29369866610908,1.41376330961395,0.166445146308791,0.96556534279626,11076,"5"
"1044","GMPR",-0.24764928846848,-1.35093013393071,-1.41359252447869,0.166494935358892,0.96556534279626,2766,"6"
"1045","ZC3HC1",0.160638187031765,0.172791124409367,1.41353615618538,0.166511370993127,0.96556534279626,51530,"7"
"1046","CAMSAP3",0.156183592184345,0.111198925542938,1.41222373954738,0.166894400162585,0.96556534279626,57662,"19"
"1047","PROS1",0.229355711517663,-0.731616748302942,1.41214436902578,0.16691758662622,0.96556534279626,5627,"3"
"1048","LSAMP",0.187181113139484,0.62055411484956,1.41141835223283,0.167129794812507,0.96556534279626,4045,"3"
"1049","OCRL",0.155070852690535,1.83422620701147,1.41139140716601,0.16713767468536,0.96556534279626,4952,"X"
"1050","PTEN",-0.112342341812915,-0.0801440299923439,-1.41124086571471,0.167181704712366,0.96556534279626,5728,"10"
"1051","RAB2B",0.117681952868777,0.31698626304998,1.41033179572388,0.16744778089019,0.96556534279626,84932,"14"
"1052","WNK3",-0.334327395224552,0.778841178171523,-1.4089915882679,0.167840652582496,0.96556534279626,65267,"X"
"1053","ACADSB",-0.115868871310168,2.67241570202978,-1.40858054680345,0.167961291004447,0.96556534279626,36,"10"
"1054","TFRC",0.147920968132996,1.26095477673388,1.40791421560106,0.168156999983991,0.96556534279626,7037,"3"
"1055","OPLAH",-0.178926249902882,-0.137773166658138,-1.4078910043036,0.168163820624095,0.96556534279626,26873,"8"
"1056","VAV2",0.12726256539766,0.674433222089216,1.40700412229849,0.168424593392898,0.96556534279626,7410,"9"
"1057","ORC5",-0.204506886446584,-2.98961638554364,-1.40630343117017,0.168630843873616,0.96556534279626,5001,"7"
"1058","GLA",0.109041570485246,-0.520164990021807,1.40491522881982,0.169040049679069,0.96556534279626,2717,"X"
"1059","TMED9",-0.137102961112462,5.20483360762561,-1.40467263962831,0.169111638410345,0.96556534279626,54732,"5"
"1060","CBX4",0.150094641231748,-1.7620914557133,1.40430661373337,0.169219698590442,0.96556534279626,8535,"17"
"1061","CDC42BPG",0.161591741105066,-0.636382140819606,1.40349284439542,0.16946013780905,0.96556534279626,55561,"11"
"1062","EXT1",-0.186461607916117,-1.21426294497023,-1.40205252175422,0.169886356341206,0.96556534279626,2131,"8"
"1063","CA2",-0.408076407657441,2.13573131148571,-1.40080446760902,0.170256357143459,0.96556534279626,760,"8"
"1064","CEBPD",0.223448928643525,-2.92383130158063,1.40051144354175,0.170343319019323,0.96556534279626,1052,"8"
"1065","MOCS2",0.130189765380301,-0.55113655339171,1.40038780854302,0.170380021075114,0.96556534279626,4338,"5"
"1066","SPART",0.153662842505383,-0.194382365439029,1.40032561050415,0.170398487408255,0.96556534279626,23111,"13"
"1067","TERF2IP",0.14051871682133,0.210718135277472,1.40025265277736,0.170420150242515,0.96556534279626,54386,"16"
"1068","TMEM70",-0.148578261389316,1.5469041387899,-1.39995062798861,0.170509851300671,0.96556534279626,54968,"8"
"1069","ATP11A",-0.185929179335074,-1.26831406891712,-1.39927160845391,0.170711654279228,0.96556534279626,23250,"13"
"1070","IRF6",0.167355843452323,-0.887172642767243,1.39874835520342,0.170867291296409,0.96556534279626,3664,"1"
"1071","LIN54",0.31687404855639,-3.94485309829806,1.39857517030357,0.170918828036575,0.96556534279626,132660,"4"
"1072","WDR35",0.112052279518588,-0.442533690438093,1.39795213734204,0.171104332074267,0.96556534279626,57539,"2"
"1073","BRCA1",-0.260501692449476,-1.95275413019338,-1.39640638180236,0.171565250558767,0.96556534279626,672,"17"
"1074","PDXP",0.177246343003202,2.30389978155656,1.39579761275934,0.171747041449469,0.96556534279626,57026,"22"
"1075","DCLK2",-0.143293297285434,-1.38476656400639,-1.3949944058301,0.17198712574907,0.96556534279626,166614,"4"
"1076","CARD19",-0.126091282381567,-0.666552144813348,-1.39487815610471,0.172021895335005,0.96556534279626,84270,"9"
"1077","AKAP13",0.166978817799426,-0.569129376878347,1.39480651309012,0.172043326059913,0.96556534279626,11214,"15"
"1078","SIAE",0.133420211122881,0.444033938648916,1.39386146025129,0.172326216959072,0.96556534279626,54414,"11"
"1079","NELFE",0.14012263542415,-0.718828243620778,1.39354521072658,0.172420963774044,0.96556534279626,7936,"6"
"1080","PPY",-0.478427581266174,-1.68185858146472,-1.39346652988287,0.172444542489978,0.96556534279626,5539,"17"
"1081","NUDT18",0.17839160403635,-0.592962347252729,1.39328345999533,0.172499413783726,0.96556534279626,79873,"8"
"1082","ASNS",-0.170913183743571,1.46562268243664,-1.39137194902405,0.173073163155276,0.96556534279626,440,"7"
"1083","ZC3H12A",-0.16380159045418,-1.39905018956741,-1.39125307211468,0.173108893782605,0.96556534279626,80149,"1"
"1084","SYNJ2BP",0.126918596124216,0.447085045751921,1.39114955656106,0.173140011963158,0.96556534279626,55333,"14"
"1085","CREBBP",0.224302161306168,-1.11824930515432,1.38955673183618,0.173619387325343,0.96556534279626,1387,"16"
"1086","LYRM2",0.267199657161954,-1.19251226316431,1.38942093046327,0.173660305866957,0.96556534279626,57226,"6"
"1087","ANXA1",-0.233704274086045,2.82263925776924,-1.38929556800452,0.17369808571954,0.96556534279626,301,"9"
"1088","FAM167A",0.187180539266641,0.345012005645367,1.38896965156427,0.173796335518405,0.96556534279626,83648,"8"
"1089","EIF4ENIF1",0.372009467374156,-2.17077271930158,1.38861376834055,0.173903668521369,0.96556534279626,56478,"22"
"1090","SRSF3",0.123809193543121,4.11969785463299,1.38835040916271,0.173983129912008,0.96556534279626,6428,"6"
"1091","C3",-0.416743516617309,1.85924799654178,-1.38773409660227,0.174169195955379,0.96556534279626,718,"19"
"1092","PTPRF",0.183546094634626,0.540832296067435,1.3875070634048,0.174237776845832,0.96556534279626,5792,"1"
"1093","UBE2A",0.242163931300024,0.304536487796476,1.38645568227559,0.174555646624358,0.96556534279626,7319,"X"
"1094","CXorf38",-0.140176713970272,-1.56915136187836,-1.38632651065132,0.174594730946781,0.96556534279626,159013,"X"
"1095","SYNPO",0.146161183163689,0.815688245393749,1.38624510554348,0.174619365738834,0.96556534279626,11346,"5"
"1096","CLIC4",-0.220598104800626,0.992546941618511,-1.38587563906881,0.174731207640957,0.96556534279626,25932,"1"
"1097","RAB11FIP5",-0.136837802347229,-1.2177282493711,-1.38556087715622,0.174826533858539,0.96556534279626,26056,"2"
"1098","CEP68",0.199449648098239,-3.12926777559712,1.38537295300278,0.174883466350338,0.96556534279626,23177,"2"
"1099","PJA1",0.193197226686506,-2.59131347699826,1.38440953555098,0.175175565059716,0.96556534279626,64219,"X"
"1100","PDZRN3",0.328380897257727,-3.74123657475474,1.38344840617941,0.175467348669291,0.96556534279626,23024,"3"
"1101","HSPA12A",-0.164956066439416,-0.233262766608424,-1.38281143918623,0.175660930216647,0.96556534279626,259217,"10"
"1102","JAM2",-0.20030237550573,-1.55888577261295,-1.38237883140424,0.175792499478099,0.96556534279626,58494,"21"
"1103","SLC16A10",-0.482209782874777,-1.2868957096199,-1.38202348783931,0.175900627720089,0.96556534279626,117247,"6"
"1104","CDKN2A",0.205368028000027,-1.89358536765831,1.38027074727157,0.176434730670333,0.96556534279626,1029,"9"
"1105","MACROH2A2",0.219535063199814,3.45093558015153,1.38020705593095,0.176454162720969,0.96556534279626,55506,"10"
"1106","CTBS",0.166380349402736,1.06289745358688,1.3793658947358,0.176710954941827,0.96556534279626,1486,"1"
"1107","DSC1",0.280992098286788,-1.15637981078326,1.3789238109917,0.17684603211862,0.96556534279626,1823,"18"
"1108","PHB2",-0.136036943163678,4.64744168683698,-1.37735002226834,0.177327549943308,0.96556534279626,11331,"12"
"1109","TFEB",0.163819009840252,-1.17983456635532,1.3772239005842,0.177366182335011,0.96556534279626,7942,"6"
"1110","CPEB4",-0.119283308619996,-1.11875065032289,-1.37707920706678,0.177410511534819,0.96556534279626,80315,"5"
"1111","SLC35E2B",0.19682749122889,-1.4084516943968,1.37640087312225,0.177618444988987,0.96556534279626,728661,"1"
"1112","RYBP",0.298050081566372,-1.13782200806082,1.37637201877335,0.177627294071654,0.96556534279626,23429,"3"
"1113","HMGB1",0.15118507011038,4.28407158835789,1.37607204855037,0.17771930956634,0.96556534279626,3146,"13"
"1114","NRDE2",0.154752895109981,-1.68601715958497,1.37570817869613,0.177830975926202,0.96556534279626,55051,"14"
"1115","MOSPD2",-0.153519361350875,-1.10751376604288,-1.37562514780028,0.17785646454019,0.96556534279626,158747,"X"
"1116","NELFA",0.174596734643425,-0.336759208789688,1.37545444375068,0.177908875757253,0.96556534279626,7469,"4"
"1117","DZIP3",0.295083463622718,-3.65132278325244,1.37346367163531,0.178520988638956,0.96556534279626,9666,"3"
"1118","CPD",-0.130515402659529,2.3812712633695,-1.37145742952905,0.179139512116817,0.96556534279626,1362,"17"
"1119","PPP1R14C",0.258625584936485,-2.11260011394744,1.37095789347256,0.179293777284565,0.96556534279626,81706,"6"
"1120","RPS3",-0.104091570287081,4.925087772761,-1.36908636053656,0.179872655375644,0.96556534279626,6188,"11"
"1121","PTBP3",0.128116121427478,1.90322852505943,1.36886292385534,0.179941862687605,0.96556534279626,9991,"9"
"1122","ZCRB1",-0.262815400406305,-2.91872757249064,-1.36864666671313,0.180008865882004,0.96556534279626,85437,"12"
"1123","CAMSAP1",0.102165331423355,-1.07026935113689,1.36847725805855,0.180061367476648,0.96556534279626,157922,"9"
"1124","SNRPE",0.260134275239723,3.17925597859009,1.36819818857219,0.180147880065264,0.96556534279626,6635,"1"
"1125","INPP4A",0.108756696302114,0.254825095429148,1.36797203195549,0.180218013117067,0.96556534279626,3631,"2"
"1126","BST2",-0.163315509529557,-0.64512218680125,-1.36791957716041,0.180234282811751,0.96556534279626,684,"19"
"1127","NKTR",0.207948043391467,-2.94557603506194,1.36764877656531,0.180318294077371,0.96556534279626,4820,"3"
"1128","F8A2",0.117842630272261,-0.496609845135549,1.36745721430747,0.180377741341085,0.96556534279626,474383,"X"
"1129","LAMTOR1",0.156471270381646,1.22469592031122,1.3668061567499,0.180579896804617,0.96556534279626,55004,"11"
"1130","THY1",-0.25312502062986,1.23952107214737,-1.36665409073654,0.18062713909174,0.96556534279626,7070,"11"
"1131","ANXA4",-0.352592176624729,5.43945555410606,-1.36606461375254,0.180810362256657,0.96556534279626,307,"2"
"1132","SPTBN4",-0.228199394287907,-2.58472939947045,-1.36589076909199,0.180864424728698,0.96556534279626,57731,"19"
"1133","OSBPL9",0.143471675619052,-0.499652118859793,1.36546598858302,0.180996576327467,0.96556534279626,114883,"1"
"1134","ATF2",0.272565886476106,-3.10967281825398,1.36521134253489,0.181075834019835,0.96556534279626,1386,"2"
"1135","TMBIM6",-0.172387685663006,-0.560424399169879,-1.36478727639261,0.181207882825507,0.96556534279626,7009,"12"
"1136","NDUFA8",-0.102339520236755,1.67103961979195,-1.36444185360328,0.181315498237259,0.96556534279626,4702,"9"
"1137","CD82",0.157061859376137,0.102378438338647,1.36443539935696,0.181317509509203,0.96556534279626,3732,"11"
"1138","SPCS3",-0.159011389494589,3.06192038921556,-1.3638652956699,0.181495233416525,0.96556534279626,60559,"4"
"1139","DYNLT1",0.233908461615473,-1.36874201579364,1.3624795237961,0.181927796215227,0.96556534279626,6993,"6"
"1140","COX16",-0.163109483565886,-2.25158261659118,-1.36244989905836,0.181937052161742,0.96556534279626,51241,"14"
"1141","JUN",0.202266496323499,-1.49032820802991,1.3619277111775,0.182100264313357,0.96556534279626,3725,"1"
"1142","ZC3H18",0.128558128518171,-0.23716952940362,1.36027004787108,0.182619125721705,0.96556534279626,124245,"16"
"1143","KLF10",-0.250674462157711,-2.33038803695972,-1.35861795083348,0.1831373827888,0.96556534279626,7071,"8"
"1144","AKT1",-0.117204874583288,0.334004647499671,-1.35837459465596,0.183213818841184,0.96556534279626,207,"14"
"1145","GTF2A2",0.2775749032973,-0.977458511501434,1.35677114514457,0.183718065573004,0.96556534279626,2958,"15"
"1146","KLC2",0.128110242574765,2.44987482855698,1.35594258815495,0.183979047294096,0.96556534279626,64837,"11"
"1147","ABHD6",0.207885869540229,-2.61023374346183,1.35582360219495,0.18401654942667,0.96556534279626,57406,"3"
"1148","JMJD1C",0.212807189898747,-2.58062518276286,1.35367068141278,0.184696130869479,0.96556534279626,221037,"10"
"1149","MALSU1",-0.151305450738386,-2.80099841629194,-1.35339708349583,0.18478263228681,0.96556534279626,115416,"7"
"1150","POLR1G",0.150942323470189,-1.02308648441714,1.35323810959531,0.184832908258025,0.96556534279626,10849,"19"
"1151","PPM1H",0.121970519128056,-0.201042916376002,1.35312519968329,0.184868622773579,0.96556534279626,57460,"12"
"1152","IFI30",0.49638291509101,-0.149372629189093,1.35141506681958,0.185410206733566,0.96556534279626,10437,"19"
"1153","DUSP22",-0.174862355123791,-2.84569411247519,-1.3513578559578,0.185428346065865,0.96556534279626,56940,"6"
"1154","SF3B4",0.167792977872666,0.423764840039607,1.35058816350851,0.185672518770644,0.96556534279626,10262,"1"
"1155","REEP3",0.141774092309155,-0.88487269002559,1.35020482896476,0.185794218132109,0.96556534279626,221035,"10"
"1156","ANXA9",-0.204550920167987,-0.794803075230142,-1.35012236809072,0.185820405493215,0.96556534279626,8416,"1"
"1157","MAN2B2",-0.210524059298426,-0.918050171467859,-1.34957140857147,0.185995448577555,0.96556534279626,23324,"4"
"1158","METTL2A",0.29255753340713,-2.70930748456644,1.34925051627587,0.186097456582408,0.96556534279626,339175,"17"
"1159","DENND4B",0.153655662994807,-1.28247514508477,1.34896568728745,0.18618803663898,0.96556534279626,9909,"1"
"1160","BSPRY",0.116859862292359,-0.368552126057553,1.348307951846,0.186397336753538,0.96556534279626,54836,"9"
"1161","CD72",0.407117823149651,-3.44862851807484,1.34807956758642,0.18647005409055,0.96556534279626,971,"9"
"1162","GNL3L",-0.306550374600318,-1.79448654298093,-1.34793148183225,0.186517216153152,0.96556534279626,54552,"X"
"1163","ZSWIM8",0.117998327706358,-0.509109201947083,1.34717388765139,0.18675863724883,0.96556534279626,23053,"10"
"1164","WDR19",0.135545876376239,-1.48993474914019,1.34688969117572,0.186849263741608,0.96556534279626,57728,"4"
"1165","NAV1",0.173381131771475,-0.0708383227496173,1.34571639199497,0.187223772413804,0.96556534279626,89796,"1"
"1166","OSBPL7",-0.20093034519294,-2.8127370224434,-1.34554186663215,0.187279529069606,0.96556534279626,114881,"17"
"1167","FBXO30",0.249206808275169,-3.82829368252221,1.34496384107255,0.187464285748145,0.96556534279626,84085,"6"
"1168","LRCH2",0.186610512736035,-2.58618378938794,1.34378367999876,0.187841941703351,0.96556534279626,57631,"X"
"1169","PPIP5K1",0.116078046462181,-0.698563573102638,1.34375797777984,0.187850173028005,0.96556534279626,9677,"15"
"1170","RNF115",0.253526296430173,-3.50537121844474,1.3432130736104,0.18802474801462,0.96556534279626,27246,"1"
"1171","KRT13",0.247338724449885,-0.228894161729661,1.34289992988717,0.188125128733,0.96556534279626,3860,"17"
"1172","ATXN2",0.135253415434499,0.120586662304267,1.34249927826002,0.188253621006264,0.96556534279626,6311,"12"
"1173","RMND1",-0.229387113822987,-0.463197496068968,-1.34244581092797,0.188270773531351,0.96556534279626,55005,"6"
"1174","OFD1",0.138676131978193,-2.32816978009126,1.34214111536186,0.188368544016038,0.96556534279626,8481,"X"
"1175","DEPTOR",0.156262478339865,-0.794261758254582,1.34165397887317,0.188524937242884,0.96556534279626,64798,"8"
"1176","ABCA7",-0.0955218324519985,-0.146483948958271,-1.34143659654328,0.188594759233634,0.96556534279626,10347,"19"
"1177","TAF6",0.151841597926194,-1.78417249236017,1.3402174535174,0.188986710232929,0.96556534279626,6878,"7"
"1178","COTL1",0.205259395070642,2.36751558060334,1.33883578017798,0.189431671988507,0.96556534279626,23406,"16"
"1179","KRT23",0.313863842270889,-2.9477428770797,1.33866033734489,0.189488230210913,0.96556534279626,25984,"17"
"1180","PFDN5",0.201008886460244,0.338026632260878,1.33828164329476,0.189610355651195,0.96556534279626,5204,"12"
"1181","RNF6",-0.259208975932625,-3.38979618948172,-1.33756872895648,0.189840428447321,0.96556534279626,6049,"13"
"1182","TIMM13",0.224947193120038,-1.24194630472302,1.33652352420592,0.190178126654297,0.96556534279626,26517,"19"
"1183","TRAF3IP2",-0.134431231556257,-1.65684706570351,-1.33606696708777,0.190325781897717,0.96556534279626,10758,"6"
"1184","MFF",0.101872989271462,0.114956021388869,1.33600528877799,0.190345736051132,0.96556534279626,56947,"2"
"1185","HACD2",-0.237510003144156,-1.93380809180513,-1.33577646181322,0.190419780155863,0.96556534279626,201562,"3"
"1186","ALDH1L1",-0.402694371814621,-0.4037478903708,-1.33542772258858,0.190532668205281,0.96556534279626,10840,"3"
"1187","TOM1",0.139201093338424,1.37880428577498,1.33426707958226,0.190908742789013,0.96556534279626,10043,"22"
"1188","LPIN1",-0.162055167389206,-0.67448038377705,-1.33415977893325,0.190943539415084,0.96556534279626,23175,"2"
"1189","CHMP2B",0.171953197209684,1.20208394088078,1.33400337829979,0.190994267450058,0.96556534279626,25978,"3"
"1190","RBM33",0.135271424060801,-1.01088486965173,1.33323345716436,0.191244139850346,0.96556534279626,155435,"7"
"1191","BRMS1L",0.248447534140217,-2.52916578465887,1.3329357211641,0.191340835257487,0.96556534279626,84312,"14"
"1192","TRPM3",0.179739825275619,-1.98966471853506,1.33288589235792,0.19135702177479,0.96556534279626,80036,"9"
"1193","MCM5",0.185502867253718,-2.10326300228823,1.3328681418673,0.191362788143834,0.96556534279626,4174,"22"
"1194","ROR2",0.343456901032349,-2.55918979138657,1.33254667922426,0.191467240597012,0.96556534279626,4920,"9"
"1195","DDOST",-0.149413683802399,4.43053740694393,-1.33120064536107,0.191905081359428,0.96556534279626,1650,"1"
"1196","TRIP12",0.127925814501154,0.111627350720545,1.33110347032082,0.191936720395751,0.96556534279626,9320,"2"
"1197","KANK4",0.194548688327927,-2.36455958048932,1.33009157027006,0.192266421054406,0.96556534279626,163782,"1"
"1198","TXNRD2",0.125243835538482,1.46948532071232,1.32998139290717,0.192302345640819,0.96556534279626,10587,"22"
"1199","MORF4L2",0.156179709264562,-1.01576628406549,1.32968857308743,0.192397847928582,0.96556534279626,9643,"X"
"1200","FCF1",-0.214134891969713,-1.01509835686822,-1.32963126749685,0.192416542230103,0.96556534279626,51077,"14"
"1201","PTPRC",-0.325341581969629,-0.822841203524479,-1.32825676852917,0.192865350862735,0.96556534279626,5788,"1"
"1202","FAP",0.16220011058977,1.15398088901804,1.32804011229476,0.192936167816509,0.96556534279626,2191,"2"
"1203","VPS72",-0.166072552295564,-1.48796886086021,-1.3276796275422,0.193054041229672,0.96556534279626,6944,"1"
"1204","FBXO6",-0.226916791243378,-2.59446047665892,-1.32763441440555,0.193068829183636,0.96556534279626,26270,"1"
"1205","RAB28",0.149522591316441,-0.378542724550121,1.32744065535967,0.193132212195963,0.96556534279626,9364,"4"
"1206","PFKM",0.119578055076174,3.55821524721806,1.32706028479253,0.193256686522125,0.96556534279626,5213,"12"
"1207","ZNF384",0.122477019677915,-2.14526693995378,1.32670097799105,0.193374324342791,0.96556534279626,171017,"12"
"1208","ITIH4",-0.662710353133898,1.84863124389926,-1.32668895203214,0.193378262617203,0.96556534279626,3700,"3"
"1209","ARL6IP4",0.280365816783663,-0.690122274530138,1.32561185463937,0.193731241188849,0.96556534279626,51329,"12"
"1210","DDX31",0.133718443356123,-1.32633404771129,1.32546841806927,0.193778284431691,0.96556534279626,64794,"9"
"1211","BLOC1S4",-0.145524582575196,-0.939595069699902,-1.32446897129012,0.194106318568336,0.96556534279626,55330,"4"
"1212","MAGI2",0.180186656692252,-1.49017309476351,1.32442028518315,0.194122308978043,0.96556534279626,9863,"7"
"1213","KCTD18",0.160278976841605,-0.80447386971125,1.32295065091628,0.194605469304073,0.96556534279626,130535,"2"
"1214","ARFGEF3",0.143121480309976,1.00318105358639,1.32212889987577,0.194876031345005,0.96556534279626,57221,"6"
"1215","RNF213",0.190519220967747,-0.0324758456274698,1.3218812343944,0.194957631833544,0.96556534279626,57674,"17"
"1216","USP4",0.14529289609127,-1.48735258003258,1.3215951420119,0.195051925735258,0.96556534279626,7375,"3"
"1217","RHOBTB3",-0.152907197856919,0.0185258075732094,-1.32001255809536,0.195574164545223,0.96556534279626,22836,"5"
"1218","ACAP2",0.110378912813889,0.812764513655891,1.31998337058987,0.195583806207944,0.96556534279626,23527,"3"
"1219","SCAPER",0.216196486702593,-1.39534350467193,1.31926516966198,0.195821167944977,0.96556534279626,49855,"15"
"1220","RNF130",0.217430744208983,-3.2927003036515,1.31921982410249,0.195836161816114,0.96556534279626,55819,"5"
"1221","SYVN1",-0.139891379530954,1.17176356273463,-1.31907984514437,0.195882452517759,0.96556534279626,84447,"11"
"1222","DPP6",0.129997756536747,0.0517934476419941,1.31748189393388,0.196411484608813,0.96556534279626,1804,"7"
"1223","TGFB1",0.17812739591484,-1.04741388877667,1.3169335864684,0.196593263821032,0.96556534279626,7040,"19"
"1224","C1GALT1",0.149082311520705,0.386499198346866,1.31670479984354,0.196669150997286,0.96556534279626,56913,"7"
"1225","QPCT",0.186820755112976,3.62489743500935,1.31642971140417,0.196760425869545,0.96556534279626,25797,"2"
"1226","FAT1",0.232976388187452,0.194338450100828,1.31564967910192,0.197019418223875,0.96556534279626,2195,"4"
"1227","TRIM27",-0.147857457978635,-0.667121360392715,-1.31562547651935,0.197027458318998,0.96556534279626,5987,"6"
"1228","APEX1",0.134105164936161,2.91271496614493,1.31555673207117,0.197050296584699,0.96556534279626,328,"14"
"1229","APTX",0.120643176251443,-0.359745064967193,1.31446832857244,0.197412155466941,0.96556534279626,54840,"9"
"1230","CNNM4",0.197499701608169,-2.47099479320673,1.31443886571485,0.197421957966792,0.96556534279626,26504,"2"
"1231","APOH",0.251361177790539,1.74840238208665,1.31416485430633,0.197513141305552,0.96556534279626,350,"17"
"1232","CNOT2",0.0988824368414259,-0.372666683107965,1.31372667997621,0.197659020348406,0.96556534279626,4848,"12"
"1233","RBM6",0.191613050537296,-0.645139977438373,1.31343334245249,0.197756725637383,0.96556534279626,10180,"3"
"1234","UBXN1",0.134113255172918,0.460114323702386,1.31323315257702,0.197823426352128,0.96556534279626,51035,"11"
"1235","SCIN",0.2349553159868,0.385072221944203,1.31321519435177,0.197829410643778,0.96556534279626,85477,"7"
"1236","MRPL35",-0.18566037672869,-1.61349939286826,-1.31218283571727,0.198173660192315,0.96556534279626,51318,"2"
"1237","CDK5RAP2",-0.162734331297566,-0.91773734741575,-1.31147467782113,0.198410066415255,0.96556534279626,55755,"9"
"1238","PLPP3",-0.3088319016678,-0.930043418791954,-1.31065415638503,0.198684252472905,0.96556534279626,8613,"1"
"1239","FERMT2",-0.138690370530735,1.49970506840125,-1.31015311226772,0.198851823929525,0.96556534279626,10979,"14"
"1240","SNAP91",0.191601275938582,0.445512169786604,1.31004168854042,0.198889103641266,0.96556534279626,9892,"6"
"1241","B9D1",-0.181991183983376,-0.723221797523764,-1.30935503215738,0.1991189601602,0.96556534279626,27077,"17"
"1242","H1-2",0.352111958584389,2.4050278339942,1.30896366248648,0.199250060847407,0.96556534279626,3006,"6"
"1243","TMX4",0.111930113622945,1.75232889334682,1.30864857854669,0.199355655248874,0.96556534279626,56255,"20"
"1244","BCL2L2",0.169161858109113,-1.55425860778125,1.30770703608629,0.199671449730582,0.96556534279626,599,"14"
"1245","MTERF4",-0.141844023927987,-0.973306465744758,-1.30743773589804,0.199761843473078,0.96556534279626,130916,"2"
"1246","MARK1",-0.136413012654092,-1.35467301325867,-1.30716764737263,0.199852533172605,0.96556534279626,4139,"1"
"1247","TAF3",0.297243449703672,-3.23563275700056,1.30709097165134,0.19987828488969,0.96556534279626,83860,"10"
"1248","KIF3B",0.101035284667862,0.24460866037945,1.30702583504072,0.199900163157668,0.96556534279626,9371,"20"
"1249","MYOF",-0.186109506648854,0.732262630908996,-1.30685715623544,0.199956827956577,0.96556534279626,26509,"10"
"1250","PTMA",0.301389162899883,2.40821802350783,1.3066748175567,0.200018095334237,0.96556534279626,5757,"2"
"1251","EIF5A2",-0.115863370540186,-1.3614707653919,-1.30554698719276,0.200397374225493,0.96556534279626,56648,"3"
"1252","RHBDD1",0.295508177823973,-4.82643921092956,1.30430663202753,0.200815126837126,0.96556534279626,84236,"2"
"1253","UBE2I",0.125859843617887,1.57809041935645,1.30404111182759,0.200904640417192,0.96556534279626,7329,"16"
"1254","MAP1A",0.179703306659143,1.06822688823778,1.30368375780009,0.201025161489123,0.96556534279626,4130,"15"
"1255","RTF2",0.134931567996268,-1.27203867481901,1.30367277225696,0.20102886734128,0.96556534279626,51507,"20"
"1256","AQP1",-0.402142659928013,1.29530227253089,-1.3030021156749,0.201255204545355,0.96556534279626,358,"7"
"1257","AMACR",-0.201312470700496,1.14482863039219,-1.30192745822168,0.201618290991285,0.96556534279626,23600,"5"
"1258","GPRASP1",0.178423890368845,-1.12758981179173,1.30063423065181,0.202055885048748,0.96556534279626,9737,"X"
"1259","PRR36",0.309346021405327,-1.78251916902171,1.30020867075591,0.20220004124447,0.96556534279626,80164,"19"
"1260","DACH1",0.152074196144751,-0.268203119914282,1.29947377934277,0.202449166140231,0.96556534279626,1602,"13"
"1261","MAD2L1",-0.152654178037608,-1.231897510286,-1.29919013133838,0.202545383982606,0.96556534279626,4085,"4"
"1262","TP53BP1",0.154418816919506,1.27804882644982,1.29840105037864,0.202813235600928,0.96556534279626,7158,"15"
"1263","STIP1",0.119618207881227,4.15801440984442,1.29657465009335,0.203434236094472,0.96556534279626,10963,"11"
"1264","WASHC2A",0.184818591223383,0.484696613814814,1.29647837380835,0.203467011380924,0.96556534279626,387680,"10"
"1265","ITFG2",0.138001589068415,-1.61852240111036,1.29624518759534,0.203546411478691,0.96556534279626,55846,"12"
"1266","AP3B2",0.17362351234426,0.23291616231037,1.29585111580549,0.203680646776369,0.96556534279626,8120,"15"
"1267","ACTR8",0.120482055859183,-1.65337211496615,1.29454602737169,0.204125688132367,0.96556534279626,93973,"3"
"1268","KICS2",-0.117821743178742,-1.09969543134793,-1.29444603074516,0.204159817905081,0.96556534279626,144577,"12"
"1269","MRI1",-0.241924114086364,1.02477106379312,-1.29411922536343,0.204271389838278,0.96556534279626,84245,"19"
"1270","ESF1",0.198187870194364,-2.56472756735479,1.2934517339496,0.204499416484826,0.96556534279626,51575,"20"
"1271","ALDH5A1",-0.102041683249811,2.34531020173963,-1.292587464804,0.204794952960349,0.96556534279626,7915,"6"
"1272","RNF169",0.230692954658824,-1.3928715145878,1.29234390226895,0.20487829761273,0.96556534279626,254225,"11"
"1273","GM2A",0.159854468083567,0.834454292057482,1.29222175761784,0.204920103979324,0.96556534279626,2760,"5"
"1274","YY1",0.152035015954309,-0.701656840559704,1.29113373969656,0.205292784959284,0.96556534279626,7528,"14"
"1275","HCCS",0.215281651677124,-1.39744434047999,1.28991596195537,0.205710522665027,0.96556534279626,3052,"X"
"1276","NDFIP2",-0.293825383522208,-2.27365163020019,-1.28868470621459,0.206133539085994,0.96556534279626,54602,"13"
"1277","RPAP1",0.103201275412093,-0.450691078173731,1.28835587034312,0.20624662714239,0.96556534279626,26015,"15"
"1278","ALYREF",0.140655386131987,2.38866312105669,1.28831368103454,0.206261139629897,0.96556534279626,10189,"17"
"1279","FZD6",-0.241685767664877,-3.94383649186449,-1.28810249024358,0.206333797725312,0.96556534279626,8323,"8"
"1280","MGRN1",0.208895094957503,-2.08501664305618,1.28765726950713,0.206487035080704,0.96556534279626,23295,"16"
"1281","GATAD1",0.327973180922911,-3.7049730545405,1.28718481162691,0.206649741338843,0.96556534279626,57798,"7"
"1282","MEAF6",0.167139600576596,-0.781167054853377,1.28608661231684,0.207028317517655,0.96556534279626,64769,"1"
"1283","VPS54",0.140905817360685,-2.52822715704746,1.28556997602436,0.20720659637103,0.96556534279626,51542,"2"
"1284","TAGLN2",0.153419288656353,5.03242545317878,1.28532700757614,0.207290479188292,0.96556534279626,8407,"1"
"1285","PIGA",-0.192271533925472,-2.4242586242295,-1.28503389564028,0.207391707860354,0.96556534279626,5277,"X"
"1286","PGM3",-0.134133422937964,3.29598920268108,-1.28485783181809,0.207452530982738,0.96556534279626,5238,"6"
"1287","ACP6",-0.183192496725609,0.259062500202239,-1.28477853014246,0.207479931004511,0.96556534279626,51205,"1"
"1288","CYP4V2",0.159374229478489,0.230614151423156,1.28470717880665,0.207504586397063,0.96556534279626,285440,"4"
"1289","SCPEP1",0.121592305982146,-0.453869519572194,1.2846781260217,0.207514626197627,0.96556534279626,59342,"17"
"1290","MACF1",0.132835378916305,1.28622858273723,1.28410483174408,0.207712815361058,0.96556534279626,23499,"1"
"1291","ENDOD1",-0.114795971757174,2.19111729696211,-1.28358589989276,0.207892334883972,0.96556534279626,23052,"11"
"1292","SLU7",0.170418045351804,-2.65727031029533,1.28349277583971,0.207924562691352,0.96556534279626,10569,"5"
"1293","MID1",0.196491188797233,-1.25420083614194,1.28336556212022,0.207968594157209,0.96556534279626,4281,"X"
"1294","VPS26B",0.10967305105975,1.84966191539812,1.28322740568146,0.208016421135695,0.96556534279626,112936,"11"
"1295","IGF2BP2",-0.2160820488644,-0.50813961240207,-1.28193186348064,0.20846531702742,0.96556534279626,10644,"3"
"1296","NOP9",0.105220744443993,-1.3638895296638,1.28182043056961,0.208503961932768,0.96556534279626,161424,"14"
"1297","KIFC3",0.169857543967412,-2.31571763522504,1.28142986366587,0.208639453240342,0.96556534279626,3801,"16"
"1298","FAM168A",0.190354780567963,-1.02384324432016,1.28095387882399,0.208804666892916,0.96556534279626,23201,"11"
"1299","ITGB8",-0.183030896451775,-2.36771947972931,-1.27930440459173,0.209377962905765,0.96556534279626,3696,"7"
"1300","BMS1",0.181458448692594,-0.00247126734157959,1.27751089893163,0.2100026688299,0.96556534279626,9790,"10"
"1301","CALM1",0.228739640172796,2.32302289534928,1.27736167607418,0.210054708889781,0.96556534279626,801,"14"
"1302","TMCC2",-0.251523614591706,-3.55660820733312,-1.27698493456161,0.210186137293476,0.96556534279626,9911,"1"
"1303","PAXIP1",0.131795582425119,-2.45582091738684,1.27694065295224,0.210201589263434,0.96556534279626,22976,"7"
"1304","CACNA2D2",0.170315885455127,1.22067179761749,1.27616371680423,0.210472839095953,0.96556534279626,9254,"3"
"1305","MAP3K4",0.0857977534067417,-0.187167252239317,1.27476760936193,0.210960923118162,0.96556534279626,4216,"6"
"1306","TERF1",-0.175492715046556,-3.03666601120943,-1.27446608945189,0.211066447680137,0.96556534279626,7013,"8"
"1307","CAPG",-0.274842362928307,0.43614747829431,-1.27422032004638,0.211152490416106,0.96556534279626,822,"2"
"1308","FBXO38",-0.136619888698504,-1.09632275150897,-1.27398414376193,0.211235199596003,0.96556534279626,81545,"5"
"1309","ACAP1",0.166013395636222,1.50301536347215,1.27397554544734,0.211238211196096,0.96556534279626,9744,"17"
"1310","C9",-0.379445188695639,0.318534121772811,-1.27391629208933,0.211258965844646,0.96556534279626,735,"5"
"1311","DGLUCY",-0.297129942718938,0.838744626267588,-1.27374882218329,0.211317633782313,0.96556534279626,80017,"14"
"1312","HMGB2",0.140862476871676,1.45828589252998,1.27349162994901,0.21140775713039,0.96556534279626,3148,"4"
"1313","NPTX2",0.209896375416079,1.65949410875385,1.27345572129631,0.211420342275535,0.96556534279626,4885,"7"
"1314","TMEM243",0.278592909761043,-1.80859620801179,1.27304728592577,0.211563529148085,0.96556534279626,79161,"7"
"1315","ANAPC2",0.109276097458492,-1.08335826063295,1.27295430598963,0.211596135733613,0.96556534279626,29882,"9"
"1316","FITM2",-0.106885837152712,-0.0343398709359745,-1.27274019037403,0.211671237100342,0.96556534279626,128486,"20"
"1317","EEF1AKMT2",0.279484503064973,-2.73832938993325,1.27212345489743,0.211887670398976,0.96556534279626,399818,"10"
"1318","ATP6V0A2",0.117908809916958,-0.559414853098381,1.27196807764949,0.211942223846376,0.96556534279626,23545,"12"
"1319","PSD4",0.227303518286055,-2.16693016996797,1.27193198097343,0.211954899021375,0.96556534279626,23550,"2"
"1320","STAU2",0.152652297433146,-0.463076098766389,1.27141870199589,0.212135196371998,0.96556534279626,27067,"8"
"1321","MIDEAS",0.120698234284465,-1.15295202474336,1.27125517928922,0.212192660601862,0.96556534279626,91748,"14"
"1322","CUTA",0.266301365740253,2.76426675607263,1.2710135935773,0.212277578782158,0.96556534279626,51596,"6"
"1323","FRY",0.130510749471294,-1.36763290216935,1.27032552991882,0.212519575915794,0.96556534279626,10129,"13"
"1324","HELZ2",-0.247218826297403,-2.60354676358386,-1.2699636910684,0.212646920791095,0.96556534279626,85441,"20"
"1325","TRIM33",0.177193176476191,-0.720849267661359,1.26913621141108,0.212938358647025,0.96556534279626,51592,"1"
"1326","PFN2",0.165603954333222,5.05215883655862,1.26858416893917,0.213132955072465,0.96556534279626,5217,"3"
"1327","EFCAB14",0.207852440935595,-2.99648327017397,1.26722904471407,0.213611208256666,0.96556534279626,9813,"1"
"1328","ST13",0.13216772217158,3.78989891060778,1.26706253477698,0.213670029017,0.96556534279626,6767,"22"
"1329","BRK1",0.19339212345453,-1.08865007251194,1.26690887846212,0.213724319973781,0.96556534279626,55845,"3"
"1330","SPAG7",-0.156370701577845,-0.971925468911724,-1.26649476400807,0.213870689622433,0.96556534279626,9552,"17"
"1331","MAGEL2",0.22910159894161,-2.00009158159491,1.26646072888821,0.213882722766223,0.96556534279626,54551,"15"
"1332","RRAS",-0.204872998862411,0.427122045277481,-1.26637307980285,0.213913713517996,0.96556534279626,6237,"19"
"1333","SNX8",0.164096389004064,-2.44083700978693,1.26536638508043,0.214269900752074,0.96556534279626,29886,"7"
"1334","TMOD1",0.201986592405391,2.11854125112456,1.26528411950757,0.21429902756223,0.96556534279626,7111,"9"
"1335","CAVIN3",-0.190064644337313,0.194799865595988,-1.26518734591785,0.214333294872577,0.96556534279626,112464,"11"
"1336","PCDHA7",0.150374687797083,-0.463648770846524,1.26513438770299,0.214352049003868,0.96556534279626,56141,"5"
"1337","CIAO1",0.16617586949156,0.0655985870666893,1.26512847038632,0.214354144584278,0.96556534279626,9391,"2"
"1338","VWA5B2",0.165569206824049,3.02750804701218,1.26510536216075,0.214362328364491,0.96556534279626,90113,"3"
"1339","RIPK2",-0.14624195305476,-0.81607469490294,-1.26486731283369,0.214446647250182,0.96556534279626,8767,"8"
"1340","CTH",-0.350826247212379,-0.273112050809245,-1.26472861599273,0.214495786239519,0.96556534279626,1491,"1"
"1341","NIPSNAP3B",0.111071108858223,-0.871326238205852,1.26336817941029,0.21497822558372,0.96556534279626,55335,"9"
"1342","ATG9A",0.142013698281617,-0.489795359243674,1.26333762870531,0.214989068871466,0.96556534279626,79065,"2"
"1343","USP48",0.104358468452136,-0.256814256847846,1.26333485027249,0.214990055034315,0.96556534279626,84196,"1"
"1344","MAFK",-0.180918071217559,-3.74269083029885,-1.26284244284936,0.215164881391549,0.96556534279626,7975,"7"
"1345","RNASET2",0.131460473091369,-0.268978468908265,1.26253507496811,0.215274064759834,0.96556534279626,8635,"6"
"1346","INTS2",0.167360806696521,-1.31885539441911,1.26252714016808,0.215276883915167,0.96556534279626,57508,"17"
"1347","LY75-CD302",0.208221766115873,-1.66135946334813,1.26217392292918,0.215402406617079,0.96556534279626,100526664,"2"
"1348","ITPKC",-0.209920415697979,-1.15156243277513,-1.2620562775383,0.215444226443794,0.96556534279626,80271,"19"
"1349","FKBP15",0.121205855123168,-0.00574141273401907,1.26192850981479,0.215489651410092,0.96556534279626,23307,"9"
"1350","SH2D4A",0.277648426630737,-3.15090313705942,1.26176806629941,0.215546703728668,0.96556534279626,63898,"8"
"1351","CMA1",-0.331545525320099,-0.320701512060467,-1.26146849671836,0.215653258474793,0.96556534279626,1215,"14"
"1352","GET1",-0.152011032674081,-0.553506564195038,-1.26034381875794,0.216053651898343,0.96556534279626,7485,"21"
"1353","RSPRY1",0.252108864296416,-2.65090063426915,1.26024095150541,0.216090301257348,0.96556534279626,89970,"16"
"1354","SNRPC",-0.139235064884771,-0.8895614776443,-1.26012981844524,0.216129900795331,0.96556534279626,6631,"6"
"1355","RBX1",0.140322171978617,0.65257998472693,1.25941717778061,0.216383962464247,0.96556534279626,9978,"22"
"1356","SRBD1",0.10169817374074,0.470727552581333,1.25889758200519,0.216569343648559,0.96556534279626,55133,"2"
"1357","LRIG1",0.235890494626127,-2.72819903772515,1.25882862224081,0.216593956055578,0.96556534279626,26018,"3"
"1358","CUX1",0.0832706509101173,-0.77304568293702,1.25871391777795,0.216634899843734,0.96556534279626,1523,"7"
"1359","MAMDC2",0.215152182678687,-0.866493779700296,1.25737019793842,0.217114974193134,0.96556534279626,256691,"9"
"1360","PAF1",0.133579183903044,0.191725453427329,1.25731215334849,0.217135729928227,0.96556534279626,54623,"19"
"1361","MBTPS1",0.158423614391854,-1.39404045580193,1.25663721494841,0.217377185578652,0.96556534279626,8720,"16"
"1362","ABTB3",0.154332424536752,-1.65612884442963,1.25523998485843,0.217877677906634,0.96556534279626,121551,"12"
"1363","CLU",0.198726206918785,4.56729055482142,1.25509301621158,0.217930372785839,0.96556534279626,1191,"8"
"1364","SGCD",0.156918937521305,0.226704336028174,1.25505037810168,0.217945662258609,0.96556534279626,6444,"5"
"1365","SOWAHC",-0.129361908423007,-1.6051132829533,-1.2544291171691,0.218168529699778,0.96556534279626,65124,"2"
"1366","RAPGEF1",0.125339562370323,-1.94307659932316,1.25411362834052,0.218281771734731,0.96556534279626,2889,"9"
"1367","TMA7",0.173447602071579,-0.0188790258692735,1.25191158040945,0.219073406602585,0.96556534279626,51372,"3"
"1368","VLDLR",0.131302704096229,-0.426236400247046,1.25176248906377,0.219127082560936,0.96556534279626,7436,"9"
"1369","PCM1",0.151261816950231,0.245576843906444,1.25087806123969,0.219445697568247,0.96556534279626,5108,"8"
"1370","PNP",-0.202518444580422,2.0947194345695,-1.2502846706519,0.219659661017931,0.96556534279626,4860,"14"
"1371","MDM1",-0.206628995500821,-2.38811002789664,-1.25023516292816,0.219677519465896,0.96556534279626,56890,"12"
"1372","PMM1",0.169370531139832,-2.87620808624835,1.24964662193325,0.219889901590281,0.96556534279626,5372,"22"
"1373","A2M",-0.809259036049347,1.94604563442921,-1.2493601257686,0.219993342848029,0.96556534279626,2,"12"
"1374","URB2",0.113966894914997,-2.11480624052727,1.24915405740616,0.220067767676338,0.96556534279626,9816,"1"
"1375","CA13",0.205957534937374,-3.23511233680606,1.24878003038968,0.220202901598714,0.96556534279626,377677,"8"
"1376","CYRIB",0.122649593768247,1.92804382212683,1.24844476830401,0.22032408278214,0.96556534279626,51571,"8"
"1377","GDI1",0.140795469818231,3.96036484901489,1.24838926157123,0.220344150625445,0.96556534279626,2664,"X"
"1378","NME2",-0.107436553967849,4.11355748252619,-1.24815037507328,0.220430533012419,0.96556534279626,4831,"17"
"1379","GALNT14",0.113804326746109,-1.85871836798561,1.24755802328668,0.220644839380044,0.96556534279626,79623,"2"
"1380","HOGA1",-0.347351731331083,0.831355721249989,-1.24724404291783,0.220758497271728,0.96556534279626,112817,"10"
"1381","NPTXR",0.197046847033974,-1.26757556690452,1.24688615932041,0.220888101162098,0.96556534279626,23467,"22"
"1382","PGK2",0.296896669960647,-0.499412495017995,1.24653177060201,0.221016495538217,0.96556534279626,5232,"6"
"1383","ACTR6",0.145520729927991,-2.9160967379624,1.24636814573193,0.221075795372794,0.96556534279626,64431,"12"
"1384","METTL14",0.108504673985381,-0.833902457364063,1.24548112695917,0.221397470078026,0.96556534279626,57721,"4"
"1385","CFL2",0.133090306372036,0.347190975712146,1.24510556491409,0.221533772018183,0.96556534279626,1073,"14"
"1386","TJAP1",0.125082701782088,-1.17186578365496,1.24485690870665,0.221624050829172,0.96556534279626,93643,"6"
"1387","GSKIP",0.172564290514185,-0.664286615279995,1.24452075200374,0.221746141915933,0.96556534279626,51527,"14"
"1388","ALG14",-0.113943915310362,0.0925132501315727,-1.24439129057632,0.221793175327654,0.96556534279626,199857,"1"
"1389","GNAZ",0.146134935481063,1.26210798239461,1.24417886208054,0.221870366890677,0.96556534279626,2781,"22"
"1390","TMEM63C",0.151057318883633,1.44446446116638,1.24289183894293,0.222338470799697,0.96556534279626,57156,"14"
"1391","HIF1AN",0.173847927896888,-0.118035761971436,1.24258254763014,0.222451073284933,0.96556534279626,55662,"10"
"1392","LZTR1",0.197931604030286,-3.23497462756171,1.24224204277821,0.222575088858627,0.96556534279626,8216,"22"
"1393","PLEKHG3",0.145150833303493,0.0335930726392247,1.24174269052889,0.222757051840358,0.96556534279626,26030,"14"
"1394","PRPSAP2",0.116419513469541,2.66133184275979,1.2416320116787,0.222797398044726,0.96556534279626,5636,"17"
"1395","SHMT2",-0.128430850975052,2.67209640280961,-1.24157328108384,0.222818809561359,0.96556534279626,6472,"12"
"1396","IDUA",0.227580007887405,-0.145092712253361,1.24139449332286,0.222883999997082,0.96556534279626,3425,"4"
"1397","UBXN6",0.0929152553218193,1.02726829006512,1.24073814902025,0.223123441553294,0.96556534279626,80700,"19"
"1398","AKT1S1",-0.187075848753143,-1.94240974336958,-1.24027412717099,0.223292837710442,0.96556534279626,84335,"19"
"1399","RBFA",-0.146552582828365,-1.55461595224597,-1.23921260940304,0.223680717406034,0.96556534279626,79863,"18"
"1400","SPCS2",-0.139704817229606,3.84862368037596,-1.23910435009132,0.223720303728124,0.96556534279626,9789,"11"
"1401","NAPB",0.163583432842834,0.150625167913165,1.2387408017636,0.223853277837574,0.96556534279626,63908,"20"
"1402","LRCH1",0.111943260662338,-0.657606887865324,1.23851278848883,0.223936707757025,0.96556534279626,23143,"13"
"1403","MAPK8IP3",0.240306097518471,-3.14679750463661,1.23789842809327,0.224161617393092,0.96556534279626,23162,"16"
"1404","LMTK2",0.121981068053014,-0.668549317759088,1.23787081339832,0.224171730744981,0.96556534279626,22853,"7"
"1405","NDUFAF6",-0.251943634884078,-2.29175939785607,-1.23780887231132,0.224194416717719,0.96556534279626,137682,"8"
"1406","CDC42BPA",0.110915565734211,0.108973862975116,1.23704641973479,0.224473805967987,0.96556534279626,8476,"1"
"1407","SYT4",-0.120372752134631,-2.28068328936218,-1.23687515096397,0.224536600548376,0.96556534279626,6860,"18"
"1408","LPCAT1",-0.0917102262098337,1.07952897987415,-1.23658419399097,0.224643308076566,0.96556534279626,79888,"5"
"1409","HEATR3",0.121265889969973,-1.10133876516852,1.23655782558643,0.224652980473175,0.96556534279626,55027,"16"
"1410","PNPLA6",0.0917021731315844,0.687531352113779,1.23610567118727,0.22481888704479,0.96556534279626,10908,"19"
"1411","SELENOH",0.141870770474724,1.15588517690467,1.23582826135677,0.22492072076775,0.96556534279626,280636,"11"
"1412","SMARCE1",0.117766329269754,0.603646596486543,1.23526978801633,0.225125833785793,0.96556534279626,6605,"17"
"1413","CUL4B",0.130232191207149,1.26997237945186,1.23392370330475,0.22562078965949,0.96556534279626,8450,"X"
"1414","ASL",0.102053766404134,1.06932978360903,1.23373956088145,0.225688561931491,0.96556534279626,435,"7"
"1415","PLEKHA1",0.177232565643232,-0.00609534537322213,1.23360064254274,0.22573969985156,0.96556534279626,59338,"10"
"1416","HOMER2",-0.132224966631163,-0.477417300571422,-1.23350415124662,0.225775224824903,0.96556534279626,9455,"15"
"1417","LTV1",-0.213504823735615,-2.40157409061398,-1.23319939764596,0.225887452604916,0.96556534279626,84946,"6"
"1418","RAB23",0.120940411912178,0.195521298069789,1.23214402612112,0.22627642231735,0.96556534279626,51715,"6"
"1419","GPR89B",-0.115062272072673,-0.708142061777831,-1.23212360836489,0.226283952441576,0.96556534279626,51463,"1"
"1420","LAP3",-0.0981493952572423,3.16142020695434,-1.23135024282677,0.22656930924077,0.96556534279626,51056,"4"
"1421","TNK2",-0.142663961434856,-1.64663622977981,-1.23113121217083,0.226650175966766,0.96556534279626,10188,"3"
"1422","MVD",0.114538162355328,0.994627369914193,1.22928772512682,0.227331648511243,0.96556534279626,4597,"16"
"1423","NMNAT3",0.102856087422259,-0.198156443655164,1.22907693541071,0.22740966714769,0.96556534279626,349565,"3"
"1424","TBC1D1",0.108232223003154,-1.01639316743219,1.22835018621116,0.227678808315262,0.96556534279626,23216,"4"
"1425","SYCN",-0.330532689902106,0.943991377907638,-1.22829181216559,0.22770043658738,0.96556534279626,342898,"19"
"1426","DSG1",0.263159804629074,-1.39272216950611,1.2280567274862,0.227787553708727,0.96556534279626,1828,"18"
"1427","LRRC20",0.192851457945287,-0.414002121014642,1.22741330557028,0.22802611829264,0.96556534279626,55222,"10"
"1428","CCDC59",-0.170793643814462,-0.950843750857144,-1.22679787651356,0.228254477692775,0.96556534279626,29080,"12"
"1429","FHL1",0.0991895238806795,1.86852295746313,1.22543287335721,0.228761578883692,0.96556534279626,2273,"X"
"1430","RBM8A",0.120056251814972,1.50184337926952,1.22541589081427,0.22876789320039,0.96556534279626,9939,"1"
"1431","HPS6",-0.120154975916977,-0.523845013493679,-1.22484343207661,0.22898081614549,0.96556534279626,79803,"10"
"1432","SLC30A6",0.143741123194245,-0.760237710750843,1.22460286446167,0.229070337917228,0.96556534279626,55676,"2"
"1433","CACNB2",0.174875960274461,-1.94310873027195,1.22440957462197,0.229142285182929,0.96556534279626,783,"10"
"1434","INSM1",0.224623125699717,0.12108061468237,1.22429885561274,0.229183505104514,0.96556534279626,3642,"20"
"1435","QSOX1",0.123047106850179,1.57931295137033,1.22415720226297,0.229236249701459,0.96556534279626,5768,"1"
"1436","MEIS1",0.168788628655156,-0.166515896404873,1.22362021824615,0.229436277503106,0.96556534279626,4211,"2"
"1437","WIZ",-0.152441981152084,-1.7541977819741,-1.22321916938811,0.229585753710432,0.96556534279626,58525,"19"
"1438","FN3KRP",0.163398691408055,0.713434862785709,1.22302063237858,0.229659777841749,0.96556534279626,79672,"17"
"1439","ATP5F1A",-0.109977292145533,5.88351649915964,-1.22291248370392,0.229700108319464,0.96556534279626,498,"18"
"1440","MED20",0.142516722591089,-0.403656684112995,1.22178601212481,0.230120501508537,0.96556534279626,9477,"6"
"1441","SH3PXD2A",0.264824570875578,-2.15859701364372,1.22151672525439,0.230221082488969,0.96556534279626,9644,"10"
"1442","PRUNE1",0.114530432868671,0.924499233589589,1.21997738957325,0.230796664311897,0.96556534279626,58497,"1"
"1443","MRPL28",-0.080756583743308,0.108200680730138,-1.21980569241262,0.230860930720498,0.96556534279626,10573,"16"
"1444","TIAM1",0.150091100992654,-0.949611934015212,1.2194534388067,0.230992821140673,0.96556534279626,7074,"21"
"1445","RGS14",0.272594066592077,-4.93663093409092,1.21890944649434,0.231196611979137,0.96556534279626,10636,"5"
"1446","ZNF330",-0.269454058245854,-5.67925829743674,-1.2181132738459,0.231495115210987,0.96556534279626,27309,"4"
"1447","VAMP2",0.176293113618015,3.35346396927499,1.2178443021712,0.231596023370347,0.96556534279626,6844,"17"
"1448","HSD17B13",-0.328480677209662,-1.27988995010185,-1.21724170079427,0.231822215360598,0.96556534279626,345275,"4"
"1449","CWC27",0.113734464885046,-1.07853573380768,1.21674752033795,0.23200783275503,0.96556534279626,10283,"5"
"1450","SLC39A11",0.185147067045169,-1.44167953773293,1.21633269962271,0.232163727145935,0.96556534279626,201266,"17"
"1451","SERINC1",0.130609506979199,0.658375609136445,1.21632290424763,0.232167409298498,0.96556534279626,57515,"6"
"1452","PARVB",0.183989217895759,-1.32090099173148,1.2161440223189,0.232234659926094,0.96556534279626,29780,"22"
"1453","PUM3",0.101808226159907,-0.234041337334989,1.21597794753011,0.232297108634274,0.96556534279626,9933,"9"
"1454","XYLB",-0.15408002231704,-1.70144761307184,-1.21582173564699,0.232355859974511,0.96556534279626,9942,"3"
"1455","ZNF768",-0.135208965422519,-1.11939535822139,-1.2150011232705,0.232664673414774,0.96556534279626,79724,"16"
"1456","ARVCF",0.158063617377244,0.477962400343659,1.21477620774236,0.232749366854025,0.96556534279626,421,"22"
"1457","GTF2F2",0.126156706638288,-0.266895797979339,1.21390581417292,0.233077334542641,0.96556534279626,2963,"13"
"1458","ZNF609",0.133726015400262,-1.43129385164793,1.21369372164426,0.233157303667814,0.96556534279626,23060,"15"
"1459","C1orf35",0.17078034379528,-0.319101211465193,1.21320482090486,0.233341720248347,0.96556534279626,79169,"1"
"1460","MNX1",0.299648723883291,-2.45523824197477,1.21179107277831,0.233875602978181,0.96556534279626,3110,"7"
"1461","CKMT1B",0.120586831605222,2.85571287667323,1.21161161109939,0.233943438844517,0.96556534279626,1159,"15"
"1462","POLR3H",-0.291066510725408,-4.81224463821556,-1.21115122825179,0.234117528480034,0.96556534279626,171568,"22"
"1463","PRPF40B",0.0994262545430167,-1.0850709268148,1.2107619697285,0.234264797857563,0.96556534279626,25766,"12"
"1464","SMARCA4",0.124789103966202,-0.745511496365203,1.21046966605047,0.234375431054009,0.96556534279626,6597,"19"
"1465","ATN1",0.115609845317628,-0.737000194168311,1.21014557098087,0.234498142059967,0.96556534279626,1822,"12"
"1466","MAGED4",0.26523386720932,-1.99776650199182,1.20988858231267,0.234595478572353,0.96556534279626,728239,"X"
"1467","R3HDM2",0.158614468732469,-1.24064538568625,1.20932626124288,0.234808566386444,0.96556534279626,22864,"12"
"1468","PDLIM3",-0.359773020892617,-1.17473811044103,-1.20907239141696,0.23490481553896,0.96556534279626,27295,"4"
"1469","APOD",-0.154971135556235,0.0493910405187744,-1.20841965387865,0.235152420508066,0.96556534279626,347,"3"
"1470","ZKSCAN8",0.215862165706768,-3.98676719887292,1.20833050265847,0.235186253487475,0.96556534279626,7745,"6"
"1471","TMED3",-0.132917731578924,1.16632972405994,-1.20828368909215,0.235204020724524,0.96556534279626,23423,"15"
"1472","DDX47",-0.120892270748887,-0.148087904794448,-1.20795438541131,0.235329029978835,0.96556534279626,51202,"12"
"1473","PSMG4",-0.126636985267258,-3.00820860755114,-1.20791250711239,0.235344931209168,0.96556534279626,389362,"6"
"1474","MSANTD4",-0.61369290338459,0.834668729480092,-1.20703191494073,0.235679476821282,0.96556534279626,84437,"11"
"1475","TGFB1I1",-0.192738037107471,-1.32611954886188,-1.20618944052934,0.235999869873174,0.96556534279626,7041,"16"
"1476","C15orf48",0.186394738760544,1.21726968072641,1.20572357371925,0.236177177118423,0.96556534279626,84419,"15"
"1477","C12orf57",0.263786483358966,-2.16996792380524,1.20500641236456,0.236450318427647,0.96556534279626,113246,"12"
"1478","ASAH1",0.114502097726236,3.14567517273734,1.20495712401497,0.236469099172843,0.96556534279626,427,"8"
"1479","S100A14",0.276297539593121,-4.38716569974955,1.20346203393556,0.237039309130889,0.96556534279626,57402,"1"
"1480","BZW2",-0.109339703068974,1.38415273976432,-1.20238408980048,0.237451053537222,0.96556534279626,28969,"7"
"1481","TMEM223",0.145234829740673,-0.951420219746477,1.20164060515253,0.237735351087627,0.96556534279626,79064,"11"
"1482","DNAJC10",-0.0965105062282733,0.827003461245144,-1.20153748047478,0.23777480425754,0.96556534279626,54431,"2"
"1483","MED4",0.189752149538837,-1.7406340740157,1.20094344841716,0.23800216150606,0.96556534279626,29079,"13"
"1484","SCAMP3",0.113699539313866,1.69436068837841,1.20090140708867,0.238018258292812,0.96556534279626,10067,"1"
"1485","CHURC1-FNTB",-0.0942507649567887,0.023839625786707,-1.20069353030649,0.23809786196614,0.96556534279626,100529261,"14"
"1486","MDC1",0.161854388468393,-0.170465303650559,1.20038875838363,0.23821460583617,0.96556534279626,9656,"6"
"1487","MICALL1",-0.206000812982206,-1.96866082325024,-1.20025171900379,0.238267112963723,0.96556534279626,85377,"22"
"1488","PDLIM2",0.18687696900908,0.361902306572561,1.19996177314245,0.238378234874593,0.96556534279626,64236,"8"
"1489","VWA8",-0.104400726654405,0.942718606593686,-1.19912583406333,0.238698822791162,0.96556534279626,23078,"13"
"1490","LZIC",0.122775094580492,-0.289792772148515,1.19884914309725,0.238805005472833,0.96556534279626,84328,"1"
"1491","RP9",-0.215071789767498,-2.45478730934568,-1.19860190260784,0.238899915703586,0.96556534279626,6100,"7"
"1492","IPO11",0.114383484798626,-2.56415197746724,1.19839661848674,0.238978740913101,0.96556534279626,51194,"5"
"1493","GPRIN1",0.197651780430084,0.214595101609982,1.19818306426847,0.239060762013891,0.96556534279626,114787,"5"
"1494","SLC5A6",0.213694508992766,-3.35120807017381,1.19790529385611,0.239167478052825,0.96556534279626,8884,"2"
"1495","SHISAL2B",-0.29070873510635,-1.9823638368335,-1.19781278241341,0.239203027619851,0.96556534279626,100132916,"5"
"1496","PET100",0.145069013076326,-1.93086478682669,1.19765042079242,0.239265428070484,0.96556534279626,100131801,"19"
"1497","WDR47",0.108697188303433,-0.846981748730866,1.19756710108166,0.239297454993701,0.96556534279626,22911,"1"
"1498","CEP170",0.124303301444966,-1.04968933949322,1.19737241054542,0.239372303600779,0.96556534279626,9859,"1"
"1499","PLA2G1B",-0.451822728566237,0.157997760051628,-1.19686887602135,0.239565966961601,0.96556534279626,5319,"12"
"1500","EPHX1",-0.225305416059567,4.77334836512189,-1.19670910392733,0.239627440675634,0.96556534279626,2052,"1"
"1501","DNAJC19",0.123657687648148,0.772510625978695,1.19663845035415,0.239654628960476,0.96556534279626,131118,"3"
"1502","DHX57",0.132623512174457,-1.26547256091178,1.19639549316376,0.239748138935451,0.96556534279626,90957,"2"
"1503","BTAF1",0.131947750648142,-1.04653105791087,1.19635692970158,0.239762983807479,0.96556534279626,9044,"10"
"1504","PDHA1",-0.0723233292467684,3.37454445835255,-1.19625619686928,0.239801763756686,0.96556534279626,5160,"X"
"1505","MYEF2",0.100866274960735,2.58606856360398,1.19575528345145,0.239994673092812,0.96556534279626,50804,"15"
"1506","CGGBP1",0.110522819156478,-0.74466879965401,1.19574130179397,0.240000059278686,0.96556534279626,8545,"3"
"1507","SRRM1",0.207124004900458,0.65631816350983,1.19491610708901,0.240318108513635,0.96556534279626,10250,"1"
"1508","SYTL4",-0.132093358260168,-1.05838011428144,-1.1943337464285,0.240542750440043,0.96556534279626,94121,"X"
"1509","TNR",0.194846712497384,-1.11236338556545,1.19411710246689,0.240626358882015,0.96556534279626,7143,"1"
"1510","PPFIBP1",0.154870398268862,-2.1984381038708,1.19338772512068,0.240908001368784,0.96556534279626,8496,"12"
"1511","ST6GALNAC4",0.165421389066978,-3.31012453018606,1.19327174761892,0.240952807364703,0.96556534279626,27090,"9"
"1512","IFT56",0.109565571651218,1.79145851551186,1.19273583339194,0.241159928573257,0.96556534279626,79989,"7"
"1513","USP13",0.134406020295331,-0.445562604299675,1.19265752142844,0.241190205696695,0.96556534279626,8975,"3"
"1514","SNX11",0.232726984789343,-3.12912352327016,1.19073345755661,0.241934969016839,0.96556534279626,29916,"17"
"1515","LSM1",0.376564877455055,-4.05877148720902,1.19072970178929,0.241936424443273,0.96556534279626,27257,"8"
"1516","HHATL",-0.21292372539082,0.262084665016293,-1.19070210463551,0.241947119026985,0.96556534279626,57467,"3"
"1517","RAB11FIP4",-0.209242483996988,-0.18829579368123,-1.1900480773534,0.242200672530433,0.96556534279626,84440,"17"
"1518","GSTO1",0.146816858894739,4.83565474206297,1.18905779015584,0.242584958790693,0.96556534279626,9446,"10"
"1519","CCDC50",0.147836828330223,-0.112811568886334,1.18890899749737,0.242642737247403,0.96556534279626,152137,"3"
"1520","OTUD7B",-0.0903346468048949,-0.949330622522672,-1.1883842196936,0.242846597126472,0.96556534279626,56957,"1"
"1521","FGB",-0.245509476618467,-0.796813744166672,-1.18770317452838,0.243111349453725,0.96556534279626,2244,"4"
"1522","PNLIP",-0.805678182348327,3.36145062177676,-1.18742720739117,0.243218690355011,0.96556534279626,5406,"10"
"1523","SUCLG2",-0.0930228351731794,2.59024216692241,-1.18713383984451,0.243332837499874,0.96556534279626,8801,"3"
"1524","RAB11FIP2",0.113023036799389,-1.81394753830356,1.18663487195798,0.243527072496296,0.96556534279626,22841,"10"
"1525","PTS",0.174531262104316,0.800408029715785,1.18634925393998,0.243638307212566,0.96556534279626,5805,"11"
"1526","SF1",0.117772626207243,0.904402894123278,1.18630434909001,0.243655798918941,0.96556534279626,7536,"11"
"1527","ITM2C",0.215233074583928,-1.46994167838734,1.18612691416018,0.243724923843201,0.96556534279626,81618,"2"
"1528","CWC25",0.190944011438024,-2.07988890106224,1.18586425955938,0.243827274968014,0.96556534279626,54883,"17"
"1529","ERH",0.182197454183003,2.17176354899665,1.18584428408085,0.243835060293125,0.96556534279626,2079,"14"
"1530","USP35",0.147702827291884,-0.658102132121931,1.18579374334205,0.243854759062636,0.96556534279626,57558,"11"
"1531","RAI1",0.210443277277375,-1.20879399389998,1.18566150966474,0.243906304011723,0.96556534279626,10743,"17"
"1532","RSBN1L",0.484758394121479,-1.58474798432491,1.18560905737003,0.243926752233285,0.96556534279626,222194,"7"
"1533","PANK2",0.120002584533953,-0.841036931698256,1.1841368194578,0.244501208579405,0.96556534279626,80025,"20"
"1534","NOL7",0.11312430621601,-0.479292639738647,1.18392884674545,0.244582437867303,0.96556534279626,51406,"6"
"1535","ALKBH7",0.158986398916985,-2.20585072498127,1.18389469631495,0.244595778118912,0.96556534279626,84266,"19"
"1536","CDK18",-0.181799562239112,-2.3591112517434,-1.18376603959703,0.244646040341502,0.96556534279626,5129,"1"
"1537","UBE4B",0.156298451629251,-0.462994487065773,1.18375059848591,0.244652073217435,0.96556534279626,10277,"1"
"1538","SERPINF1",-0.495379637076239,0.0106627076716571,-1.18337279421658,0.244799716144944,0.96556534279626,5176,"17"
"1539","PCNT",0.142229355456354,0.5522556539219,1.18295394245957,0.244963476414431,0.96556534279626,5116,"21"
"1540","STMN1",0.201278657957972,0.71327531516697,1.18256033839098,0.245117438628267,0.96556534279626,3925,"1"
"1541","DCAF11",0.114065554656605,-0.404611859348562,1.18238571411963,0.245185767376822,0.96556534279626,80344,"14"
"1542","TDRD3",-0.120444090382761,-0.706299612552957,-1.18199444544422,0.24533891759101,0.96556534279626,81550,"13"
"1543","LAMTOR3",0.223499187094414,1.37250394681044,1.18074018044468,0.245830333744271,0.96556534279626,8649,"4"
"1544","VPS37A",0.135779970987036,-1.13348309363198,1.1804271815358,0.245953077783003,0.96556534279626,137492,"8"
"1545","RFX2",0.209373961374881,-1.56689425151934,1.18038585223925,0.245969288619497,0.96556534279626,5990,"19"
"1546","PLCH1",-0.250025317649883,0.613140556319235,-1.18016401776779,0.246056313443448,0.96556534279626,23007,"3"
"1547","PDZK1",0.201294634371439,0.578463301601623,1.17935522239615,0.246373791683671,0.96556534279626,5174,"1"
"1548","CDK5",0.10027188658707,0.489567175661361,1.17864894884852,0.246651271886931,0.96556534279626,1020,"7"
"1549","DVL1",0.157319389535439,-2.20666350270526,1.17804779955198,0.246887631017976,0.96556534279626,1855,"1"
"1550","ARIH2",0.107391921731636,-0.695036492196635,1.17646299700949,0.247511535667673,0.96556534279626,10425,"3"
"1551","SPATA20",-0.122664588260371,0.0729077810434054,-1.17607085721511,0.247666090889257,0.96556534279626,64847,"17"
"1552","NFYA",0.327726767605081,-6.19799600294717,1.17589236185187,0.247736465154496,0.96556534279626,4800,"6"
"1553","TUBA8",-0.20509574362533,-2.88544288683258,-1.17558534315284,0.247857545708992,0.96556534279626,51807,"22"
"1554","HMOX1",-0.294878170540742,-1.1885340036345,-1.17409640866933,0.24844535795195,0.96556534279626,3162,"22"
"1555","DHRS1",-0.19363331778881,0.269071002350141,-1.17403314307881,0.24847035692882,0.96556534279626,115817,"14"
"1556","KRT84",-0.304283913672059,-0.148053604819497,-1.17341628856702,0.248714199173761,0.96556534279626,3890,"12"
"1557","RAB3IP",0.174499751352088,-0.766732951070288,1.17262728382675,0.249026346945136,0.96556534279626,117177,"12"
"1558","ADGRL2",-0.307556759494239,-4.02571704565111,-1.17217756691807,0.249204392839292,0.96556534279626,23266,"1"
"1559","PQBP1",0.137074589810666,0.761619715306894,1.17134766069979,0.249533202098395,0.96556534279626,10084,"X"
"1560","HMGN4",0.243906300850019,-0.18385896056314,1.17123629824567,0.249577348037515,0.96556534279626,10473,"6"
"1561","VTI1A",0.0993034439792961,0.0470659063126043,1.17000624170497,0.250065342154806,0.96556534279626,143187,"10"
"1562","RAVER2",0.132788864620665,-1.0488856851996,1.16960640932191,0.250224115408982,0.96556534279626,55225,"1"
"1563","MIEF1",0.117608265361693,-0.848384830409046,1.1692411129192,0.25036923869286,0.96556534279626,54471,"22"
"1564","EPC1",-0.169253869328597,-2.77817803085436,-1.16905332651915,0.250443865493448,0.96556534279626,80314,"10"
"1565","KPNA2",-0.153302188876368,-0.885175755981543,-1.16863274264019,0.250611065447406,0.96556534279626,3838,"17"
"1566","ALOX5",-0.132907396247386,0.251980424889929,-1.16847778213473,0.250672689338538,0.96556534279626,240,"10"
"1567","PPP2R5B",0.11533111240679,-1.58232242942289,1.16833395523596,0.250729895557593,0.96556534279626,5526,"11"
"1568","USP28",0.156028465736937,-1.20056258569398,1.1677404596803,0.250966055225917,0.96556534279626,57646,"11"
"1569","RNF114",-0.146601923987078,-1.31469629026789,-1.16715609919454,0.251198738264308,0.96556534279626,55905,"20"
"1570","NUCB2",0.171158975422762,1.48703686821185,1.16709372526872,0.251223583849179,0.96556534279626,4925,"11"
"1571","DNAJC1",-0.0905977866437091,0.165417819702469,-1.16700421239623,0.251259242896884,0.96556534279626,64215,"10"
"1572","ATP6V1G1",0.177905760073329,3.10459044577667,1.16578384253972,0.251745766850441,0.96556534279626,9550,"9"
"1573","CYBC1",-0.0983373967891951,0.38996167651647,-1.16553599547605,0.251844659616597,0.96556534279626,79415,"17"
"1574","GTF2E2",-0.160182397653658,-2.36161662261312,-1.1654822643669,0.251866102447204,0.96556534279626,2961,"8"
"1575","GMFG",-0.169347518688976,-2.36254738003107,-1.16469064343513,0.252182173952274,0.96556534279626,9535,"19"
"1576","EBNA1BP2",0.169029319523431,0.139429860085349,1.16429102205265,0.252341840919623,0.96556534279626,10969,"1"
"1577","CMSS1",-0.179801363488265,-1.45557639443106,-1.16391664749007,0.252491487371349,0.96556534279626,84319,"3"
"1578","C7orf50",0.225728313116952,-0.49398919940513,1.16364020319918,0.252602030199545,0.96556534279626,84310,"7"
"1579","ADRA2A",0.187459201563565,-2.19185402073526,1.16362501284929,0.252608105442992,0.96556534279626,150,"10"
"1580","H1-3",0.337975572638773,-1.73770196220321,1.163285393933,0.25274396072784,0.96556534279626,3007,"6"
"1581","TPST1",0.111454425198052,-1.72688014124868,1.16317650578445,0.252787529714144,0.96556534279626,8460,"7"
"1582","NUDT15",0.172512718644564,-3.23334575909863,1.16293998587939,0.252882186317382,0.96556534279626,55270,"13"
"1583","HSPA1L",0.322850156842527,-2.36180173030548,1.16291803772645,0.2528909713995,0.96556534279626,3305,"6"
"1584","ZC3H15",-0.0933394191929912,-0.0904755113558668,-1.16277626802658,0.252947722227287,0.96556534279626,55854,"2"
"1585","SEC14L1",0.143926801357389,-0.879880047623566,1.16166905415356,0.253391261923263,0.96556534279626,6397,"17"
"1586","CSTB",0.200428824509836,3.88449126358257,1.16166745534768,0.253391902798843,0.96556534279626,1476,"21"
"1587","COX5B",0.163025884367975,2.69443163713233,1.16135276733773,0.253518067301685,0.96556534279626,1329,"2"
"1588","INPP1",-0.146206664226539,-0.0680389354416224,-1.1612340224604,0.253565686283715,0.96556534279626,3628,"2"
"1589","LNPK",0.0882066484951569,1.63780393079156,1.16106759555189,0.253632437621635,0.96556534279626,80856,"2"
"1590","ARID1A",0.103918053184964,-0.290418346238568,1.16093600023332,0.253685227574412,0.96556534279626,8289,"1"
"1591","KDM1A",0.0981685196545126,0.361847634552951,1.16087257785912,0.253710672548508,0.96556534279626,23028,"1"
"1592","PEG10",0.251609229242342,0.260470905388207,1.16083468640668,0.253725875435259,0.96556534279626,23089,"7"
"1593","SPRYD7",0.102857059016138,0.439231773638449,1.1603349577743,0.253926439548701,0.96556534279626,57213,"13"
"1594","TINAGL1",0.234248570720553,-3.04000214007942,1.1602673988258,0.253953562905267,0.96556534279626,64129,"1"
"1595","CCDC86",0.109632972760124,0.655728017505134,1.16020622264158,0.253978125546021,0.96556534279626,79080,"11"
"1596","UTRN",-0.141577897328691,0.950718932976714,-1.16020316410382,0.253979353614384,0.96556534279626,7402,"6"
"1597","WBP11",0.133607957259118,0.630880858954088,1.16014581266286,0.254002382244432,0.96556534279626,51729,"12"
"1598","NUMBL",0.0939109092474694,0.258835714302241,1.15951068906134,0.254257508268148,0.96556534279626,9253,"19"
"1599","MACC1",0.231603786547002,-2.35523279731214,1.15932273593633,0.25433304380327,0.96556534279626,346389,"7"
"1600","CRTC1",0.150516062353081,-0.495401042961704,1.15932175451989,0.254333438262563,0.96556534279626,23373,"19"
"1601","TAF8",0.119686109437243,-2.28299790893563,1.15926700785768,0.254355443213508,0.96556534279626,129685,"6"
"1602","CTDSPL2",-0.270903149009934,-2.72200546954888,-1.15906330745376,0.254437330989928,0.96556534279626,51496,"15"
"1603","SYT1",-0.192666064298005,-1.12717004277617,-1.15798679415046,0.254870408519382,0.96556534279626,6857,"12"
"1604","CDH6",-0.30913153741917,-1.88903424861359,-1.15765977650146,0.255002072515655,0.96556534279626,1004,"5"
"1605","CKB",0.223109640876617,3.61257604521059,1.15751897014321,0.255058779243891,0.96556534279626,1152,"14"
"1606","RICTOR",0.0940707623603254,1.78072432825048,1.15720039629767,0.25518711178803,0.96556534279626,253260,"5"
"1607","PFDN4",0.187334991487912,-0.85428257080591,1.15686542447288,0.255322100553867,0.96556534279626,5203,"20"
"1608","LOC102724560",-0.292703537104885,-1.06385768319734,-1.15685516450428,0.255326235989699,0.96556534279626,102724560,"21"
"1609","LGALSL",-0.0997605929943097,-0.524924409275577,-1.15604488713608,0.255652984114604,0.96556534279626,29094,"2"
"1610","FASTKD3",0.169296539133163,-0.985508969936595,1.15492099222173,0.256106702136329,0.96556534279626,79072,"5"
"1611","VPS13C",0.0971707773169483,1.79054778477085,1.15433869268465,0.256342006884935,0.96556534279626,54832,"15"
"1612","DDHD2",0.10432692699448,-0.585249669890796,1.15408190909373,0.256445821832557,0.96556534279626,23259,"8"
"1613","PPP3CB",0.099677338711238,-0.259430793392522,1.15382415540024,0.256550059638917,0.96556534279626,5532,"10"
"1614","ANP32A",0.130412630808926,4.53397208964127,1.15362977148856,0.25662869047872,0.96556534279626,8125,"15"
"1615","PSAT1",-0.335557332071918,1.55749558282085,-1.15351139131784,0.256676585368901,0.96556534279626,29968,"9"
"1616","BTBD17",0.2256363965876,-4.04180372143741,1.15345861899147,0.25669793837051,0.96556534279626,388419,"17"
"1617","STAM2",0.131039511182108,0.164525743064931,1.1533484561828,0.256742517144937,0.96556534279626,10254,"2"
"1618","CPA2",-0.637917936717988,2.90387954352713,-1.15332919792216,0.256750310820052,0.96556534279626,1358,"7"
"1619","KDM5B",-0.142637010654328,-0.632636848835907,-1.15288395437072,0.256930545400598,0.96556534279626,10765,"1"
"1620","AQP12B",-0.422560451489267,-3.04501638752515,-1.15228314706741,0.257173897519979,0.96556534279626,653437,"2"
"1621","ME1",-0.126783432482526,2.31759102299947,-1.15121027342059,0.257608871622581,0.96556534279626,4199,"6"
"1622","MRPL1",-0.0857120113889578,1.65270661490877,-1.14943187311429,0.258331060041481,0.96556534279626,65008,"4"
"1623","MVK",0.144879434596025,-0.738206518267996,1.14826933897852,0.25880394359786,0.96556534279626,4598,"12"
"1624","PPFIBP2",0.126242948943126,-0.984539512017608,1.14770949436176,0.259031894687507,0.96556534279626,8495,"11"
"1625","CTTNBP2NL",-0.0942809224271389,-0.832957886023494,-1.14734718262273,0.259179494006508,0.96556534279626,55917,"1"
"1626","CABIN1",0.134886594321535,-2.98009561680509,1.14707125773515,0.259291941667031,0.96556534279626,23523,"22"
"1627","VAMP4",0.14437424969311,-1.81694099889333,1.14603453472381,0.259714752693685,0.96556534279626,8674,"1"
"1628","TYW1",0.108605038479392,-1.10955299249396,1.14551149641493,0.259928254642396,0.96556534279626,55253,"7"
"1629","TUSC2",0.244674532435881,-0.420345212388678,1.14530602952635,0.260012160024909,0.96556534279626,11334,"3"
"1630","LCP1",-0.164494629089711,0.175904535062714,-1.14527387808997,0.26002529130114,0.96556534279626,3936,"13"
"1631","CDK12",0.112974872636005,-2.34731754839003,1.14521377338238,0.260049840526264,0.96556534279626,51755,"17"
"1632","CEP97",0.284145671330763,-1.94784887161218,1.14449789689083,0.260342362612188,0.96556534279626,79598,"3"
"1633","OTUB1",0.104613605628962,3.61728237616168,1.14372053712329,0.260660277226527,0.96556534279626,55611,"11"
"1634","SNU13",0.177078916145523,2.0876266269401,1.1437048563366,0.260666693037469,0.96556534279626,4809,"22"
"1635","COMMD2",-0.120758435824553,-0.407628545132729,-1.14334090259607,0.260815637156313,0.96556534279626,51122,"3"
"1636","BRD2",0.115526871870889,-0.594581607322736,1.14312631028651,0.260903485530413,0.96556534279626,6046,"6"
"1637","PDK3",0.118640094337749,2.0039052728462,1.14278815083928,0.261041962363114,0.96556534279626,5165,"X"
"1638","RCAN1",-0.167009561514765,-1.37673789422713,-1.14277047690514,0.26104920132644,0.96556534279626,1827,"21"
"1639","BAZ2A",0.101998761207701,-1.17981712976485,1.14241750206666,0.261193804582681,0.96556534279626,11176,"12"
"1640","NF2",-0.378153667171151,1.13484136556118,-1.14132817603683,0.261640433552079,0.96556534279626,4771,"22"
"1641","AP2S1",-0.103278862558631,3.13184254968127,-1.14131565461757,0.261645570597109,0.96556534279626,1175,"19"
"1642","WAPL",0.113789608962814,-0.37959835450488,1.14124905058899,0.261672896829466,0.96556534279626,23063,"10"
"1643","DCAF5",0.105710748019874,-0.336426555313687,1.14103090772373,0.261762410679302,0.96556534279626,8816,"14"
"1644","RAB3C",0.138648394722204,1.69746537454844,1.14039179765835,0.262024793541712,0.96556534279626,115827,"5"
"1645","ZNRF2",0.118580188882071,0.603094991722797,1.14013991870322,0.262128253067126,0.96556534279626,223082,"7"
"1646","SPOUT1",-0.122634448489968,-1.16272995096469,-1.13792359721852,0.263039879834501,0.96556534279626,51490,"9"
"1647","TNRC6B",0.177495709862221,-1.3625889658367,1.13785012412967,0.263070140183819,0.96556534279626,23112,"22"
"1648","FKBP7",0.148846672984747,-1.25630328646111,1.13755980780445,0.263189733314415,0.96556534279626,51661,"2"
"1649","MRPL46",-0.0851160008733671,0.891799677992812,-1.13584639871215,0.26389635438973,0.96556534279626,26589,"15"
"1650","DOCK11",0.180420467534042,-3.38792076969039,1.13551976816595,0.264031213877073,0.96556534279626,139818,"X"
"1651","GSTA4",0.189441964770197,-1.10840032485623,1.13544039599671,0.264063992617215,0.96556534279626,2941,"6"
"1652","RLIM",-0.228107853228604,-2.86510444862706,-1.13523176191588,0.264150167299678,0.96556534279626,51132,"X"
"1653","SRFBP1",-0.301403255131408,-2.69877253776629,-1.13485946451775,0.264303992142739,0.96556534279626,153443,"5"
"1654","PNPLA8",-0.0941864386858088,0.952973379370785,-1.13473859636919,0.264353945985553,0.96556534279626,50640,"7"
"1655","CELA3A",-0.686394983705228,3.68763936451136,-1.1338802724437,0.264708879940227,0.96556534279626,10136,"1"
"1656","FBN1",-0.367986012879601,0.189081289611098,-1.13383664256453,0.264726930915313,0.96556534279626,2200,"15"
"1657","RBP4",0.209928993607075,3.41367465875783,1.13266743856387,0.265210995270733,0.96556534279626,5950,"10"
"1658","ACE",-0.165807910630482,0.222110331063052,-1.13199114680813,0.26549127858529,0.96556534279626,1636,"17"
"1659","SNTB1",-0.329413871518917,0.726041534418115,-1.13137438408536,0.26574707626565,0.96556534279626,6641,"8"
"1660","PCSK1",0.168955890184978,3.38033981468428,1.13131937855701,0.26576989799652,0.96556534279626,5122,"5"
"1661","TMEM63B",0.185689110542739,-1.89411333824648,1.13071384339144,0.266021226986491,0.96556534279626,55362,"6"
"1662","CBX6",0.158307911302917,-1.28075996580351,1.13062553279198,0.266057894806625,0.96556534279626,23466,"22"
"1663","AHNAK",-0.20268354562769,1.86260950184439,-1.13046273617842,0.266125499802853,0.96556534279626,79026,"11"
"1664","PVR",0.100672477014872,0.398984399271309,1.13044192622602,0.266134142498773,0.96556534279626,5817,"19"
"1665","DHODH",0.144184951732392,1.02682146150333,1.1304016399495,0.266150874587388,0.96556534279626,1723,"16"
"1666","MUC1",0.346238819248043,-1.18378616429163,1.13018308919906,0.266241658389113,0.96556534279626,4582,"1"
"1667","RSF1",0.101668816290417,-0.457244881171137,1.12957819942728,0.266493039592392,0.96556534279626,51773,"11"
"1668","MTFR1L",0.110061947866063,0.448901621137381,1.12938187850032,0.266574663648156,0.96556534279626,56181,"1"
"1669","AS3MT",-0.195352801123949,-2.02437172943789,-1.12927670586666,0.266618398503174,0.96556534279626,57412,"10"
"1670","POLR3K",0.106708987361921,-0.63957883118101,1.12854405437595,0.266923206401919,0.96556534279626,51728,"16"
"1671","UTP4",-0.0942674749105272,-0.556466459540717,-1.12852885903715,0.266929530826945,0.96556534279626,84916,"16"
"1672","C2orf49",0.247349871075724,-1.14800514282477,1.1281778264074,0.267075663456562,0.96556534279626,79074,"2"
"1673","FBLIM1",-0.150142549472089,-0.224092916477657,-1.12796470021002,0.267164414547379,0.96556534279626,54751,"1"
"1674","ZNF22",0.1229559446158,-0.502777297862641,1.1277098034446,0.267270587756461,0.96556534279626,7570,"10"
"1675","AP4B1",-0.151024833117251,-1.55770331338764,-1.12765592431192,0.267293034133497,0.96556534279626,10717,"1"
"1676","EXOSC7",0.116319215085112,-2.05237497599924,1.12641427884707,0.267810686263602,0.96556534279626,23016,"3"
"1677","VIL1",0.232808549849441,1.64476671215032,1.12604164806702,0.267966179337895,0.96556534279626,7429,"2"
"1678","SFXN3",-0.116825567486139,1.22139215604376,-1.12573773893363,0.268093043880394,0.96556534279626,81855,"10"
"1679","NUBP2",-0.116253332888862,-0.0069234898231858,-1.12553072214879,0.26817948612283,0.96556534279626,10101,"16"
"1680","HEATR5B",0.106462438175802,-0.507001735420675,1.12525072214518,0.26829643515641,0.96556534279626,54497,"2"
"1681","TOP3B",0.0881692284981407,-1.0957333768943,1.12273266590318,0.269349808498093,0.96556534279626,8940,"22"
"1682","CTRC",-0.631261729263462,1.15893911712916,-1.12267988333458,0.269371920592093,0.96556534279626,11330,"1"
"1683","PHF23",0.13245736410093,-1.33059062504432,1.12252869881714,0.269435263212918,0.96556534279626,79142,"17"
"1684","NDUFAF3",-0.11488587534127,0.271315519590491,-1.12193358766808,0.269684703940347,0.96556534279626,25915,"3"
"1685","RANGRF",0.142997999907081,-2.72079191333701,1.12180619812327,0.26973812073409,0.96556534279626,29098,"17"
"1686","MRPL21",-0.104893784345833,1.19532819584642,-1.1215300720015,0.269853931544888,0.96556534279626,219927,"11"
"1687","MICU1",0.0802658894708068,-0.407626532265222,1.12127606708534,0.269960495885513,0.96556534279626,10367,"10"
"1688","SBSN",0.397433045112287,-3.80522374144577,1.12121625532351,0.269985593487836,0.96556534279626,374897,"19"
"1689","PHYKPL",-0.166937284210527,-0.478152044355155,-1.120729387244,0.270189950275265,0.96556534279626,85007,"5"
"1690","BCAT2",-0.0962855563155367,2.3343301771345,-1.12002457351156,0.270485983212024,0.96556534279626,587,"19"
"1691","GLRX",0.244345456737168,-0.385782748371032,1.11999793425869,0.2704971766723,0.96556534279626,2745,"5"
"1692","ACTC1",-0.134577096679743,4.60171394936398,-1.11788609433513,0.271385599042316,0.96556534279626,70,"15"
"1693","LGALS3BP",0.139031041667091,3.22780684148805,1.11773259828073,0.271450254016367,0.96556534279626,3959,"17"
"1694","ACTN1",0.108442081199037,3.51708004231959,1.11762616491314,0.271495091907174,0.96556534279626,87,"14"
"1695","AGTPBP1",0.120427255655755,-2.7385973744496,1.11748180106241,0.271555917488475,0.96556534279626,23287,"9"
"1696","CAST",0.146776034944091,1.5820732325828,1.11709588039955,0.271718567318548,0.96556534279626,831,"5"
"1697","BCR",0.101610966503361,2.35936652893468,1.11681486363273,0.271837048253115,0.96556534279626,613,"22"
"1698","RABEPK",-0.117819289236209,-0.116866682602121,-1.11663774602338,0.271911742699532,0.96556534279626,10244,"9"
"1699","TMLHE",-0.127197030406145,0.306757758243798,-1.11626496978821,0.272068998688275,0.96556534279626,55217,"X"
"1700","ETV6",0.219473060319352,-2.97391704843139,1.11595702274465,0.272198955448947,0.96556534279626,2120,"12"
"1701","METRN",0.165187012518561,-0.197877622437003,1.11556435513411,0.27236472948882,0.96556534279626,79006,"16"
"1702","PPIE",0.127151406066397,0.123387338321098,1.11535558718466,0.272452895250256,0.96556534279626,10450,"1"
"1703","ADD3",-0.123876915036875,0.900265883353537,-1.11493765868786,0.27262945384255,0.96556534279626,120,"10"
"1704","MGAT2",-0.101683943913589,-0.193049769151759,-1.11445497313512,0.272833471483946,0.96556534279626,4247,"14"
"1705","HCFC2",0.100980430070681,-0.841914009468767,1.11409148927599,0.272987177878777,0.96556534279626,29915,"12"
"1706","MYCT1",-0.195693558628082,-1.86335640802769,-1.11269679829779,0.273577524620378,0.96556534279626,80177,"6"
"1707","DENND4A",0.114372685823618,-0.63584356750906,1.11264493036701,0.273599496912414,0.96556534279626,10260,"15"
"1708","TMEM200A",-0.173602905273588,-0.968187410317306,-1.11236444264971,0.273718338938303,0.96556534279626,114801,"6"
"1709","SPTLC1",0.0886655935688554,1.01065797063107,1.11216799735526,0.273801594309772,0.96556534279626,10558,"9"
"1710","P4HB",-0.149362000523712,5.54090348659575,-1.11184421454274,0.27393885596139,0.96556534279626,5034,"17"
"1711","KRT1",0.206889084485999,6.16634893365582,1.11084446312648,0.274362991670898,0.96556534279626,3848,"12"
"1712","LDHB",-0.185904165315426,4.05633522875181,-1.11059270681101,0.274469870853405,0.96556534279626,3945,"12"
"1713","WDR24",0.0837100835416178,-0.485400842927781,1.10981178076697,0.274801589618139,0.96556534279626,84219,"16"
"1714","ITGB1",-0.108132538475513,3.57716192787423,-1.10942964736322,0.274964014895462,0.96556534279626,3688,"10"
"1715","MICALL2",0.193480036802848,-1.51476813902948,1.10928555319113,0.27502527969058,0.96556534279626,79778,"7"
"1716","SEC11A",-0.128367543921099,2.10674672462553,-1.10920603264139,0.275059093761427,0.96556534279626,23478,"15"
"1717","SRM",-0.138522241544583,2.97744611862773,-1.10918820499079,0.275066674918485,0.96556534279626,6723,"1"
"1718","ADGRG1",-0.156931949529829,0.818033922937931,-1.10870729770671,0.275271235556744,0.96556534279626,9289,"16"
"1719","MED22",0.215307619882549,-2.53342529125885,1.10866329824588,0.275289956754772,0.96556534279626,6837,"9"
"1720","ND4",-0.097007374178097,2.50336595040687,-1.10849318057101,0.275362348147873,0.96556534279626,4538,"MT"
"1721","CSNK1G1",-0.23164272715054,-2.90185824917334,-1.10839495789695,0.275404151723044,0.96556534279626,53944,"15"
"1722","MED31",0.264296874183829,-6.49704227256502,1.10827475343833,0.275455316900251,0.96556534279626,51003,"17"
"1723","TOMM40",-0.0924738577298732,1.54467351961078,-1.10723550121432,0.275897958330847,0.96556534279626,10452,"19"
"1724","UXS1",-0.132700141129654,-2.4603640325715,-1.10719191408219,0.275916534156917,0.96556534279626,80146,"2"
"1725","FICD",-0.10205296215917,-0.419257661489355,-1.10699734606118,0.275999465403792,0.96556534279626,11153,"12"
"1726","HSF1",0.0928750131920423,-0.787454764511034,1.10685025303542,0.276062173039042,0.96556534279626,3297,"8"
"1727","ATF1",0.176603999427725,-1.61325071683708,1.10683825047807,0.276067290330215,0.96556534279626,466,"12"
"1728","SCAI",0.124099874447576,-0.612472916221116,1.10660274354485,0.276167712394562,0.96556534279626,286205,"9"
"1729","PNPO",0.103816495006172,1.98668052189849,1.10585322540134,0.276487486119515,0.96556534279626,55163,"17"
"1730","PARP14",0.130966691971831,-1.19923345149945,1.10583221913102,0.276496452010789,0.96556534279626,54625,"3"
"1731","LUC7L3",0.158812334836001,0.321997714582622,1.10569084863233,0.276556797116695,0.96556534279626,51747,"17"
"1732","MFGE8",-0.154289971021387,0.196543620932173,-1.10427761262257,0.277160563304688,0.96556534279626,4240,"15"
"1733","ZFP92",0.254579309347239,-4.51406068997062,1.10379355929206,0.277367577214142,0.96556534279626,139735,"X"
"1734","GRIP1",-0.10688592863295,-1.44924426782932,-1.1037827775866,0.277372189451657,0.96556534279626,23426,"12"
"1735","CALB2",-0.137430074469328,-1.8306760970904,-1.10354029771467,0.277475932790578,0.96556534279626,794,"16"
"1736","TMED10",-0.104471702616099,4.85914012412505,-1.10269371884272,0.277838352071755,0.96556534279626,10972,"14"
"1737","TUT1",-0.140648202258971,-2.04456671324793,-1.1026576148689,0.27785381561373,0.96556534279626,64852,"11"
"1738","PLEKHH3",0.165629866004877,-3.26171243236029,1.10259806885246,0.277879320855694,0.96556534279626,79990,"17"
"1739","UAP1L1",0.0985916530418603,0.123956186167048,1.10258243436325,0.277886017825221,0.96556534279626,91373,"9"
"1740","IFRD2",-0.191660557783017,-2.76830842895042,-1.10252345894327,0.277911280738016,0.96556534279626,7866,"3"
"1741","SYK",-0.115779850758606,-0.495227308881376,-1.1024453091574,0.277944759763095,0.96556534279626,6850,"9"
"1742","PTK2B",0.263342007485485,-3.47459175407905,1.10189427724063,0.27818090079658,0.96556534279626,2185,"8"
"1743","SMARCAL1",-0.104437878553095,-2.21637817183887,-1.10062376876016,0.278725912001377,0.96556534279626,50485,"2"
"1744","HSDL2",-0.0645371521302334,2.17631892947954,-1.10062017577167,0.278727454363872,0.96556534279626,84263,"9"
"1745","HPS3",0.104086246494057,-2.25863931447281,1.10030594039642,0.278862369665239,0.96556534279626,84343,"3"
"1746","CHCHD4",0.19760220705121,-2.59589941381785,1.0992024591764,0.279336510927785,0.96556534279626,131474,"3"
"1747","PDK2",-0.120772287231554,-1.62052542693764,-1.09919804204225,0.279338410021258,0.96556534279626,5164,"17"
"1748","EIF2AK3",0.118735832434503,-1.22780935217939,1.09913805660119,0.279364200944614,0.96556534279626,9451,"2"
"1749","CNTROB",-0.171293063700824,-1.18849904130723,-1.09893985858431,0.279449428807427,0.96556534279626,116840,"17"
"1750","MLKL",-0.156124825505557,2.81926939157099,-1.09887723682712,0.279476360857966,0.96556534279626,197259,"16"
"1751","WDFY1",0.100661772880313,0.0176569300426943,1.09880444543508,0.27950766892959,0.96556534279626,57590,"2"
"1752","ENTR1",0.153787564875681,-2.29178159241514,1.09816386714023,0.279783293361738,0.96556534279626,10807,"9"
"1753","MRPL51",0.107129481412396,-0.163595460789806,1.09805905622835,0.279828409168447,0.96556534279626,51258,"12"
"1754","RPS19BP1",0.177500413591857,-1.18735638908351,1.09795306718059,0.27987403735307,0.96556534279626,91582,"22"
"1755","GLT8D2",0.222017951109549,-1.34892777947358,1.09691857417384,0.280319662866528,0.96556534279626,83468,"12"
"1756","MYO5C",-0.115191618467181,-0.377671746148883,-1.09686485413156,0.280342817430304,0.96556534279626,55930,"15"
"1757","NCOR1",0.115456246595254,-0.923684095228855,1.09649916533045,0.280500473696212,0.96556534279626,9611,"17"
"1758","TNS3",0.105599355362009,0.70349072969319,1.09615282597217,0.280649845970303,0.96556534279626,64759,"7"
"1759","TBCB",0.111176428938619,2.73059630955905,1.09615004013078,0.280651047701033,0.96556534279626,1155,"19"
"1760","BID",0.178845187600972,-1.18304022521269,1.09591276985344,0.280753412568893,0.96556534279626,637,"22"
"1761","CIB1",0.140852454879913,-0.741856826387392,1.09579418927845,0.280804581382766,0.96556534279626,10519,"15"
"1762","SUB1",0.129558339026645,1.45648700456587,1.0947367356028,0.281261176593444,0.96556534279626,10923,"5"
"1763","ZDHHC20",-0.135406698517485,0.158166121111155,-1.09415354312894,0.281513216772318,0.96556534279626,253832,"13"
"1764","UBAP2L",0.148032361315131,0.932078197614636,1.09352820692969,0.281783648086021,0.96556534279626,9898,"1"
"1765","PDIA6",-0.118181997046105,4.0066683301567,-1.09335010443959,0.281860703497762,0.96556534279626,10130,"2"
"1766","MAP3K21",-0.221443752055911,-3.20304926886819,-1.09119703082806,0.282793404056548,0.96556534279626,84451,"1"
"1767","KRT6B",-0.371639337513741,-0.161102411765906,-1.09104564131641,0.282859067320558,0.96556534279626,3854,"12"
"1768","CDH13",0.292796646768088,-2.17076249531219,1.09027927055403,0.283191636384281,0.96556534279626,1012,"16"
"1769","CCNY",-0.138832037133184,-1.54444305243766,-1.09011020669709,0.283265039417343,0.96556534279626,219771,"10"
"1770","SLC12A4",-0.0960315249442953,-0.910823066331136,-1.08941417681612,0.283567378847306,0.96556534279626,6560,"16"
"1771","ZNG1B",0.104228568118003,-1.57685676493089,1.08902224550884,0.283737725221154,0.96556534279626,150472,"2"
"1772","ITGA1",-0.131783180466518,1.34226544632473,-1.08875737253005,0.283852888786687,0.96556534279626,3672,"5"
"1773","URB1",0.200086975686907,-2.34837465556736,1.08860508136283,0.283919118103494,0.96556534279626,9875,"21"
"1774","TMEM128",0.181613389786311,-2.56262562450025,1.08805560414426,0.284158168936961,0.96556534279626,85013,"4"
"1775","FABP5",-0.171669855041714,3.47441482234177,-1.08675435508866,0.284724846393713,0.96556534279626,2171,"8"
"1776","PDE4DIP",0.0847530353141165,-0.0288348421235131,1.08646793823903,0.284849684422084,0.96556534279626,9659,"1"
"1777","HEXB",0.115343334931279,2.34163701681658,1.08620308548233,0.284965157896097,0.96556534279626,3074,"5"
"1778","SCAMP1",0.103709654110957,1.5787292401313,1.08607066118594,0.285022906121072,0.96556534279626,9522,"5"
"1779","PRAF2",-0.124731380633073,2.24662732154683,-1.08596844140048,0.285067488269029,0.96556534279626,11230,"X"
"1780","BIN3",-0.0939694433520778,-0.809955360534135,-1.08591514411957,0.285090735303787,0.96556534279626,55909,"8"
"1781","NFATC2",0.193394354766147,-2.87348880150976,1.08563945520068,0.285211005772385,0.96556534279626,4773,"20"
"1782","GTF2F1",0.132113716208696,-0.63531248743439,1.0856255976895,0.285217052116338,0.96556534279626,2962,"19"
"1783","KRT10",0.227870627903394,5.13591031342696,1.08529377787346,0.285361859599189,0.96556534279626,3858,"17"
"1784","DAPK3",-0.137315987374532,-0.542266191300931,-1.08524584345433,0.285382782659526,0.96556534279626,1613,"19"
"1785","ELAPOR2",-0.213042666223248,-2.27138262938776,-1.08430783652693,0.285792434513384,0.96556534279626,222223,"7"
"1786","STIM2",-0.156911480083887,-1.83711828424752,-1.08415521716147,0.285859126565763,0.96556534279626,57620,"4"
"1787","PPM1K",0.146066239271257,-0.939178922914824,1.08355791811106,0.28612024162632,0.96556534279626,152926,"4"
"1788","SAMD4B",0.15030075113832,-0.847130344280824,1.08321180607219,0.286271624833262,0.96556534279626,55095,"19"
"1789","NF1",0.0815526747365739,0.181023820871929,1.08223579413406,0.286698819234461,0.96556534279626,4763,"17"
"1790","UBOX5",0.262613333818265,-5.04491512175905,1.08219476934525,0.286716785370122,0.96556534279626,22888,"20"
"1791","AFG2B",0.0958632038416238,-1.88650227440495,1.08122086036063,0.287143526009176,0.96556534279626,79029,"15"
"1792","GMPPB",-0.103749787065909,3.31134359871057,-1.08098143067835,0.287248506156095,0.96556534279626,29925,"3"
"1793","TRPT1",0.194034808505012,-2.74713763583741,1.08077844958878,0.287337526265088,0.96556534279626,83707,"11"
"1794","MXRA7",0.185984128553574,0.614783693007754,1.08050186019153,0.287458859586024,0.96556534279626,439921,"17"
"1795","CAVIN2",-0.166998988246893,0.802677605745628,-1.07978632127314,0.287772917309526,0.96556534279626,8436,"2"
"1796","ERP44",-0.0990543180891312,4.0278054124676,-1.07971394677962,0.287804696706996,0.96556534279626,23071,"9"
"1797","ZC3HAV1L",-0.100190585917211,-0.695423200352481,-1.07959019530016,0.287859041293496,0.96556534279626,92092,"7"
"1798","ABCA2",0.100913260818064,-1.05497823260968,1.07924964412495,0.28800862924195,0.96556534279626,20,"9"
"1799","KLHDC4",0.12921258885661,-0.683560004384222,1.0785953938938,0.288296163865165,0.96556534279626,54758,"16"
"1800","NUDT14",0.13432008733483,0.276452841693479,1.07856015191624,0.288311657998801,0.96556534279626,256281,"14"
"1801","CELF2",0.180002730245322,-0.19490917153373,1.07837205086129,0.288394366533034,0.96556534279626,10659,"10"
"1802","UCK2",-0.0887245412682731,0.186988267218996,-1.07833200308055,0.288411977805179,0.96556534279626,7371,"1"
"1803","ATF6",0.20668884952033,-3.51976942010509,1.07776424965109,0.288661732518217,0.96556534279626,22926,"1"
"1804","HIP1",-0.114360900663247,-1.41608803251602,-1.07763105829493,0.288720345427497,0.96556534279626,3092,"7"
"1805","TF",-0.558088901988196,4.85783524089265,-1.07751531175969,0.288771288275972,0.96556534279626,7018,"3"
"1806","DHCR7",-0.138756168462187,1.74575002914538,-1.07732737273203,0.288854018258628,0.96556534279626,1717,"11"
"1807","OMA1",-0.123195820656786,-1.48728994189367,-1.07729828756602,0.28886682291849,0.96556534279626,115209,"1"
"1808","PAG1",-0.199815424727025,-4.18114130609626,-1.07694452108397,0.289022599558597,0.96556534279626,55824,"8"
"1809","HMBS",-0.10162936679108,-0.180503862874491,-1.07680821387759,0.289082636500349,0.96556534279626,3145,"11"
"1810","RPA2",0.095727352937073,1.16392275005093,1.07668621410993,0.289136379125355,0.96556534279626,6118,"1"
"1811","KIAA0319",0.186258388124636,-2.42200474310717,1.07647104478762,0.289231181386987,0.96556534279626,9856,"6"
"1812","CTSA",0.142654996717487,1.12413749364643,1.07581449281074,0.289520589229801,0.96556534279626,5476,"20"
"1813","PLCG2",-0.102867256984662,-0.86190767563566,-1.07558108457677,0.28962352453435,0.96556534279626,5336,"16"
"1814","GAP43",-0.194660261103683,-2.60312219034849,-1.0750518114056,0.289857034486076,0.96556534279626,2596,"3"
"1815","CRAT",-0.144340538715216,1.12267098929191,-1.07485567436961,0.289943601758163,0.96556534279626,1384,"9"
"1816","GNG12",0.169587149641662,1.60819497209135,1.07465874597947,0.290030536585355,0.96556534279626,55970,"1"
"1817","TMOD3",-0.121135455249365,0.658568110347885,-1.07446672701411,0.290115321767549,0.96556534279626,29766,"15"
"1818","HMGN2",0.188973523647017,1.04080691846846,1.07422383313145,0.290222595511753,0.96556534279626,3151,"1"
"1819","DDA1",0.156560965878946,-1.06826355987471,1.07308060011089,0.290727877123841,0.96556534279626,79016,"19"
"1820","MAT1A",-0.142341752359972,-0.28220192752342,-1.07307945219265,0.290728384786561,0.96556534279626,4143,"10"
"1821","SEC11C",-0.163403654586407,2.85362106207263,-1.07256732520047,0.290954933217857,0.96556534279626,90701,"18"
"1822","GPN2",0.249064755783085,-5.78564010321846,1.07214163465092,0.291143339292434,0.96556534279626,54707,"1"
"1823","GHITM",-0.0957768849544576,2.9744690809876,-1.07139195568863,0.291475347396777,0.96556534279626,27069,"10"
"1824","DNAJB2",0.0764769921247213,0.27331746769461,1.07107370589127,0.291616370067572,0.96556534279626,3300,"2"
"1825","IFT20",0.172737852621705,-4.1963634215998,1.06972478006463,0.292214636906724,0.96556534279626,90410,"17"
"1826","TAF1C",-0.314673694270202,-1.47173267657101,-1.06923018862739,0.292434210450613,0.96556534279626,9013,"16"
"1827","PDE4D",0.148749530664582,-1.51306763551044,1.06906216663665,0.292508830026823,0.96556534279626,5144,"5"
"1828","MZT2B",0.141046629810182,-2.61462968315114,1.06890719716748,0.29257766473507,0.96556534279626,80097,"2"
"1829","DCXR",0.0949214228305322,2.6670138695274,1.06852452021929,0.292747691745186,0.96556534279626,51181,"17"
"1830","DUSP3",0.127379219078467,1.88253759196457,1.06787687629535,0.293035603903273,0.96556534279626,1845,"17"
"1831","TXNRD1",0.115989725748926,1.52766312331157,1.06751334320583,0.293197300626788,0.96556534279626,7296,"12"
"1832","RBM14-RBM4",0.0922515748013302,2.65281693071821,1.06739758145573,0.293248803686252,0.96556534279626,100526737,"11"
"1833","DNAJB11",-0.0873418388275189,2.12343554188056,-1.06733174421573,0.29327809787579,0.96556534279626,51726,"3"
"1834","PGAP1",0.120743443080398,-0.453309090322827,1.06732778188279,0.293279860975807,0.96556534279626,80055,"2"
"1835","TMEM238",-0.173351972771556,-1.62719586123102,-1.06730042757797,0.293292032890409,0.96556534279626,388564,"19"
"1836","TMEM259",-0.216650741580299,-2.93465165372784,-1.06701579985664,0.293418705415585,0.96556534279626,91304,"19"
"1837","CROT",-0.10496789178432,-1.45938387018564,-1.06668820223668,0.293564548978902,0.96556534279626,54677,"7"
"1838","HNRNPDL",0.109113036745701,2.81962392941291,1.06637274488334,0.293705035790087,0.96556534279626,9987,"4"
"1839","ARL2BP",0.170116689492524,-3.33402412292045,1.06636988565437,0.293706309343793,0.96556534279626,23568,"16"
"1840","MRPS23",-0.108895310394253,1.01283308267279,-1.0663172904498,0.29372973691508,0.96556534279626,51649,"17"
"1841","ARF5",0.0963855632232731,3.38643683255567,1.06586949090536,0.293929254038558,0.96556534279626,381,"7"
"1842","NUP37",0.0963314858585,-0.506086204017924,1.06540297498509,0.294137211162121,0.96556534279626,79023,"12"
"1843","KIF5C",0.130803861154183,1.35345314894287,1.06513750258443,0.294255595818006,0.96556534279626,3800,"2"
"1844","FAM3C",-0.114423595466945,2.61146534900892,-1.06503927972283,0.294299405734434,0.96556534279626,10447,"7"
"1845","CTTNBP2",-0.1598845054341,-3.12404946474017,-1.06327263212391,0.295088155561695,0.96556534279626,83992,"7"
"1846","TOR1B",0.0922058417226747,0.267346587158887,1.06285987297411,0.295272651810203,0.96556534279626,27348,"9"
"1847","BCAS3",0.126418695743024,-1.50743566511378,1.06262444332677,0.295377920941853,0.96556534279626,54828,"17"
"1848","HYCC2",0.0946777478082197,-1.65521374874019,1.06207012745317,0.295625879303454,0.96556534279626,285172,"2"
"1849","HSD17B2",-0.244973634358724,-0.295610972870506,-1.06205801014494,0.295631301281745,0.96556534279626,3294,"16"
"1850","GOLGA1",0.111264415427795,-0.760600195993254,1.06139324222566,0.29592886309224,0.96556534279626,2800,"9"
"1851","SNRNP27",0.159159366078094,-0.464585780748529,1.06123136560372,0.296001353598926,0.96556534279626,11017,"2"
"1852","CDIP1",0.285255191852293,-4.88287361035205,1.06093708099918,0.296133169950504,0.96556534279626,29965,"16"
"1853","NDC1",0.0843119646635637,-0.0768715561969932,1.0602031679175,0.296462083972034,0.96556534279626,55706,"1"
"1854","RAP1GAP2",0.152000358969161,1.65093654118394,1.06012193896804,0.296498503610102,0.96556534279626,23108,"17"
"1855","DIPK1B",0.190278869191459,-2.10781773973592,1.05969446462367,0.296690216595819,0.96556534279626,138311,"9"
"1856","WDR45B",0.0933381982092489,-1.15330512194766,1.05953493765298,0.296761783166558,0.96556534279626,56270,"17"
"1857","IGFBP7",-0.118999581679623,2.61425265329716,-1.0591588306611,0.296930559015143,0.96556534279626,3490,"4"
"1858","HRNR",0.237540936210109,-0.448059465794581,1.05913444358951,0.296941504886687,0.96556534279626,388697,"1"
"1859","TNIK",0.134061221941347,-0.883562232918532,1.05901589022939,0.296994720285657,0.96556534279626,23043,"3"
"1860","CSTF2",0.0939735846152099,0.570133232554175,1.0579087414699,0.297492010912513,0.96556534279626,1478,"X"
"1861","GAN",0.117683178104721,-1.3066062411532,1.05746527336095,0.297691363442013,0.96556534279626,8139,"16"
"1862","ADA",-0.187036061636714,-1.45735034378046,-1.05738979633175,0.297725301964304,0.96556534279626,100,"20"
"1863","NUBP1",-0.125953969729795,0.359957708290826,-1.05710770532339,0.297852169118446,0.96556534279626,4682,"16"
"1864","EIF4H",0.146249839356791,2.59999362412424,1.05705707262517,0.297874944578206,0.96556534279626,7458,"7"
"1865","NKAP",0.148349747805627,-1.78075241290436,1.05666708611573,0.298050407946145,0.96556534279626,79576,"X"
"1866","GPATCH8",0.148755938515525,-1.51594348039456,1.05530564997037,0.298663512608009,0.96556534279626,23131,"17"
"1867","BLMH",0.115997722384165,3.1718591015715,1.05510207905294,0.298755263573354,0.96556534279626,642,"17"
"1868","CHKB",0.110825799709625,-0.00798618830457461,1.05502869443107,0.298788343399771,0.96556534279626,1120,"22"
"1869","COQ8A",0.0952017209872793,1.36042587752275,1.05485071579782,0.298868582015908,0.96556534279626,56997,"1"
"1870","GSTA1",-0.446987105742488,3.11627840418518,-1.05461093420304,0.298976707183176,0.96556534279626,2938,"6"
"1871","CASTOR2",0.167228524181321,-0.894187886978796,1.05445926333742,0.299045114487337,0.96556534279626,729438,"7"
"1872","EBP",-0.158873389210842,0.692761612886363,-1.05439741082779,0.299073014626756,0.96556534279626,10682,"X"
"1873","ALKBH5",0.119516052131294,-0.0877928800844295,1.05416058721625,0.299179856677195,0.96556534279626,54890,"17"
"1874","H1-0",0.237989908300447,4.38849254550429,1.05391571709204,0.299290356843786,0.96556534279626,3005,"22"
"1875","TMEM184A",0.155378037914603,-2.15700442230907,1.05348434849331,0.299485085528028,0.96556534279626,202915,"7"
"1876","GNAI1",0.0936340630675869,1.40671450472182,1.05341498932854,0.299516403920109,0.96556534279626,2770,"7"
"1877","KIAA1191",-0.147535367449763,-1.7817432289211,-1.05279938753444,0.299794472332894,0.96556534279626,57179,"5"
"1878","LGALS1",-0.181156053820338,1.99380741811526,-1.05212077734108,0.3001012100092,0.96556534279626,3956,"22"
"1879","GAMT",-0.185470108192416,1.2855020577691,-1.05174012124738,0.300273365476777,0.96556534279626,2593,"19"
"1880","NOL3",0.169684945096759,-2.25412170376311,1.05162164372587,0.300326962127566,0.96556534279626,8996,"16"
"1881","TUT7",0.157599092658609,-1.27760120369286,1.05128685838049,0.30047844771733,0.96556534279626,79670,"9"
"1882","MRPL50",0.149462934910671,0.769603969902996,1.05127114893326,0.300485557323867,0.96556534279626,54534,"9"
"1883","PLEKHA3",-0.186620397579701,-3.28915598272667,-1.05063409535503,0.300773966565902,0.96556534279626,65977,"2"
"1884","ATP9A",0.113516545851796,2.98702457420378,1.05039504734636,0.300882238937639,0.96556534279626,10079,"20"
"1885","SYPL1",-0.115226617093558,2.38438132137634,-1.05001161470313,0.301055964276119,0.96556534279626,6856,"7"
"1886","HPS1",0.114132219293145,-2.92921261326964,1.04973014845779,0.301183535161222,0.96556534279626,3257,"10"
"1887","BRD8",0.126696301047334,0.654121098536893,1.04964836921241,0.301220607579207,0.96556534279626,10902,"5"
"1888","MOB1B",0.127151880369793,1.4431270397018,1.04925593685616,0.301398550367175,0.96556534279626,92597,"4"
"1889","FAM110C",0.205324872989169,-3.03096910611803,1.04921915959613,0.301415230229977,0.96556534279626,642273,"2"
"1890","MPO",-0.160393301829007,-2.09497848819816,-1.04843597393793,0.301770586583101,0.96556534279626,4353,"17"
"1891","SENP1",0.0953668859776912,-1.19665355454244,1.04820759632009,0.301874263619796,0.96556534279626,29843,"12"
"1892","DUT",-0.0923089015093759,1.45237259478761,-1.0479371822066,0.301997056053392,0.96556534279626,1854,"15"
"1893","EDIL3",0.128988988318314,1.461229278216,1.04772041204609,0.302095514347518,0.96556534279626,10085,"5"
"1894","FAH",-0.0974647694959869,2.06808176841445,-1.04741112200261,0.302236034333692,0.96556534279626,2184,"15"
"1895","SGSH",0.145153677173925,1.24449366761427,1.04731079177493,0.302281627197279,0.96556534279626,6448,"17"
"1896","MORC2",0.249223612612085,-1.49413188691188,1.04725570504376,0.302306662181574,0.96556534279626,22880,"22"
"1897","KIN",-0.177883428508768,-2.47907360301924,-1.04722118937801,0.302322349073206,0.96556534279626,22944,"10"
"1898","NRM",-0.108637429082036,3.47213507427025,-1.04706475408518,0.302393453834693,0.96556534279626,11270,"6"
"1899","RNGTT",0.097589971171405,-1.28307015642625,1.04610280098972,0.302830947118565,0.96556534279626,8732,"6"
"1900","CNPY4",-0.0882573774060424,-0.441716924118398,-1.04585773103402,0.302942474386174,0.96556534279626,245812,"7"
"1901","CRABP2",0.203130483017785,-0.945579597463209,1.04516433603799,0.303258181405592,0.96556534279626,1382,"1"
"1902","DMD",-0.162721151397206,-1.62133430136086,-1.04422712615264,0.303685261651119,0.96556534279626,1756,"X"
"1903","TTR",0.178145063988919,4.57937485774335,1.04403780720343,0.30377158365982,0.96556534279626,7276,"18"
"1904","PYCARD",0.21998763394592,-0.909474142755266,1.04389724741735,0.303835684413711,0.96556534279626,29108,"16"
"1905","ATXN2L",0.100320334727933,2.39086539769319,1.04358224562846,0.303979371610005,0.96556534279626,11273,"16"
"1906","IFT172",0.206012316073893,-3.17488303788834,1.04349800944417,0.304017803698436,0.96556534279626,26160,"2"
"1907","DIPK2A",-0.11665517302166,-2.00685020277409,-1.0432481546224,0.30413181779327,0.96556534279626,205428,"3"
"1908","SRI",0.0988482392497514,3.5799098457571,1.04303022753073,0.304231286790197,0.96556534279626,6717,"7"
"1909","AAK1",0.109680598011418,0.938997464355317,1.04271634369282,0.304374593200767,0.96556534279626,22848,"2"
"1910","NAGA",0.114898111664106,2.41811241291052,1.04266439740164,0.304398314247131,0.96556534279626,4668,"22"
"1911","TANK",0.0971877552043436,-0.592964125063569,1.04260646466187,0.304424770490754,0.96556534279626,10010,"2"
"1912","CBL",-0.151873636293767,-2.81072911964124,-1.04205486467928,0.30467675044974,0.96556534279626,867,"11"
"1913","EPB41L3",0.130439912457892,2.49142638368204,1.04202062862119,0.304692394808513,0.96556534279626,23136,"18"
"1914","LAMA2",-0.140506872406833,0.724497021154312,-1.04159577433455,0.304886580683248,0.96556534279626,3908,"6"
"1915","ALDH1B1",0.110842072025994,2.08747661342639,1.04089498161544,0.30520707562872,0.96556534279626,219,"9"
"1916","RALBP1",-0.0934866487502313,-1.0364738440937,-1.04086293777706,0.305221735879865,0.96556534279626,10928,"18"
"1917","PBX1",0.104574430856362,-0.793658161291883,1.04002990525662,0.305603024518161,0.96556534279626,5087,"1"
"1918","ACOT9",-0.118674484149705,1.23297574707466,-1.04002663906203,0.30560452014218,0.96556534279626,23597,"X"
"1919","RRP1B",0.139971611785565,-0.11601618946544,1.03932035018409,0.305928056128721,0.96556534279626,23076,"21"
"1920","TIMM8B",0.142044908439628,-3.27155916504872,1.0392498268813,0.30596037437688,0.96556534279626,26521,"11"
"1921","NRXN2",0.398212950932805,-1.20378691115457,1.03887144689445,0.306133812431716,0.96556534279626,9379,"11"
"1922","ADCK5",-0.12704584040363,-1.96503634290909,-1.03871438878555,0.306205823146836,0.96556534279626,203054,"8"
"1923","ATP2B4",0.0846088792962163,1.54331521151043,1.03857406015954,0.306270173355608,0.96556534279626,493,"1"
"1924","SLTM",0.0997005086822633,1.08965891366998,1.03837697297021,0.306360567023363,0.96556534279626,79811,"15"
"1925","GNMT",-0.532277689211252,1.09208152213157,-1.03802095435631,0.306523901081299,0.96556534279626,27232,"6"
"1926","PRSS3",-0.593347606499136,1.78351596185963,-1.03781669777339,0.306617637018195,0.96556534279626,5646,"9"
"1927","SLC15A4",-0.0740728473824549,-0.582307765903479,-1.03690463100311,0.3070364379919,0.96556534279626,121260,"12"
"1928","ZNF318",0.122588984767563,-1.26553580418683,1.03668612436157,0.307136830140585,0.96556534279626,24149,"6"
"1929","GRAMD1A",0.150907720068206,-1.10598444451047,1.03605872759119,0.307425211637357,0.96556534279626,57655,"19"
"1930","MRPL54",0.143446439665461,0.705661947866805,1.0358024539322,0.307543061068756,0.96556534279626,116541,"19"
"1931","SULT1A1",-0.188588938922471,0.259782212281329,-1.03517383689636,0.307832267717627,0.96556534279626,6817,"16"
"1932","PTMS",0.261400066658234,3.04620092695051,1.03472889799191,0.308037083466815,0.96556534279626,5763,"12"
"1933","FAM98A",0.117594760808345,1.48520323553114,1.0343804024458,0.308197569825167,0.96556534279626,25940,"2"
"1934","CPB1",-0.600838686822632,5.24975102761063,-1.03399557975235,0.308374852359296,0.96556534279626,1360,"3"
"1935","ITIH2",-0.55738839029082,3.42121532007098,-1.03300575542525,0.308831174355806,0.96556534279626,3698,"10"
"1936","AATF",0.130067521356656,-1.68962805995136,1.03256177991188,0.309036004253629,0.96556534279626,26574,"17"
"1937","SDR9C7",-0.1111641756206,1.29134146014471,-1.03246447529126,0.309080908658063,0.96556534279626,121214,"12"
"1938","TUBB2A",-0.149755959336586,3.15787558290128,-1.03235328318881,0.30913222740883,0.96556534279626,7280,"6"
"1939","CEP43",0.226246653698463,-3.13145740687287,1.03204457381576,0.309274737592897,0.96556534279626,11116,"6"
"1940","TTC5",-0.22748725671805,-0.0752818121977359,-1.03165771838985,0.309453386501789,0.96556534279626,91875,"14"
"1941","TMEM123",0.327251842419049,-0.170640408957101,1.03150626223296,0.309523347981835,0.96556534279626,114908,"11"
"1942","ALDOB",-0.274838926444907,1.58419620378887,-1.03126132961525,0.30963651172489,0.96556534279626,229,"9"
"1943","RPP40",0.259113150795381,-3.0473501599627,1.03028223647018,0.310089157276495,0.96556534279626,10799,"6"
"1944","ZBTB40",-0.272030376593523,-2.94234839185804,-1.02981272297365,0.310306380316161,0.96556534279626,9923,"1"
"1945","CLPS",-0.389736809867052,-0.102330221958582,-1.02937658231173,0.310508257185967,0.96556534279626,1208,"6"
"1946","BCL9",0.154956331555651,-2.32254675627252,1.02933149499663,0.31052913195856,0.96556534279626,607,"1"
"1947","CPA1",-0.646082183791923,4.76365600074966,-1.0284077368024,0.310957031508161,0.96556534279626,1357,"7"
"1948","TNFAIP2",-0.168252341584501,-1.0653860410864,-1.02803077678349,0.311131762059959,0.96556534279626,7127,"14"
"1949","GNAO1",0.111694441621201,3.51444335915434,1.02771679678217,0.311277351387555,0.96556534279626,2775,"16"
"1950","YTHDF2",0.111454626051897,0.970172264710161,1.02769769231756,0.311286211447177,0.96556534279626,51441,"1"
"1951","B4GALT7",-0.0914891121364549,1.66726884823407,-1.0271078558831,0.311559844797569,0.96556534279626,11285,"5"
"1952","MFSD6",0.0974589066344955,-0.56969139705542,1.02629216732302,0.311938526900622,0.96556534279626,54842,"2"
"1953","FAM114A1",-0.0867937457475429,1.09716059954811,-1.02582290331801,0.312156525449154,0.96556534279626,92689,"4"
"1954","NIPSNAP2",-0.0960100843979266,3.6964372780869,-1.02491779087115,0.312577295250211,0.96556534279626,2631,"7"
"1955","GRIPAP1",0.0820326305266859,0.760052826530369,1.02491165859115,0.312580147362094,0.96556534279626,56850,"X"
"1956","AUP1",0.098529011171806,-0.0182001645350574,1.02477398899269,0.312644181944861,0.96556534279626,550,"2"
"1957","SNAPIN",0.186621383198741,0.198043612444153,1.02430125106811,0.312864136323477,0.96556534279626,23557,"1"
"1958","FASTKD2",-0.0983959090095787,-1.81249247926113,-1.02395324564755,0.313026123442096,0.96556534279626,22868,"2"
"1959","SLCO2A1",-0.275897442820687,0.0617368503625137,-1.02381806112687,0.313089063730933,0.96556534279626,6578,"3"
"1960","FBXW5",0.162838553544722,-2.23932087397411,1.02362706800246,0.313178002663975,0.96556534279626,54461,"9"
"1961","DHX35",0.126600139856536,-2.47465201502714,1.02360645896715,0.313187600621369,0.96556534279626,60625,"20"
"1962","PPP1R21",0.0931822391819646,1.3269219025589,1.023514120174,0.313230606756931,0.96556534279626,129285,"2"
"1963","MFSD8",-0.122176154492772,-3.26475165910153,-1.02279148021836,0.313567311363823,0.96556534279626,256471,"4"
"1964","MIX23",0.109351327373832,-0.72321422312703,1.02238253364489,0.313757964815546,0.96556534279626,131076,"3"
"1965","USP25",0.120021431080884,-1.15574032342597,1.02232259810772,0.313785913828239,0.96556534279626,29761,"21"
"1966","CCDC90B",-0.0955868749787257,0.0851384864304169,-1.02229448276776,0.313799025103349,0.96556534279626,60492,"11"
"1967","MYH9",-0.121387525027852,4.87404854912954,-1.02191836028546,0.313974461823425,0.96556534279626,4627,"22"
"1968","HSD17B8",-0.0772558617556349,3.58666685468569,-1.02154958014024,0.314146539220665,0.96556534279626,7923,"6"
"1969","TSPYL1",-0.0889372011444203,-0.107690493151006,-1.02131520925083,0.314255933245106,0.96556534279626,7259,"6"
"1970","CALML3",-0.191059056705938,-2.92675732547823,-1.02088991776523,0.314454507404279,0.96556534279626,810,"10"
"1971","FMC1-LUC7L2",0.120354497653067,1.49245547909072,1.02087836352766,0.314459903430751,0.96556534279626,100996928,"7"
"1972","MYH11",-0.314039038220345,0.263012250822832,-1.0205808722092,0.314598858853102,0.96556534279626,4629,"16"
"1973","CARD11",0.1929539719419,-3.72292403614205,1.02029532332164,0.314732275718942,0.96556534279626,84433,"7"
"1974","TACO1",-0.0676459906126073,-0.000697958743392654,-1.02012311516054,0.31481275522343,0.96556534279626,51204,"17"
"1975","RAB4B",0.0748219107863268,1.46384615659314,1.02009055465104,0.314827973590862,0.96556534279626,53916,"19"
"1976","PIK3C2B",0.168621978773235,-2.28886213050917,1.01933557809717,0.31518098159844,0.96556534279626,5287,"1"
"1977","UQCRFS1",-0.0998971266609741,3.87425506390382,-1.01927913007373,0.315207386178618,0.96556534279626,7386,"19"
"1978","PRSS2",-0.561337399836382,5.28443625675953,-1.01924281506956,0.315224373978437,0.96556534279626,5645,"7"
"1979","C17orf49",0.153180455002557,0.636850754319982,1.01923151428166,0.315229660503405,0.96556534279626,124944,"17"
"1980","QRICH1",0.0986058643488325,0.119226917579522,1.01921986967202,0.315235107932303,0.96556534279626,54870,"3"
"1981","ACSS3",-0.143657508187303,-1.3472991667456,-1.0189324569557,0.315369582057037,0.96556534279626,79611,"12"
"1982","TUBA1B",-0.407078104024773,-1.52874092355008,-1.01889183816875,0.315388589872266,0.96556534279626,10376,"12"
"1983","NSMCE3",0.105819992591852,-1.32391495899816,1.01830924279108,0.315661305488478,0.96556534279626,56160,"15"
"1984","SPTBN2",0.105312994475513,0.626142447043548,1.01806884198442,0.315773885347416,0.96556534279626,6712,"11"
"1985","UBL5",-0.135653199611648,1.35612837827829,-1.01804847278861,0.315783425520517,0.96556534279626,59286,"19"
"1986","ACAA2",0.0880644035248896,3.72051909882251,1.01797763285724,0.315816605846278,0.96556534279626,10449,"18"
"1987","EP300",-0.0909906189997276,-1.26301241553244,-1.01765910399143,0.315965829368334,0.96556534279626,2033,"22"
"1988","TOX4",0.120496521619553,-0.903338428279393,1.01764477675338,0.315972542489006,0.96556534279626,9878,"14"
"1989","PTTG1IP",0.0915754089581804,0.351670762766863,1.01748979619874,0.316045165886499,0.96556534279626,754,"21"
"1990","MRPL3",-0.0808130415639227,0.79202143213386,-1.01707475313828,0.316239710100668,0.96556534279626,11222,"3"
"1991","FAM210B",0.100072383035288,-1.74554458086136,1.01703190267179,0.316259800184754,0.96556534279626,116151,"20"
"1992","DOK1",0.192602266350309,-3.74563265886376,1.01673236038474,0.316400262518471,0.96556534279626,1796,"2"
"1993","DBI",0.221803208941899,2.41379160394028,1.01610053115387,0.316696682086217,0.96556534279626,1622,"2"
"1994","NDST2",-0.303469103991944,-2.18575151065128,-1.01601655485869,0.316736093469501,0.96556534279626,8509,"10"
"1995","DCPS",0.106920570416692,2.71055046704126,1.01540447864969,0.317023451854882,0.96556534279626,28960,"11"
"1996","N4BP2",0.297626391386193,-4.09043202069198,1.01534466360808,0.317051543477137,0.96556534279626,55728,"4"
"1997","RASIP1",-0.165790172850337,-0.937827663782698,-1.01527366549046,0.317084889347796,0.96556534279626,54922,"19"
"1998","GGT1",-0.311920765409143,0.404829126121805,-1.01425357021115,0.317564265307283,0.96556534279626,2678,"22"
"1999","UBAC2",0.257888081730241,-2.58611135323114,1.01385485798547,0.317751767925547,0.96556534279626,337867,"13"
"2000","ITSN1",-0.0753750571848379,-0.267278401579421,-1.01370945217475,0.317820166846288,0.96556534279626,6453,"21"
"2001","GATB",0.062216221277392,0.0294325034229412,1.01305402086183,0.318128606920008,0.96556534279626,5188,"4"
"2002","CSRP2",-0.126519470197407,0.167634618642251,-1.01281226738416,0.318242425608933,0.96556534279626,1466,"12"
"2003","SERPINB8",-0.118523221909542,0.0997681873762116,-1.01272308692188,0.318284419227502,0.96556534279626,5271,"18"
"2004","MTSS2",0.165422647612442,-0.786075333947892,1.01212494683941,0.318566171552129,0.96556534279626,92154,"16"
"2005","RPS3A",-0.0897736290681408,5.56920189545141,-1.01095320043206,0.319118613819525,0.96556534279626,6189,"4"
"2006","DOCK9",-0.0629841777180602,0.1898968598309,-1.01093020091578,0.319129463929813,0.96556534279626,23348,"13"
"2007","SHPK",-0.166239026960888,0.728755708778208,-1.00979294552038,0.319666282997614,0.96556534279626,23729,"17"
"2008","HNRNPH2",-0.0771308677394873,2.02460668262736,-1.00968585325894,0.319716865554854,0.96556534279626,3188,"X"
"2009","CDKN1A",-0.173190276464882,-1.84716989276699,-1.00951736593076,0.319796457720619,0.96556534279626,1026,"6"
"2010","IFNGR1",0.172157042049699,-3.29868449713469,1.00891736245712,0.320080004814009,0.96556534279626,3459,"6"
"2011","BTBD2",0.0972911053046388,-1.56328800363976,1.00884493032423,0.320114246092475,0.96556534279626,55643,"19"
"2012","ENO2",0.137538530107376,4.26423534548236,1.00859831661809,0.32023084802873,0.96556534279626,2026,"12"
"2013","CDCP1",-0.107529672281239,0.299850638568774,-1.00828224953938,0.320380330747367,0.96556534279626,64866,"3"
"2014","SLC44A1",0.0887699243864482,-0.691075473765006,1.00770776486436,0.320652153028282,0.96556534279626,23446,"9"
"2015","NDN",-0.2168781628606,-1.50679899144041,-1.00764796452588,0.320680457105275,0.96556534279626,4692,"15"
"2016","KAT6A",-0.270155198266061,-3.09155275199897,-1.0075892478502,0.320708249933005,0.96556534279626,7994,"8"
"2017","CIC",0.126441246087309,-1.26451637637429,1.00730863340466,0.320841098082164,0.96556534279626,23152,"19"
"2018","INO80",0.164895870107348,-3.60591868499676,1.00721646050244,0.32088474265602,0.96556534279626,54617,"15"
"2019","BMP8B",-0.158335994259591,-3.2073477054171,-1.0070141702913,0.320980542816847,0.96556534279626,656,"1"
"2020","BANF1",0.183702706991475,0.806734605772494,1.00653707425858,0.321206562191381,0.96556534279626,8815,"11"
"2021","PARP12",-0.0958329463384668,-0.548432593403708,-1.00650790954048,0.321220382198557,0.96556534279626,64761,"7"
"2022","AKAP8",0.166036201480081,-0.524770763485023,1.00632653724294,0.321306336464632,0.96556534279626,10270,"19"
"2023","MAPRE1",0.114674211328347,2.95833987348002,1.00626739032161,0.321334370212759,0.96556534279626,22919,"20"
"2024","LSM6",0.143586535337015,1.47630429363283,1.00582079851764,0.321546094281061,0.96556534279626,11157,"4"
"2025","CERS4",-0.124566229393303,0.615301264436973,-1.00566325922879,0.321620804546039,0.96556534279626,79603,"19"
"2026","TUBB6",-0.191884769848502,1.12563086099027,-1.00475894301098,0.322049889697631,0.96556534279626,84617,"18"
"2027","SPP1",0.269469249490941,-3.01322640016086,1.00459451732456,0.322127949237237,0.96556534279626,6696,"4"
"2028","C11orf98",0.15159222405494,-0.58178068186075,1.00449867883815,0.322173453599225,0.96556534279626,102288414,"11"
"2029","GFER",-0.104516792761963,-1.81974532062369,-1.00401626089609,0.322402573400152,0.96556534279626,2671,"16"
"2030","WARS2",-0.0948295570670885,0.30071368058514,-1.00396003399142,0.322429285053331,0.96556534279626,10352,"1"
"2031","SNRPD1",0.117190298404314,2.40772298501025,1.00361052889673,0.322595357861275,0.96556534279626,6632,"18"
"2032","CALR",-0.0965121549288726,4.25496534458813,-1.00360620956159,0.32259741062526,0.96556534279626,811,"19"
"2033","LIPT2",-0.0954108321153074,-0.0462985794195489,-1.00327237815283,0.322756090915248,0.96556534279626,387787,"11"
"2034","CRYGD",-0.134385629272427,-1.00374049826428,-1.00310238783097,0.322836912941036,0.96556534279626,1421,"2"
"2035","ZFR",0.101104839543939,0.690409908397236,1.00306001780026,0.322857059949277,0.96556534279626,51663,"5"
"2036","DNAAF10",-0.0752923674686787,-0.856628073454713,-1.00278444520201,0.322988115992613,0.96556534279626,116143,"2"
"2037","DMAC2L",-0.103074920223966,-0.172960664909049,-1.00277712611434,0.322991597277502,0.96556534279626,27109,"14"
"2038","IWS1",0.225225223564868,-0.0944370445414406,1.00260359962644,0.323074141705783,0.96556534279626,55677,"2"
"2039","TSC22D1",0.173558533311731,-0.778835201323571,1.00128960013143,0.323699661281552,0.96556534279626,8848,"13"
"2040","NAV2",-0.102384343996531,-0.76408692674167,-1.0005300127715,0.324061632729771,0.96556534279626,89797,"11"
"2041","ZC3H6",0.158440919660563,-2.29805252531747,1.00033264842182,0.324155729176613,0.96556534279626,376940,"2"
"2042","MRPL4",-0.0708993014831389,0.89097461857049,-0.999754712300248,0.324431375845187,0.96556534279626,51073,"19"
"2043","PPIL4",0.104054413386216,-0.124616664541803,0.999479768611539,0.324562566178194,0.96556534279626,85313,"6"
"2044","NEBL",0.114993391091928,0.863415771150553,0.999412308649016,0.324594760441684,0.96556534279626,10529,"10"
"2045","CSGALNACT1",-0.160213224471321,0.0287568995612564,-0.99877655387085,0.324898271576054,0.96556534279626,55790,"8"
"2046","IRS2",0.175214320531165,-1.17307894089157,0.998718535716818,0.324925979207282,0.96556534279626,8660,"13"
"2047","SGSM2",0.112872486319564,-0.958610835400102,0.998504081860389,0.325028409507438,0.96556534279626,9905,"17"
"2048","PI4KB",0.0830701531765565,-1.15262497223067,0.998458900672459,0.325049992344502,0.96556534279626,5298,"1"
"2049","ANKRD28",0.0940338273271435,-1.40399083940404,0.997847183339648,0.325342302625558,0.96556534279626,23243,"3"
"2050","LIMCH1",0.139213404126714,0.35306166266997,0.997603293551337,0.325458895592021,0.96556534279626,22998,"4"
"2051","PLCL2",0.0851070247961742,-0.826020360181591,0.997444844393705,0.325534658361376,0.96556534279626,23228,"3"
"2052","TRAPPC2L",-0.0836566880753988,0.169215708847807,-0.99645002835445,0.326010605216082,0.96556534279626,51693,"16"
"2053","ARHGAP21",0.128800515777357,-0.279627000803572,0.996298267758335,0.326083253087966,0.96556534279626,57584,"10"
"2054","RFK",0.0958691503883665,-0.115454137354611,0.995799008082894,0.326322326469894,0.96556534279626,55312,"9"
"2055","PIGG",0.0952939763059018,-0.97372831673586,0.995309202723234,0.326556988157618,0.96556534279626,54872,"4"
"2056","NES",-0.162870878060627,0.81389241344549,-0.99506957737649,0.326671832369834,0.96556534279626,10763,"1"
"2057","MUC13",0.289402182519391,1.17183423633063,0.994813527746544,0.326794578453499,0.96556534279626,56667,"3"
"2058","RPLP2",0.266980026125599,2.34244678411638,0.994785049326876,0.326808232483818,0.96556534279626,6181,"11"
"2059","BSN",0.138570658989119,-0.832646938139448,0.993356001623459,0.327493888894131,0.96556534279626,8927,"3"
"2060","CDKN2AIPNL",0.132692814088418,-1.65450428465783,0.992893853642106,0.327715835781906,0.96556534279626,91368,"5"
"2061","PPP1R9A",0.0946347869890697,-0.353181173161638,0.992822484788708,0.327750119806961,0.96556534279626,55607,"7"
"2062","ARHGAP42",-0.223935313034293,-4.35018361891656,-0.992265244235257,0.32801788946242,0.96556534279626,143872,"11"
"2063","MANBA",0.105838368510067,-1.16012868034344,0.991860384920957,0.328212528603515,0.96556534279626,4126,"4"
"2064","SQSTM1",-0.207878869565985,2.61868236025108,-0.991639793234265,0.328318612622081,0.96556534279626,8878,"5"
"2065","NAA40",0.152734038740635,-3.89420858704689,0.99151198088994,0.328380089058037,0.96556534279626,79829,"11"
"2066","HAGH",-0.0908527298503325,3.15148109241526,-0.991368638291272,0.328449044661426,0.96556534279626,3029,"16"
"2067","CIAO2B",0.135682905502724,-0.603643949389597,0.991185197476746,0.328537303994391,0.96556534279626,51647,"16"
"2068","MRPL48",-0.0789481886732359,0.247367621699446,-0.990669234099617,0.328785636828815,0.96556534279626,51642,"11"
"2069","TCTN3",0.118609536103215,-2.51013790758087,0.989963322260243,0.329125597526968,0.96556534279626,26123,"10"
"2070","DCAF16",-0.130947682634781,-2.24664642724447,-0.989799499461448,0.329204527087107,0.96556534279626,54876,"4"
"2071","COIL",0.167328194783503,-1.62694342197693,0.989331070050907,0.32943028628621,0.96556534279626,8161,"17"
"2072","RAB27B",-0.201159110764114,-0.233327041475636,-0.988734853000879,0.329717784096834,0.96556534279626,5874,"18"
"2073","BRPF1",0.175330744501823,-1.53623584423644,0.98833294950978,0.329911678990795,0.96556534279626,7862,"3"
"2074","DPP3",-0.0892662338021335,2.19944374798628,-0.988142723876765,0.330003478593323,0.96556534279626,10072,"11"
"2075","GTF2H2",-0.096863506660416,-1.61483618564011,-0.987726261678608,0.330204516340278,0.96556534279626,2966,"5"
"2076","NOP10",0.107333968749138,0.149151484153769,0.987648687504563,0.33024197267051,0.96556534279626,55505,"15"
"2077","MTUS2",0.149746176726578,-0.717735155266581,0.98675268021365,0.330674813791258,0.96556534279626,23281,"13"
"2078","CBR1",0.124626631356239,3.72092647527561,0.986691864097745,0.330704206584653,0.96556534279626,873,"21"
"2079","SURF2",0.181439973960565,-3.36567455514852,0.986244289437739,0.330920576398088,0.96556534279626,6835,"9"
"2080","AMY2B",-0.260036548119322,-3.55999329425597,-0.985939248155269,0.331068096467836,0.96556534279626,280,"1"
"2081","CRKL",0.0909720705783297,2.46164728925041,0.984847629731502,0.331596374492286,0.96556534279626,1399,"22"
"2082","KCTD10",-0.128030857766441,-2.81653056445908,-0.984831369116646,0.331604247956209,0.96556534279626,83892,"12"
"2083","PRMT7",0.181401915457367,-2.50216675962654,0.984438916637507,0.331794313515034,0.96556534279626,54496,"16"
"2084","UBR3",0.105468121913899,2.6911724274173,0.984217156390855,0.331901744971957,0.96556534279626,130507,"2"
"2085","DMTN",0.163832977071071,0.0943358071538303,0.984170587669431,0.33192430810916,0.96556534279626,2039,"8"
"2086","CTRL",-0.623450782229389,0.777291444865945,-0.984146342944887,0.331936055395949,0.96556534279626,1506,"16"
"2087","FUS",0.118359366403864,2.98714310057288,0.983935224288168,0.332038360493062,0.96556534279626,2521,"16"
"2088","SUSD2",0.10750808371273,-1.61078586619498,0.983764918903143,0.332120903561188,0.96556534279626,56241,"22"
"2089","COL4A2",-0.26257242013699,-0.152169754128156,-0.98329594670641,0.332348275048067,0.96556534279626,1284,"13"
"2090","IAPP",0.177922544663012,0.27012111584166,0.983294707790486,0.332348875849895,0.96556534279626,3375,"12"
"2091","PKP3",-0.097968269690927,0.814203551625727,-0.983188131734307,0.33240056175164,0.96556534279626,11187,"11"
"2092","PLD2",0.284656077891065,-5.29722500426879,0.983176369669166,0.332406266300733,0.96556534279626,5338,"17"
"2093","RRAS2",-0.0982175775858494,-0.392905742498687,-0.98302962274767,0.332477443453699,0.96556534279626,22800,"11"
"2094","SLC36A1",0.182914456839402,-5.1042383671566,0.982991423639211,0.332495972981749,0.96556534279626,206358,"5"
"2095","CNNM2",-0.21602026638427,-4.69491452572472,-0.98245831961853,0.332754642430814,0.96556534279626,54805,"10"
"2096","MEF2D",0.089156407709139,-0.380774098884196,0.982252616898505,0.332854488505986,0.96556534279626,4209,"1"
"2097","MAP7D1",0.12144780409463,0.5672841255089,0.9818254136648,0.333061913275962,0.96556534279626,55700,"1"
"2098","SIRT5",-0.0807966176681741,-0.770475649877284,-0.981782561938649,0.333082724361497,0.96556534279626,23408,"6"
"2099","AGA",-0.104045888967707,2.05038073293801,-0.981661325703857,0.333141607896,0.96556534279626,175,"4"
"2100","MAK16",0.157200783695841,-2.37999200226061,0.981449204641652,0.333244650388588,0.96556534279626,84549,"8"
"2101","IFT74",0.141199070089301,-1.36000633043037,0.981422200114735,0.333257769975276,0.96556534279626,80173,"9"
"2102","DDX52",-0.130168743401076,-1.17246302049117,-0.981245200401844,0.33334377021499,0.96556534279626,11056,"17"
"2103","CRTAP",-0.119672254971825,-0.661036021822241,-0.980296102814493,0.333805170778504,0.96556534279626,10491,"3"
"2104","CXADR",0.151284691033296,-1.22217246865314,0.979602438317897,0.334142665371138,0.96556534279626,1525,"21"
"2105","LIPH",-0.19436539394739,-2.72307647774126,-0.979202166405103,0.334337517633016,0.96556534279626,200879,"3"
"2106","KMT2E",0.155459726245859,-0.772900893101395,0.979195896777931,0.334340570294193,0.96556534279626,55904,"7"
"2107","MBNL1",0.0725520028858244,2.67335484760381,0.978298841984302,0.334777536766394,0.96556534279626,4154,"3"
"2108","CDH1",0.08304493510969,1.87547970063061,0.978271787949987,0.334790721087563,0.96556534279626,999,"16"
"2109","PEX14",0.120000525816422,-0.860820819381889,0.97796660475835,0.33493947109842,0.96556534279626,5195,"1"
"2110","HDGFL2",0.141564972766007,0.827400640005208,0.977701530062924,0.335068707815979,0.96556534279626,84717,"19"
"2111","LYZ",-0.177835119956625,0.529332607380548,-0.977246221648673,0.335290770942218,0.96556534279626,4069,"12"
"2112","CDC42EP4",0.138588659742683,-0.727663536461643,0.976956024231941,0.335432357728627,0.96556534279626,23580,"17"
"2113","RRAGD",-0.155501919826549,-1.17310177746009,-0.976869583740096,0.335474539656068,0.96556534279626,58528,"6"
"2114","ARID5B",0.201675723052437,-4.18941914164433,0.976472914273068,0.335668155355041,0.96556534279626,84159,"10"
"2115","MRM1",-0.105116656058384,-1.50620610783711,-0.97630020604961,0.335752478288846,0.96556534279626,79922,"17"
"2116","H2AC21",0.129830785180009,4.66698321462026,0.976248854575267,0.335777552840357,0.96556534279626,317772,"1"
"2117","EIPR1",0.0879613679318423,1.44287747847569,0.976193041429827,0.335804807420959,0.96556534279626,7260,"2"
"2118","ARK2N",0.167580325072626,-2.69946898409743,0.975616231426367,0.336086561396411,0.96556534279626,147339,"18"
"2119","EDF1",0.14441235357769,1.41407973741533,0.975598119015112,0.336095411324963,0.96556534279626,8721,"9"
"2120","TPRKB",-0.0771971246384071,-0.250831069632164,-0.975399995414404,0.336192226977311,0.96556534279626,51002,"2"
"2121","GPKOW",0.0952974898042741,-0.721812714661702,0.975077473965626,0.336349871319981,0.96556534279626,27238,"X"
"2122","NEK1",0.0734551065191583,-0.12450483520373,0.975061217454597,0.336357818608277,0.96556534279626,4750,"4"
"2123","CHD6",0.218747725192657,-2.23986112329256,0.974335929505504,0.336712517055581,0.96556534279626,84181,"20"
"2124","ACSL6",-0.130614144896544,-1.37609519933872,-0.974219583454467,0.336769438881596,0.96556534279626,23305,"5"
"2125","PHAF1",-0.144827813327956,-2.47111324161971,-0.973135811207365,0.337299980420432,0.96556534279626,80262,"16"
"2126","VANGL1",0.185376949758489,-5.0688799648468,0.972675411933687,0.337525530425883,0.96556534279626,81839,"1"
"2127","SMDT1",0.166230630919378,-0.512969580305185,0.971904564627766,0.337903395720309,0.96556534279626,91689,"22"
"2128","JRKL",0.173339400125688,-4.15191026307103,0.971811164786485,0.337949199097188,0.96556534279626,8690,"11"
"2129","NAP1L4",0.11769068787633,2.4351133042228,0.971521692159918,0.338091183219447,0.96556534279626,4676,"11"
"2130","CDSN",0.252323981365439,-2.1252144881845,0.971481882195365,0.338110712833086,0.96556534279626,1041,"6"
"2131","SPOCK1",0.209175910418313,-1.54939601056886,0.971327382957236,0.33818651284214,0.96556534279626,6695,"5"
"2132","BAP1",-0.122328634434459,-2.76849376686687,-0.971006488440441,0.338343985674499,0.96556534279626,8314,"3"
"2133","SPR",0.0866507854896468,2.17810711000738,0.970784550060152,0.338452926434405,0.96556534279626,6697,"2"
"2134","FAM241A",0.110631071706473,-0.663056129541127,0.970685268861832,0.338501667253731,0.96556534279626,132720,"4"
"2135","VRK2",0.114383590185831,-2.43432326193571,0.969972179673413,0.338851887423788,0.96556534279626,7444,"2"
"2136","PRKAA2",-0.0846584090287509,-1.10934906179013,-0.969449014397163,0.339108984448833,0.96556534279626,5563,"1"
"2137","GDPGP1",-0.0878888237986714,-0.843274525433948,-0.969435543378237,0.339115606183316,0.96556534279626,390637,"15"
"2138","ARHGEF11",-0.0863807898039818,-0.764673475760747,-0.968790321710141,0.339432868971674,0.96556534279626,9826,"1"
"2139","CETN2",0.154983846764973,-0.647228860620633,0.968235454083018,0.339705862586583,0.96556534279626,1069,"X"
"2140","LSS",0.0807547196839165,1.25830948338815,0.967062582309115,0.34028339648845,0.96556534279626,4047,"21"
"2141","ACVR1B",-0.153047907201489,-2.77404516590414,-0.966897998955063,0.340364491530197,0.96556534279626,91,"12"
"2142","PRKG1",-0.124193506542772,-0.856338742243604,-0.966632579391727,0.340495298766856,0.96556534279626,5592,"10"
"2143","MIF",0.160513493031735,6.07290659038974,0.966307469746996,0.340655569002848,0.96556534279626,4282,"22"
"2144","RAB3D",0.0886406961189832,2.68769011247668,0.965627560860536,0.340990908726846,0.96556534279626,9545,"19"
"2145","TRMT2A",0.145912318429593,-1.38324714431936,0.964995114632669,0.341303037353663,0.96556534279626,27037,"22"
"2146","SLC25A42",-0.104527121040342,-0.814491236236594,-0.963986479869572,0.341801219832021,0.96556534279626,284439,"19"
"2147","CHAMP1",-0.097705321921437,-0.994849930206165,-0.963885507973558,0.341851118369554,0.96556534279626,283489,"13"
"2148","CEP170B",0.111061819522257,-1.00518520553008,0.963557273111243,0.342013359895731,0.96556534279626,283638,"14"
"2149","POLR1E",0.143892575921074,-1.63811732508169,0.963089735371824,0.342244545519708,0.96556534279626,64425,"9"
"2150","NR3C1",0.130107682924281,-1.35352322822107,0.962926586038357,0.342325243308356,0.96556534279626,2908,"5"
"2151","CCS",0.10103615158301,1.17511100155954,0.96216483721455,0.342702191693013,0.96556534279626,9973,"11"
"2152","RSAD1",-0.145235172566072,-0.67382899352607,-0.962002794439368,0.342782413642443,0.96556534279626,55316,"17"
"2153","SLC39A14",-0.110949816080855,0.0516120521401124,-0.96160313623343,0.342980324605483,0.96556534279626,23516,"8"
"2154","ISY1-RAB43",0.0950610487406329,-0.975781637172497,0.961017897237926,0.343270272834188,0.96556534279626,100534599,"3"
"2155","NOP53",0.075092057805127,-0.822636329736698,0.960059240484823,0.343745578720662,0.96556534279626,29997,"19"
"2156","GDAP1L1",0.227653334141637,-0.683184288189712,0.959992989321361,0.343778442518915,0.96556534279626,78997,"20"
"2157","TASP1",0.169985123753427,-1.11329970280833,0.959734217917767,0.343906825787833,0.96556534279626,55617,"20"
"2158","ZMIZ1",0.112012174016892,-0.907676510018301,0.959511011898163,0.344017589811245,0.96556534279626,57178,"10"
"2159","ZDHHC17",0.120425126795146,-0.212651885184448,0.959372102541481,0.344086534361054,0.96556534279626,23390,"12"
"2160","AKAP8L",0.065790526951898,-0.632451535814078,0.958887415903876,0.344327169851339,0.96556534279626,26993,"19"
"2161","SLC2A8",0.107986594376734,-2.18812681218511,0.958422269998513,0.344558209259081,0.96556534279626,29988,"9"
"2162","VWA7",0.22755421712241,-2.28929463048831,0.957839986500483,0.344847576810953,0.96556534279626,80737,"6"
"2163","TFG",-0.095361834014263,3.15050829489559,-0.957463073096883,0.345034971342383,0.96556534279626,10342,"3"
"2164","KIF5A",0.142420393357162,-2.38938192282308,0.957432564295113,0.345050142733247,0.96556534279626,3798,"12"
"2165","SLC18A2",0.397512063056173,-0.959504264379834,0.957377699807102,0.345077426816643,0.96556534279626,6571,"10"
"2166","CCNDBP1",-0.159037025388467,-3.27945964290079,-0.957291347025583,0.345120372923072,0.96556534279626,23582,"15"
"2167","LONRF2",-0.179899349011202,-1.4620727761204,-0.957279716707462,0.345126157338498,0.96556534279626,164832,"2"
"2168","TPGS1",0.100813278991586,-2.13077304665593,0.957113852273077,0.345208658133925,0.96556534279626,91978,"19"
"2169","KRT74",0.225926285297642,-1.65454667367195,0.957007295946616,0.345261666065478,0.96556534279626,121391,"12"
"2170","TVP23B",-0.126070786840551,-0.982904344905883,-0.956898395939821,0.34531584549229,0.96556534279626,51030,"17"
"2171","MTMR7",0.136050373781447,0.693490196105784,0.956218559824311,0.345654202355735,0.96556534279626,9108,"8"
"2172","C8B",-0.276723249842852,-1.09432536248416,-0.95619133334217,0.345667757666699,0.96556534279626,732,"1"
"2173","CTDP1",0.0888810372127239,-0.201493434705362,0.956141568567373,0.345692535083237,0.96556534279626,9150,"18"
"2174","CELA2A",-0.589630612542533,1.38996420354368,-0.95517214083883,0.346175439849095,0.96556534279626,63036,"1"
"2175","FIS1",0.0964520166587697,1.96355846956157,0.954956444004075,0.346282946738132,0.96556534279626,51024,"7"
"2176","SESN2",0.1286458295914,-0.814308221562069,0.954802111118341,0.34635988244071,0.96556534279626,83667,"1"
"2177","TDP2",0.113848427433467,-0.489709623206938,0.954741781242915,0.346389960270356,0.96556534279626,51567,"6"
"2178","ELP5",-0.115968650887431,-1.14529023132167,-0.954581722760274,0.346469766825829,0.96556534279626,23587,"17"
"2179","VRK3",0.0947153957967344,-1.42784909506053,0.953776925072734,0.346871231246841,0.96556534279626,51231,"19"
"2180","CMTM7",-0.210213901068051,0.198692022183661,-0.953376752804446,0.347070967803676,0.96556534279626,112616,"3"
"2181","ACSF2",-0.190867333675914,-1.25497318102728,-0.953316007821163,0.34710129391064,0.96556534279626,80221,"17"
"2182","ATPAF2",0.071290522126381,-0.05168368822609,0.953219843038817,0.347149306470795,0.96556534279626,91647,"17"
"2183","CLDN3",0.102362190603642,-0.146183122737539,0.953057989711863,0.347230125566524,0.96556534279626,1365,"7"
"2184","TRIM2",0.0880360333495572,-0.237959967144702,0.952884508169953,0.34731676492121,0.96556534279626,23321,"4"
"2185","RBMX2",0.116243378092704,-0.849684769384812,0.95157123212087,0.347973101046604,0.96556534279626,51634,"X"
"2186","FTL",-0.135472161161541,3.8495094230274,-0.95130876279056,0.3481043740456,0.96556534279626,2512,"19"
"2187","SYTL1",0.0745096940051539,1.22190930749599,0.950664327366104,0.348426825306759,0.96556534279626,84958,"1"
"2188","OSBPL2",-0.0853114670947412,-1.45388733086685,-0.950578610963286,0.348469729503283,0.96556534279626,9885,"20"
"2189","GCH1",0.173983569232605,1.0815706099333,0.950411703216144,0.348553282997849,0.96556534279626,2643,"14"
"2190","CFL1",-0.0723913617703253,4.59939567050935,-0.949592210493271,0.348963711320793,0.96556534279626,1072,"11"
"2191","ABI2",0.112631153740859,-0.279657744318081,0.949403028905279,0.349058505068226,0.96556534279626,10152,"2"
"2192","TRMT1",0.0836172571795816,-0.0119164021763416,0.949221257077985,0.349149602071173,0.96556534279626,55621,"19"
"2193","DYNC1I1",0.114118214840984,1.01858745620708,0.948549121115204,0.349486587505998,0.96556534279626,1780,"7"
"2194","ST3GAL1",0.109215817905153,-1.73804951514786,0.948541761155197,0.349490278725172,0.96556534279626,6482,"8"
"2195","LMAN2",-0.0930396082534655,3.35718187246211,-0.948464407459261,0.349529075260723,0.96556534279626,10960,"5"
"2196","HYCC1",0.20044134804277,-2.34598425432593,0.948293211357475,0.349614948349308,0.96556534279626,84668,"7"
"2197","TMEM102",0.117058600601129,-2.0019035424593,0.948180110538857,0.349671688132371,0.96556534279626,284114,"17"
"2198","EPHA2",-0.223637332887817,-2.93366416487262,-0.94805318112581,0.349735372634358,0.96556534279626,1969,"1"
"2199","ELF1",0.109576278154672,-0.694100229089587,0.946768026312866,0.350380608327787,0.96556534279626,1997,"13"
"2200","C1QBP",0.173884184922603,0.0409055082633226,0.94590275533715,0.350815477402372,0.96556534279626,708,"17"
"2201","TRAM1",-0.139364562572931,-0.308878307539113,-0.945492853683525,0.351021611004797,0.96556534279626,23471,"8"
"2202","UBXN2A",-0.272047725553457,-6.51204929871253,-0.945351724751487,0.351092601247238,0.96556534279626,165324,"2"
"2203","ITFG1",0.0961695495221323,1.33010596041352,0.945271368330145,0.351133026132528,0.96556534279626,81533,"16"
"2204","NDUFAF4",-0.0805961337643666,0.483544721065531,-0.945219515478755,0.351159113368833,0.96556534279626,29078,"6"
"2205","POLR2M",0.233030930844424,-3.0707379236912,0.945055031960892,0.35124187372506,0.96556534279626,81488,"15"
"2206","IQGAP2",-0.256073646904602,1.20343890872394,-0.94474601274882,0.351397392529261,0.96556534279626,10788,"5"
"2207","RPL11",-0.0780521852489251,3.24678084037643,-0.944504976629121,0.351518729387201,0.96556534279626,6135,"1"
"2208","MAN1C1",0.125294759758226,-0.0551012040836162,0.944323465594937,0.351610119787299,0.96556534279626,57134,"1"
"2209","TMEM63A",-0.269287140785241,-0.885187315087683,-0.944120769747504,0.351712195265992,0.96556534279626,9725,"1"
"2210","KIF13A",0.0857784056552729,-0.102274733111082,0.943863056266074,0.351842005338247,0.96556534279626,63971,"6"
"2211","MAP6",0.157079595309053,-1.19016435918891,0.943726772441116,0.351910664195911,0.96556534279626,4135,"11"
"2212","PTPN13",-0.117566273396249,-1.53012629153283,-0.942883990977957,0.352335448497986,0.96556534279626,5783,"4"
"2213","BRD7",0.195964863658175,-3.11321625119243,0.942621579959582,0.352467779798498,0.96556534279626,29117,"16"
"2214","CERS6",0.117566648783507,0.303751063570653,0.942439242468543,0.352559750143028,0.96556534279626,253782,"2"
"2215","ANKRD13D",0.133121029350431,-1.36638134642712,0.942206348236493,0.352677244177536,0.96556534279626,338692,"11"
"2216","NRIP2",-0.173349412746448,-1.48352333703688,-0.941930439886055,0.352816472105383,0.96556534279626,83714,"12"
"2217","TRMT1L",0.135234896968687,-0.964356387193333,0.941272753587157,0.353148497925305,0.96556534279626,81627,"1"
"2218","ATF7IP",0.107152971604023,-2.00262616645403,0.940995050721517,0.353288755153346,0.96556534279626,55729,"12"
"2219","DUSP23",0.0942870448340248,0.717980424845519,0.940756478694127,0.353409278240848,0.96556534279626,54935,"1"
"2220","PSME3IP1",0.126876289449525,-2.63771038876003,0.940730252724311,0.353422528871783,0.96556534279626,80011,"16"
"2221","RPTOR",0.0987371638318592,-0.792172268757702,0.940375221433543,0.353601940159099,0.96556534279626,57521,"17"
"2222","RNF185",0.0867306138528219,0.624424057361545,0.939782619988447,0.353901538889164,0.96556534279626,91445,"22"
"2223","SLC25A23",0.101108950547596,-1.10080149132389,0.939598213323791,0.353994802662628,0.96556534279626,79085,"19"
"2224","ATP8B1",-0.21359554910198,-2.20716793145957,-0.939391744691346,0.354099243529368,0.96556534279626,5205,"18"
"2225","RHOC",-0.159194374329308,-0.66511001113981,-0.938959453865124,0.35431798097256,0.96556534279626,389,"1"
"2226","C19orf47",0.163745928797121,-1.29162438201576,0.938721758948427,0.354438291623811,0.96556534279626,126526,"19"
"2227","FLNB",0.096740547653499,4.17194513883008,0.938718455139379,0.354439964055609,0.96556534279626,2317,"3"
"2228","CFTR",-0.242153107126842,-0.847902767919914,-0.938464854630712,0.354568355516083,0.96556534279626,1080,"7"
"2229","GAB2",-0.296668446102439,-4.44081290501571,-0.937498920926454,0.355057663901531,0.96556534279626,9846,"11"
"2230","CASP2",0.209168831045704,-3.23415334405554,0.936968377328588,0.355326608078556,0.96556534279626,835,"7"
"2231","AKR1C2",-0.344770771049249,-0.462571668513506,-0.936423188995528,0.355603115790382,0.96556534279626,1646,"10"
"2232","TBC1D8",0.10729516337076,-1.32801129035442,0.936203289409846,0.355714684198888,0.96556534279626,11138,"2"
"2233","TNS1",-0.113643878618501,1.90615612294475,-0.936075290854059,0.355779636250294,0.96556534279626,7145,"2"
"2234","SSBP2",0.134115369656771,-0.617230303949713,0.93587733989472,0.355880100582055,0.96556534279626,23635,"5"
"2235","ATG2B",0.0880798370240133,-0.60206442634114,0.93545555449788,0.356094227965638,0.96556534279626,55102,"14"
"2236","COMMD6",0.127115936529641,-2.87333420379763,0.935428878666435,0.356107773310458,0.96556534279626,170622,"13"
"2237","LIMS4",-0.187783850167364,-6.29438726294046,-0.935206896814134,0.356220503505211,0.96556534279626,100288695,"2"
"2238","PAFAH1B2",0.0915048024063863,4.62203522570789,0.934956750271494,0.356347564868534,0.96556534279626,5049,"11"
"2239","SOX13",-0.213124902692865,-4.59858630555087,-0.934462944411758,0.356598479978935,0.96556534279626,9580,"1"
"2240","MOB3A",-0.0737366781813731,-0.386038131219397,-0.934196743189304,0.356733791695935,0.96556534279626,126308,"19"
"2241","EML2",0.0834420087190471,2.30843169476515,0.93419246357616,0.356735967325459,0.96556534279626,24139,"19"
"2242","PGM2",-0.0777930495096308,2.20893707583873,-0.934025338947192,0.356820935401029,0.96556534279626,55276,"4"
"2243","ISG15",0.129151097669893,-0.00770942014658932,0.933633402789696,0.357020252450926,0.96556534279626,9636,"1"
"2244","ABT1",0.108968349692591,-1.6289659087222,0.932820340434109,0.357433964466904,0.96556534279626,29777,"6"
"2245","LMF1",0.13661508554325,-1.23743306243366,0.932565689742652,0.357563603638231,0.96556534279626,64788,"16"
"2246","LRRC24",0.227017498211388,-3.43705221006546,0.932449210613821,0.357622911864651,0.96556534279626,441381,"8"
"2247","MLIP",0.192551688750424,-0.655679264123954,0.93158914166864,0.358061037349004,0.96556534279626,90523,"6"
"2248","PPP1R18",-0.177622227646971,-1.1827951384067,-0.931371245298006,0.358172091338654,0.96556534279626,170954,"6"
"2249","CDKAL1",0.0773850235851445,-0.899170126692204,0.930875650152696,0.358424762714737,0.96556534279626,54901,"6"
"2250","BAZ2B",0.118677163936075,-2.33620437352322,0.930659749952375,0.358534872628748,0.96556534279626,29994,"2"
"2251","RPSA",-0.0986833562894862,4.54424854364934,-0.930081076034361,0.358830108047828,0.96556534279626,3921,"3"
"2252","ARHGAP31",-0.186571228792369,-2.02260047850521,-0.929611663303364,0.359069716375858,0.96556534279626,57514,"3"
"2253","COLGALT1",-0.0983771856954578,0.546236607408331,-0.929032046249231,0.359365722551373,0.96556534279626,79709,"19"
"2254","GMPPA",-0.0892727379308553,2.23743703428621,-0.92829160147345,0.359744095100043,0.96556534279626,29926,"2"
"2255","PDHB",-0.0576960803263931,3.58150342247776,-0.927808794814504,0.359990953416643,0.96556534279626,5162,"3"
"2256","PALLD",0.1242288763262,2.15357793142613,0.925720180945343,0.361060137700676,0.96556534279626,23022,"4"
"2257","AGAP1",0.0813381661486955,-0.484166488187829,0.92554601460918,0.361149389209336,0.96556534279626,116987,"2"
"2258","CALY",0.270415254749564,-3.40625164359215,0.925452696938104,0.361197215777726,0.96556534279626,50632,"10"
"2259","UCHL1",0.149786369433945,5.1672408181927,0.925317908695761,0.361266303896312,0.96556534279626,7345,"4"
"2260","CYP4X1",0.148091461875035,-2.42767813772999,0.925176216013295,0.361338940337656,0.96556534279626,260293,"1"
"2261","ALDH6A1",-0.111921440736309,2.38006094521105,-0.924886748888034,0.361487360655039,0.96556534279626,4329,"14"
"2262","PHKA1",-0.107524073144932,-1.21750716100037,-0.924603746487867,0.361632504850572,0.96556534279626,5255,"X"
"2263","PBXIP1",0.142469669634298,1.55991448504831,0.9244908531464,0.361690415401855,0.96556534279626,57326,"1"
"2264","ALDH1L2",-0.23425816353392,1.66871967994188,-0.924067728789092,0.361907518209433,0.96556534279626,160428,"12"
"2265","EIF4E3",0.15057816094922,-2.38996139716087,0.924015785409427,0.361934175950726,0.96556534279626,317649,"3"
"2266","ATG4B",0.18359114723325,-2.59437439773385,0.923890618494183,0.361998417850953,0.96556534279626,23192,"2"
"2267","FAS",0.129158044711434,-2.76424280214595,0.923878144257572,0.362004820659801,0.96556534279626,355,"10"
"2268","CLYBL",-0.0941090189322233,0.284853738221051,-0.923825234258446,0.362031979266449,0.96556534279626,171425,"13"
"2269","SGTB",0.116387753522987,-1.47902885872077,0.92374946448939,0.362070874072983,0.96556534279626,54557,"5"
"2270","DHPS",-0.109605635523795,-1.14257868021538,-0.923631777747176,0.362131291490788,0.96556534279626,1725,"19"
"2271","RBM4B",0.203190212214979,-2.88168019769071,0.923246540629168,0.362329108680156,0.96556534279626,83759,"11"
"2272","DENND10",-0.0730421879583387,0.860998544547336,-0.923200876619807,0.362352561588169,0.96556534279626,404636,"10"
"2273","EPC2",0.187755932073746,-3.18038230762258,0.922773841689876,0.362571933596246,0.96556534279626,26122,"2"
"2274","ADAMTSL2",0.140996326334911,-1.06763109843851,0.922712299344908,0.362603555657383,0.96556534279626,9719,"9"
"2275","POMT1",-0.0830662935774833,-1.08858497717503,-0.922654331592754,0.362633342648806,0.96556534279626,10585,"9"
"2276","DNAJC5",0.0969900152710967,1.45329619887424,0.922649858820364,0.3626356410696,0.96556534279626,80331,"20"
"2277","TMEM214",-0.121478482887446,1.08030193079824,-0.922397483584467,0.362765344408371,0.96556534279626,54867,"2"
"2278","ZFYVE16",0.108623492888428,-0.544608069004921,0.922094224171103,0.36292123879249,0.96556534279626,9765,"5"
"2279","ARNT",-0.364626823026555,-3.14584142951011,-0.921625533339446,0.363162261442785,0.96556534279626,405,"1"
"2280","H3C1",0.0992349652737623,7.35173752266652,0.921617915289873,0.363166179862358,0.96556534279626,8350,"6"
"2281","TRIM3",0.0668180499588474,-0.199622637551697,0.92071283474221,0.363631913673745,0.96556534279626,10612,"11"
"2282","PPIB",-0.0801876633596992,6.47599078848745,-0.920525958313939,0.363728124593269,0.96556534279626,5479,"15"
"2283","NDUFB2",0.137312343020859,-1.29965038238723,0.918749818527139,0.364643377056797,0.96556534279626,4708,"7"
"2284","BSDC1",-0.114820794450498,-0.320757691052883,-0.917836280847835,0.365114711671207,0.96556534279626,55108,"1"
"2285","LEO1",0.0897425330329721,-0.405567990965606,0.917725551927234,0.365171868620237,0.96556534279626,123169,"15"
"2286","PAK3",0.109464861825103,0.115372899332019,0.917609441148897,0.365231809886947,0.96556534279626,5063,"X"
"2287","HDGFL3",0.125795623343113,1.47792124099223,0.917464348079759,0.365306722048337,0.96556534279626,50810,"15"
"2288","TEP1",-0.36952711949356,-0.363491120652359,-0.917314666247234,0.365384013905514,0.96556534279626,7011,"14"
"2289","GPCPD1",0.124444913378214,-3.31536483451703,0.917223210333261,0.365431244639605,0.96556534279626,56261,"20"
"2290","DST",0.102983756391089,0.471778870617527,0.91679221933207,0.365653875631597,0.96556534279626,667,"6"
"2291","HLTF",0.074828936835513,-0.159552653021323,0.916162187701865,0.365979481292636,0.96556534279626,6596,"3"
"2292","ATP5PD",-0.0821750991524328,3.42378916842246,-0.91586935720463,0.36613088285294,0.96556534279626,10476,"17"
"2293","CISD2",-0.098227058573515,2.60815995461682,-0.915723261388251,0.366206433732114,0.96556534279626,493856,"4"
"2294","CEP120",0.151492113022443,-2.20517508838145,0.915541283159973,0.366300554770748,0.96556534279626,153241,"5"
"2295","TRAFD1",0.0977639991179493,-1.05901782151925,0.915442684811878,0.366351557445929,0.96556534279626,10906,"12"
"2296","EGFL7",0.174595644530357,-1.92183218517766,0.914549160768105,0.366813967903512,0.96556534279626,51162,"9"
"2297","WIPF3",0.240042902996224,-5.83412477641853,0.914311588912349,0.366936978381611,0.96556534279626,644150,"7"
"2298","BCKDK",-0.0774546910399144,0.848531446362949,-0.914242318022621,0.366972850670633,0.96556534279626,10295,"16"
"2299","CABLES1",-0.147694691659238,-4.04163182888141,-0.913119742004812,0.367554500672197,0.96556534279626,91768,"18"
"2300","SIPA1L2",0.120450441614216,-1.49318791334415,0.912535977493633,0.367857208498288,0.96556534279626,57568,"1"
"2301","ECHDC2",0.107804035672181,-0.184799375531214,0.912440081069686,0.367906950551682,0.96556534279626,55268,"1"
"2302","ACACA",0.0894563451121455,1.26070633321024,0.912420564999084,0.367917074190776,0.96556534279626,31,"17"
"2303","ORC2",0.105940478882973,0.670120810951747,0.911462231806391,0.368414416514564,0.96556534279626,4999,"2"
"2304","AMT",-0.0701489510205736,0.0828750092578233,-0.911345215063626,0.368475174141513,0.96556534279626,275,"3"
"2305","NOB1",-0.0811346707436068,-0.0894760588434846,-0.911312342370746,0.368492243527004,0.96556534279626,28987,"16"
"2306","ITGAV",-0.0706099072763932,1.01250085193653,-0.910901105642038,0.368705824617396,0.96556534279626,3685,"2"
"2307","NOCT",0.168662931774783,-2.49004447032226,0.909954056234803,0.369197992728997,0.96556534279626,25819,"4"
"2308","HADH",-0.129100415810125,6.36193192436856,-0.909282340789984,0.369547332167443,0.96556534279626,3033,"4"
"2309","PALS2",0.087641856610686,1.86774023361222,0.909132400569926,0.369625340947315,0.96556534279626,51678,"7"
"2310","MED27",-0.128609556866541,-2.3207114365879,-0.908996461144032,0.369696074828542,0.96556534279626,9442,"9"
"2311","APMAP",0.0952733478958527,3.85106355643963,0.908354669914656,0.370030139143484,0.96556534279626,57136,"20"
"2312","DDX59",0.138064816653553,-1.61453889905918,0.908172940108215,0.370124768467751,0.96556534279626,83479,"1"
"2313","PREPL",0.113923609044476,0.0489078088072763,0.907576777046337,0.370435309357215,0.96556534279626,9581,"2"
"2314","GIT2",-0.0904561304121462,-0.270930218358838,-0.90697351658436,0.370749719217174,0.96556534279626,9815,"12"
"2315","FGFR1OP2",-0.0846848845559198,-0.939989891288674,-0.906515825694983,0.370988375887563,0.96556534279626,26127,"12"
"2316","THG1L",0.0814182499343314,-0.669332928993427,0.906339009196395,0.37108060109497,0.96556534279626,54974,"5"
"2317","SCLY",0.125793372303143,1.25452142474475,0.906191155456753,0.371157731105629,0.96556534279626,51540,"2"
"2318","ALCAM",0.142601197500977,1.72674720697784,0.905119246319924,0.371717218405623,0.96556534279626,214,"3"
"2319","FADD",-0.104265406875474,-1.37496105893662,-0.904946653695048,0.371807354848096,0.96556534279626,8772,"11"
"2320","TBCA",0.126019973196352,2.00528034828272,0.903546650539135,0.372539028992192,0.96556534279626,6902,"5"
"2321","ELOVL1",0.13736691828945,-0.24581361371559,0.902797189689663,0.37293109722616,0.96556534279626,64834,"1"
"2322","SETD1B",-0.0953164451984074,-3.14231196615496,-0.902762509397711,0.37294924611387,0.96556534279626,23067,"12"
"2323","C1GALT1C1",0.0849675307674498,0.124931977709028,0.902365016572863,0.373157302820747,0.96556534279626,29071,"X"
"2324","ATP6V0A1",0.0946577859158602,3.4083086817708,0.902009937318291,0.373343222761138,0.96556534279626,535,"17"
"2325","ACACB",0.115431960554808,0.340006774253367,0.901442948511032,0.373640222939629,0.96556534279626,32,"12"
"2326","NAGPA",0.1771115982992,-2.65373414102138,0.901041452630045,0.373850626902965,0.96556534279626,51172,"16"
"2327","ROBO1",0.13230956186592,-1.29836397407077,0.900888579100841,0.373930760413649,0.96556534279626,6091,"3"
"2328","DENND1A",0.198946150927236,-0.893815190422646,0.900840878376469,0.373955766533099,0.96556534279626,57706,"9"
"2329","ELOC",0.140454045216645,1.80310224059594,0.900647706893884,0.374057043738601,0.96556534279626,6921,"8"
"2330","NNMT",0.194364524860781,1.78856394561343,0.900623508822719,0.374069731709927,0.96556534279626,4837,"11"
"2331","WTAP",0.086420542719191,-0.316632544238485,0.900397846149076,0.374188068638522,0.96556534279626,9589,"6"
"2332","EPN2",0.0930772845496066,-1.41315816983206,0.900332024535044,0.374222589878893,0.96556534279626,22905,"17"
"2333","FARS2",-0.0898218769296686,-0.823106451353467,-0.900325096313492,0.374226223619577,0.96556534279626,10667,"6"
"2334","PCNP",0.144284150406132,1.28457368768707,0.900151323405615,0.374317372166443,0.96556534279626,57092,"3"
"2335","DHRS4",-0.0812980456260229,1.43946443728353,-0.899927994140744,0.374434535401651,0.96556534279626,10901,"14"
"2336","PDIA5",-0.109901970319031,1.1758042469943,-0.899864792383759,0.37446769667277,0.96556534279626,10954,"3"
"2337","FLNA",-0.114653035282808,4.26525732827471,-0.899854126639825,0.374473293059045,0.96556534279626,2316,"X"
"2338","GLS2",0.176288843315382,-2.01083304632706,0.899555092689218,0.374630220129442,0.96556534279626,27165,"12"
"2339","NCOA3",0.0892761505139448,-0.985309766008037,0.899096599005794,0.374870910932314,0.96556534279626,8202,"20"
"2340","MAPRE3",0.0994670948895848,1.75175580347678,0.899069018757274,0.374885392638858,0.96556534279626,22924,"2"
"2341","RAD17",0.137039486646401,-2.14674181960839,0.898807149153188,0.375022911881971,0.96556534279626,5884,"5"
"2342","KRT7",-0.29256025344394,3.68936206964923,-0.898619086389962,0.375121691988932,0.96556534279626,3855,"12"
"2343","NIPSNAP3A",-0.0903209468877737,2.58812836926604,-0.898438924569416,0.375216337863294,0.96556534279626,25934,"9"
"2344","LGALS3",-0.222084749560598,1.32119099287321,-0.89835858924128,0.375258546040748,0.96556534279626,3958,"14"
"2345","KXD1",0.11507362599101,-2.309606229546,0.898340795638684,0.375267895213029,0.96556534279626,79036,"19"
"2346","BCHE",0.144303107284688,-1.78226259960279,0.898180975490281,0.37535187516892,0.96556534279626,590,"3"
"2347","OGFOD3",-0.0984530823075968,-0.132231737348402,-0.89814002561206,0.375373394863425,0.96556534279626,79701,"17"
"2348","CPNE2",-0.164640590671198,-2.06496061763514,-0.897898279728273,0.375500451691639,0.96556534279626,221184,"16"
"2349","RERE",0.111888546640502,-1.06193629860757,0.897889440564506,0.375505097905893,0.96556534279626,473,"1"
"2350","NUDT2",0.123385204743933,-0.228244852073896,0.897572851059871,0.375671534324069,0.96556534279626,318,"9"
"2351","SMTN",0.162153173234932,-1.81764504435279,0.897253400294233,0.375839523165543,0.96556534279626,6525,"22"
"2352","RACK1",-0.103381236865247,4.23058822593977,-0.896840826278871,0.376056554173168,0.96556534279626,10399,"5"
"2353","CDH11",-0.205627096371251,-3.66238163951588,-0.896547663016096,0.376210819268585,0.96556534279626,1009,"16"
"2354","DPYSL2",0.0871978038489098,4.40294170138836,0.896204915322368,0.376391227836069,0.96556534279626,1808,"8"
"2355","ZDHHC2",0.147758468203077,-1.96726811003274,0.896042561679118,0.376476703701911,0.96556534279626,51201,"8"
"2356","ITGA3",-0.0997076940518238,0.787846734872001,-0.895505650251228,0.376759465624426,0.96556534279626,3675,"17"
"2357","RIOX2",-0.0810840398192846,-0.0462344244037824,-0.895187213346412,0.376927233555558,0.96556534279626,84864,"3"
"2358","ARHGAP44",-0.100887403954648,-0.671670867676659,-0.89480212549031,0.377130180681793,0.96556534279626,9912,"17"
"2359","DAZAP1",0.117462808028704,0.699602178152886,0.893987100154037,0.377559943337924,0.96556534279626,26528,"19"
"2360","TUBA1C",-0.148397405474176,5.60885334133904,-0.893786184850534,0.37766593433244,0.96556534279626,84790,"12"
"2361","OTC",-0.122105283697381,-0.193180604569841,-0.89345832186191,0.377838936503914,0.96556534279626,5009,"X"
"2362","MOCS1",-0.156696290599064,-2.55921499486535,-0.893113284067005,0.378021056289875,0.96556534279626,4337,"6"
"2363","EBF3",0.222249588621014,-4.36213298596888,0.892875868019998,0.378146403347961,0.96556534279626,253738,"10"
"2364","AK6",0.119445285453533,-0.653484237371445,0.892390641510651,0.378402668471676,0.96556534279626,102157402,"5"
"2365","TUFM",-0.0546958333728256,4.97201725560741,-0.892283679745248,0.378459173745049,0.96556534279626,7284,"16"
"2366","DHRS13",-0.0981843741996705,-0.334051030861428,-0.891931822429164,0.378645089593652,0.96556534279626,147015,"17"
"2367","LRMDA",0.108816821375881,-1.84071871121293,0.891593438962798,0.378823941440154,0.96556534279626,83938,"10"
"2368","CYB5R1",0.0787974276308141,3.45381768453655,0.891574043120688,0.37883419471533,0.96556534279626,51706,"1"
"2369","GALK1",-0.170300634377742,0.864030287043861,-0.89106529034447,0.379103201726723,0.96556534279626,2584,"17"
"2370","ARF4",-0.0875032059478915,4.27412257739796,-0.890701356476787,0.379295709883982,0.96556534279626,378,"3"
"2371","REPS2",0.0865007930385588,-1.2076264951401,0.890434825182018,0.379436735347194,0.96556534279626,9185,"X"
"2372","TXNDC11",-0.115269853660516,-2.16075981608268,-0.890408040172551,0.379450909535007,0.96556534279626,51061,"16"
"2373","PTP4A2",0.110337583090165,-0.398719013135184,0.890071580066811,0.379628987669605,0.96556534279626,8073,"1"
"2374","COMMD7",0.0767114603938932,-0.590317488807041,0.88946980887069,0.379947620715565,0.96556534279626,149951,"20"
"2375","MYO19",-0.251724387595293,1.50402707173668,-0.889370107442005,0.380000428398589,0.96556534279626,80179,"17"
"2376","NOP14",0.110020776025263,-0.755507163472997,0.88908295603263,0.380152546828864,0.96556534279626,8602,"4"
"2377","WDSUB1",0.167319958744654,-2.96214869505088,0.887673804802896,0.380899610864186,0.96556534279626,151525,"2"
"2378","CCDC8",-0.163657801456703,-3.07438341937801,-0.887638931456073,0.380918110960536,0.96556534279626,83987,"19"
"2379","RGL2",-0.109008568198578,-0.970575606980346,-0.887318288557208,0.381088237050771,0.96556534279626,5863,"6"
"2380","ATP6",-0.145384367636758,2.84434786920275,-0.887046954856163,0.381232238806814,0.96556534279626,4508,"MT"
"2381","SGK2",0.204948231444583,-2.47347569879657,0.886976967673107,0.381269387942304,0.96556534279626,10110,"20"
"2382","GGT7",0.0898688230328155,0.169122323597558,0.885738899140903,0.381926937163971,0.96556534279626,2686,"20"
"2383","EXOSC9",0.0857957501650326,0.25005243218858,0.885715919969223,0.381939148468766,0.96556534279626,5393,"4"
"2384","GPX7",-0.138870476087474,-1.52006269981469,-0.885259528116198,0.382181730337648,0.96556534279626,2882,"1"
"2385","CAMKK1",0.0988032974433079,-0.0460468358395896,0.884497294083925,0.382587093679846,0.96556534279626,84254,"17"
"2386","SWAP70",-0.0862917871375873,0.461344030417833,-0.884362885167211,0.382658602157445,0.96556534279626,23075,"11"
"2387","TSPAN7",0.157032716614251,1.31644841769644,0.884079276946584,0.382809515985781,0.96556534279626,7102,"X"
"2388","DMAC2",-0.142558477391924,-1.94700922747874,-0.883691305497044,0.383016025333194,0.96556534279626,55101,"19"
"2389","LAGE3",-0.0965660044265019,-0.0384980460971462,-0.88365653034492,0.38303453892234,0.96556534279626,8270,"X"
"2390","GRIA4",0.187921817770281,-2.94373231815108,0.883135592373106,0.383311944303586,0.96556534279626,2893,"11"
"2391","RPS15A",-0.0840415105966219,4.91141090223457,-0.88293164326774,0.383420584506492,0.96556534279626,6210,"16"
"2392","HYI",0.100642295550459,0.684162026173569,0.882821314257642,0.38347936309065,0.96556534279626,81888,"1"
"2393","PRP4K",-0.0690158375846894,-0.702622716973171,-0.882581605823498,0.383607089362705,0.96556534279626,8899,"6"
"2394","UBTD2",0.178509608934157,-3.16276608951764,0.882249431821642,0.383784129953223,0.96556534279626,92181,"5"
"2395","GPN1",0.115181010248362,-0.995236996164156,0.882097977823114,0.383864868550016,0.96556534279626,11321,"2"
"2396","ABAT",-0.0966483862073062,4.37075479508248,-0.881907608051325,0.383966368150108,0.96556534279626,18,"16"
"2397","CEP57",0.145708273393646,-1.16181395487223,0.881664034494688,0.38409625946304,0.96556534279626,9702,"11"
"2398","TRMT112",0.121705170847978,0.37032377451123,0.881269125316391,0.384306913703215,0.96556534279626,51504,"11"
"2399","ATP5PO",-0.0753309631558765,4.25092112765088,-0.881144421315578,0.384373449205783,0.96556534279626,539,"21"
"2400","SETDB1",0.0986451941915198,-1.33135602924692,0.88105189424205,0.384422821545777,0.96556534279626,9869,"1"
"2401","TAF10",0.295223627186833,-5.14917586088804,0.881002823870035,0.384449007083609,0.96556534279626,6881,"11"
"2402","PYGL",-0.126117105513921,-0.428033787389597,-0.880979173042322,0.384461628337216,0.96556534279626,5836,"14"
"2403","HVCN1",-0.177131552791316,-1.55232851180109,-0.880836879119542,0.384537569011386,0.96556534279626,84329,"12"
"2404","C1orf174",0.145869156559898,-0.987187002366912,0.880325525995274,0.384810551519305,0.96556534279626,339448,"1"
"2405","IDNK",-0.164936637381907,-1.83851052165028,-0.88023371927979,0.3848595750301,0.96556534279626,414328,"9"
"2406","CAMK2G",0.0926487762233588,-0.357268173158186,0.880127584664907,0.384916254409369,0.96556534279626,818,"10"
"2407","ACP2",0.0788483981832704,1.88817584638498,0.880088200478878,0.384937288217188,0.96556534279626,53,"11"
"2408","PITHD1",-0.0777207658744834,1.40861703383903,-0.87991050526556,0.385032198552412,0.96556534279626,57095,"1"
"2409","RETREG3",0.115596728753556,-0.63011398980154,0.879255448133102,0.385382205829766,0.96556534279626,162427,"17"
"2410","NAPRT",-0.197300259251272,1.22804330774647,-0.879022235125809,0.385506864180715,0.96556534279626,93100,"8"
"2411","ANGEL2",-0.115046222636976,-1.88566566456442,-0.879019946407145,0.385508087687173,0.96556534279626,90806,"1"
"2412","PTGES3L-AARSD1",0.054969136617837,0.643569067391952,0.878999690592263,0.385518916177303,0.96556534279626,100885850,"17"
"2413","DDX24",0.0751685352374746,0.1925739809834,0.878941039609193,0.385550271309791,0.96556534279626,57062,"14"
"2414","OGA",0.100367617749562,-0.251772737049696,0.87839514500949,0.385842187550637,0.96556534279626,10724,"10"
"2415","SLC27A6",0.144235942779011,-1.33962878032025,0.878384519324237,0.385847871016639,0.96556534279626,28965,"5"
"2416","NOM1",0.146615748000276,-2.80304973038531,0.878352523112495,0.38586498547124,0.96556534279626,64434,"7"
"2417","RPL39",0.192646828084254,1.5544138460922,0.878157960402617,0.385969065546978,0.96556534279626,6170,"X"
"2418","GIGYF1",0.080747581749701,-1.11217401685863,0.878079147853391,0.386011230909639,0.96556534279626,64599,"7"
"2419","PLSCR4",-0.0952516923066393,-1.82224740246312,-0.877944070100777,0.386083505450237,0.96556534279626,57088,"3"
"2420","AMFR",-0.0718205174475525,-0.489170140595622,-0.877795892570438,0.386162799065469,0.96556534279626,267,"16"
"2421","GOLGA8O",0.12620978233061,-1.78089247841832,0.877617281602569,0.386258392196661,0.96556534279626,728047,"15"
"2422","PIGR",-0.260138731818405,-1.72589769266337,-0.877387238011924,0.386381534447782,0.96556534279626,5284,"1"
"2423","CA11",0.17115231583867,-2.81438821537393,0.877108051104442,0.386531016707413,0.96556534279626,770,"19"
"2424","RP2",-0.0826094545201745,-0.634206084112961,-0.876982999272222,0.386597983911493,0.96556534279626,6102,"X"
"2425","GPM6A",0.129544337453514,-1.71247869076684,0.876411600874642,0.386904070718034,0.96556534279626,2823,"4"
"2426","EXTL3",0.08198880967658,-1.65813689425494,0.875830036041981,0.387215761960664,0.96556534279626,2137,"8"
"2427","SMYD3",0.126756544467573,-1.71246591003261,0.875626648913627,0.387324805570883,0.96556534279626,64754,"1"
"2428","AP1G2",0.116924168053563,0.54807496041655,0.875285656118476,0.387507668702468,0.96556534279626,8906,"14"
"2429","FAXC",-0.130435094838194,-1.9531141816149,-0.874890039155377,0.387719893823971,0.96556534279626,84553,"6"
"2430","PNPLA7",0.0950193363483338,-1.54349891950702,0.874526824494632,0.387914802146941,0.96556534279626,375775,"9"
"2431","KRI1",0.173278507762613,-2.97186943876438,0.874445950750228,0.387958209116969,0.96556534279626,65095,"19"
"2432","PDRG1",-0.198108763482396,-2.74622853922536,-0.873849383753902,0.388278497083785,0.96556534279626,81572,"20"
"2433","CLCN7",-0.0794120955363142,0.174042742974861,-0.873547851577235,0.388440449206116,0.96556534279626,1186,"16"
"2434","PHF10",0.0852405167098911,-0.936894617024093,0.87352893293763,0.388450611788673,0.96556534279626,55274,"6"
"2435","HSD17B4",-0.0759512125960446,2.74701266680652,-0.872551631776615,0.388975821549387,0.96556534279626,3295,"5"
"2436","KRIT1",0.111138518716192,-2.54973041817879,0.872403073037131,0.389055697750725,0.96556534279626,889,"7"
"2437","VCPIP1",0.08840253419721,-1.1155834578759,0.871389467725433,0.389600965334518,0.96556534279626,80124,"8"
"2438","PLA2G15",0.106361229443769,-1.35101438639593,0.871337312717144,0.389629035173756,0.96556534279626,23659,"16"
"2439","CCT6B",0.187747038745308,-2.94560700935455,0.871262268501886,0.389669426243866,0.96556534279626,10693,"17"
"2440","SLC39A7",-0.0857990934264981,2.13007098659135,-0.871142771779314,0.389733748488443,0.96556534279626,7922,"6"
"2441","NPM2",0.1045498598605,0.264882852070761,0.871053595976249,0.389781754096131,0.96556534279626,10361,"8"
"2442","SLC2A2",-0.0721574393069626,-1.94826943631502,-0.870944324785093,0.389840582682654,0.96556534279626,6514,"3"
"2443","UBE2J1",-0.131333268678863,-1.86938955699417,-0.870455531445669,0.390103804504084,0.96556534279626,51465,"6"
"2444","JUNB",-0.128963342159928,0.46029894964735,-0.87042680041636,0.390119280061691,0.96556534279626,3726,"19"
"2445","CANX",-0.0809752353435531,4.10634328534406,-0.870067994774397,0.390312578405235,0.96556534279626,821,"5"
"2446","PIK3CA",-0.113282249547418,-3.40823976928225,-0.869887217641843,0.390409990979286,0.96556534279626,5290,"3"
"2447","TRIO",0.0890235540810397,-0.848928394140274,0.869676070557012,0.390523788070444,0.96556534279626,7204,"5"
"2448","ATP2B1",0.0728009955959852,2.1721495052031,0.869658907382614,0.390533039036867,0.96556534279626,490,"12"
"2449","TMEM104",0.150555725322369,-1.72932561962575,0.869298709590414,0.390727218048548,0.96556534279626,54868,"17"
"2450","DYNLRB1",0.135924289507739,2.14321685401562,0.86902869139881,0.390872822301265,0.96556534279626,83658,"20"
"2451","PALM",-0.143698517006551,-1.17461333760296,-0.868702618092807,0.391048699505191,0.96556534279626,5064,"19"
"2452","LLGL2",0.0582890183290257,1.13004805562866,0.86825246379626,0.391291585878364,0.96556534279626,3993,"17"
"2453","DDX28",0.0694164794503637,-0.730317116902092,0.867918435622516,0.391471876751278,0.96556534279626,55794,"16"
"2454","CGN",0.124051448747088,0.487599053407967,0.867662207679445,0.391610210823422,0.96556534279626,57530,"1"
"2455","GSTA2",-0.35269895947416,4.39858193395366,-0.867650123114613,0.391616735884786,0.96556534279626,2939,"6"
"2456","ENPP1",-0.12158686472236,0.273056936716769,-0.867624820294103,0.391630398367101,0.96556534279626,5167,"6"
"2457","PLIN3",0.156358415964467,1.73586048803821,0.867531803422634,0.391680626247899,0.96556534279626,10226,"19"
"2458","TMTC3",-0.143026010601425,-0.014780457819561,-0.866927739988653,0.392006911840961,0.96556534279626,160418,"12"
"2459","UBE2K",0.112064495547214,0.849962579893827,0.866467676069444,0.392255531391741,0.96556534279626,3093,"4"
"2460","NDUFA2",0.189235862089684,1.05248691604313,0.864759048699251,0.393179751159638,0.96556534279626,4695,"5"
"2461","HABP4",0.136004137702697,-0.10714158131746,0.8645737348369,0.393280072694411,0.96556534279626,22927,"9"
"2462","OSBPL8",0.0704582864296229,-0.169653184690346,0.864558267344378,0.393288446910103,0.96556534279626,114882,"12"
"2463","DECR1",-0.105062624791064,3.75614798369204,-0.863694299405386,0.393756384683887,0.96556534279626,1666,"8"
"2464","NVL",0.130918757017097,-2.74388127704612,0.863252642214853,0.393995728636094,0.96556534279626,4931,"1"
"2465","SLC35B3",0.14218025537417,-1.848248774849,0.86279032510007,0.394246367150376,0.96556534279626,51000,"6"
"2466","ACSS1",-0.209105365422069,-0.0349292357810172,-0.862223428659346,0.394553839306213,0.96556534279626,84532,"20"
"2467","P3H3",0.103176045059558,-2.54545076601168,0.862094267467801,0.394623914676187,0.96556534279626,10536,"12"
"2468","XRCC4",0.0915611363751523,-0.267773259646776,0.861941573970075,0.394706767449486,0.96556534279626,7518,"5"
"2469","MED12",0.129694070673013,-2.55727814931533,0.861467492503518,0.394964078030687,0.96556534279626,9968,"X"
"2470","HECTD1",0.0731703439726854,0.158488190427719,0.860639498643801,0.395413730646433,0.96556534279626,25831,"14"
"2471","MAP9",-0.233344286675108,-5.97434078155947,-0.860339644858781,0.395576649713727,0.96556534279626,79884,"4"
"2472","STON2",0.102180904525726,-3.44513701699091,0.860212102085823,0.395645960157167,0.96556534279626,85439,"14"
"2473","FPGS",-0.113033456738824,-2.94168917356353,-0.859943118750804,0.395792158621625,0.96556534279626,2356,"9"
"2474","TSC22D4",0.124630755788995,-0.837577593167613,0.859556427047287,0.396002393919555,0.96556534279626,81628,"7"
"2475","SLC33A1",-0.0736929385246419,1.01138389618468,-0.859539245449837,0.396011736788854,0.96556534279626,9197,"3"
"2476","PPP4R3B",0.0685602173619956,-0.501667937080671,0.859183535478619,0.396205193091784,0.96556534279626,57223,"2"
"2477","RETREG2",0.108361862602072,-2.1319789908888,0.858960946001754,0.39632628083269,0.96556534279626,79137,"2"
"2478","NCAM1",0.103647609693736,0.160864801880168,0.858401110279888,0.396630932227226,0.96556534279626,4684,"11"
"2479","VKORC1L1",-0.109053030129462,-0.286633373692152,-0.858265362078655,0.396704825907073,0.96556534279626,154807,"7"
"2480","MON1A",-0.125859028918782,-0.898226908349491,-0.858143750970501,0.396771031515615,0.96556534279626,84315,"3"
"2481","PWWP3A",0.250001287590093,-4.18723357915543,0.858092053832922,0.39679917776762,0.96556534279626,84939,"19"
"2482","PAM16",-0.080365385732779,0.481278576843326,-0.858081333891967,0.396805014344168,0.96556534279626,51025,"16"
"2483","TRIM4",0.0810407093146366,3.12301375848987,0.857961166898625,0.396870444138983,0.96556534279626,89122,"7"
"2484","TMSB10",-0.220659609537211,-0.476551094028755,-0.857884063977885,0.396912429531992,0.96556534279626,9168,"2"
"2485","CRYBG1",-0.181037974057272,-2.44140515820127,-0.857681037568811,0.397022998308018,0.96556534279626,202,"6"
"2486","VPS26C",-0.0810018410966759,-0.825245303792925,-0.857315461375739,0.397222141088727,0.96556534279626,10311,"21"
"2487","SV2A",0.109586123347017,1.3933950803402,0.85720638203607,0.397281572795176,0.96556534279626,9900,"1"
"2488","NAPG",-0.104070852005851,1.19114649625873,-0.857002280229272,0.397392792383834,0.96556534279626,8774,"18"
"2489","KMT2B",-0.142565244843488,-2.7569736243115,-0.85685538211742,0.397472852545866,0.96556534279626,9757,"19"
"2490","IFIT1",-0.130381837051409,-0.574241776275207,-0.855919954504307,0.397982903187735,0.96556534279626,3434,"10"
"2491","ARMC5",0.149873192665991,-2.19368193898903,0.855519042816445,0.398201630058338,0.96556534279626,79798,"16"
"2492","TANC2",0.0982096861704675,-1.4979894608875,0.855234563674191,0.398356880254745,0.96556534279626,26115,"17"
"2493","UBE2G2",0.267303276717842,0.0552810133877894,0.855146793746273,0.398404787051751,0.96556534279626,7327,"21"
"2494","SLC7A8",0.12874642000412,1.97967972676756,0.854761535116505,0.398615112718003,0.96556534279626,23428,"14"
"2495","TMEM222",-0.115322852554437,-1.83798942760022,-0.854728251044942,0.398633286890086,0.96556534279626,84065,"1"
"2496","TRIM47",-0.135209122512577,-1.44177454682324,-0.854560428776548,0.398724931175054,0.96556534279626,91107,"17"
"2497","FAM221A",0.0833669129881378,-3.45668593075278,0.854401087588561,0.3988119563748,0.96556534279626,340277,"7"
"2498","PLD3",0.106417865276777,4.05514395967551,0.854336784276856,0.398847079417546,0.96556534279626,23646,"19"
"2499","CISD1",0.0881985872519684,2.22786364304104,0.853472036249774,0.399319601396034,0.96556534279626,55847,"10"
"2500","SUPT7L",0.123270815622522,-1.73995540947035,0.853283698210838,0.399422561079575,0.96556534279626,9913,"2"
"2501","PARL",-0.0758496364525612,-0.302029888272318,-0.853173936258605,0.399482572878077,0.96556534279626,55486,"3"
"2502","RSL24D1",0.131845049007088,-1.71673530836144,0.852719120685688,0.399731301374078,0.96556534279626,51187,"15"
"2503","LPIN3",0.113962541938844,-1.30099067162807,0.852570936840148,0.399812360816756,0.96556534279626,64900,"20"
"2504","ATP5MG",0.131467641746221,3.88374359172963,0.85249793346352,0.399852298877194,0.96556534279626,10632,"11"
"2505","ITGB5",0.15612899777842,-2.11575128168884,0.852282633915531,0.399970097692797,0.96556534279626,3693,"3"
"2506","TMEM260",-0.0891737862613695,-2.18365350835457,-0.85087833700438,0.400738977967311,0.96556534279626,54916,"14"
"2507","LETM2",-0.14958866614815,-4.16353943597316,-0.849968847922471,0.401237435555181,0.96556534279626,137994,"8"
"2508","GEMIN8",-0.110202549352789,-1.14847022167953,-0.849746012457554,0.401359622758544,0.96556534279626,54960,"X"
"2509","POC1B-GALNT4",-0.184121671780845,-4.41791670825355,-0.849134255332966,0.401695186982348,0.96556534279626,100528030,"12"
"2510","MARCKSL1",0.206538098061904,-2.24693547383999,0.849115574288294,0.401705436772344,0.96556534279626,65108,"1"
"2511","RAB40C",0.177651918156743,-0.122535294006447,0.848988983365622,0.401774898146693,0.96556534279626,57799,"16"
"2512","SORD",0.103873476985298,2.97275961192713,0.848774138165814,0.401892802518147,0.96556534279626,6652,"15"
"2513","ATPAF1",0.0617619805096849,-0.261351073708395,0.848559691105456,0.402010510009537,0.96556534279626,64756,"1"
"2514","GSTM1",0.211037695522017,2.0657093465073,0.848490736527458,0.402048362961337,0.96556534279626,2944,"1"
"2515","ST7",-0.0859429152427976,-0.534065328767128,-0.847629415976172,0.402521377169886,0.96556534279626,7982,"7"
"2516","SSR4",-0.115799590624702,3.29837864997799,-0.847234694574533,0.402738263974666,0.96556534279626,6748,"X"
"2517","POLDIP3",0.0966132080415274,0.976939157731123,0.847114251841696,0.402804457971752,0.96556534279626,84271,"22"
"2518","NUBPL",-0.111690872402647,-0.295831234286489,-0.846926799651424,0.402907493171447,0.96556534279626,80224,"14"
"2519","HEBP2",0.111957937196119,1.77861667946177,0.846784882835614,0.402985510310383,0.96556534279626,23593,"6"
"2520","TSTD1",0.177980885595062,0.603682295074793,0.846698175120444,0.403033181532185,0.96556534279626,100131187,"1"
"2521","FOXP1",0.125894188165907,-2.79960182983464,0.846289069764113,0.403258152042575,0.96556534279626,27086,"3"
"2522","GUF1",-0.0756258323029089,-1.49301621176524,-0.846221674721168,0.403295220683847,0.96556534279626,60558,"4"
"2523","TADA1",0.0951830053805036,-2.06555647589595,0.846169916028751,0.403323690461939,0.96556534279626,117143,"1"
"2524","TTI1",0.0882609393925708,-0.967664188493148,0.845831535618521,0.403509846985119,0.96556534279626,9675,"20"
"2525","PRPF38B",-0.114724722855826,-1.02672598805563,-0.845729414826171,0.403566038247981,0.96556534279626,55119,"1"
"2526","VAV3",0.215987338091427,-2.54187076675429,0.845611167430026,0.40363110917624,0.96556534279626,10451,"1"
"2527","RIC8B",0.10726841233002,-1.09909005801557,0.845534016459387,0.403673568491126,0.96556534279626,55188,"12"
"2528","CHMP1B",-0.0645496519428683,2.12437223274057,-0.845003021334278,0.403965872434471,0.96556534279626,57132,"18"
"2529","NDRG3",0.0779361786504343,-0.339797158214127,0.843910098752304,0.404567924283544,0.96556534279626,57446,"20"
"2530","CDK14",0.104736527365594,-0.628455541533069,0.843832520969244,0.404610680393794,0.96556534279626,5218,"7"
"2531","PPM1E",-0.111569030415271,-0.00683254387507592,-0.843559795403951,0.404761012376898,0.96556534279626,22843,"17"
"2532","LDHD",-0.136504482676443,-1.21804885229892,-0.843517353389511,0.404784410430729,0.96556534279626,197257,"16"
"2533","TYK2",0.134729588417694,-1.96902276524367,0.843445608774593,0.404823964770821,0.96556534279626,7297,"19"
"2534","HIBCH",-0.102526734509843,2.25367908999675,-0.843384111199395,0.404857871619765,0.96556534279626,26275,"2"
"2535","SELENOM",0.212793207221945,-3.39994908963962,0.84311240344608,0.405007699623336,0.96556534279626,140606,"22"
"2536","CCDC117",-0.241066959068201,-0.928217789020345,-0.842552737345226,0.405316425771749,0.96556534279626,150275,"22"
"2537","RHPN2",-0.157674552471414,-1.7365887064896,-0.842258491352136,0.405478798283066,0.96556534279626,85415,"19"
"2538","ATG101",-0.178592044685757,-5.59576519898388,-0.842165509757079,0.405530116357962,0.96556534279626,60673,"12"
"2539","GPATCH1",0.163464332015535,-4.0321378745353,0.841699952504075,0.405787126013735,0.96556534279626,55094,"19"
"2540","DPCD",0.0694130406615816,0.120809142818794,0.841316187402543,0.405999058899456,0.96556534279626,25911,"10"
"2541","CCDC137",0.148137062952132,-2.96967404130955,0.841241162794805,0.406040499031454,0.96556534279626,339230,"17"
"2542","SMC5",-0.100655244307545,-1.21305259472991,-0.841169251440424,0.406080222021408,0.96556534279626,23137,"9"
"2543","ECHDC3",-0.119374476808637,1.78605559755455,-0.840900739515059,0.406228566278297,0.96556534279626,79746,"10"
"2544","GYG1",0.157021647758756,2.71229750322874,0.840119542621699,0.406660344681061,0.96556534279626,2992,"3"
"2545","B2M",0.145605394930816,2.32666935881966,0.840082329528482,0.406680920009226,0.96556534279626,567,"15"
"2546","NTAN1",0.157968997462161,-2.81376209305799,0.839587761557823,0.406954431008941,0.96556534279626,123803,"16"
"2547","SLC16A1",-0.198211446097407,-3.84983173570635,-0.838962984897104,0.407300115099222,0.96556534279626,6566,"1"
"2548","ARL5A",-0.124584335244336,-2.54460229104499,-0.838952681933223,0.407305817181386,0.96556534279626,26225,"2"
"2549","TPBG",-0.157799390910502,-1.59981757700836,-0.838915133189418,0.407326598614655,0.96556534279626,7162,"6"
"2550","CHDH",-0.0944632304410149,1.69067252233301,-0.838451397282641,0.407583308674442,0.96556534279626,55349,"3"
"2551","RCC1",-0.0983838438686959,1.68029791367115,-0.838400203527219,0.407611654147701,0.96556534279626,1104,"1"
"2552","BAG2",0.0774981113872658,0.204315679704708,0.838113287412994,0.407770539454381,0.96556534279626,9532,"6"
"2553","NTPCR",0.098120133142697,1.05241575456513,0.83786607051737,0.407907471463842,0.96556534279626,84284,"1"
"2554","FBXO42",0.127241730429366,-1.63307264572208,0.837749712071651,0.407971931635729,0.96556534279626,54455,"1"
"2555","ANGEL1",-0.112636544174857,-1.34442484923403,-0.837740477177276,0.407977047847623,0.96556534279626,23357,"14"
"2556","DYNC1LI2",0.0868488088086248,1.74412991814776,0.837419518098492,0.40815488677402,0.96556534279626,1783,"16"
"2557","CBLB",0.0910634233016452,-2.16932998986107,0.836883467243285,0.408452012542192,0.96556534279626,868,"3"
"2558","MICAL3",0.0921739814847403,-0.162303698726153,0.836824482188002,0.408484715376293,0.96556534279626,57553,"22"
"2559","RPL10A",-0.0814520057790107,4.43293744681565,-0.836743092652389,0.408529842504547,0.96556534279626,4736,"6"
"2560","MAP1B",0.13561654626842,2.70027616602967,0.836685736326201,0.408561646074955,0.96556534279626,4131,"5"
"2561","SLC25A21",-0.0971497630564555,-0.945253268126894,-0.836667656584394,0.408571671449343,0.96556534279626,89874,"14"
"2562","EIF4B",0.0765297213289813,2.25702669389647,0.836624982215723,0.408595335365229,0.96556534279626,1975,"12"
"2563","SUMF1",-0.107047843313434,-1.18577735815102,-0.836339106279899,0.408753882100128,0.96556534279626,285362,"3"
"2564","SQLE",-0.16869261326063,-3.86432511525119,-0.836232903361725,0.40881279195787,0.96556534279626,6713,"8"
"2565","CFDP1",0.100007697614385,-0.592067473573147,0.836120003337809,0.408875422429989,0.96556534279626,10428,"16"
"2566","S100A7",-0.154002395448862,-1.32204861624852,-0.836087022927022,0.408893719199908,0.96556534279626,6278,"1"
"2567","OXSM",0.0656143041751738,-0.786041579009985,0.835304533724363,0.409327975382025,0.96556534279626,54995,"3"
"2568","SSH3",-0.0781082500103724,-0.737056857671534,-0.834706820452109,0.409659879835326,0.96556534279626,54961,"11"
"2569","SCAF1",0.0950042546965513,-0.113017889922811,0.834568511313272,0.40973670537861,0.96556534279626,58506,"19"
"2570","DTD2",-0.166539502139338,-2.79232965364516,-0.834207330266983,0.40993737009383,0.96556534279626,112487,"14"
"2571","SLC27A3",-0.0900057444501863,-0.134422098672571,-0.833944635613665,0.410083356122054,0.96556534279626,11000,"1"
"2572","TMEM205",-0.0786691756971094,3.17795490621626,-0.833802887276216,0.410162142641237,0.96556534279626,374882,"19"
"2573","BCLAF1",0.0871384915910163,2.57576683439891,0.833745215910989,0.410194200210863,0.96556534279626,9774,"6"
"2574","VARS2",-0.0841414839371608,-1.01246878723893,-0.833639331141776,0.410253062036082,0.96556534279626,57176,"6"
"2575","PLS1",0.0953314992675809,1.287000498843,0.833560177990773,0.410297067056528,0.96556534279626,5357,"3"
"2576","MYO5A",0.0712710908807841,1.15068822439435,0.833527000709461,0.410315512764301,0.96556534279626,4644,"15"
"2577","IRAK4",0.0910273513287738,-0.356097429145681,0.832610940339781,0.41082502179381,0.96556534279626,51135,"12"
"2578","LARGE2",0.131177952720364,-1.92054792596902,0.831707440487871,0.411327928857894,0.96556534279626,120071,"11"
"2579","RRP8",0.120275703868576,-1.43880430740428,0.831647352020162,0.411361388892556,0.96556534279626,23378,"11"
"2580","CORO1A",-0.157155597666976,-1.17267429890375,-0.831481177755995,0.411453931182324,0.96556534279626,11151,"16"
"2581","IDH2",-0.144680336492586,3.13900812954244,-0.830811670601087,0.411826909762744,0.96556534279626,3418,"15"
"2582","LMCD1",0.153270465233392,2.71047859417141,0.82939574667518,0.412616402356942,0.96556534279626,29995,"3"
"2583","PSPC1",0.0808466889165689,1.87368552904857,0.829193490681016,0.412729252909594,0.96556534279626,55269,"13"
"2584","NUDCD3",-0.0758109680130027,-0.491111268714225,-0.8289715286782,0.412853120585426,0.96556534279626,23386,"7"
"2585","P4HA1",-0.124052448977929,0.0409285491363615,-0.828913560877728,0.412885473768769,0.96556534279626,5033,"10"
"2586","SYNRG",0.0795279626681182,2.52167380113262,0.828792897552087,0.412952823819595,0.96556534279626,11276,"17"
"2587","ARHGAP24",-0.150869287535787,0.0591465017202564,-0.82848472223806,0.413124867350997,0.96556534279626,83478,"4"
"2588","UTP11",-0.0979967010168195,-1.78359058145476,-0.8282877040807,0.413234878945176,0.96556534279626,51118,"1"
"2589","KRT19",-0.244011260892626,5.23731101233178,-0.828141555878225,0.41331649732327,0.96556534279626,3880,"17"
"2590","LHPP",0.0868687188144763,2.34722968694512,0.827954576166391,0.413420933126532,0.96556534279626,64077,"10"
"2591","OVCA2",-0.125564250072742,-2.18441998730937,-0.827701656166146,0.413562225232042,0.96556534279626,124641,"17"
"2592","ITPA",-0.149763557898889,0.790828967679184,-0.827665635264584,0.413582350501566,0.96556534279626,3704,"20"
"2593","UBAP1",0.0945923932863879,-1.17940816762982,0.827650294486899,0.413590921744753,0.96556534279626,51271,"9"
"2594","COPS7B",0.0800190085976522,0.933226352037624,0.827551257546463,0.413646258590059,0.96556534279626,64708,"2"
"2595","PGR",0.11312554037219,-1.45156399135264,0.827286711156727,0.413794096203163,0.96556534279626,5241,"11"
"2596","TOLLIP",0.0931523960529694,1.93562053826957,0.827087997141564,0.413905165897264,0.96556534279626,54472,"11"
"2597","FCHSD1",0.116150618460156,-1.83461007320005,0.826108435268479,0.414452953786708,0.96556534279626,89848,"5"
"2598","CARM1",0.0731471831184593,0.0542145261520031,0.824910994835724,0.415123190967638,0.96556534279626,10498,"19"
"2599","CACNA1H",-0.120808993153222,-2.47029071398536,-0.824823729158976,0.415172061871258,0.96556534279626,8912,"16"
"2600","PFDN2",0.108149771172497,1.74210825805688,0.824803891735844,0.415183171806407,0.96556534279626,5202,"1"
"2601","SGCB",0.102929948348507,-2.72127631306702,0.824637456046561,0.415276391225348,0.96556534279626,6443,"4"
"2602","PRMT3",0.115875606784465,-3.18058884524761,0.824578071270183,0.415309655332158,0.96556534279626,10196,"11"
"2603","HAUS5",0.159480117994019,-4.36079732040503,0.824442138066095,0.415385803873157,0.96556534279626,23354,"19"
"2604","ORC3",0.0800483137550036,-0.692833277758621,0.82382249274686,0.415733032634984,0.96556534279626,23595,"6"
"2605","CDH5",-0.107902090770275,-0.557119141561298,-0.823290019766769,0.416031555840029,0.96556534279626,1003,"16"
"2606","LCN1",-0.206090308090661,-1.9738700085407,-0.822977474109178,0.416206841529444,0.96556534279626,3933,"9"
"2607","SYNJ2",0.0877905309823091,-0.33658372912049,0.822734440060849,0.416343174317877,0.96556534279626,8871,"6"
"2608","LYAR",0.10082998671549,-1.66896357480481,0.822554613888992,0.416444067621062,0.96556534279626,55646,"4"
"2609","SIK3",0.0757822638965148,0.0459377464031486,0.822204267102729,0.416640676509273,0.96556534279626,23387,"11"
"2610","APCS",0.0712053563864361,-1.29380047679286,0.822041711887352,0.416731919254667,0.96556534279626,325,"1"
"2611","TGM2",0.147650812886406,3.56273389292448,0.821947278484205,0.416784930667276,0.96556534279626,7052,"20"
"2612","ECM1",-0.12873111125893,-1.88417750540492,-0.821800919921504,0.4168670991462,0.96556534279626,1893,"1"
"2613","DMWD",0.136818339027682,-2.79056614060143,0.821550483946506,0.417007721800293,0.96556534279626,1762,"19"
"2614","FLG2",0.233756491701232,-1.25119571458213,0.821438459101513,0.417070634481308,0.96556534279626,388698,"1"
"2615","ARL2",-0.0700704630777552,0.630234470315169,-0.8209003615835,0.417372909221828,0.96556534279626,402,"11"
"2616","B3GNT7",-0.191623094030047,-2.42824981872,-0.820323003328573,0.417697388477132,0.96556534279626,93010,"2"
"2617","TAPBPL",0.123674405231857,-0.0806303277428725,0.820223340317533,0.417753415469077,0.96556534279626,55080,"12"
"2618","MAOB",0.0909361367748311,3.54222952098018,0.819926505544463,0.417920312785592,0.96556534279626,4129,"X"
"2619","VPS37C",0.0833413129272425,-0.880296840140043,0.819865302963051,0.417954729441322,0.96556534279626,55048,"11"
"2620","MAZ",0.108635388228155,-1.21573254409784,0.819863576537616,0.417955700304571,0.96556534279626,4150,"16"
"2621","SEC61B",0.141194127997514,3.51526716643887,0.819708693210157,0.418042805297058,0.96556534279626,10952,"9"
"2622","WNK2",-0.0956000592325984,-0.949255351879197,-0.819226157888789,0.418314250391626,0.96556534279626,65268,"9"
"2623","ATP13A2",0.0894551119471818,-1.07047252846065,0.818336955975334,0.418814745182937,0.96556534279626,23400,"1"
"2624","AMDHD2",0.111391533416873,-1.14858246987715,0.817967372615397,0.419022876493867,0.96556534279626,51005,"16"
"2625","IFI16",-0.137017365556571,-1.12191769586289,-0.816965570011516,0.419587362274294,0.96556534279626,3428,"1"
"2626","ARRDC1",-0.100191035264707,-1.36044621667463,-0.815576900277309,0.420370607713616,0.96556534279626,92714,"9"
"2627","EIF2D",-0.0970651011482967,-0.566573697521116,-0.815330512472543,0.42050967038359,0.96556534279626,1939,"1"
"2628","P3H4",-0.126812671445569,-1.0482605550028,-0.815234680232378,0.420563766260917,0.96556534279626,10609,"17"
"2629","PNPLA4",0.130233768001441,-0.507248969706769,0.815212201724704,0.420576455662719,0.96556534279626,8228,"X"
"2630","MRPS6",-0.152590249872515,-0.797965144795473,-0.814993889047813,0.420699708140852,0.96556534279626,64968,"21"
"2631","POLB",0.0608024168902311,0.356604499752646,0.814629311599593,0.420905586476213,0.96556534279626,5423,"8"
"2632","GGT5",-0.197495081169439,0.297037226759532,-0.814542912860015,0.420954385238199,0.96556534279626,2687,"22"
"2633","ZNF281",0.141829817623881,-4.73840290806262,0.814407093530272,0.421031104190434,0.96556534279626,23528,"1"
"2634","NCOR2",0.102530168061002,0.105712014446922,0.814043059979865,0.421236774562334,0.96556534279626,9612,"12"
"2635","ZC3H7A",0.24368314821497,-1.29347872471053,0.813976112687345,0.421274604904192,0.96556534279626,29066,"16"
"2636","ODF2",0.120767443056233,-0.995563760195166,0.813800769096635,0.421373697311969,0.96556534279626,4957,"9"
"2637","IDS",0.179862076397625,-2.64183878316797,0.812874313657378,0.421897504625256,0.96556534279626,3423,"X"
"2638","NDUFA11",-0.0899931254431736,2.1717588751493,-0.812511197540642,0.422102915023917,0.96556534279626,126328,"19"
"2639","SRGAP2",0.0783523119154322,0.11454137453091,0.812418364685368,0.422155439271873,0.96556534279626,23380,"1"
"2640","ACTL6B",0.0814051351083431,0.0358435422793002,0.811914553413874,0.422440562290406,0.96556534279626,51412,"7"
"2641","ADH1B",-0.157117287582321,3.05044192141462,-0.811837621270603,0.422484111034314,0.96556534279626,125,"4"
"2642","PLXNC1",0.132653288846266,-1.46176241814341,0.811765106197915,0.422525161935042,0.96556534279626,10154,"12"
"2643","RELB",-0.131999220191781,-1.73701402697231,-0.811297717850667,0.422789809785516,0.96556534279626,5971,"19"
"2644","ISCA2",0.104726328669833,-0.693924693639833,0.811271479563959,0.422804669613753,0.96556534279626,122961,"14"
"2645","PDK4",-0.298781316640195,0.0806540765034522,-0.81037966952016,0.423309928475188,0.96556534279626,5166,"7"
"2646","PPP1R12C",0.0796054715060414,0.00456235452773151,0.810050989641435,0.423496236524664,0.96556534279626,54776,"19"
"2647","TMEM181",0.0978186557274483,-0.848120956405575,0.80999932653756,0.423525525660784,0.96556534279626,57583,"6"
"2648","IFT27",0.07865026484074,0.396399102862346,0.80980890759741,0.423633489720797,0.96556534279626,11020,"22"
"2649","GCSH",-0.158689652865003,-1.69630960331204,-0.8096357537442,0.423731679388032,0.96556534279626,2653,"16"
"2650","MRPL42",0.0938020708645322,-2.08921054956923,0.809589942580689,0.423757659668028,0.96556534279626,28977,"12"
"2651","SERPINA4",-0.24018739875468,-1.51402802651682,-0.808811598267465,0.424199220498794,0.96556534279626,5267,"14"
"2652","GPT2",0.191648393832823,-1.42046225480825,0.808697357877192,0.42426405360278,0.96556534279626,84706,"16"
"2653","HSPA2",-0.0725852244365848,1.56043690901946,-0.808404222784761,0.424430439759792,0.96556534279626,3306,"14"
"2654","ALB",-0.236630304059145,7.36420387684004,-0.80836140193493,0.424454748599204,0.96556534279626,213,"4"
"2655","QSER1",0.136794162466105,1.63602905372895,0.807699842498111,0.424830415259732,0.96556534279626,79832,"11"
"2656","TRAPPC6B",0.0703967732057958,0.735586012634067,0.806431132727996,0.425551419665235,0.96556534279626,122553,"14"
"2657","TBCK",0.0886604510822261,-1.23832994777854,0.806368722437517,0.425586906508002,0.96556534279626,93627,"4"
"2658","AP4E1",0.189452349509997,-3.36415348497283,0.806350093295549,0.425597499492653,0.96556534279626,23431,"15"
"2659","CADM1",0.128546234657013,0.78137506824778,0.806156125052621,0.425707804116487,0.96556534279626,23705,"11"
"2660","NDRG4",-0.131387659197857,-1.53208797692213,-0.806080981972847,0.425750540686184,0.96556534279626,65009,"16"
"2661","DERA",-0.0647470188201373,1.40628154977289,-0.805693066217117,0.42597120390326,0.96556534279626,51071,"12"
"2662","MTSS1",0.0969198426697783,-0.446760049889037,0.805519916791408,0.426069721256314,0.96556534279626,9788,"8"
"2663","DGUOK",-0.0692171654432472,2.01887221681728,-0.805366058164195,0.426157274311747,0.96556534279626,1716,"2"
"2664","STXBP5L",0.118604042898263,-0.865231255736832,0.804360805179655,0.426729581913311,0.96556534279626,9515,"3"
"2665","SMIM12",0.133888424155459,-2.79104769847784,0.803929592671489,0.426975221849502,0.96556534279626,113444,"1"
"2666","CBFB",0.0733967836990977,0.691607072121245,0.80385501132789,0.427017715792433,0.96556534279626,865,"16"
"2667","SNX12",0.0737867142695152,1.5293886594491,0.803653086134635,0.427132778896738,0.96556534279626,29934,"X"
"2668","TPM2",0.186092599505223,-2.09230130326799,0.803642929824249,0.42713856676893,0.96556534279626,7169,"9"
"2669","RPL22L1",-0.196383377276247,-0.992883735912957,-0.803495380718326,0.427222657349036,0.96556534279626,200916,"3"
"2670","GTF2A1",0.140198676421099,-2.50275567607401,0.803092343632794,0.427452405913567,0.96556534279626,2957,"14"
"2671","CD55",0.119315621017869,-0.688096407132633,0.802801752601762,0.427618101979717,0.96556534279626,1604,"1"
"2672","TEPSIN",-0.190702760511565,-5.88553400548324,-0.802652172923796,0.427703408082868,0.96556534279626,146705,"17"
"2673","FBXO2",-0.0906710698752361,-0.751073995129252,-0.802648686965841,0.42770539626701,0.96556534279626,26232,"1"
"2674","PAM",0.107403018543222,3.20565419896664,0.802337844293418,0.427882705124939,0.96556534279626,5066,"5"
"2675","TADA2B",0.134489092528675,-3.49692696628827,0.802291960619688,0.427908881576345,0.96556534279626,93624,"4"
"2676","RPL7",-0.07481155111953,4.74045356871367,-0.801493174299853,0.428364741932021,0.96556534279626,6129,"8"
"2677","GMIP",0.22107099398009,-4.73461610947439,0.801418769715071,0.428407218993836,0.96556534279626,51291,"19"
"2678","NBEA",0.101042532826688,1.06063773645317,0.801291558078236,0.428479849163196,0.96556534279626,26960,"13"
"2679","ZBED1",0.122186523418531,-1.78425219216211,0.801284048932518,0.428484136666132,0.96556534279626,9189,"c(""X"", ""Y"")"
"2680","RABL6",0.0783893268065972,1.23695079020112,0.800666548732731,0.428836800433179,0.96556534279626,55684,"9"
"2681","MFSD3",-0.109000071661445,-1.43623164380356,-0.800622148711286,0.42886216475202,0.96556534279626,113655,"8"
"2682","SLC41A3",0.086128509761596,-1.74876519288351,0.800609500155093,0.428869390636239,0.96556534279626,54946,"3"
"2683","VPS25",0.0782377454770571,0.645018097108152,0.800122651671086,0.429147574274103,0.96556534279626,84313,"17"
"2684","DHX8",0.075294286481862,-0.785467416004,0.800049860503671,0.429189176320504,0.96556534279626,1659,"17"
"2685","ANKRD12",0.193904745503984,-5.05895475290892,0.799978279853828,0.429230088911683,0.96556534279626,23253,"18"
"2686","LARS2",-0.0654932544154274,1.29129297892267,-0.799362324318398,0.429582241881108,0.96556534279626,23395,"3"
"2687","ELMO3",-0.116361025634388,-1.31921791731063,-0.798692853960313,0.42996518896798,0.96556534279626,79767,"16"
"2688","NPM3",0.102002887659385,-2.05176766915755,0.798330102443658,0.430172774724378,0.96556534279626,10360,"10"
"2689","GATD1",0.0911540044722078,0.632614821208464,0.798316683762449,0.430180454774337,0.96556534279626,347862,"11"
"2690","DMBT1",-0.252646510274001,-1.28282541620461,-0.797815192926407,0.430467537713484,0.96556534279626,1755,"10"
"2691","ATOX1",0.149197667648339,-0.834175066794381,0.797745577851482,0.430507398665024,0.96556534279626,475,"5"
"2692","UBE2V2",0.0928394344153656,2.97217484298628,0.797128265012027,0.430860964171154,0.96556534279626,7336,"8"
"2693","RIPK1",0.0652947804172578,-0.485930429139945,0.797022719661003,0.43092143280232,0.96556534279626,8737,"6"
"2694","PYCR3",-0.059319205471698,0.213797711246589,-0.796984193593386,0.430943506287386,0.96556534279626,65263,"8"
"2695","S100A13",0.288555015016727,-2.19152850958744,0.796857243787211,0.431016246941588,0.96556534279626,6284,"1"
"2696","RAB6B",0.0917980759732524,0.740421213343428,0.796581027584444,0.4311745410673,0.96556534279626,51560,"3"
"2697","SIRT1",0.105172301791817,-1.53975669905902,0.796093254163791,0.431454160470135,0.96556534279626,23411,"10"
"2698","DCDC2",0.165513862608322,-2.00379645279705,0.795881819894447,0.43157540068633,0.96556534279626,51473,"6"
"2699","SEPTIN4",0.140218633924909,-2.56141271454911,0.795779363174181,0.431634158630404,0.96556534279626,5414,"17"
"2700","DTWD2",-0.080021273257469,-1.03006499208868,-0.795681536363307,0.431690265883954,0.96556534279626,285605,"5"
"2701","IRF2BP2",0.0826018191060114,-0.801728444433792,0.795612109180528,0.431730087589743,0.96556534279626,359948,"1"
"2702","ELOB",0.0817254102207097,1.91604394191893,0.795172996946739,0.431982002935158,0.96556534279626,6923,"16"
"2703","SYNJ1",0.0783421629596764,0.125869899694389,0.794993563776473,0.432084967966196,0.96556534279626,8867,"21"
"2704","LYRM1",0.119283068408661,-1.88459707189185,0.794928271515309,0.432122438633492,0.96556534279626,57149,"16"
"2705","SAMD4A",-0.141743843613089,-1.73115245741176,-0.794295784346994,0.432485519306374,0.96556534279626,23034,"14"
"2706","MLEC",-0.0889727165120928,2.78742256557557,-0.794281586306395,0.432493671839426,0.96556534279626,9761,"12"
"2707","DHRS3",-0.150019907707834,-0.344375235800324,-0.794256040347251,0.43250834059578,0.96556534279626,9249,"1"
"2708","KANK2",-0.108559776653502,0.265643065751111,-0.793696467649894,0.43282972852548,0.96556534279626,25959,"19"
"2709","TMEM230",0.072761386330498,0.862234741820559,0.793642608614576,0.432860669819944,0.96556534279626,29058,"20"
"2710","ACAD9",0.0523353890846545,2.33633378193303,0.793526522484697,0.432927364291986,0.96556534279626,28976,"3"
"2711","AKR1B1",0.0686127250247814,4.04092708773392,0.792783827636155,0.433354208540096,0.96556534279626,231,"7"
"2712","TAB2",0.0752262843162721,-2.04197753291284,0.792743661709009,0.433377300088431,0.96556534279626,23118,"6"
"2713","PRDX5",0.0985625936397154,4.5593099388275,0.792180295596082,0.433701259766112,0.96556534279626,25824,"11"
"2714","GRK3",-0.114070381430955,-2.26055905656316,-0.791447120570136,0.43412308572032,0.96556534279626,157,"22"
"2715","CERS1",-0.185354373217935,-3.91694079740526,-0.791313840329391,0.434199793945798,0.96556534279626,10715,"19"
"2716","PIGB",-0.120493396394753,-1.42884725941712,-0.79088525543661,0.434446517490538,0.96556534279626,9488,"15"
"2717","RARS2",-0.0592894792246288,0.491761702802064,-0.790706579217944,0.43454940103267,0.96556534279626,57038,"6"
"2718","STXBP1",0.102227385944577,3.82097102199864,0.789861925596326,0.435035959858353,0.96556534279626,6812,"9"
"2719","FAR1",-0.0791608087380815,-1.09564693810834,-0.789824887199324,0.435057303168927,0.96556534279626,84188,"11"
"2720","CPE",0.128752729530679,5.900087528112,0.789712197726891,0.435122244158601,0.96556534279626,1363,"4"
"2721","AFAP1",0.114705055089882,-2.40194249743705,0.789530548395052,0.435226937817727,0.96556534279626,60312,"4"
"2722","OPA1",0.0618949226447829,2.48975340547128,0.789439549956169,0.435279390507742,0.96556534279626,4976,"3"
"2723","IGFBP3",-0.1783583333997,-1.20952042015857,-0.789301345694787,0.435359060536223,0.96556534279626,3486,"7"
"2724","KCNJ8",0.0892034864262188,-2.57268848992993,0.789177193093994,0.43543063775382,0.96556534279626,3764,"12"
"2725","LBR",-0.076880502763963,0.736032371418942,-0.789086827091096,0.435482740572953,0.96556534279626,3930,"1"
"2726","SERPINA10",-0.150004445761974,-2.18997013010546,-0.788013858034605,0.436101675183277,0.96556534279626,51156,"14"
"2727","ARGLU1",0.0814107396097561,1.92846831923817,0.787867934693158,0.43618589091741,0.96556534279626,55082,"13"
"2728","NPEPL1",0.0738877736424207,0.731842197058977,0.787025954094488,0.436672008541422,0.96556534279626,79716,"20"
"2729","C2CD2L",0.095874258816695,-1.70666941251591,0.787013686770934,0.436679093490398,0.96556534279626,9854,"11"
"2730","SDF2",-0.126237644506319,-2.17141378848813,-0.786592022033589,0.436922666491126,0.96556534279626,6388,"17"
"2731","PARD6A",0.159299680600745,-3.77447881669371,0.786471075898951,0.436992545632345,0.96556534279626,50855,"16"
"2732","CYP20A1",-0.0695494109905817,0.202707675503739,-0.786113411384093,0.437199233052191,0.96556534279626,57404,"2"
"2733","MAP7",0.0813732326260204,2.14712343652927,0.784669574542717,0.438034195758861,0.96556534279626,9053,"6"
"2734","PPM1F",-0.0677198224634042,-0.00139019658923557,-0.784428295757054,0.438173819253243,0.96556534279626,9647,"22"
"2735","BZW1",-0.0675402010945074,1.91736856447852,-0.784003856124679,0.438419499326321,0.96556534279626,9689,"2"
"2736","UBQLN2",0.116465465162995,0.378732331909426,0.783684230201412,0.438604564233699,0.96556534279626,29978,"X"
"2737","INA",0.128738111547009,1.3249254049233,0.783535135310012,0.438690906907311,0.96556534279626,9118,"10"
"2738","KIF21A",0.0826098910733459,1.1187559735603,0.783377866376327,0.438781994321529,0.96556534279626,55605,"12"
"2739","PTER",-0.0889557542328427,1.65747903272621,-0.783322910494021,0.438813826482193,0.96556534279626,9317,"10"
"2740","TBC1D12",0.0814793828618983,-1.81008229742861,0.783289809863324,0.438833000068213,0.96556534279626,23232,"10"
"2741","TAF15",0.0752472973834749,-0.833930942989679,0.783261443770876,0.43884943156635,0.96556534279626,8148,"17"
"2742","MMP2",-0.117644278025725,-2.88012049770186,-0.783248153396198,0.438857130348596,0.96556534279626,4313,"16"
"2743","BLOC1S2",0.150382264588253,-0.498689580290278,0.783231860468113,0.438866568545625,0.96556534279626,282991,"10"
"2744","SLC8A1",-0.209917577890953,-1.69329632620999,-0.782989578316469,0.4390069325604,0.96556534279626,6546,"2"
"2745","ACADM",-0.109257870981295,3.29478284352162,-0.782000318832953,0.439580330648025,0.96556534279626,34,"1"
"2746","DOP1A",0.108683008767087,-1.17882077319327,0.78168337868685,0.439764131532486,0.96556534279626,23033,"6"
"2747","UBE2F",-0.0859261882127027,-1.49512183863969,-0.781660988279019,0.439777117986832,0.96556534279626,140739,"2"
"2748","GUCY1A2",-0.112139924956306,-1.96005700932011,-0.781480863809636,0.439881598683215,0.96556534279626,2977,"11"
"2749","TRAPPC14",0.183071639277279,-0.143936126592673,0.781387018092924,0.439936039522418,0.96556534279626,55262,"7"
"2750","BLOC1S1",0.0799374326327955,-0.0304467502627432,0.781257744827011,0.440011038847715,0.96556534279626,2647,"12"
"2751","ADPGK",-0.0758666393540042,-0.854600242292335,-0.781007587182421,0.440156192343709,0.96556534279626,83440,"15"
"2752","HDHD3",-0.0557676405499883,1.68688277512793,-0.780725688926825,0.440319797636768,0.96556534279626,81932,"9"
"2753","HS3ST3B1",0.119433870202728,-0.913098223377638,0.780542235249195,0.440426288209188,0.96556534279626,9953,"17"
"2754","UNC93B1",0.0941259658618236,-1.13567636084169,0.780510460158006,0.44044473447382,0.96556534279626,81622,"11"
"2755","HEXD",0.0927688653278551,-1.61650151066252,0.780344253572152,0.440541229246391,0.96556534279626,284004,"17"
"2756","DUS3L",0.0873473722508975,-1.68757357334638,0.779370856597945,0.441106609666964,0.96556534279626,56931,"19"
"2757","TRIM46",-0.100419581139711,-1.97680780409662,-0.779051795998241,0.441292024807033,0.96556534279626,80128,"1"
"2758","RUSC1",0.120087167248655,-1.74802684002789,0.778570000926006,0.441572097887503,0.96556534279626,23623,"1"
"2759","PABPN1",0.0906803008877142,1.38650630282426,0.777885572162925,0.441970146985833,0.96556534279626,8106,"14"
"2760","SMN1",0.0678123363008178,-0.797486504671891,0.777638006487826,0.442114178675578,0.96556534279626,6606,"5"
"2761","FBRS",0.126121627298978,-1.48414773658377,0.777476842682527,0.44220795753402,0.96556534279626,64319,"16"
"2762","TMEM11",0.072592957011528,1.96063768374151,0.777178156180599,0.442381790258364,0.96556534279626,8834,"17"
"2763","SFXN5",-0.0744851492472347,0.328431674982462,-0.776509690078983,0.442770979098152,0.96556534279626,94097,"2"
"2764","JAM3",0.0901232877250262,0.122552793238929,0.776492342908304,0.442781081546131,0.96556534279626,83700,"11"
"2765","ALDH1A3",-0.174722374131538,0.745976934247126,-0.77606135340359,0.443032120496464,0.96556534279626,220,"15"
"2766","ATP6V1F",0.154587654981042,-0.699263065574338,0.775544314610278,0.443333392740578,0.96556534279626,9296,"7"
"2767","MYL6B",0.0792933229787109,-1.62237235866955,0.775494320559119,0.443362530149043,0.96556534279626,140465,"12"
"2768","LDLRAP1",0.0715219959003449,-0.334630206196293,0.775378911705663,0.443429796812919,0.96556534279626,26119,"1"
"2769","RAC2",0.106183808396258,-1.14877850434891,0.775328420385238,0.443459227862047,0.96556534279626,5880,"22"
"2770","MYO5B",0.0611333925900011,0.278614200811305,0.775094394379764,0.443595655255302,0.96556534279626,4645,"18"
"2771","NAP1L5",0.106336457183651,-1.0285255265506,0.774604720497663,0.443881195672618,0.96556534279626,266812,"4"
"2772","MPC2",-0.0784185629729017,1.59692789965026,-0.774477290400237,0.443955521143026,0.96556534279626,25874,"1"
"2773","PPP2R2D",0.0754200232690801,0.328209880285189,0.773982120164491,0.444244406864258,0.96556534279626,55844,"10"
"2774","UBR2",0.131873323595449,-2.03921845838374,0.773801084566604,0.444350052240115,0.96556534279626,23304,"6"
"2775","SLC7A1",-0.0730410272237447,0.676084802704892,-0.77365205801603,0.444437029607705,0.96556534279626,6541,"13"
"2776","HFE",-0.11569133005411,-2.50188095722659,-0.773558915330669,0.44449139625072,0.96556534279626,3077,"6"
"2777","GSTT1",-0.198802788360121,1.97909287282504,-0.773266193161283,0.444662281641236,0.96556534279626,2952,"22"
"2778","AACS",0.0646276237712675,0.846638746130519,0.773258210575449,0.444666942264474,0.96556534279626,65985,"12"
"2779","MRPL53",0.0812185976310026,0.52284200855182,0.773220065255491,0.444689213765896,0.96556534279626,116540,"2"
"2780","IDH3A",-0.0494466919240808,3.54707267299837,-0.773043487388835,0.444792319060042,0.96556534279626,3419,"15"
"2781","VPS13B",0.106450742482814,-1.83559036873925,0.772407597995852,0.445163738144891,0.96556534279626,157680,"8"
"2782","ABCA3",0.0785675465736219,-0.489220908852963,0.772206740730251,0.445281096001608,0.96556534279626,21,"16"
"2783","SC5D",-0.0847833474545199,-1.6256430170405,-0.772118211111485,0.445332828363374,0.96556534279626,6309,"11"
"2784","MED29",-0.136409857089262,-4.61612085126714,-0.772025980323996,0.445386727311077,0.96556534279626,55588,"19"
"2785","MTUS1",0.127474577775162,-2.01201549825131,0.771767771919374,0.445537642923139,0.96556534279626,57509,"8"
"2786","SEC22A",0.0766673626404846,-0.936216655920868,0.771714464177202,0.445568803601141,0.96556534279626,26984,"3"
"2787","NDUFB5",-0.067015105879433,1.71957962831811,-0.771559699188525,0.445659277769801,0.96556534279626,4711,"3"
"2788","H2BC18",0.115305469035266,-2.47452088881607,0.771322707504807,0.445797842079478,0.96556534279626,440689,"1"
"2789","GPR107",0.0955583740184521,-0.845144646659177,0.770745547540884,0.446135403186874,0.96556534279626,57720,"9"
"2790","PRKRIP1",0.0926086162417092,-2.72247484974973,0.770626748026808,0.446204903814004,0.96556534279626,79706,"7"
"2791","NAA30",0.0649628381990823,-0.91245443658336,0.770408744336219,0.446332458059901,0.96556534279626,122830,"14"
"2792","TLK2",-0.0781526169228862,-1.0996650986098,-0.769635643533624,0.446784975061327,0.96556534279626,11011,"17"
"2793","STAT2",-0.0905357823002426,-1.10390706374935,-0.769229184571254,0.447022995879132,0.96556534279626,6773,"12"
"2794","MIER1",0.0958719218311357,-1.29190842350988,0.769010250218751,0.447151234205891,0.96556534279626,57708,"1"
"2795","MLF2",-0.0883359645518625,0.665084187649085,-0.768634620499421,0.44737130596762,0.96556534279626,8079,"12"
"2796","SMAD4",-0.0772540990357089,-0.537360605671549,-0.768528230659807,0.447433648714293,0.96556534279626,4089,"18"
"2797","CHPF2",-0.115815559232661,-1.69846647821618,-0.76824275362761,0.447600959181048,0.96556534279626,54480,"7"
"2798","PPP4R4",-0.0863799514239161,-2.5190061650182,-0.768117143644303,0.447674587601434,0.96556534279626,57718,"14"
"2799","NASP",0.0849906126990958,1.18334907852189,0.767607614459073,0.447973330478036,0.96556534279626,4678,"1"
"2800","FBP1",-0.12837510122027,1.30419929813641,-0.767544266630307,0.448010480310264,0.96556534279626,2203,"9"
"2801","CHMP5",0.0796178485252299,-0.434758294028026,0.767508952290135,0.448031190918647,0.96556534279626,51510,"9"
"2802","ETNK1",0.138167364542917,-4.55256481735828,0.767360163758831,0.448118456354198,0.96556534279626,55500,"12"
"2803","TRIM9",0.109825624096394,-1.93651925275318,0.767210787458704,0.448206076661274,0.96556534279626,114088,"14"
"2804","SCRN1",0.087868517845481,3.6302373449561,0.766699628964622,0.448505985994741,0.96556534279626,9805,"7"
"2805","SLC17A6",-0.146216369311677,-0.1088275098932,-0.766588542306082,0.448571179020429,0.96556534279626,57084,"11"
"2806","ARHGEF18",0.0714737490291882,0.160540765357698,0.766098169159164,0.44885902966383,0.96556534279626,23370,"19"
"2807","DHRS7B",-0.086357484957354,0.314761063306313,-0.765720084532689,0.449081041297807,0.96556534279626,25979,"17"
"2808","NARS1",-0.073154739056974,3.34269064275513,-0.765643789983067,0.449125849413799,0.96556534279626,4677,"18"
"2809","MED1",0.112808923969686,-1.56324070904047,0.765182850597772,0.449396617424876,0.96556534279626,5469,"17"
"2810","SH3GL2",0.0772944507982327,3.18681494577419,0.765136229780039,0.449424009111407,0.96556534279626,6456,"9"
"2811","EPB41L1",0.0679222665901444,1.28924413201505,0.765103439892533,0.449443275138366,0.96556534279626,2036,"20"
"2812","SNRK",-0.116243890411682,-1.44743595487114,-0.765086402956566,0.449453285553883,0.96556534279626,54861,"3"
"2813","NFIA",0.125543085235729,-1.70802368684822,0.764912425596306,0.449555517225129,0.96556534279626,4774,"1"
"2814","IMPDH1",0.0661428570692964,-0.252023235011378,0.764357108471539,0.449881921883986,0.96556534279626,3614,"7"
"2815","SBF2",0.087744477718871,-2.22443474888608,0.764338247976956,0.449893010180094,0.96556534279626,81846,"11"
"2816","AZI2",0.0823697789127663,-1.19765141500598,0.763873678149414,0.4501661870462,0.96556534279626,64343,"3"
"2817","PCDHB16",0.14406388022685,-0.702876813774815,0.763797039269428,0.450211261754416,0.96556534279626,57717,"5"
"2818","DNAJB14",0.0625235779556674,-1.20225834819215,0.76365705893502,0.450293597260161,0.96556534279626,79982,"4"
"2819","VAMP8",0.103858407620012,1.17683408051545,0.76336775039929,0.45046379485252,0.96556534279626,8673,"2"
"2820","TK2",-0.0711395797644496,1.47627860968056,-0.763228909553945,0.450545487174161,0.96556534279626,7084,"16"
"2821","COMTD1",-0.0919787445955961,1.50266902749739,-0.763136497487824,0.450599866203997,0.96556534279626,118881,"10"
"2822","AMPD2",0.0945075135077733,3.41271951226702,0.762979870734586,0.450692040638649,0.96556534279626,271,"1"
"2823","PBLD",-0.174699566191119,1.20213349928261,-0.762350283807402,0.451062663356273,0.96556534279626,64081,"10"
"2824","SUZ12",0.0802529754346957,-2.01661700233179,0.762265130902289,0.451112804653726,0.96556534279626,23512,"17"
"2825","SYBU",0.136921979743034,-3.63001358111955,0.761857606608568,0.451352816192713,0.96556534279626,55638,"8"
"2826","PRRC2C",0.0809083765160485,0.691766188878698,0.761696177665395,0.451447910668255,0.96556534279626,23215,"1"
"2827","MAP1LC3A",0.141572135118301,-0.297588660433194,0.76118953830863,0.451746438359746,0.96556534279626,84557,"20"
"2828","AAGAB",0.111151180031726,-3.02621657133678,0.761124217213612,0.451784936065626,0.96556534279626,79719,"15"
"2829","RBBP9",-0.0557516956276602,1.20140862707059,-0.760758679514413,0.452000405479127,0.96556534279626,10741,"20"
"2830","KGD4",0.135907847283966,0.45037916263294,0.760630710323304,0.452075852378763,0.96556534279626,92259,"5"
"2831","SYNGR2",-0.0852482492668205,3.38893720505166,-0.760401642800497,0.452210922464085,0.96556534279626,9144,"17"
"2832","COX7A2L",0.0938757885474831,0.834512108587902,0.760285708672086,0.452279292312024,0.96556534279626,9167,"2"
"2833","SUGP1",0.0762093314638281,-0.801605764467639,0.759754691252927,0.452592527226439,0.96556534279626,57794,"19"
"2834","UBE2H",-0.080808807067483,0.253787256494443,-0.759746679878351,0.452597253930998,0.96556534279626,7328,"7"
"2835","AKT3",0.100550809570898,0.236350394948448,0.759728633093645,0.452607901626145,0.96556534279626,10000,"1"
"2836","TAGLN3",0.142878495749929,2.96985748142484,0.75969137337053,0.452629885520529,0.96556534279626,29114,"3"
"2837","IL16",0.12973581360229,-5.11075680468351,0.759645501955826,0.452656951329976,0.96556534279626,3603,"15"
"2838","MECR",0.0541363259845037,0.094096669990371,0.759095820261614,0.452981357848798,0.96556534279626,51102,"1"
"2839","TBC1D13",0.0707882544502213,-0.26605620566484,0.759070262758975,0.452996444494907,0.96556534279626,54662,"9"
"2840","ZCCHC3",-0.110102366355077,-1.11426453271226,-0.758934805335694,0.453076410234888,0.96556534279626,85364,"20"
"2841","MANEA",-0.14571282677062,-1.36172382184747,-0.758873169535108,0.453112798979142,0.96556534279626,79694,"6"
"2842","MRPL37",-0.0540294409882875,1.08747966427933,-0.758752587761547,0.453183993420457,0.96556534279626,51253,"1"
"2843","PLCB1",-0.0771946793318541,-1.05123803294224,-0.758684211722217,0.453224367243206,0.96556534279626,23236,"20"
"2844","ERLIN1",-0.0696050361699439,0.515541618765866,-0.758481135614252,0.453344289564234,0.96556534279626,10613,"10"
"2845","RBMS1",-0.0867779502368458,-1.68243816297023,-0.757962439668878,0.453650679403451,0.96556534279626,5937,"2"
"2846","HDAC7",-0.141233167377941,1.49867843957347,-0.757654898783875,0.453832399109297,0.96556534279626,51564,"12"
"2847","BTN2A1",-0.0933568615479456,-0.378132941009294,-0.75760755339411,0.453860378352751,0.96556534279626,11120,"6"
"2848","REM2",0.0926415608002323,-0.896288892566568,0.757398135843462,0.453984147985141,0.96556534279626,161253,"14"
"2849","PPIG",0.0678181486816669,-0.0267483988773101,0.757301590874366,0.454041214534281,0.96556534279626,9360,"2"
"2850","CYBRD1",-0.124476180738784,0.54439914102539,-0.756993072934537,0.454223604023256,0.96556534279626,79901,"2"
"2851","ECSIT",0.0745443458519409,-0.0138453499615486,0.756894114719576,0.454282115228289,0.96556534279626,51295,"19"
"2852","HDDC3",0.0959508954996737,1.19463398545787,0.756792165957203,0.454342399299288,0.96556534279626,374659,"15"
"2853","RPS5",-0.0653929828860145,3.97014656486828,-0.756777633622349,0.454350992904297,0.96556534279626,6193,"19"
"2854","EARS2",-0.0757335656699827,-0.0511949637904867,-0.756535005816174,0.45449448346652,0.96556534279626,124454,"16"
"2855","PRRC2A",0.0852253999853392,-0.120440405355444,0.75610823723777,0.454746939940115,0.96556534279626,7916,"6"
"2856","TMEM258",-0.144551544686658,1.03308634014584,-0.756063749494663,0.454773261570414,0.96556534279626,746,"11"
"2857","TUBA4A",-0.124552468068229,3.62066322022331,-0.75599456529777,0.454814196891955,0.96556534279626,7277,"2"
"2858","MYL9",-0.127198473396955,1.61321273231677,-0.755942766439555,0.454844846970657,0.96556534279626,10398,"20"
"2859","WAC",0.0936656520999777,-1.49223069532952,0.75593424102446,0.454849891689479,0.96556534279626,51322,"10"
"2860","SLC30A1",-0.109992147805101,-1.48761399628409,-0.755855437102056,0.454896523660979,0.96556534279626,7779,"1"
"2861","PLEKHA6",0.0775433670911851,1.56552097208538,0.755669476544523,0.455006576378408,0.96556534279626,22874,"1"
"2862","LAMB1",-0.0816176709077032,0.476278213411426,-0.755610763246139,0.455041326558095,0.96556534279626,3912,"7"
"2863","PLOD2",-0.150758948633633,1.28140804507052,-0.755002890376634,0.455401195223067,0.96556534279626,5352,"3"
"2864","CHMP1A",-0.062593753462698,1.47214061595993,-0.75497048007116,0.455420387242991,0.96556534279626,5119,"16"
"2865","TCF20",0.120938695402224,-2.24858735296611,0.754636316939338,0.455618292314927,0.96556534279626,6942,"22"
"2866","EIF4A2",0.0723313627847526,4.14109438375275,0.754188119969904,0.45588381222266,0.96556534279626,1974,"3"
"2867","SRPRB",-0.0681591294072823,2.30972808756565,-0.754075720265541,0.455950414073387,0.96556534279626,58477,"3"
"2868","WBP2",0.0745254900749674,1.36660437678152,0.753888015721094,0.456061650150168,0.96556534279626,23558,"17"
"2869","CHST10",0.0845909017112243,-2.24274385561367,0.753625959115194,0.456216974850835,0.96556534279626,9486,"2"
"2870","ARHGAP18",-0.077870683792419,0.586554360236639,-0.753142632031244,0.456503531194922,0.96556534279626,93663,"6"
"2871","FURIN",0.0740343422090136,-0.608174696415423,0.753019939183783,0.456576290492059,0.96556534279626,5045,"15"
"2872","NEDD8",0.0937941638207032,0.936554169890589,0.752509929050576,0.456878809579484,0.96556534279626,4738,"14"
"2873","NSUN5",-0.0860441581525315,-0.993880794136646,-0.752404537315556,0.456941338705282,0.96556534279626,55695,"7"
"2874","TPSB2",-0.197304554680754,3.36489310640377,-0.751934397574611,0.457220334691891,0.96556534279626,64499,"16"
"2875","GNG7",0.107316235090932,-0.0305502661144686,0.751742682325877,0.457334133332974,0.96556534279626,2788,"19"
"2876","FTCD",0.185873312691221,-0.123931697747663,0.751503029669554,0.457476410090444,0.96556534279626,10841,"21"
"2877","ICE2",-0.121227080054976,-3.92715583003341,-0.751447201408008,0.457509557885126,0.96556534279626,79664,"15"
"2878","ZNF148",0.204953330731364,-0.60425222020576,0.751428165906846,0.457520860455496,0.96556534279626,7707,"3"
"2879","SERPINB3",0.162011043788979,-0.230188535519538,0.751421591597496,0.457524764073128,0.96556534279626,6317,"18"
"2880","BMP1",0.104263107250179,-3.31301641060276,0.75129906670161,0.457597519066355,0.96556534279626,649,"8"
"2881","FN3K",0.0614382552380655,1.23103907731517,0.7510174034349,0.457764795759583,0.96556534279626,64122,"17"
"2882","TMEM231",0.0816806311015268,-1.49206556761091,0.750839044628299,0.45787073960753,0.96556534279626,79583,"16"
"2883","TIMM29",-0.0652473257521956,0.789840858017301,-0.750528868260913,0.458055016353763,0.96556534279626,90580,"19"
"2884","KYAT1",-0.0827639174881132,-1.16543352436129,-0.750508239805905,0.458067273323853,0.96556534279626,883,"9"
"2885","CLASRP",0.131802025710691,-2.22170676378786,0.750301896053096,0.4581898887748,0.96556534279626,11129,"19"
"2886","PGAP4",-0.087517325257346,1.29683595185374,-0.750248991476073,0.458221329307202,0.96556534279626,84302,"9"
"2887","HMGN1",0.11757603795485,0.120170539175594,0.749249360971615,0.458815634751603,0.96556534279626,3150,"21"
"2888","RBMXL1",-0.0785148210100884,0.306472541075131,-0.749213912934923,0.45883671777929,0.96556534279626,494115,"1"
"2889","SERPINH1",-0.159237664592273,2.6342290454412,-0.749036663783682,0.458942146756675,0.96556534279626,871,"11"
"2890","ARMCX5",0.181539214458534,-3.46777219928002,0.748901347542635,0.459022643300679,0.96556534279626,64860,"X"
"2891","CYB561",0.0942127234964356,1.74854506854968,0.7483889385267,0.459327538593317,0.96556534279626,1534,"17"
"2892","NCOA6",0.0953777328098335,-2.01013000489176,0.747968226786091,0.459577960402914,0.96556534279626,23054,"20"
"2893","ABCB7",-0.0677335706241249,1.5632742146264,-0.747888723342367,0.459625292499294,0.96556534279626,22,"X"
"2894","MTPN",0.164469588435954,0.259749330040525,0.747632656500227,0.459777760367432,0.96556534279626,136319,"7"
"2895","C7",0.136321235493203,-1.08901809690844,0.747399934159781,0.459916354044089,0.96556534279626,730,"5"
"2896","GATC",0.144068755531897,-2.11275424469989,0.747195193570144,0.460038303870965,0.96556534279626,283459,"12"
"2897","DRG1",-0.0685303295525153,1.13156332892891,-0.747156857659121,0.460061140025253,0.96556534279626,4733,"22"
"2898","AKR7A3",-0.331165536731467,1.16429627295714,-0.747148379425858,0.46006619047708,0.96556534279626,22977,"1"
"2899","CALD1",-0.0974412846795438,2.75489155075699,-0.746954847726108,0.460181485396536,0.96556534279626,800,"7"
"2900","MED26",0.117851290998445,-0.807744441775563,0.746689202374596,0.460339768916881,0.96556534279626,9441,"19"
"2901","NUMB",0.0878439987313758,0.30617593080915,0.745984852946375,0.460759606094406,0.96556534279626,8650,"14"
"2902","TBCEL",0.0687684656137415,-1.6391413598986,0.745942018169547,0.460785145562106,0.96556534279626,219899,"11"
"2903","HSPA6",0.155349516200642,0.988608154151968,0.745937732783118,0.460787700692409,0.96556534279626,3310,"1"
"2904","CCDC71",-0.122926998944455,0.509165895313012,-0.745934616891466,0.460789558525202,0.96556534279626,64925,"3"
"2905","HACE1",-0.0919146511341955,-1.705750978057,-0.745453651545412,0.461076383825652,0.96556534279626,57531,"6"
"2906","BPNT2",-0.0707676163337478,1.96526913757753,-0.744665383953025,0.461546695103838,0.96556534279626,54928,"8"
"2907","HSPA5",-0.0731348614809288,6.70856215929329,-0.744335524717039,0.461743585038891,0.96556534279626,3309,"9"
"2908","CHTOP",0.0806082535656643,1.2933383235069,0.744253886023966,0.461792321981185,0.96556534279626,26097,"1"
"2909","SDC4",0.195209394068834,0.0952072363406229,0.744016032560982,0.461934333641714,0.96556534279626,6385,"20"
"2910","ACLY",0.100055566174349,4.84460786624531,0.743907368909265,0.461999220317607,0.96556534279626,47,"17"
"2911","STX12",0.0723496053190678,1.94419697854383,0.743862725325079,0.462025880024335,0.96556534279626,23673,"1"
"2912","MAX",0.0963663299556394,-1.74206997019676,0.743212232730057,0.462414434904212,0.96556534279626,4149,"14"
"2913","ATP5PB",-0.0606750683675719,4.75539692900266,-0.743026589517022,0.462525358971343,0.96556534279626,515,"1"
"2914","PSMG3",0.140002131287594,-0.86968157257542,0.742965932579817,0.462561605584952,0.96556534279626,84262,"7"
"2915","GLIPR2",0.0751852463057352,0.675894908941947,0.74285179665103,0.462629813990883,0.96556534279626,152007,"9"
"2916","HIRIP3",0.0932959993700122,-1.29918123963648,0.742726380440465,0.462704770324536,0.96556534279626,8479,"16"
"2917","MMGT1",0.0769168616123967,0.61579261691013,0.741914328682244,0.463190272828641,0.96556534279626,93380,"X"
"2918","PACSIN3",-0.0974616261217585,-0.158633446601518,-0.741731865447258,0.463299403156463,0.96556534279626,29763,"11"
"2919","NDUFA5",0.113087808998697,0.489567925578167,0.741648926901568,0.463349013222552,0.96556534279626,4698,"7"
"2920","AFG1L",0.0906536907667972,-1.51105336441055,0.741182555811166,0.463628032754174,0.96556534279626,246269,"6"
"2921","RAB19",-0.0653006506810564,-0.190300554576294,-0.740936176556634,0.463775475472147,0.96556534279626,401409,"7"
"2922","CNKSR2",-0.126289091835607,-2.40264817930348,-0.740690672578051,0.463922421513348,0.96556534279626,22866,"X"
"2923","CLDN1",-0.215215899672965,-1.67930496605853,-0.740198383441096,0.464217162002842,0.96556534279626,9076,"3"
"2924","DOCK10",-0.0719471495571204,-0.329694903130961,-0.739919249618706,0.464384331725471,0.96556534279626,55619,"2"
"2925","NSA2",-0.112891751405808,-1.11849357157591,-0.739684559343709,0.464524911836966,0.96556534279626,10412,"5"
"2926","BORCS6",0.0773185063882021,-0.0965467820070123,0.739611356647161,0.464568765509433,0.96556534279626,54785,"17"
"2927","UBL4A",0.0716986044839311,0.70998182692369,0.739412007040875,0.464688202433913,0.96556534279626,8266,"X"
"2928","ADAM17",-0.0839136930719659,-1.35419250147677,-0.739159000300902,0.464839812799318,0.96556534279626,6868,"2"
"2929","SS18L1",0.0888693287734332,-2.22201853782112,0.738943317156281,0.464969080260349,0.96556534279626,26039,"20"
"2930","SUSD6",0.112251202898616,-1.58930417902797,0.73876759050014,0.465074415644083,0.96556534279626,9766,"14"
"2931","PAN2",0.0828716005774983,-3.00727748458533,0.738610571141765,0.465168549079995,0.96556534279626,9924,"12"
"2932","RAB32",0.0935936400189455,-0.196139432474079,0.738075380305614,0.46548948020241,0.96556534279626,10981,"6"
"2933","TWF1",0.0633947183622103,1.90423093772026,0.737899985436806,0.46559468497461,0.96556534279626,5756,"12"
"2934","PTPN3",0.0926668163278477,-1.65583930281687,0.737655339271471,0.46574145087116,0.96556534279626,5774,"9"
"2935","COA4",0.189162672862143,-3.51517756892984,0.737637771707411,0.465751990876708,0.96556534279626,51287,"11"
"2936","PECAM1",-0.0924960669260532,0.214378952919459,-0.737424224759501,0.465880123631376,0.96556534279626,5175,"17"
"2937","CTU2",-0.0973160813660734,-1.97554642424492,-0.737004625902722,0.466131951503348,0.96556534279626,348180,"16"
"2938","HNF1A",0.13992093722989,-2.48938220899702,0.736185259816461,0.466623932508749,0.96556534279626,6927,"12"
"2939","NOL8",0.0708207521452917,-2.009702704893,0.735178367378283,0.467228923899946,0.96556534279626,55035,"9"
"2940","ATP5MK",0.100207729513076,1.93913499189772,0.734999136559064,0.467336662348679,0.96556534279626,84833,"10"
"2941","PHLDB3",-0.106733464702773,-1.57677618107109,-0.734942248316302,0.46737086176796,0.96556534279626,653583,"19"
"2942","KDM3B",0.108671633462192,-0.455141594425459,0.734764682276738,0.467477618194922,0.96556534279626,51780,"5"
"2943","GSTT2",0.307176186937776,-0.341920162719016,0.734578515420132,0.467589560768757,0.96556534279626,2953,"22"
"2944","RIN1",0.0981123953054612,-0.499569913051148,0.734387188588533,0.46770462221071,0.96556534279626,9610,"11"
"2945","UHRF2",0.0879108153376686,-1.47288461390415,0.734131629905323,0.467858337398527,0.96556534279626,115426,"9"
"2946","MCOLN1",0.264614476403379,-5.54536500933548,0.734015269587887,0.46792833628202,0.96556534279626,57192,"19"
"2947","SETX",-0.161013918460338,-2.11689967916247,-0.733180288308981,0.468430813705585,0.96556534279626,23064,"9"
"2948","IPO13",0.0668113010474028,-1.45131193263518,0.733065937379905,0.468499652412293,0.96556534279626,9670,"1"
"2949","LPCAT3",-0.0611604288756935,1.86255966480058,-0.732644494482561,0.468753409485208,0.96556534279626,10162,"12"
"2950","MAN1A2",-0.0649421803879578,0.325658663982029,-0.73256921099932,0.468798747156413,0.96556534279626,10905,"1"
"2951","DYNLL1",0.0966176574515683,2.44574105051679,0.732177651357794,0.469034595411755,0.96556534279626,8655,"12"
"2952","WDFY3",0.0587181113311814,-1.27513243704984,0.732152502158376,0.469049745879974,0.96556534279626,23001,"4"
"2953","NRAS",-0.0910661711969607,-0.518533570293836,-0.731873767777947,0.469217680943094,0.96556534279626,4893,"1"
"2954","RALB",-0.0822818045815805,0.564019200229235,-0.731464928013569,0.469464066187334,0.96556534279626,5899,"2"
"2955","ACAA1",-0.0780813268829311,0.270441662015936,-0.731412100004602,0.469495908171834,0.96556534279626,30,"3"
"2956","RPL8",-0.0720406559122955,5.12222971462997,-0.73097000573189,0.469762428546881,0.96556534279626,6132,"8"
"2957","PRRC1",-0.0746589657267582,1.61801365040699,-0.73080221856778,0.469863603350644,0.96556534279626,133619,"5"
"2958","MDP1",0.095845693238382,1.52186143474206,0.730332802593298,0.470146725574888,0.96556534279626,145553,"14"
"2959","CIRBP",0.145872488607214,2.2793436833697,0.729927655632941,0.470391163866633,0.96556534279626,1153,"19"
"2960","CAPZA2",0.146565041537733,3.01136387196285,0.729789283526083,0.470474665029161,0.96556534279626,830,"7"
"2961","ARMC1",0.0532790230692068,0.814010362438388,0.729383940212293,0.470719320140218,0.96556534279626,55156,"8"
"2962","SMC6",-0.180780866421919,-2.73816895901599,-0.729144632921376,0.470863794470658,0.96556534279626,79677,"2"
"2963","LRRFIP1",0.106574176800768,1.03407141797879,0.728966124695547,0.470971579895614,0.96556534279626,9208,"2"
"2964","IL18",-0.172091768532177,-0.681048518855051,-0.728698842170269,0.47113299489291,0.96556534279626,3606,"11"
"2965","IGSF11",0.0779558437821657,-1.91344084322132,0.728661090245896,0.471155796283442,0.96556534279626,152404,"3"
"2966","ERG28",0.0744626018323236,1.31609237473733,0.728397990573791,0.471314720758398,0.96556534279626,11161,"14"
"2967","COL1A2",0.450881139736224,-2.32165558843413,0.72836511449851,0.471334581611275,0.96556534279626,1278,"7"
"2968","TMEM68",0.0619553364724271,-0.435173617819148,0.728035636552576,0.471533650024493,0.96556534279626,137695,"8"
"2969","ANKHD1-EIF4EBP3",0.0739676822587681,-0.809332436618346,0.727918037113373,0.471604714555477,0.96556534279626,404734,"5"
"2970","NFRKB",0.0921484581441225,-2.35847477487793,0.727709991797628,0.471730450008674,0.96556534279626,4798,"11"
"2971","PSEN1",0.139140273251059,-3.34034943970967,0.727660180720078,0.471760556978402,0.96556534279626,5663,"14"
"2972","INIP",0.178874253457156,-3.29486074272067,0.727151676700257,0.472067971865254,0.96556534279626,58493,"9"
"2973","HSPBAP1",-0.116639824293809,-1.94466680715504,-0.727011542855101,0.472152709700101,0.96556534279626,79663,"3"
"2974","ATP6AP2",0.0839219982242576,1.73163108020461,0.726241873851187,0.472618278490891,0.96556534279626,10159,"X"
"2975","MTO1",-0.0624976127225049,-0.885246385822611,-0.72511498172765,0.473300405606799,0.96556534279626,25821,"6"
"2976","STK32C",0.084894620867046,-0.776018326984967,0.724499760418214,0.473673048152509,0.96556534279626,282974,"10"
"2977","NACAD",0.149060762810891,-2.20356995718007,0.724370692267486,0.473751246733041,0.96556534279626,23148,"7"
"2978","PPL",0.0836107474536965,1.53568823158945,0.72389568145166,0.474039105581344,0.96556534279626,5493,"16"
"2979","GPX8",-0.153954029896686,-0.449949971370756,-0.723308306137826,0.474395196623896,0.96556534279626,493869,"5"
"2980","VIRMA",0.0554749857249593,-0.526712086161893,0.723279817558845,0.474412471471399,0.96556534279626,25962,"8"
"2981","ERCC6",0.133415239889883,-2.10245447995119,0.723073590346568,0.474537533875431,0.96556534279626,2074,"10"
"2982","ROGDI",0.0688393178243988,0.456977524231445,0.72256640129035,0.474845189042536,0.96556534279626,79641,"16"
"2983","VTN",-0.163806678214229,1.14329884773457,-0.722548105096732,0.47485628944397,0.96556534279626,7448,"17"
"2984","S100A10",-0.16377270752745,1.07453247020382,-0.721987217064697,0.475196655476499,0.96556534279626,6281,"1"
"2985","PGRMC1",0.069716969479062,3.53900365407923,0.721457675814257,0.475518127469885,0.96556534279626,10857,"X"
"2986","NDUFC1",0.0972151074211178,0.13996240648571,0.721424611415048,0.475538204217188,0.96556534279626,4717,"4"
"2987","PAPPA2",-0.0931213250432763,-0.946831069627355,-0.72134942833464,0.475583857290959,0.96556534279626,60676,"1"
"2988","ARFGAP2",0.0685621413608106,1.75125310870732,0.721292983979702,0.475618133384872,0.96556534279626,84364,"11"
"2989","TSPYL5",0.0814124071343687,-0.025796799148213,0.72126868574839,0.475632889033091,0.96556534279626,85453,"8"
"2990","ZMAT2",0.158433109697358,-0.711536027574794,0.72125557336551,0.47564085193183,0.96556534279626,153527,"5"
"2991","RMND5A",-0.132072347115064,-2.08606718007191,-0.721240767578962,0.475649843293923,0.96556534279626,64795,"2"
"2992","MYDGF",-0.0766002836592903,3.02502310222839,-0.721181230496915,0.475686000374152,0.96556534279626,56005,"19"
"2993","TUFT1",0.080434021871163,-1.85257811000177,0.72116201644034,0.475697669474514,0.96556534279626,7286,"1"
"2994","SSX2IP",0.0878004680120521,-1.87435773693538,0.720947770922002,0.475827796384318,0.96556534279626,117178,"1"
"2995","RAPH1",0.0822081827415935,0.633691467443756,0.720799195035803,0.475918049309181,0.96556534279626,65059,"2"
"2996","LYSMD2",0.0999728609563602,1.80758235833184,0.72022413212559,0.476267465577588,0.96556534279626,256586,"15"
"2997","CTSH",-0.134626809222879,-0.455307462681473,-0.719689450169154,0.476592477469901,0.96556534279626,1512,"15"
"2998","CRYAB",-0.138141979092225,0.696169482867808,-0.71918693776029,0.476898050381325,0.96556534279626,1410,"11"
"2999","RBM34",0.0658411108438162,-0.791323324702563,0.719066190054559,0.476971492576243,0.96556534279626,23029,"1"
"3000","RHBDD2",0.0879061819318376,1.75517834931994,0.719021208069636,0.47699885355401,0.96556534279626,57414,"7"
"3001","DENND6A",0.132208391068945,-2.27978169817925,0.718737073356365,0.477171703555373,0.96556534279626,201627,"3"
"3002","YWHAH",0.0818033570617747,4.10504074767592,0.718624124280364,0.477240424736085,0.96556534279626,7533,"22"
"3003","SH3KBP1",0.0732896414186278,-0.362334833009387,0.718578762470281,0.477268025643095,0.96556534279626,30011,"X"
"3004","SEC14L2",0.0982318731634614,-0.492293418852521,0.718531882998253,0.477296550947186,0.96556534279626,23541,"22"
"3005","LSM3",0.123226942888541,1.3357968616993,0.717828034035911,0.477724947312007,0.96556534279626,27258,"3"
"3006","PRKAB1",-0.0668744291004821,-1.09965804588998,-0.717558038287425,0.477889337981824,0.96556534279626,5564,"12"
"3007","LGALS8",-0.0828329573495403,-0.855900184713381,-0.717438466660145,0.477962151150229,0.96556534279626,3964,"1"
"3008","MPLKIP",0.121725684392423,-3.03019926804692,0.71740713182349,0.477981233553214,0.96556534279626,136647,"7"
"3009","SPIRE1",-0.086306718701799,-2.66086879906858,-0.717391397140893,0.47799081588159,0.96556534279626,56907,"18"
"3010","ADPRS",0.0673458322839851,1.5361084885304,0.717379264303316,0.4779982047826,0.96556534279626,54936,"1"
"3011","FKBPL",-0.134834756339296,-2.09593204503927,-0.717002383484318,0.47822775776267,0.96556534279626,63943,"6"
"3012","DYNC2H1",0.0879564893701615,-1.3098746021864,0.716886052414482,0.478298626140644,0.96556534279626,79659,"11"
"3013","B3GALT5",0.120938151828932,-0.508115217215394,0.716785466204394,0.478359907650219,0.96556534279626,10317,"21"
"3014","WASHC2C",0.156212501007118,-2.43839183900682,0.716743290700943,0.478385604140913,0.96556534279626,253725,"10"
"3015","EPB41L4B",-0.0872930748831069,-1.49820671524746,-0.716730178010764,0.478393593539101,0.96556534279626,54566,"9"
"3016","GKAP1",0.123979389317362,-1.29408704969108,0.716598109768947,0.478474065312632,0.96556534279626,80318,"9"
"3017","CERS5",-0.0721402371639923,-1.47370364247821,-0.716437904371132,0.47857169197374,0.96556534279626,91012,"12"
"3018","NDE1",-0.105209537287718,-3.60223226129131,-0.715841624139532,0.478935155651552,0.96556534279626,54820,"16"
"3019","CTSC",-0.10651702536192,0.516187853471701,-0.715731288961648,0.479002427909241,0.96556534279626,1075,"11"
"3020","CRYL1",0.0808301698948992,2.18184947313498,0.715065878886295,0.479408248056796,0.96556534279626,51084,"13"
"3021","TBC1D22B",0.0699682535431023,-1.52288245616524,0.714818759536317,0.479559011028896,0.96556534279626,55633,"6"
"3022","MTIF2",-0.0453471302262393,-0.220367469120595,-0.714574868533945,0.479707830926754,0.96556534279626,4528,"2"
"3023","MCM4",0.118847691125822,-2.59620737598335,0.714320833612511,0.47986286851132,0.96556534279626,4173,"8"
"3024","STK26",0.0679921164285781,-0.160876458379816,0.714143455733338,0.479971139197927,0.96556534279626,51765,"X"
"3025","YARS1",-0.0639520462395975,1.91616072403077,-0.713923088946953,0.480105669500391,0.96556534279626,8565,"1"
"3026","EAF1",-0.126966411888348,-1.55584636597205,-0.713777196076851,0.480194746510177,0.96556534279626,85403,"3"
"3027","AP3M2",0.0892912441435418,-1.48505222355314,0.712945295416262,0.480702855265322,0.96556534279626,10947,"8"
"3028","AP3S1",0.0725567808109699,0.226454947999253,0.712920261647648,0.480718150143612,0.96556534279626,1176,"5"
"3029","POGK",0.138769605048759,-4.55459031113032,0.712915608477442,0.480720993120905,0.96556534279626,57645,"1"
"3030","CFAP298",-0.10239080249392,-2.2916065631086,-0.712793253976484,0.480795752268534,0.96556534279626,56683,"21"
"3031","ADAL",0.111985667584446,-2.50025307482521,0.712053704966536,0.481247760777283,0.96556534279626,161823,"15"
"3032","PTPA",0.0731976181841323,2.7247716639602,0.711954609716047,0.481308345626533,0.96556534279626,5524,"9"
"3033","AK3",-0.0687096630388906,3.80037389698781,-0.711669245093896,0.481482836050338,0.96556534279626,50808,"9"
"3034","DCK",0.0679953317878697,-1.09830081433126,0.711098487415535,0.481831942114703,0.96556534279626,1633,"4"
"3035","GLT8D1",0.067129755728034,0.761365518399914,0.711029336000001,0.481874248599201,0.96556534279626,55830,"3"
"3036","ALG13",0.0803168155472743,0.108829271379534,0.710988045411338,0.481899510977427,0.96556534279626,79868,"X"
"3037","SAE1",0.0669476572409144,1.33394105497697,0.71049738901738,0.482199761588725,0.96556534279626,10055,"19"
"3038","CHPF",-0.0642915070034704,1.5227688737288,-0.710430678027438,0.482240592686199,0.96556534279626,79586,"2"
"3039","LENG9",0.0818091131075017,-0.706701571151615,0.709997251514062,0.482505923313734,0.96556534279626,94059,"19"
"3040","TJP3",-0.176727846865914,-1.65188553061041,-0.709765834087211,0.482647623995848,0.96556534279626,27134,"19"
"3041","RALGAPA1",0.0623064710592191,-0.251875468801732,0.709696205275555,0.482690263478502,0.96556534279626,253959,"14"
"3042","COX6B1",0.117483021423443,1.97958252281038,0.709570985690857,0.482766951168848,0.96556534279626,1340,"19"
"3043","FAM117B",0.138750583904414,-3.19014017301987,0.709416194242503,0.482861758980513,0.96556534279626,150864,"2"
"3044","MAFF",-0.148505759573315,-1.72849560444589,-0.709357187798431,0.482897902464092,0.96556534279626,23764,"22"
"3045","TUT4",0.0755308733571023,-2.40947997453451,0.708506899706057,0.483418903612296,0.96556534279626,23318,"1"
"3046","GGCX",-0.0681424706759468,-0.259450431307243,-0.708011843991481,0.483722388195985,0.96556534279626,2677,"2"
"3047","PSMB9",-0.0839959541269818,0.8070716221585,-0.707626477394757,0.483958704632419,0.96556534279626,5698,"6"
"3048","RBM47",0.0809654020531684,-0.105641516947716,0.707291039996899,0.484164456455169,0.96556534279626,54502,"4"
"3049","ECHDC1",-0.0753474533425317,0.655027043954139,-0.707210217433136,0.484214039100105,0.96556534279626,55862,"6"
"3050","WARS1",-0.114310584270828,3.07509367549721,-0.707156981510372,0.48424669959318,0.96556534279626,7453,"14"
"3051","NDUFC2",-0.0672071974273525,1.63645420493894,-0.707097361505194,0.484283278231883,0.96556534279626,4718,"11"
"3052","MTARC2",-0.091005112109488,0.751926418943528,-0.706766285311841,0.484486431740455,0.96556534279626,54996,"1"
"3053","LIMA1",0.0815185749861156,2.03387171250795,0.706478944499236,0.484662787629443,0.96556534279626,51474,"12"
"3054","PIGT",0.0531426335185001,0.850745964376086,0.705848386037003,0.485049921198773,0.96556534279626,51604,"20"
"3055","WNT4",0.0933819184944433,-0.690796941418116,0.705740492696434,0.485116180210531,0.96556534279626,54361,"1"
"3056","SLC7A5",0.0969950724964977,0.398542900392721,0.705275489646736,0.485401804518735,0.96556534279626,8140,"16"
"3057","SNX33",-0.101419477243915,-1.73314913635962,-0.705188831070493,0.485455044345472,0.96556534279626,257364,"15"
"3058","PCNA",-0.0662300624067953,2.36900506394919,-0.704654441673459,0.485783426368707,0.96556534279626,5111,"20"
"3059","DAGLA",-0.109657720429689,-2.30933652912538,-0.704653488152416,0.485784012419073,0.96556534279626,747,"11"
"3060","UQCRB",0.112177879037168,-0.0704551393323643,0.704419263391211,0.485927983069701,0.96556534279626,7381,"8"
"3061","TARBP1",-0.118250555786365,-2.55001457942506,-0.704008737150305,0.48618037887268,0.96556534279626,6894,"1"
"3062","LYRM4",0.11097751766494,-0.398685273302646,0.703690563730458,0.486376046113257,0.96556534279626,57128,"6"
"3063","GUSB",0.0905254798296132,-0.0754758198427215,0.703561568975196,0.486455386735709,0.96556534279626,2990,"7"
"3064","HLA-E",-0.0881756407815517,-0.831316229349777,-0.703502883957042,0.486491484465008,0.96556534279626,3133,"6"
"3065","NQO1",-0.213210430847042,-0.145657311273302,-0.703486979062866,0.486501267981571,0.96556534279626,1728,"16"
"3066","SARS2",0.0442869436896102,0.7472714784689,0.703269845092022,0.486634843875229,0.96556534279626,54938,"19"
"3067","UACA",-0.0778396719967865,-0.871573384788379,-0.703249290107627,0.486647489907731,0.96556534279626,55075,"15"
"3068","DPY19L4",-0.0756481164055649,-1.74752885894413,-0.703245572347122,0.486649777203424,0.96556534279626,286148,"8"
"3069","GC",0.155589623338555,2.84301866028906,0.70266405874468,0.487007619298248,0.96556534279626,2638,"4"
"3070","ADCY6",0.0966025834147892,-0.907226911691081,0.702584704487825,0.487056462497507,0.96556534279626,112,"12"
"3071","RNF41",-0.0893869553899279,-1.33442185786492,-0.702400438681819,0.487169890276352,0.96556534279626,10193,"12"
"3072","HDHD2",0.0771984961672345,2.90108884777538,0.702000486666949,0.48741613841867,0.96556534279626,84064,"18"
"3073","PPM1L",0.0900810505103082,0.683891035038158,0.701887257446885,0.487485865737745,0.96556534279626,151742,"3"
"3074","FUNDC2",0.0566686866567558,1.97499286471179,0.701425496808713,0.487770279274372,0.96556534279626,65991,"X"
"3075","EMC6",0.0825962437007944,0.642490940685416,0.701259089878311,0.487872797681377,0.96556534279626,83460,"17"
"3076","KHDC4",0.0809158605904237,-1.38630358541916,0.701218098230754,0.487898053291155,0.96556534279626,22889,"1"
"3077","TMEM263",-0.125806137595104,0.858223225970107,-0.700913433474881,0.488085785200629,0.96556534279626,90488,"12"
"3078","PKP2",0.0960699604844656,0.752340368778805,0.699946851482797,0.488681654270435,0.96556534279626,5318,"12"
"3079","UXT",0.0791843798359722,-1.05538174740329,0.699724784838554,0.488818609569813,0.96556534279626,8409,"X"
"3080","FLNC",0.150986872053357,-1.4661714016013,0.699638613012707,0.48887176018939,0.96556534279626,2318,"7"
"3081","HSPH1",0.0595992796967586,2.17830045997999,0.699493717567219,0.488961138756935,0.96556534279626,10808,"13"
"3082","GCHFR",0.111843603216784,-0.976605037783502,0.699457989130513,0.488983179209572,0.96556534279626,2644,"15"
"3083","PLEKHF1",-0.149937086701133,-2.6230324288974,-0.699347050042965,0.489051619790587,0.96556534279626,79156,"19"
"3084","TMEM245",-0.0650661831011871,1.0525948848481,-0.699142816794632,0.48917762952804,0.96556534279626,23731,"9"
"3085","NOSTRIN",-0.158021132469635,-1.51864605886229,-0.698854480978052,0.489355560737837,0.96556534279626,115677,"2"
"3086","MSN",-0.081496726624831,5.66760405094167,-0.698687771038418,0.489458453566591,0.96556534279626,4478,"X"
"3087","SOD2",-0.135775552291011,5.7825980630484,-0.698174539125775,0.4897752949702,0.96556534279626,6648,"6"
"3088","SPATS2",0.0700934753771472,-1.05554328801191,0.698121166134239,0.489808251160682,0.96556534279626,65244,"12"
"3089","ACAT2",-0.0706119393666267,0.420529668486007,-0.698120852086737,0.489808445079101,0.96556534279626,39,"6"
"3090","CLTA",0.0759756406856211,2.10385951797107,0.69797136576508,0.489900754965277,0.96556534279626,1211,"9"
"3091","TARS2",-0.0539195961167826,0.2903732284027,-0.69766425302787,0.49009043202459,0.96556534279626,80222,"1"
"3092","MBLAC1",-0.0607030852792168,-1.46470455042932,-0.697283167900864,0.490325852793072,0.96556534279626,255374,"7"
"3093","MARF1",0.0955823157280586,-1.69661974006199,0.69674536821782,0.490658194229804,0.96556534279626,9665,"16"
"3094","PDK1",-0.067067092728747,-0.159702492464463,-0.696591932510227,0.490753035319815,0.96556534279626,5163,"2"
"3095","DYNLL2",0.0782692639863369,2.70207942052558,0.696006751512754,0.491114839574884,0.96556534279626,140735,"17"
"3096","CPVL",0.219687964856069,-0.24800294684333,0.694942980974024,0.491772928033883,0.96556534279626,54504,"7"
"3097","KSR1",-0.0896010368982111,-1.17715763539743,-0.694633398158542,0.491964540408694,0.96556534279626,8844,"17"
"3098","MTDH",0.0701267888035315,3.15389498985948,0.694438022452796,0.492085487261363,0.96556534279626,92140,"8"
"3099","ABHD13",0.0650055866373028,-0.475971719510029,0.694402442782846,0.49210751456176,0.96556534279626,84945,"13"
"3100","LDHA",-0.13722596344439,4.85367535390185,-0.694092010786715,0.492299725802471,0.96556534279626,3939,"11"
"3101","NDRG1",0.124643491829625,1.07148661456874,0.694048814554314,0.492326475093307,0.96556534279626,10397,"8"
"3102","PTGS1",-0.0716904801040685,-0.964818505230637,-0.693989688851928,0.492363090036725,0.96556534279626,5742,"9"
"3103","BLTP2",-0.0954606039628243,2.57177758187676,-0.693542360610939,0.492640157685,0.96556534279626,9703,"17"
"3104","IGF1R",-0.0939811913876694,-1.80684666954281,-0.6934795656357,0.492679058829483,0.96556534279626,3480,"15"
"3105","SEC61G",0.113190222132358,0.305325470708988,0.693099610361067,0.492914475721511,0.96556534279626,23480,"7"
"3106","ATP4A",0.108125321897713,-2.7102133468367,0.692635788461112,0.493201940923303,0.96556534279626,495,"19"
"3107","SHC1",0.0856690324710773,-0.963189979085111,0.692467455377883,0.49330629274146,0.96556534279626,6464,"1"
"3108","ERLEC1",-0.0599608045992278,0.730712500367392,-0.692314777004526,0.493400950683655,0.96556534279626,27248,"2"
"3109","SLC25A5",-0.0604281071425365,4.4558096920942,-0.692218017202417,0.493460945339667,0.96556534279626,292,"X"
"3110","URI1",0.0728753911527192,-1.17009206289066,0.692200365372637,0.493471890566907,0.96556534279626,8725,"19"
"3111","LARP4",-0.0771844454380049,-0.21871668210069,-0.692118152173543,0.493522869628258,0.96556534279626,113251,"12"
"3112","SORL1",0.0786801457602384,1.65049010347184,0.691916128258053,0.493648153863774,0.96556534279626,6653,"11"
"3113","AKR1A1",0.0815735608714148,5.13627714212483,0.691687832425082,0.493789751906643,0.96556534279626,10327,"1"
"3114","IFIT3",-0.144699540256623,-1.08660361613491,-0.691403029521536,0.49396642967271,0.96556534279626,3437,"10"
"3115","BOP1",0.0562031664510887,-0.347533604039976,0.69133256985654,0.494010144845962,0.96556534279626,23246,"8"
"3116","FAM83H",-0.126904457966026,-1.43179424188375,-0.691278721700504,0.494043555225366,0.96556534279626,286077,"8"
"3117","CYB5R3",0.0576308102095227,3.77576635854572,0.69127714617384,0.494044532788406,0.96556534279626,1727,"22"
"3118","FBXO28",0.0816334957107542,-1.28075630174968,0.691189275809837,0.494099055201559,0.96556534279626,23219,"1"
"3119","SLAIN2",0.0692671392577622,0.116978125682319,0.691182932515565,0.494102991262887,0.96556534279626,57606,"4"
"3120","HMGCL",-0.0602829697954141,2.30159365860396,-0.690967910702578,0.494236424258784,0.96556534279626,3155,"1"
"3121","ARG2",-0.146464223875146,0.917858402006722,-0.690964290093621,0.494238671220333,0.96556534279626,384,"14"
"3122","UVSSA",-0.115179752923092,-2.73077910808753,-0.690575001201211,0.494480298442046,0.96556534279626,57654,"4"
"3123","PSME3",0.079040829062911,1.03552760124569,0.690334551872563,0.494629575572062,0.96556534279626,10197,"17"
"3124","USP54",0.132739549016493,-0.69785172162182,0.690152781750734,0.494742439835861,0.96556534279626,159195,"10"
"3125","ZNF532",0.168231441289607,-5.87466783928199,0.69004827712569,0.494807335101754,0.96556534279626,55205,"18"
"3126","RAB30",0.106964810315142,-1.52148623473864,0.689881306978432,0.494911030056189,0.96556534279626,27314,"11"
"3127","LAMP2",0.0724369442285999,3.32000523894799,0.689548399734737,0.495117814587532,0.96556534279626,3920,"X"
"3128","STAT5B",0.0703941019266177,1.47368647704594,0.688980750357587,0.495470519763502,0.96556534279626,6777,"17"
"3129","CREB5",0.0881511722649005,-1.65045392635948,0.688305064575322,0.49589053521318,0.96556534279626,9586,"7"
"3130","UCHL3",0.083635669545417,2.42881653407285,0.688284098258782,0.495903571333249,0.96556534279626,7347,"13"
"3131","ENPP4",0.0653658130264385,1.90612514218194,0.688023237020153,0.496065781668038,0.96556534279626,22875,"6"
"3132","ANPEP",-0.226533711157703,1.53865555518903,-0.687751026697152,0.49623508067375,0.96556534279626,290,"15"
"3133","JMJD6",0.0819654733502784,-2.0147206551988,0.687625384377016,0.496313233751392,0.96556534279626,23210,"17"
"3134","MTERF3",0.210861092071963,-4.98555241925104,0.687457866902527,0.496417445021924,0.96556534279626,51001,"8"
"3135","NUDT7",0.148024974320676,-3.83622673499008,0.68711318696916,0.49663190595391,0.96556534279626,283927,"16"
"3136","LRFN2",-0.117768393707997,-1.75832593223358,-0.686551942708398,0.49698122423126,0.96556534279626,57497,"6"
"3137","SURF6",0.0905541422853031,-2.06774227691641,0.686374528221749,0.497091675393291,0.96556534279626,6838,"9"
"3138","ALKBH4",0.0708308413461317,-0.918410224495748,0.685948616379707,0.497356886804649,0.96556534279626,54784,"7"
"3139","LGMN",0.0932864715023909,-1.68347678389758,0.685934248567368,0.497365834881984,0.96556534279626,5641,"14"
"3140","SPCS1",-0.109815094851656,1.04613890771734,-0.685558373859527,0.497599956322744,0.96556534279626,28972,"3"
"3141","RAB3GAP2",0.055963406904918,1.49034654829738,0.685252394405464,0.497790587270071,0.96556534279626,25782,"1"
"3142","GALE",-0.0861376790876442,0.877067521373735,-0.685244291559731,0.497795636046805,0.96556534279626,2582,"1"
"3143","CELA2B",-0.236642796292962,-0.835677576306756,-0.684599108342455,0.498197732574206,0.96556534279626,51032,"1"
"3144","VAT1",0.0791405089859483,6.41954157676313,0.684106911951561,0.498504604643647,0.96556534279626,10493,"17"
"3145","RANBP1",0.0564289382178709,2.12286855958431,0.683962578693134,0.498594612697628,0.96556534279626,5902,"22"
"3146","RNLS",-0.0721111896051714,-1.06436316374802,-0.683959210224358,0.498596713425297,0.96556534279626,55328,"10"
"3147","GABARAPL2",0.106124496298826,0.331772373389322,0.683470126841473,0.498901779827912,0.96556534279626,11345,"16"
"3148","PAPSS1",-0.0635113469943038,1.16968914286185,-0.682995586261759,0.499197874121703,0.96556534279626,9061,"4"
"3149","YWHAZ",-0.0662381351448751,5.0708296599449,-0.682860094376193,0.499282433512209,0.96556534279626,7534,"8"
"3150","CP",-0.259364308366753,-1.98272029510221,-0.682815194704768,0.499310456786685,0.96556534279626,1356,"3"
"3151","RPS6KA5",-0.132343472573669,-3.71885674654886,-0.682520427159639,0.499494451995062,0.96556534279626,9252,"14"
"3152","DNAJC12",-0.106058876516741,1.38898533287713,-0.682437725022137,0.499546081788978,0.96556534279626,56521,"10"
"3153","TREX1",0.0797564531196306,-1.35735983597889,0.682272200956601,0.499649425047338,0.96556534279626,11277,"3"
"3154","RBM45",0.0656844458359383,0.364521159761712,0.682206350366526,0.499690541485377,0.96556534279626,129831,"2"
"3155","PCTP",-0.0751105640614087,-1.99539761775956,-0.681847148007806,0.499914856797722,0.96556534279626,58488,"17"
"3156","LNPEP",0.061613999782317,1.18157281021727,0.681530781098906,0.500112468363466,0.96556534279626,4012,"5"
"3157","REEP2",0.129719833947032,-1.58155549597173,0.681087105241179,0.500389673525343,0.96556534279626,51308,"5"
"3158","PIP4P2",0.0994112519269134,-0.365373332966937,0.68078417765501,0.500578989154579,0.96556534279626,55529,"8"
"3159","FRMD8",-0.0818190221047193,1.37769138790008,-0.680622484481336,0.500680056085971,0.96556534279626,83786,"11"
"3160","ATR",0.0904215882391055,-2.25865319912532,0.680602458561332,0.50069257414932,0.96556534279626,545,"3"
"3161","PGM2L1",0.148515154843103,0.885955112900427,0.680489552948146,0.500763153904966,0.96556534279626,283209,"11"
"3162","STX2",0.114986771323053,-1.80165944231947,0.680400941760561,0.500818550543372,0.96556534279626,2054,"12"
"3163","DENR",0.0815160645591311,1.8107379127688,0.680381566819709,0.50083066353568,0.96556534279626,8562,"12"
"3164","BACE1",-0.0632042022050567,-1.22464726370002,-0.680086346270175,0.501015252117175,0.96556534279626,23621,"11"
"3165","COPS8",0.0764166276230263,0.887643875125904,0.679909720705561,0.501125706403526,0.96556534279626,10920,"2"
"3166","PABIR1",-0.0894306583092239,-2.03144086941197,-0.679832105595103,0.501174247927754,0.96556534279626,116224,"9"
"3167","ZNF326",0.0702448856177784,1.18923999712086,0.679136124480691,0.501609640005618,0.96556534279626,284695,"1"
"3168","ATP5PF",0.163580665949266,-1.44375185502672,0.678988786164062,0.501701838768676,0.96556534279626,522,"21"
"3169","MTX3",-0.059179793843473,-0.0801239706813537,-0.678972261541007,0.501712179838928,0.96556534279626,345778,"5"
"3170","NDUFB3",-0.0661206611320149,1.94160858821886,-0.678531771328178,0.501987881005638,0.96556534279626,4709,"2"
"3171","SLC25A4",-0.0748580771356004,3.42269157640999,-0.67818608158961,0.502204305528463,0.96556534279626,291,"4"
"3172","KBTBD7",-0.0471742538610002,-0.431642306833338,-0.678131950785346,0.502238199640653,0.96556534279626,84078,"13"
"3173","UQCC5",0.0816479342090454,-0.67787590802335,0.678083660040098,0.502268438054532,0.96556534279626,440957,"3"
"3174","DAP",0.171027637115057,-1.29886976719171,0.677589437059605,0.502577965485421,0.96556534279626,1611,"5"
"3175","MICU3",-0.10219575732816,-2.33989458811238,-0.677508061102467,0.502628940615424,0.96556534279626,286097,"8"
"3176","SLC25A10",-0.0607025247930972,1.55927744127134,-0.677394473366732,0.502700098463131,0.96556534279626,1468,"17"
"3177","LARP6",-0.0883254864814296,-3.1389742060424,-0.676857533285329,0.503036543671183,0.96556534279626,55323,"15"
"3178","WDR73",-0.0803277856484961,-1.27143525843917,-0.676543646694899,0.503233281692726,0.96556534279626,84942,"15"
"3179","ECHS1",-0.0481926951774803,3.48314548008438,-0.676535525769501,0.50323837229431,0.96556534279626,1892,"10"
"3180","PLEC",-0.0661637059347577,3.54845778164511,-0.67619813437199,0.503449891173227,0.96556534279626,5339,"8"
"3181","MBNL2",0.0513269169589474,1.93776965261836,0.6761219891102,0.503497635271081,0.96556534279626,10150,"13"
"3182","QRSL1",0.0540901570355016,-0.2803889891098,0.675991889779263,0.503579215068641,0.96556534279626,55278,"6"
"3183","CEP135",-0.105026840314991,1.00027789703486,-0.675898725096213,0.503637639185525,0.96556534279626,9662,"4"
"3184","FEN1",-0.0588859894757245,0.638747048219884,-0.675698899074574,0.503762963852707,0.96556534279626,2237,"11"
"3185","ERP29",0.0755331002087081,4.59029736940999,0.67535049399437,0.503981513791635,0.96556534279626,10961,"12"
"3186","XYLT1",0.0927325646686512,-2.09095768463075,0.675340247902767,0.503987941821295,0.96556534279626,64131,"16"
"3187","PMM2",-0.0604900424556472,2.07939282013259,-0.675189011141594,0.504082827584735,0.96556534279626,5373,"16"
"3188","TKT",-0.0817020927168866,5.56250944229815,-0.674334022409884,0.504619431543797,0.96556534279626,7086,"3"
"3189","TMCO1",0.0728011954957462,1.19245253241172,0.674271114389835,0.504658925992907,0.96556534279626,54499,"1"
"3190","LMAN2L",-0.0782635974491933,-0.118721574728342,-0.674237833266123,0.50467982099073,0.96556534279626,81562,"2"
"3191","SENP8",0.115737503370114,-1.89130496996209,0.673934285265323,0.504870420513405,0.96556534279626,123228,"15"
"3192","GLG1",0.0717947101345775,1.93701584060904,0.672643966476345,0.505681060959589,0.96556534279626,2734,"16"
"3193","TPM1",0.103998842129077,0.807266948928743,0.672486195814782,0.505780229162348,0.96556534279626,7168,"15"
"3194","KIFAP3",0.0588906173461827,-0.00760746850250293,0.672437880921255,0.505810600071515,0.96556534279626,22920,"1"
"3195","KMT2C",0.0621810432266762,1.04914842378465,0.672376740717351,0.505849034451825,0.96556534279626,58508,"7"
"3196","ATF3",-0.0966854990052859,-2.28838778121826,-0.671439570956799,0.506438365427319,0.96556534279626,467,"1"
"3197","WWC3",0.0734744942087349,-1.80042239447977,0.67133066196689,0.506506876334247,0.96556534279626,55841,"X"
"3198","CCDC12",0.115780950777846,-1.86334409521754,0.670260288306242,0.507180482353429,0.96556534279626,151903,"3"
"3199","EIF2A",0.0549593993062802,1.75816784526868,0.670195642551948,0.507221180856922,0.96556534279626,83939,"3"
"3200","MAN2C1",0.0609120381079274,0.436454722811538,0.669795488437808,0.507473142495977,0.96556534279626,4123,"15"
"3201","NCOA2",-0.0665680001509168,-1.8702624465213,-0.669755635805948,0.507498239921141,0.96556534279626,10499,"8"
"3202","METTL15",-0.0707779175345618,-1.15395039351944,-0.669474984682191,0.507675000857552,0.96556534279626,196074,"11"
"3203","GLMN",0.0592020252117245,-0.9872078022016,0.669322256726307,0.507771206834419,0.96556534279626,11146,"1"
"3204","EIF4A1",-0.0680505199357357,4.66806784906498,-0.669032085580872,0.507954018173211,0.96556534279626,1973,"17"
"3205","EGLN1",-0.0704544878059808,-0.145374320663781,-0.668824996910493,0.50808450859567,0.96556534279626,54583,"1"
"3206","TBC1D2B",-0.0741766928223293,-1.33436979126437,-0.668817831586614,0.508089023928183,0.96556534279626,23102,"15"
"3207","SLC25A11",-0.0537651859782922,4.12859336451625,-0.668513791220505,0.508280639618884,0.96556534279626,8402,"17"
"3208","SPARCL1",-0.142634786094571,-2.23045640848956,-0.668485129892661,0.508298704919825,0.96556534279626,8404,"4"
"3209","SEPTIN5",0.0682307504601798,0.684607698248737,0.667842684619427,0.508703731919145,0.96556534279626,5413,"22"
"3210","SNCA",0.109719720638016,0.0315036810723816,0.667836773483472,0.508707459390673,0.96556534279626,6622,"4"
"3211","AK4",-0.0822809256343098,0.228566262328327,-0.66771189208285,0.508786211177491,0.96556534279626,205,"1"
"3212","SEC61A1",-0.070614177932621,3.87046978597247,-0.667226758624573,0.509092205752703,0.96556534279626,29927,"3"
"3213","SMAD1",0.0721689334409282,-1.07871831043485,0.667192597266082,0.509113756586997,0.96556534279626,4086,"4"
"3214","CRY2",0.125008808986009,-1.01881055442158,0.666783077160381,0.509372142884929,0.96556534279626,1408,"11"
"3215","ALKBH1",0.132838557497497,-4.00601041331959,0.666403445994425,0.509611734822267,0.96556534279626,8846,"14"
"3216","VWA1",0.081469150675011,-0.0322557113501257,0.666353425756319,0.509643308071143,0.96556534279626,64856,"1"
"3217","DCAF6",0.187854550633126,-2.10880655233667,0.666198641536951,0.50974101611235,0.96556534279626,55827,"1"
"3218","MINDY1",0.0648371089068376,0.373001107473612,0.665866113658558,0.509950960034517,0.96556534279626,55793,"1"
"3219","GNE",0.060357743514212,1.58472766840859,0.665478924278082,0.510195474418239,0.96556534279626,10020,"9"
"3220","PACSIN2",-0.0698758609342787,1.76119624749635,-0.665452865967949,0.510211932829395,0.96556534279626,11252,"22"
"3221","SEMA5A",0.107086762534109,-2.44257575863551,0.665240156324299,0.510346290941173,0.96556534279626,9037,"5"
"3222","RAD23B",0.0823377978643096,2.50402966709021,0.665050177372466,0.510466307536798,0.96556534279626,5887,"9"
"3223","THTPA",0.0662708062799295,0.493051550508341,0.665010312781639,0.510491493400846,0.96556534279626,79178,"14"
"3224","POP7",0.0767208739942853,-0.96958383657119,0.664889850132366,0.510567604058936,0.96556534279626,10248,"7"
"3225","BOLA2",0.0827912292236381,1.53253837691917,0.664703559156061,0.510685318537856,0.96556534279626,552900,"16"
"3226","CAPN5",0.0721841167497919,-1.64433584022191,0.66440811599612,0.5108720350182,0.96556534279626,726,"11"
"3227","TMEM14C",0.0797394823023054,1.92555171405613,0.664112861428582,0.511058669519337,0.96556534279626,51522,"6"
"3228","AP4M1",-0.0905686851420053,-1.83995917852209,-0.663964136550923,0.51115269465887,0.96556534279626,9179,"7"
"3229","PGGHG",0.182665553287542,-3.26470159137285,0.663909038506563,0.511187530508852,0.96556534279626,80162,"11"
"3230","MISP",0.134784858963635,-0.612397414904461,0.663626141374541,0.511366413183137,0.96556534279626,126353,"19"
"3231","DPM1",-0.061717094280993,2.57361581474155,-0.663458288980275,0.511472566429333,0.96556534279626,8813,"20"
"3232","NIP7",-0.0954051788079595,-3.33885271030565,-0.662931781819452,0.511805618127862,0.96556534279626,51388,"16"
"3233","PIK3C2A",0.0604142301879835,-0.447734881898746,0.662828088810211,0.511871224957171,0.96556534279626,5286,"11"
"3234","ERICH5",-0.0774547534573788,0.332710462752351,-0.66277163889611,0.511906942886918,0.96556534279626,203111,"8"
"3235","TAX1BP1",-0.0839850874949347,-0.787438721018611,-0.662408674511812,0.512136636190197,0.96556534279626,8887,"7"
"3236","DUSP12",-0.0886398676687556,-1.22939059091552,-0.662351392034233,0.512172891160051,0.96556534279626,11266,"1"
"3237","MRM3",0.0657552441602268,-0.140476843044145,0.662347765741594,0.512175186344038,0.96556534279626,55178,"17"
"3238","CHRAC1",0.128458423557936,-1.57562645775057,0.661871056772724,0.512476957805919,0.96556534279626,54108,"8"
"3239","KRT9",0.135286490211882,4.92676222031036,0.661535291082135,0.512689565916859,0.96556534279626,3857,"17"
"3240","NSMCE1",0.123707505319424,-1.95497947540033,0.661260895476029,0.512863349895689,0.96556534279626,197370,"16"
"3241","COMT",-0.0675070731764665,1.2466521883582,-0.66084627554517,0.513126003455734,0.96556534279626,1312,"22"
"3242","MAPKAP1",-0.069254346419463,-1.8868062589836,-0.660545942662945,0.513316304103345,0.96556534279626,79109,"9"
"3243","LGALS2",-0.210912600325282,-1.09663379447808,-0.660101764795024,0.513597819928421,0.96556534279626,3957,"22"
"3244","COMMD8",0.0955207363747816,-1.33904399457188,0.660040554804496,0.513636620832195,0.96556534279626,54951,"4"
"3245","TBC1D4",-0.0551507399299118,0.0327840466569795,-0.659723794255689,0.51383744023125,0.96556534279626,9882,"13"
"3246","EHBP1L1",0.110251048360051,-1.67748180734297,0.659385902457964,0.514051703405066,0.96556534279626,254102,"11"
"3247","MON2",0.0534716058070612,1.39199785019941,0.65830418236832,0.514737967513691,0.96556534279626,23041,"12"
"3248","CDC27",0.0800393208702946,-0.961905886423507,0.658047513555175,0.514900876111678,0.96556534279626,996,"17"
"3249","YTHDF3",0.0743523395787917,1.4067180823652,0.657982859975188,0.514941916376035,0.96556534279626,253943,"8"
"3250","SLC7A4",0.143234117853792,-2.84581195132867,0.657853931185725,0.515023762023138,0.96556534279626,6545,"22"
"3251","DSG2",0.092811661657068,1.61854338685893,0.657359544213563,0.515337670599204,0.96556534279626,1829,"18"
"3252","SEZ6L",0.062922987787783,-0.619621229654048,0.657213297275151,0.515430549250912,0.96556534279626,23544,"22"
"3253","TOMM22",0.080293643075687,0.00723448705220253,0.657036202602749,0.515543030858433,0.96556534279626,56993,"22"
"3254","FILIP1L",-0.112715207079835,-2.85068091091767,-0.655968340018085,0.516221565221994,0.96556534279626,11259,"3"
"3255","PARP9",0.0507355698700636,0.184447310036616,0.655640680384462,0.516429861507616,0.96556534279626,83666,"3"
"3256","ANKMY2",0.0565335964080342,0.168506926744431,0.655639215890006,0.51643079260252,0.96556534279626,57037,"7"
"3257","HARS2",-0.0516494402309418,0.586633984906832,-0.655391866134401,0.516588065433774,0.96556534279626,23438,"5"
"3258","HEATR5A",0.0755100914115012,-2.02193174309504,0.655122134650094,0.516759598819257,0.96556534279626,25938,"14"
"3259","MRTFB",0.0506539088938467,-0.562835309147808,0.654510802109926,0.517148484461897,0.96556534279626,57496,"16"
"3260","GSTM4",-0.135439562506172,-1.18172879861978,-0.654311888081455,0.517275053326106,0.96556534279626,2948,"1"
"3261","WASHC3",0.0849192283392109,-0.712625880585602,0.654236519545464,0.517323014650143,0.96556534279626,51019,"12"
"3262","GSE1",0.09241907291261,-1.50331869151453,0.653606056676791,0.517724308495922,0.96556534279626,23199,"16"
"3263","LPCAT2",0.153850030886019,-2.07479785382294,0.653511167672825,0.517784720542007,0.96556534279626,54947,"16"
"3264","GNA12",0.0692801525342159,-1.72215186099323,0.653191380796392,0.51798834413901,0.96556534279626,2768,"7"
"3265","RPAP2",0.111381601717369,-3.52937177832502,0.652793887012061,0.518241507716692,0.96556534279626,79871,"1"
"3266","MAPK8",-0.0830239880692257,-1.05609362903684,-0.652662462427821,0.518325226656115,0.96556534279626,5599,"10"
"3267","SMAP1",0.0660582138457604,0.887508634209631,0.652639959425739,0.518339562053734,0.96556534279626,60682,"6"
"3268","NUDT16",0.0787033647588087,1.31830181952427,0.652578247888622,0.518378876103128,0.96556534279626,131870,"3"
"3269","BOLA1",0.0833533954094066,-1.63278576807329,0.652564630902155,0.518387551178805,0.96556534279626,51027,"1"
"3270","CD9",0.0952543418519223,1.43304080895199,0.652167396341699,0.518640654861252,0.96556534279626,928,"12"
"3271","KLHL26",0.0986489449381756,-5.4775463600735,0.652139362725435,0.51865851939943,0.96556534279626,55295,"19"
"3272","ACTR3B",0.0504159921165398,-0.684873256022497,0.651805544513094,0.518871271952055,0.96556534279626,57180,"7"
"3273","CTRB2",-0.403684056220606,3.1665297886714,-0.651747598270674,0.518908207658193,0.96556534279626,440387,"16"
"3274","GABPB1",-0.0701993030234673,-0.900883962800895,-0.651567731507854,0.519022866158764,0.96556534279626,2553,"15"
"3275","MTAP",-0.0581212099137319,0.899758353571538,-0.651482939030102,0.519076923008603,0.96556534279626,4507,"9"
"3276","COX14",-0.116786115991998,-1.34190085065934,-0.650905326251032,0.519445243127409,0.96556534279626,84987,"12"
"3277","CCN1",0.102201022662589,-0.998626374407174,0.650501570726951,0.519702785177601,0.96556534279626,3491,"1"
"3278","TSPAN9",0.12827694363036,-1.93972220970494,0.649777506900128,0.520164813348411,0.96556534279626,10867,"12"
"3279","DTD1",0.0623998395806344,0.84431927509645,0.649613137965588,0.520269728646396,0.96556534279626,92675,"20"
"3280","CNOT7",0.0725653814643628,-0.98994317282022,0.649352366373424,0.520436200311674,0.96556534279626,29883,"8"
"3281","CRMP1",0.079491707038672,3.73747168849653,0.649243245530423,0.520505869505785,0.96556534279626,1400,"4"
"3282","BMERB1",0.082377057713856,-0.884192216112311,0.64899216681051,0.520666192053109,0.96556534279626,89927,"16"
"3283","RCOR1",0.0690851089345491,-1.58865783058655,0.648781752252705,0.520800569567908,0.96556534279626,23186,"14"
"3284","POLR3B",-0.0809749652076888,-1.31751110810007,-0.648563735200947,0.520939821954812,0.96556534279626,55703,"12"
"3285","EXOSC5",0.060910956950412,-0.0595947347617078,0.64853435472389,0.520958589456143,0.96556534279626,56915,"19"
"3286","BPGM",0.0688236483511417,-0.702752321880067,0.648188074572796,0.521179811799861,0.96556534279626,669,"7"
"3287","RDH10",-0.0899711352813496,-0.4946624541689,-0.64789732701014,0.521365595939877,0.96556534279626,157506,"8"
"3288","PIP4K2B",0.0608719636178424,-0.454270514843687,0.64785270958874,0.521394109076634,0.96556534279626,8396,"17"
"3289","SLC25A14",0.0932520420685863,-0.0987189478214296,0.647851525668158,0.521394865682408,0.96556534279626,9016,"X"
"3290","CARMIL2",-0.0778041249081967,1.5797214135544,-0.647786763114228,0.521436254257985,0.96556534279626,146206,"16"
"3291","FAM83F",0.0788347418899344,-1.98221238884654,0.647719202675813,0.52147943279234,0.96556534279626,113828,"22"
"3292","ACD",-0.0525412025169505,-1.52266698162063,-0.647493010785195,0.521624008215585,0.96556534279626,65057,"16"
"3293","SRSF5",0.069105394833656,1.13395571953038,0.647299250800149,0.521747871208151,0.96556534279626,6430,"14"
"3294","SNRPD2",0.060435118659889,2.90273151087796,0.647247210193134,0.521781141373545,0.96556534279626,6633,"19"
"3295","SHMT1",-0.108349537581181,-0.654621254942599,-0.64719648097948,0.521813574246624,0.96556534279626,6470,"17"
"3296","ANKRD65",0.104584786579171,-2.46604083871869,0.64668843376762,0.522138445430759,0.96556534279626,441869,"1"
"3297","GNA14",-0.0690938455944421,-0.792581637392368,-0.646195055271148,0.522454040581103,0.96556534279626,9630,"9"
"3298","PTP4A1",-0.0615969512264786,0.0543702878775339,-0.645665383196996,0.522792965218584,0.96556534279626,7803,"6"
"3299","CBX5",0.0640691075090786,-0.603620502142058,0.644960895848497,0.523243932661658,0.96556534279626,23468,"12"
"3300","ARHGEF40",0.0547140645667438,-0.962416803842521,0.64488251680762,0.523294118762389,0.96556534279626,55701,"14"
"3301","THEM6",-0.0651957927339644,1.75221331407567,-0.644853600009437,0.523312634839958,0.96556534279626,51337,"8"
"3302","POLG",0.0550338309679589,-0.658728668423637,0.64476199309055,0.523371295132446,0.96556534279626,5428,"15"
"3303","SFXN1",-0.0544758911522294,3.79397512851014,-0.644578812250237,0.523488605153653,0.96556534279626,94081,"5"
"3304","CNTN1",0.0808011687116517,1.19243799866004,0.644502598725964,0.523537416864663,0.96556534279626,1272,"12"
"3305","TSEN34",0.0911118762669518,-1.94042736266568,0.644466495646842,0.523560540292445,0.96556534279626,79042,"19"
"3306","OPA3",-0.112699627725735,0.768421267240588,-0.644448506353777,0.523572062342697,0.96556534279626,80207,"19"
"3307","LATS1",-0.0792966478463455,-1.49824575251851,-0.644299537166359,0.523667481565135,0.96556534279626,9113,"6"
"3308","CCDC51",0.0612652568312974,-0.21190041244445,0.6441410534751,0.523769005336397,0.96556534279626,79714,"3"
"3309","SMYD5",0.0690737780436646,-0.216429822352253,0.643660479582506,0.524076922727667,0.96556534279626,10322,"2"
"3310","ZPR1",0.0650283078364266,0.0149387384223266,0.643160245910112,0.524397539594411,0.96556534279626,8882,"11"
"3311","EIF5A",-0.063221699445021,3.89740212461895,-0.642688015456999,0.524700304507909,0.96556534279626,1984,"17"
"3312","PEX6",-0.0805512202276223,-0.887442653401169,-0.642414761203675,0.524875540895647,0.96556534279626,5190,"6"
"3313","BANP",0.087307809820383,-1.86678360122725,0.642244916132511,0.524984477333613,0.96556534279626,54971,"16"
"3314","NCLN",-0.0629645214683925,2.98691069656981,-0.642125762073554,0.525060908423181,0.96556534279626,56926,"19"
"3315","XPNPEP1",-0.0955135908374949,2.20920625788568,-0.642059597068486,0.525103352377461,0.96556534279626,7511,"10"
"3316","CEBPB",-0.124412401351129,-0.597837063589888,-0.641519130724329,0.525450122868972,0.96556534279626,1051,"20"
"3317","SPG11",-0.0644696922878265,-2.13483480234414,-0.641166644040473,0.525676348967647,0.96556534279626,80208,"15"
"3318","RPL9",-0.0637999617087637,3.68643916216903,-0.640706655047303,0.52597164829909,0.96556534279626,6133,"4"
"3319","GDE1",-0.0547100499042437,-0.49052113074192,-0.6405104848752,0.526097610676423,0.96556534279626,51573,"16"
"3320","LRPAP1",0.0778727947066105,1.53964666327302,0.640356653708538,0.526196398113298,0.96556534279626,4043,"4"
"3321","CMBL",0.0519321024428483,2.68715826742587,0.640350313067081,0.526200470164516,0.96556534279626,134147,"5"
"3322","SRP9",0.0956823941154658,1.54547407030995,0.640283466099765,0.526243401272253,0.96556534279626,6726,"1"
"3323","NCOA1",0.0766388857149489,-2.14557678784585,0.640030402851178,0.526405942934043,0.96556534279626,8648,"2"
"3324","GFM2",0.0658247847018391,0.322136625206016,0.63984499193593,0.526525048729122,0.96556534279626,84340,"5"
"3325","UBN2",-0.134603186055458,-1.7112146317052,-0.639825954930785,0.526537278691296,0.96556534279626,254048,"7"
"3326","DEGS1",0.0847473103134189,-1.58895156039638,0.639756441715265,0.52658193742216,0.96556534279626,8560,"1"
"3327","HACL1",0.0808307382359486,-0.320803027360863,0.63948752822468,0.526754719781143,0.96556534279626,26061,"3"
"3328","PPP4R2",0.06858181834107,0.0472860170572086,0.63900351021709,0.52706578729146,0.96556534279626,151987,"3"
"3329","COPS7A",0.0655290452506234,1.74954135807809,0.638864569031993,0.527155099753298,0.96556534279626,50813,"12"
"3330","KBTBD4",0.0761894391014979,-1.81433134037006,0.638631071009758,0.527305212238359,0.96556534279626,55709,"11"
"3331","TRIM26",-0.0602324779583858,-1.08040963419587,-0.638547753790753,0.52735878117942,0.96556534279626,7726,"6"
"3332","CTNND1",0.0566538949817916,2.30396826367359,0.638455762407362,0.527417930555608,0.96556534279626,1500,"11"
"3333","ISL1",0.0654411906200507,-2.44714676158158,0.638392748696038,0.527458449669076,0.96556534279626,3670,"5"
"3334","NISCH",0.0929059782117698,2.05265295010239,0.638067796088353,0.527667427200968,0.96556534279626,11188,"3"
"3335","SLC35B1",0.090286531999701,0.0574747819762378,0.638042077033868,0.527683969047668,0.96556534279626,10237,"17"
"3336","FDPS",-0.074425091889005,2.06039462392612,-0.637949356026933,0.527743607150872,0.96556534279626,2224,"1"
"3337","HINT3",-0.0555158305909746,0.714893556537528,-0.637908841449509,0.527769667232348,0.96556534279626,135114,"6"
"3338","LUM",-0.138705890687359,0.575341750769714,-0.637533009011164,0.528011445558416,0.96556534279626,4060,"12"
"3339","IAH1",0.064186396266589,1.39804936448897,0.637346719750072,0.528131309921526,0.96556534279626,285148,"2"
"3340","AASDHPPT",-0.0507475788484864,0.739018123112729,-0.637266298307425,0.528183060077989,0.96556534279626,60496,"11"
"3341","MKS1",-0.169384641321621,-2.06858844372324,-0.636853735048729,0.528448581602548,0.96556534279626,54903,"17"
"3342","PPP1R1B",-0.173819413952044,-1.80054572384369,-0.636643003225638,0.528584233848723,0.96556534279626,84152,"17"
"3343","RAB3GAP1",0.0568608804687885,1.02043919168384,0.636542262198568,0.528649089382649,0.96556534279626,22930,"2"
"3344","SSU72",0.0736132998934888,-0.0442689773082559,0.636455229120067,0.528705123354825,0.96556534279626,29101,"1"
"3345","JADE1",0.0842293552694056,-4.39554588670666,0.636446172200368,0.528710954597157,0.96556534279626,79960,"4"
"3346","PIN1",0.0585531937585368,1.49251533058005,0.636335152314751,0.528782436849299,0.96556534279626,5300,"19"
"3347","RPL18A",-0.0665855162458331,3.02238021307855,-0.636310001533149,0.528798631369173,0.96556534279626,6142,"19"
"3348","C11orf58",0.0956193743234528,0.370652116162829,0.63624730428087,0.528839003107081,0.96556534279626,10944,"11"
"3349","PDHX",-0.0578552974050823,2.62858111466439,-0.63622588392223,0.528852796385295,0.96556534279626,8050,"11"
"3350","RASEF",-0.128161655357659,-2.27804410462157,-0.635886982197282,0.529071051868991,0.96556534279626,158158,"9"
"3351","CACFD1",0.0740312975238824,1.22581733972734,0.635731364667593,0.529171286861805,0.96556534279626,11094,"9"
"3352","MAP3K20",-0.180062271121206,-2.91752817694089,-0.635470329715941,0.529339445046718,0.96556534279626,51776,"2"
"3353","TESC",-0.0717855856657865,-0.404097715639437,-0.635342624050796,0.529421723113749,0.96556534279626,54997,"12"
"3354","SCAF8",0.0508716595781362,-0.108610599912189,0.635273377327551,0.529466340156757,0.96556534279626,22828,"6"
"3355","ARRB1",-0.123202128502971,0.147091090711366,-0.635193726414006,0.529517663295798,0.96556534279626,408,"11"
"3356","TUBB2B",-0.0744192047011243,3.05264785084253,-0.634666999856438,0.529857126514042,0.96556534279626,347733,"6"
"3357","GTPBP8",0.0954261312409601,-2.26671850386659,0.634588015060191,0.529908040364346,0.96556534279626,29083,"3"
"3358","MRPL58",-0.049352299754275,1.17685551120007,-0.634528698987502,0.529946277399811,0.96556534279626,3396,"17"
"3359","METTL5",0.10397785265542,-2.64211002930316,0.634498209992945,0.529965932149397,0.96556534279626,29081,"2"
"3360","C14orf93",-0.106716829083738,-4.09400537200088,-0.634418714894346,0.530017180533778,0.96556534279626,60686,"14"
"3361","QTRT1",0.0694205936726766,0.490314561323695,0.634237649046738,0.530133918703585,0.96556534279626,81890,"19"
"3362","TELO2",0.0625822969395582,-2.21966481361877,0.634183392686844,0.530168901938064,0.96556534279626,9894,"16"
"3363","SUDS3",-0.110834098371448,-1.52083244752864,-0.634138378283848,0.530197927103832,0.96556534279626,64426,"12"
"3364","JOSD2",0.118484535282716,-2.97095664981721,0.634043931739061,0.530258828720712,0.96556534279626,126119,"19"
"3365","FLCN",-0.0620768295588925,-1.74527023003837,-0.633974063928129,0.530303883710743,0.96556534279626,201163,"17"
"3366","FBXL16",-0.0768722752972235,-2.06409306556648,-0.633896350305552,0.530354000539513,0.96556534279626,146330,"16"
"3367","NHERF1",0.0891069818572396,2.11898450308443,0.633616740182904,0.530534339410786,0.96556534279626,9368,"17"
"3368","P3H1",-0.0704968388365484,0.333413228458199,-0.63342382743714,0.530658780417912,0.96556534279626,64175,"1"
"3369","MRPL13",-0.0506459011652409,0.375553947099897,-0.632972725937802,0.530949829990009,0.96556534279626,28998,"8"
"3370","L1CAM",-0.0919570383469825,-1.93703246799917,-0.632714851976984,0.531116247617024,0.96556534279626,3897,"X"
"3371","SLC16A7",-0.120891600183946,-2.81163999987156,-0.632457254035804,0.531282514696273,0.96556534279626,9194,"12"
"3372","ERGIC1",-0.0635058824557575,1.87729138675188,-0.632064524663042,0.53153605564817,0.96556534279626,57222,"5"
"3373","PTOV1",0.0848269153489527,-3.36004585829529,0.631949504802945,0.531610323091235,0.96556534279626,53635,"19"
"3374","ATP6V1B1",0.110927105332229,-1.15162877337313,0.631741432271857,0.531744687884866,0.96556534279626,525,"2"
"3375","SREK1",0.0695188634990512,-0.481670151273229,0.63163818877935,0.531811365011325,0.96556534279626,140890,"5"
"3376","MAP2",0.0945902806723988,2.29267911842616,0.631211488197543,0.532086985410384,0.96556534279626,4133,"2"
"3377","PCK1",0.121782883730652,-1.01054271230665,0.630897440186477,0.53228988794241,0.96556534279626,5105,"20"
"3378","CAPRIN1",0.075309418740376,2.26524002363658,0.630764560315089,0.53237575229785,0.96556534279626,4076,"11"
"3379","APRT",0.0577802384373838,2.72667662885794,0.630595301402749,0.532485134676132,0.96556534279626,353,"16"
"3380","FDX1",-0.0734745393688371,0.294630483634084,-0.630084552640714,0.532815274454478,0.96556534279626,2230,"11"
"3381","NGDN",0.0813375222777941,-1.42300723622047,0.629679796760411,0.533076978926191,0.96556534279626,25983,"14"
"3382","EPB41L5",0.0660162938169895,-0.353577269541092,0.629625845613903,0.533111867440571,0.96556534279626,57669,"2"
"3383","LDAF1",0.103698068661735,-1.0596457924263,0.629506184305888,0.53318925295841,0.96556534279626,57146,"16"
"3384","MX2",0.105845524940092,-1.90274999517168,0.629421348741542,0.533244120100744,0.96556534279626,4600,"21"
"3385","CACTIN",0.114606549810304,-3.32612691808532,0.629083982485202,0.533462340191876,0.96556534279626,58509,"19"
"3386","PRKD2",-0.0763686680514528,-1.66928858210663,-0.628954570500291,0.533546060818442,0.96556534279626,25865,"19"
"3387","UBA5",-0.0586461581218283,1.6976561292324,-0.628403694018264,0.533902517462975,0.96556534279626,79876,"3"
"3388","ACADL",-0.156281409725259,-1.36559435794656,-0.628401924669364,0.533903662561116,0.96556534279626,33,"2"
"3389","ZNF346",0.119631531253626,-0.854427807666109,0.628172013253303,0.534052469070089,0.96556534279626,23567,"5"
"3390","GOLGA7B",0.0973425437806485,-0.898516694023382,0.627625786327497,0.53440609344918,0.96556534279626,401647,"10"
"3391","CTTN",0.0647320811931968,1.96377605427877,0.6276242201349,0.534407107571265,0.96556534279626,2017,"11"
"3392","FYTTD1",0.0519250806536723,0.161396396046289,0.627313178580809,0.534608529536925,0.96556534279626,84248,"3"
"3393","SDF2L1",-0.0569726055850006,0.411024053642404,-0.626946835039901,0.534845814839715,0.96556534279626,23753,"22"
"3394","TCP11L1",0.061218597784759,-2.03427606303375,0.626904464038175,0.534873262647046,0.96556534279626,55346,"11"
"3395","MTNAP1",-0.103061226378867,-0.82026459165223,-0.626895876201144,0.534878825912434,0.96556534279626,55028,"17"
"3396","POMP",0.0859088047227856,-2.17357518775742,0.626870394410629,0.534895333387256,0.96556534279626,51371,"13"
"3397","MX1",-0.127070308746145,-0.100424694977215,-0.626718120672949,0.534993984123105,0.96556534279626,4599,"21"
"3398","TNPO2",0.140919756027192,-1.94495726435827,0.626665654351685,0.535027976715561,0.96556534279626,30000,"19"
"3399","IRF9",0.0943617879548073,-2.99377956172821,0.626487777137128,0.535143230683222,0.96556534279626,10379,"14"
"3400","ARL15",0.0685849376866616,0.619450187049234,0.626056694566137,0.53542260103408,0.96556534279626,54622,"5"
"3401","PAXBP1",-0.0819697671236797,-0.520861127124435,-0.626052973276909,0.535425013012583,0.96556534279626,94104,"21"
"3402","ABHD16A",0.0755124937707847,2.24453514269688,0.625969061464154,0.535479402533344,0.96556534279626,7920,"6"
"3403","UNG",0.0779918563448199,-2.14697637726574,0.62543822002617,0.535823547922261,0.96556534279626,7374,"12"
"3404","PPIL1",-0.070041407489426,1.2179054612096,-0.625370899385213,0.535867200315794,0.96556534279626,51645,"6"
"3405","GLTP",0.0591298330541053,0.172224218021737,0.625246735974383,0.535947715893386,0.96556534279626,51228,"12"
"3406","B4GALT3",-0.0619202509677559,-0.698349243171518,-0.625238183472505,0.53595326212233,0.96556534279626,8703,"1"
"3407","SEC24A",-0.0435117712867559,0.784870850119084,-0.624947478229746,0.536141800088002,0.965621587130327,10802,"5"
"3408","RFT1",-0.0675498808925876,0.440560792563202,-0.624211411872707,0.536619334505405,0.966166257158462,91869,"3"
"3409","PYCR2",0.0616542406444204,1.10500067576085,0.623996149117315,0.536759031754701,0.966166257158462,29920,"1"
"3410","DBN1",0.0837795122082303,1.17083852726134,0.623634780158264,0.536993589245771,0.966180955935638,1627,"5"
"3411","LRRC59",-0.128411715435944,3.79768214195468,-0.623498565890383,0.537082017212837,0.966180955935638,55379,"17"
"3412","C2CD2",-0.13066044200186,-3.44393649918679,-0.622229138634171,0.537906474994128,0.966738249202446,25966,"21"
"3413","FNBP4",-0.0808964397962286,-1.79483928425003,-0.622131657893225,0.53796981345143,0.966738249202446,23360,"11"
"3414","NEURL4",0.0639176033562645,-1.51747905555748,0.621867662546332,0.538141364992758,0.966738249202446,84461,"17"
"3415","CRACDL",0.083643421437988,-2.16620465331678,0.621862593778298,0.538144659100118,0.966738249202446,343990,"2"
"3416","KCTD21",0.0564923755360976,-0.581585422099307,0.621345709744741,0.538480628838522,0.966738249202446,283219,"11"
"3417","RAB9A",-0.0573060585911013,-0.812649381353523,-0.621024828261012,0.538689254029412,0.966738249202446,9367,"X"
"3418","WIPF2",0.0645203911399679,-0.562626050049437,0.620977599909945,0.538719963717094,0.966738249202446,147179,"17"
"3419","MIB1",0.0751712559804002,-1.47155855186649,0.620717807907455,0.538888906842098,0.966738249202446,57534,"18"
"3420","LIPA",0.0821074333321808,0.00801953514604293,0.620510205072208,0.539023931206992,0.966738249202446,3988,"10"
"3421","HLA-DRB5",-0.142965819348998,-1.32990272962055,-0.620177116216448,0.539240608353118,0.966738249202446,3127,"6"
"3422","SLC27A1",-0.0506101357659542,0.116887805847027,-0.61983022728612,0.539466310994753,0.966738249202446,376497,"19"
"3423","RSBN1",0.0876327023965782,-2.05018805068895,0.619613243666519,0.539607516099415,0.966738249202446,54665,"1"
"3424","MAP3K11",0.0767854261933775,-0.653748646226728,0.619553311479044,0.539646521208771,0.966738249202446,4296,"11"
"3425","CTDNEP1",-0.095623415051584,-1.66621783320276,-0.619463056523232,0.539705263785442,0.966738249202446,23399,"17"
"3426","RIOX1",-0.0457488768866419,-0.316909660880359,-0.619387697147675,0.539754314111564,0.966738249202446,79697,"14"
"3427","MRPL40",-0.0670641177759311,-0.0177520664138456,-0.618487434122409,0.540340462427123,0.967070663254945,64976,"22"
"3428","MAN2A2",-0.0526424731472103,-0.498909025275147,-0.618417194054381,0.5403862087031,0.967070663254945,4122,"15"
"3429","PPP1R1A",-0.127511507830371,-0.661329617863428,-0.618376714538312,0.540412573307993,0.967070663254945,5502,"12"
"3430","TNS2",0.0627474524617991,0.110564497538834,0.618118458314237,0.540580793287781,0.967089743281959,23371,"12"
"3431","SCP2",-0.0717601228811804,2.32316686470756,-0.617343170649881,0.541085955452725,0.967520142591163,6342,"1"
"3432","CNOT3",0.0655040046509688,0.274406896461893,0.616806214511957,0.541435969782468,0.967520142591163,4849,"19"
"3433","MCRS1",0.0655771562702168,-1.66599197175633,0.616374733165332,0.541717315995446,0.967520142591163,10445,"12"
"3434","ANXA3",-0.133774359059871,2.48824533533217,-0.616202021764701,0.541829953333522,0.967520142591163,306,"4"
"3435","LRRC8A",-0.062743124364592,-1.35642162972797,-0.616126946462616,0.541878919060954,0.967520142591163,56262,"9"
"3436","SGSM3",0.0465855199034451,0.204765608310375,0.615885725549943,0.542036264134497,0.967520142591163,27352,"22"
"3437","CNOT11",0.0668690390108105,-1.1024765473825,0.615880460773359,0.542039698541001,0.967520142591163,55571,"2"
"3438","MTIF3",-0.0979543871564615,-0.963664683016887,-0.615815003190914,0.542082399864941,0.967520142591163,219402,"13"
"3439","SENP7",-0.183987805240153,0.480641177918938,-0.614897320699795,0.542681235438988,0.967609924007039,57337,"3"
"3440","FREM2",0.271822370696037,-0.594917372767542,0.614289011191031,0.543078378694927,0.967609924007039,341640,"13"
"3441","DEF6",-0.227961975042414,-0.847204886183118,-0.614258258365441,0.543098460114589,0.967609924007039,50619,"6"
"3442","IQSEC3",0.0742886111071122,-3.0123665476914,0.613909965458296,0.543325920345775,0.967609924007039,440073,"12"
"3443","RPS4X",-0.0512079975728641,4.88316886933305,-0.613732195356562,0.543442036050384,0.967609924007039,6191,"X"
"3444","RNF11",0.077055759441866,-0.9980824264168,0.613474947969386,0.543610087486531,0.967609924007039,26994,"1"
"3445","SLC35A2",0.0684948079437472,0.0626611018018001,0.613407168163168,0.543654370346318,0.967609924007039,7355,"X"
"3446","DDX55",0.092949138537417,-2.97201928218374,0.613180786064851,0.543802287077969,0.967609924007039,57696,"12"
"3447","LENG8",0.123206779914342,-3.77594577585182,0.613147989652573,0.543823717794531,0.967609924007039,114823,"19"
"3448","OCIAD1",-0.0486533829720384,2.97685934623879,-0.613050245153046,0.543887591244689,0.967609924007039,54940,"4"
"3449","DNAJC17",0.0699762191227637,-0.4282212949175,0.613030955993895,0.543900196661348,0.967609924007039,55192,"15"
"3450","CLEC16A",0.0683088697991692,-2.25249444633635,0.612840888925507,0.544024413122889,0.967609924007039,23274,"16"
"3451","SLC22A15",0.0851166014286009,-2.66981646698317,0.612258429190718,0.544405165674799,0.96800663583775,55356,"1"
"3452","ARHGAP26",-0.0864759230626753,-1.97539496167579,-0.611968178193042,0.544594953684607,0.968063662240404,23092,"5"
"3453","SARNP",0.0625233556671185,2.69793370073584,0.610272772226331,0.545704223524512,0.969174691508936,84324,"12"
"3454","EXOSC3",0.0779079105407322,0.145970770727409,0.609945219193043,0.545918669666287,0.969174691508936,51010,"9"
"3455","TMEM87B",0.061128381512653,0.51589880412254,0.609739418983218,0.546053427602126,0.969174691508936,84910,"2"
"3456","STMN2",-0.0859610747527998,-0.145251895373885,-0.609720737282969,0.546065661228138,0.969174691508936,11075,"8"
"3457","EML5",0.0607778457725929,-0.703772960408453,0.609630937043962,0.546124468484174,0.969174691508936,161436,"14"
"3458","TMA16",0.0831592123376554,-1.52324364069529,0.6092100979712,0.546400105976742,0.969174691508936,55319,"4"
"3459","POLR2J",0.141336307961733,-2.81632338241149,0.60844292466373,0.546902767570207,0.969174691508936,5439,"7"
"3460","CORO7",0.0724210319937972,2.45839770375702,0.608425851822927,0.546913956628779,0.969174691508936,79585,"16"
"3461","C1D",-0.0965086145487404,-1.96667489599843,-0.607822866037692,0.547309212396789,0.969174691508936,10438,"2"
"3462","TLR3",0.0548029155906566,2.23756538322554,0.607810408458107,0.547317379866721,0.969174691508936,7098,"4"
"3463","MAP3K5",-0.0905787131015088,-2.15874388551139,-0.607565474506377,0.547477976874422,0.969174691508936,4217,"6"
"3464","PPP1R3E",0.0838322406734948,-0.135750063029937,0.607469220024436,0.547541095169079,0.969174691508936,90673,"14"
"3465","CYRIA",0.145624538751246,-3.63830535231351,0.607039484141456,0.547822937712564,0.969174691508936,81553,"2"
"3466","MARCKS",0.113004101119929,1.77725855462854,0.60698837163054,0.547856464867202,0.969174691508936,4082,"6"
"3467","MED30",0.107890504274937,-2.47465640993853,0.606970358297122,0.547868280931518,0.969174691508936,90390,"8"
"3468","NTHL1",0.104047460430059,-1.93758150054822,0.606802090838778,0.547978664363069,0.969174691508936,4913,"16"
"3469","TUSC3",-0.0786918366002263,1.11861989488109,-0.606696774957349,0.54804775740763,0.969174691508936,7991,"8"
"3470","TEX264",0.0595817710093673,-0.0983512984751475,0.606674868154806,0.548062130046842,0.969174691508936,51368,"3"
"3471","PEX16",0.0574300197554827,-0.239668639611702,0.606161632702804,0.548398909776934,0.969490929784222,9409,"11"
"3472","HEBP1",0.0898730988688641,2.61991015983465,0.60529053682522,0.54897075798238,0.969602870337363,50865,"12"
"3473","APOL2",-0.0752718722491732,2.08566029119421,-0.605058453295459,0.549123165651282,0.969602870337363,23780,"22"
"3474","RAP2B",-0.0902476889925919,0.622707274077562,-0.605020555798736,0.549148054748705,0.969602870337363,5912,"3"
"3475","MTMR2",0.0473664140480821,-0.293501644044098,0.604791726965515,0.549298349927521,0.969602870337363,8898,"11"
"3476","CRYBG3",0.0705697858315808,-1.69967857554872,0.604741578454471,0.549331290387373,0.969602870337363,131544,"3"
"3477","SGCE",-0.0785219687079324,-1.65256304401059,-0.604461678476654,0.549515163661025,0.969602870337363,8910,"7"
"3478","MORC3",0.0816304346867303,-1.2978680051227,0.604381257126973,0.549568000310148,0.969602870337363,23515,"21"
"3479","C4B_2",-0.144044179927062,1.04942144991536,-0.603987408249716,0.549826795913932,0.96971426424419,100293534,"6"
"3480","SRSF12",0.0700483777006435,-1.31485697000516,0.603804342198391,0.549947108803198,0.96971426424419,135295,"6"
"3481","SUPT4H1",0.0633375958980432,0.621487434937863,0.603399295257148,0.55021335794367,0.969905109436602,6827,"17"
"3482","AP5Z1",0.0855179765575178,-2.53268653749996,0.602777547538003,0.550622179746883,0.970347097124998,9907,"7"
"3483","RPS7",-0.0596826012682756,5.75637464971932,-0.60226660283758,0.550958261349212,0.970660679724875,6201,"2"
"3484","TNFRSF21",-0.116342781891058,-3.52546854939131,-0.601583188950657,0.551407951832774,0.970958940592418,27242,"6"
"3485","GSAP",-0.0728482996261999,-3.0383548637736,-0.601211797681384,0.551652408528761,0.970958940592418,54103,"7"
"3486","COQ8B",-0.0916466100416004,-1.03445109602783,-0.601003096523773,0.551789803943395,0.970958940592418,79934,"19"
"3487","ZNF787",0.0666484424969263,-1.37841825884449,0.600838462028012,0.55189820108762,0.970958940592418,126208,"19"
"3488","ACOX3",0.0695141058761521,-0.228250371047873,0.600720764593476,0.551975701054229,0.970958940592418,8310,"4"
"3489","NOC3L",0.0518018098575995,-1.36901535320019,0.600296475736534,0.552255127905681,0.970958940592418,64318,"10"
"3490","TAGLN",-0.11221292227293,2.37327989203912,-0.599918529906513,0.552504095357986,0.970958940592418,6876,"11"
"3491","APOBEC2",-0.125548659035426,1.06521015261663,-0.599670714876502,0.552667371860635,0.970958940592418,10930,"6"
"3492","RAB3B",0.0708594915802552,4.89373356060994,0.599572158174256,0.552732314233093,0.970958940592418,5865,"1"
"3493","C1orf43",-0.0783737990188158,-1.8877012028446,-0.59932294454841,0.55289654702739,0.970958940592418,25912,"1"
"3494","RSL1D1",0.0594955700480961,1.03805777800254,0.599275094311862,0.552928083387523,0.970958940592418,26156,"16"
"3495","SYT13",0.0852742251303542,-0.55006255976298,0.599023859258748,0.553093678436083,0.970958940592418,57586,"11"
"3496","BCAS2",0.0638759068111319,0.639162918886127,0.598338805888147,0.553545342498767,0.970958940592418,10286,"1"
"3497","NADK2",-0.0752929644148819,0.424199451607893,-0.598278245666367,0.553585279668784,0.970958940592418,133686,"5"
"3498","PPP1R13L",-0.0848975264165146,-0.150607105667109,-0.598277689731372,0.553585646293661,0.970958940592418,10848,"19"
"3499","GTF2H3",0.0678893755492473,-2.68996846147374,0.597777341205789,0.553915663668846,0.970958940592418,2967,"12"
"3500","REEP4",0.0597696514139135,-0.669824631576014,0.597627145394614,0.554014748694821,0.970958940592418,80346,"8"
"3501","PDCD2L",-0.0870401127027982,-2.10829013382956,-0.596895746136025,0.554497386368171,0.970958940592418,84306,"19"
"3502","TTC3",0.0890124617415216,0.859955850640428,0.596721106753277,0.55461265961898,0.970958940592418,7267,"21"
"3503","MRPL27",-0.0633259264528817,0.608560028846102,-0.596199345714908,0.554957128422784,0.970958940592418,51264,"17"
"3504","UBA7",0.0950506763260159,-1.16416920017956,0.595729928581081,0.555267132852669,0.970958940592418,7318,"3"
"3505","TRMT61B",0.0681519041451031,-1.58312048433537,0.595325812091849,0.555534083293691,0.970958940592418,55006,"2"
"3506","ANKLE2",0.0580538642534136,-0.223133120966712,0.594989245379277,0.555756461780114,0.970958940592418,23141,"12"
"3507","CDK16",0.109311511492279,-2.92006466859664,0.594889812067655,0.555822168668514,0.970958940592418,5127,"X"
"3508","FAM219B",0.133854779326108,-5.92944467803556,0.594810242516977,0.555874752164664,0.970958940592418,57184,"15"
"3509","EFHD1",0.103668400469385,-3.42583072434806,0.594604530332183,0.556010708703929,0.970958940592418,80303,"2"
"3510","FNBP1",0.0775352852951028,-1.46250405174698,0.594555791001605,0.556042923331435,0.970958940592418,23048,"9"
"3511","PPP6R1",0.0540065252743244,-0.607479092341886,0.5944877886728,0.556087871571629,0.970958940592418,22870,"19"
"3512","TWF2",-0.0416446708595098,0.292927466588052,-0.594467267055692,0.556101436332081,0.970958940592418,11344,"3"
"3513","WASF3",0.0863862376930615,-2.00873313824464,0.594224399846769,0.55626198402199,0.970958940592418,10810,"13"
"3514","PABPC4",-0.0642796278828768,2.27949495512619,-0.59387119035389,0.556495515749677,0.970958940592418,8761,"1"
"3515","NECTIN3",0.091330343585463,-1.16151490851928,0.593784889467161,0.556552582944878,0.970958940592418,25945,"3"
"3516","YRDC",0.0741813789698567,-1.54219333404285,0.593556188214073,0.556703828000518,0.970958940592418,79693,"1"
"3517","CRB3",-0.101926236927404,-3.18045265662717,-0.593195998508308,0.556942071606477,0.970958940592418,92359,"19"
"3518","COA1",-0.0684702717587222,-1.32562894428984,-0.592970282381495,0.557091395544448,0.970958940592418,55744,"7"
"3519","ASCC1",0.0568194838420481,-0.601487073916772,0.592787058754682,0.557212623271694,0.970958940592418,51008,"10"
"3520","HNRNPAB",-0.0790635748810971,2.15758518460545,-0.592661836556854,0.557295482762076,0.970958940592418,3182,"5"
"3521","KRT78",0.138910898012157,-1.17952812085281,0.592660818209737,0.557296156627737,0.970958940592418,196374,"12"
"3522","TEFM",-0.0646854479182279,-1.89696730006713,-0.592481762171421,0.557414648910269,0.970958940592418,79736,"17"
"3523","PLLP",0.167653413502338,-4.21807022111796,0.592386186502562,0.557477902392076,0.970958940592418,51090,"16"
"3524","HSPA13",-0.0585973208662502,1.52295960697508,-0.592181661772164,0.557613272334355,0.970958940592418,6782,"21"
"3525","STEEP1",0.0925226771776254,-1.81772734863083,0.591552836984105,0.558029580772878,0.9712055347065,63932,"X"
"3526","KIF1A",0.0638526851287684,1.36626209827494,0.591489764883373,0.558071345863445,0.9712055347065,547,"2"
"3527","ERBIN",0.085263812414504,-2.30265212138833,0.590906065957444,0.558457934989209,0.971545753184066,55914,"5"
"3528","FRK",0.0738637685991249,-1.35515121026901,0.589741867472913,0.559229399930951,0.971545753184066,2444,"6"
"3529","NDUFS5",-0.0660534707173763,2.27904630705695,-0.589699797105671,0.559257288288728,0.971545753184066,4725,"1"
"3530","FGL1",-0.123580597033733,-1.82260251088077,-0.58902023228021,0.559707868014056,0.971545753184066,2267,"8"
"3531","ABCD1",-0.0528275001189987,-0.878937872342154,-0.589002966411364,0.559719318397493,0.971545753184066,215,"X"
"3532","GUCY1A1",-0.0468490646223232,-0.274674629473677,-0.588870292728379,0.559807308923795,0.971545753184066,2982,"4"
"3533","EIF4EBP1",0.105805846466434,-3.46983053978124,0.588866001663546,0.559810154918265,0.971545753184066,1978,"8"
"3534","GULP1",0.12526703584889,-1.13851678841747,0.588791476609998,0.559859583885926,0.971545753184066,51454,"2"
"3535","VKORC1",0.090990037303942,0.176263851504562,0.588780804757076,0.559866662205611,0.971545753184066,79001,"16"
"3536","LXN",0.0685430271854535,0.920613616699624,0.588719073057394,0.559907607878072,0.971545753184066,56925,"3"
"3537","RPS21",0.0915465105219657,2.55877939209319,0.588567782952534,0.560007962653181,0.971545753184066,6227,"20"
"3538","STT3A",-0.0694104189023661,3.97568190153222,-0.587137795662652,0.560956961035254,0.971624895431345,3703,"11"
"3539","HDGF",0.0556070228746561,3.05726521655501,0.586984135444913,0.561058984624691,0.971624895431345,3068,"1"
"3540","FBXL20",0.0836969342554696,-1.96094175167756,0.586837882867587,0.56115609857803,0.971624895431345,84961,"17"
"3541","TMED2",-0.0548968872155773,3.32061289137292,-0.586727454565319,0.561229430290958,0.971624895431345,10959,"12"
"3542","TRPM4",-0.118106404555749,-2.87679657269485,-0.586653836780785,0.561278320069591,0.971624895431345,54795,"19"
"3543","NT5C",-0.0886302811300452,1.17403692446256,-0.586324990874651,0.561496733832337,0.971624895431345,30833,"17"
"3544","SLC35F6",-0.0732883432937952,-0.176968607215575,-0.586112061115618,0.561638180986116,0.971624895431345,54978,"2"
"3545","BLOC1S3",0.0657076711983938,-0.728545718709841,0.586097518958365,0.561647841855034,0.971624895431345,388552,"19"
"3546","SERPINA3",0.255255248151955,4.91645642351251,0.585752947755911,0.561876777224279,0.971624895431345,12,"14"
"3547","PSMB10",0.0945978825798881,0.964898057389752,0.585502217470364,0.562043393671436,0.971624895431345,5699,"16"
"3548","ANXA11",-0.0463208438633553,2.72934649694502,-0.585134060055687,0.562288088504795,0.971624895431345,311,"10"
"3549","ZNF207",0.0604731663473741,1.40764758069192,0.584747308921841,0.562545199460419,0.971624895431345,7756,"17"
"3550","FOXJ2",0.0855141393060612,-2.77678468612071,0.584592477481906,0.562648147533607,0.971624895431345,55810,"12"
"3551","RGPD6",-0.134336160913607,-2.52374218182017,-0.584312703653465,0.56283419440469,0.971624895431345,729540,"2"
"3552","OAT",-0.067838525909226,2.63212308586676,-0.583806672706026,0.563170778779581,0.971624895431345,4942,"10"
"3553","ZDHHC5",0.0570361602465005,-1.46872988800836,0.58364294652161,0.563279702270437,0.971624895431345,25921,"11"
"3554","STARD10",0.0762390163812863,2.86666625139261,0.582863204971517,0.563798592982931,0.971624895431345,10809,"11"
"3555","GIPC1",-0.051278879987718,-0.050362968822931,-0.582541032188118,0.564013057884566,0.971624895431345,10755,"19"
"3556","SPINT1",-0.0783984837223145,0.230813816908061,-0.58243429015359,0.564084123275966,0.971624895431345,6692,"15"
"3557","TPT1",-0.0641314925159704,3.19448713561922,-0.582417673608905,0.564095186438576,0.971624895431345,7178,"13"
"3558","SSTR3",-0.0872588304007458,-3.448032932194,-0.581748668196618,0.564540695501268,0.971624895431345,6753,"22"
"3559","DPH5",0.0924845979875624,-3.61889607294312,0.581609435003499,0.564633436928338,0.971624895431345,51611,"1"
"3560","IMPA2",-0.16140060807331,1.39285632759874,-0.581590106580075,0.564646311945945,0.971624895431345,3613,"18"
"3561","MAP3K15",-0.159770818834273,-4.18911247898158,-0.581538335108193,0.56468079860024,0.971624895431345,389840,"X"
"3562","BNIP3",0.0666094107378545,-1.87690386228963,0.581419852560125,0.564759727644933,0.971624895431345,664,"10"
"3563","TEX2",0.066205868472708,-1.82916959859569,0.581114615342403,0.564963091825272,0.971624895431345,55852,"17"
"3564","KIFBP",0.0624345344806563,1.35361297243189,0.581059452844866,0.564999847741158,0.971624895431345,26128,"10"
"3565","KCNJ11",0.0613167654663771,-0.230131374692628,0.581001992245965,0.565038136206385,0.971624895431345,3767,"11"
"3566","TLE2",0.0730568974184311,-2.43172596434033,0.580886477486063,0.565115112594555,0.971624895431345,7089,"19"
"3567","FBXO22",0.0435055112185319,1.54550304841011,0.580703871204119,0.565236807973159,0.971624895431345,26263,"15"
"3568","ITGA2",-0.11452817022388,1.74889649197056,-0.580586455187225,0.565315065167496,0.971624895431345,3673,"5"
"3569","TACSTD2",-0.18630176115271,0.485651314174003,-0.580434251827692,0.565416516045541,0.971624895431345,4070,"1"
"3570","COA7",-0.0585126921642243,-1.41762894820601,-0.580208906396265,0.565566736414659,0.971624895431345,65260,"1"
"3571","CELA3B",-0.306843176902944,1.55336403313665,-0.580168680074037,0.565593554298103,0.971624895431345,23436,"1"
"3572","ZFY",0.0697323303671917,-0.867331980583628,0.579420216610497,0.56609265249738,0.971624895431345,7544,"Y"
"3573","ELAVL4",0.0706063944487687,0.814999255860945,0.579350496512402,0.566139155215895,0.971624895431345,1996,"1"
"3574","DHRS2",0.119937696974396,-1.59760140112276,0.578895641518396,0.566442586647794,0.971624895431345,10202,"14"
"3575","NSRP1",-0.0716107908263028,-1.57119260013094,-0.578618270876414,0.566627659156317,0.971624895431345,84081,"17"
"3576","ALDH7A1",-0.0477076310086759,2.89460068352906,-0.578473765907728,0.566724090502302,0.971624895431345,501,"5"
"3577","COBL",0.0543140093428365,-1.15147728385147,0.57819370969757,0.56691100156539,0.971624895431345,23242,"7"
"3578","H1-1",0.152292370892976,-2.18422100295227,0.578117322156338,0.566961988388062,0.971624895431345,3024,"6"
"3579","LRSAM1",0.0577672935450776,-0.347625825999073,0.577974057270249,0.567057620397266,0.971624895431345,90678,"9"
"3580","UNC13B",0.0663445768990607,-1.3833425732701,0.577855727985177,0.567136613509595,0.971624895431345,10497,"9"
"3581","SLC12A2",-0.0645557825140287,-0.252284935572086,-0.577450330187459,0.567407286761824,0.971624895431345,6558,"5"
"3582","MRPS5",-0.0472989423727774,-0.277065043450004,-0.577376448690906,0.56745662241757,0.971624895431345,64969,"2"
"3583","KLKB1",0.145527683434469,-2.10221868305876,0.577163954121493,0.567598531322829,0.971624895431345,3818,"4"
"3584","IGSF1",-0.112991717549831,-1.59819916506979,-0.576373184015712,0.568126782141764,0.971624895431345,3547,"X"
"3585","HOOK3",0.0580540216606816,-0.359927395614811,0.576175119524018,0.568259131776089,0.971624895431345,84376,"8"
"3586","STK33",0.0923924799618208,-3.08148124512714,0.576146140582404,0.568278497226341,0.971624895431345,65975,"11"
"3587","BORCS5",0.0796309189687058,-0.42699462621718,0.575519310171291,0.568697463189044,0.971624895431345,118426,"12"
"3588","RPLP1",-0.137793796944393,-0.790249641677737,-0.575451336990792,0.568742904913996,0.971624895431345,6176,"15"
"3589","MTHFR",0.0460443233226021,-0.476725877873697,0.57501117910522,0.569037205016307,0.971624895431345,4524,"1"
"3590","TMX2",0.0638853085534448,0.133097380647919,0.574504652024383,0.569375975123527,0.971624895431345,51075,"11"
"3591","AAMDC",0.101829561657256,-0.217660407671074,0.574300717263152,0.569512397004021,0.971624895431345,28971,"11"
"3592","CDC37L1",0.0641028076241345,-0.705280283311105,0.573965567126357,0.569736630608751,0.971624895431345,55664,"9"
"3593","FAM136A",-0.0522336058508258,0.0338723742830226,-0.573709960384694,0.569907674929965,0.971624895431345,84908,"2"
"3594","KLK1",-0.255392743916623,0.531335352831244,-0.57352154985751,0.570033769942634,0.971624895431345,3816,"19"
"3595","MORF4L1",0.045737238575231,0.0390947211656055,0.573509910623946,0.570041560033569,0.971624895431345,10933,"15"
"3596","EXOSC1",0.0663545799958332,-0.387143954451627,0.57346169083074,0.570073833906629,0.971624895431345,51013,"10"
"3597","BBS5",-0.0613755895735852,-0.931196391293639,-0.573437645999799,0.570089927634153,0.971624895431345,129880,"2"
"3598","PDIA4",-0.0821178013621373,4.28262995027217,-0.573324757167456,0.570165489605198,0.971624895431345,9601,"7"
"3599","GCN1",-0.0513055751998186,2.06957322382371,-0.573241689325663,0.570221094124844,0.971624895431345,10985,"12"
"3600","SLC4A2",-0.15578161734583,-1.77039453919534,-0.573074799004117,0.570332816467554,0.971624895431345,6522,"7"
"3601","SIGIRR",-0.074948451123984,-0.695546184220486,-0.573056008594766,0.570345396121093,0.971624895431345,59307,"11"
"3602","MDN1",0.0470146513913774,-0.803716056399414,0.572850970203539,0.570482672563194,0.971624895431345,23195,"6"
"3603","TPD52",0.0878213033127251,3.75532073682159,0.572823358191168,0.570501160497649,0.971624895431345,7163,"8"
"3604","ARID3A",-0.091904748670085,-1.85503342076243,-0.572456415134029,0.570746879661832,0.971685646297163,1820,"19"
"3605","APBA3",0.0631586839623206,-1.68493251546804,0.571997415963349,0.571054317214706,0.971685646297163,9546,"19"
"3606","ACOT1",-0.058558493217963,2.20979032320603,-0.571907502241283,0.571114551048654,0.971685646297163,641371,"14"
"3607","PAWR",0.0904103909775519,-0.443855454830538,0.571350305573275,0.57148789141332,0.971685646297163,5074,"12"
"3608","SLC4A4",-0.13648701561052,0.717374403124908,-0.57121861544132,0.571576145905406,0.971685646297163,8671,"4"
"3609","LYSMD1",0.086532937170964,-2.24200367846971,0.570884407681665,0.571800151581855,0.971685646297163,388695,"1"
"3610","ATRIP",0.0688666139656039,0.125823852937588,0.570859730634047,0.571816693316768,0.971685646297163,84126,"3"
"3611","POLR3D",0.060234266649259,-0.933805701851207,0.570751439865833,0.571889286542549,0.971685646297163,661,"8"
"3612","TNRC6C",-0.0992570573346043,-4.78309497553315,-0.570322409535206,0.572176933997797,0.971685646297163,57690,"17"
"3613","SUCLA2",-0.0435225702824704,3.43951418991607,-0.570251100240444,0.572224750947125,0.971685646297163,8803,"13"
"3614","CASKIN2",0.0582718857324371,-1.12299906370401,0.570171390501269,0.572278203219981,0.971685646297163,57513,"17"
"3615","EEF1D",-0.0597437826443583,4.27789899945797,-0.569668614979201,0.572615414754892,0.971989329581174,1936,"8"
"3616","PSME1",0.0717438338573908,3.37971374402456,0.569389864640921,0.572802415042141,0.972013530258785,5720,"14"
"3617","DPY19L1",0.066447789705125,-1.14561671225915,0.568748523911345,0.573232774797549,0.972013530258785,23333,"7"
"3618","C3orf33",0.0590942824061897,-0.867575034785585,0.568722093888671,0.573250513607314,0.972013530258785,285315,"3"
"3619","ZFP36L1",-0.131916150060136,0.0985447623158979,-0.568697116942796,0.573267277417932,0.972013530258785,677,"14"
"3620","MPST",-0.0847396107662051,1.1886724901679,-0.568467394890621,0.57342147166293,0.972013530258785,4357,"22"
"3621","OSGEPL1",0.0716605377153907,-1.8345354903628,0.567765789658887,0.573892530850793,0.972201318562807,64172,"2"
"3622","NKX6-1",0.0881349546127547,-0.992831300147822,0.567685333077802,0.573946561796989,0.972201318562807,4825,"4"
"3623","SNCB",0.110381463368681,0.29460811718879,0.567457975226307,0.574099258493116,0.972201318562807,6620,"5"
"3624","PIK3R2",0.0897970106273351,-1.74510558733169,0.567267906797917,0.5742269265099,0.972201318562807,5296,"19"
"3625","ADARB1",-0.149471222486491,-2.65077979522098,-0.566949192424756,0.574441036865852,0.972201318562807,104,"21"
"3626","PYM1",0.0880490113928911,-0.397741541181176,0.566679629359654,0.57462215846971,0.972201318562807,84305,"12"
"3627","CHM",0.051234404118194,0.893292756229582,0.566556189696202,0.574705107996094,0.972201318562807,1121,"X"
"3628","ZHX1",0.0892061823232071,-2.57513815353913,0.566232345035673,0.574922754664527,0.972201318562807,11244,"8"
"3629","TMEM143",0.0975203480837696,-2.59752108751891,0.566083119386944,0.575023058622883,0.972201318562807,55260,"19"
"3630","MGAT1",-0.0513726524315895,0.637606572703824,-0.565784816553264,0.575223592644161,0.972201318562807,4245,"5"
"3631","JUP",0.0689056805978825,1.8363919953274,0.565422225452756,0.575467390910407,0.972201318562807,3728,"17"
"3632","BTN3A3",-0.0733891547039667,-2.01649672411081,-0.565383461770378,0.57549345777249,0.972201318562807,10384,"6"
"3633","SYNGR1",0.0497200801732838,0.76441577597378,0.565083916581162,0.575694908306049,0.972201318562807,9145,"22"
"3634","EMC10",0.0599422806721963,-0.072726123463627,0.564628889378894,0.576000990338861,0.972201318562807,284361,"19"
"3635","NT5DC3",0.0915326757284982,1.64621653213714,0.5641318274531,0.576335439416707,0.972201318562807,51559,"12"
"3636","CNTN4",0.07036045865967,-1.15534546549888,0.563904751403482,0.576488259806082,0.972201318562807,152330,"3"
"3637","MAGI1",0.0541020670813167,-0.457186954982008,0.563864599515546,0.576515283786179,0.972201318562807,9223,"3"
"3638","TMEM30A",-0.065987825733991,2.4067979507685,-0.563834490739516,0.57653554872119,0.972201318562807,55754,"6"
"3639","MGMT",0.14953828377232,-2.82336658032248,0.563825389061162,0.576541674742362,0.972201318562807,4255,"10"
"3640","NUDCD2",0.0492427821747108,1.91023384231991,0.563279137368894,0.576909396323427,0.97227368979901,134492,"5"
"3641","CYLD",0.052357319784637,-0.144288051438614,0.562772008023714,0.577250885114504,0.97227368979901,1540,"16"
"3642","RAF1",0.0548926746958821,-0.396697496961825,0.562703429870028,0.577297071636482,0.97227368979901,5894,"3"
"3643","IMP4",-0.0483244896493761,-0.0278163652038527,-0.561595581714403,0.578043445140362,0.97227368979901,92856,"2"
"3644","TYMP",-0.123162390389072,1.54230627557786,-0.56130222281613,0.578241164671614,0.97227368979901,1890,"22"
"3645","PKP4",-0.0503336304513541,-1.11354178164192,-0.561073676429939,0.578395224545668,0.97227368979901,8502,"2"
"3646","PDCD5",0.104499279515311,0.0186311409395393,0.560845166576369,0.578549279936505,0.97227368979901,9141,"19"
"3647","SESN1",-0.0827059325141684,-1.69848148270501,-0.560719955814735,0.578633702310241,0.97227368979901,27244,"6"
"3648","RPLP0",-0.0549128820523936,3.9444646065279,-0.560584796530855,0.5787248391813,0.97227368979901,6175,"12"
"3649","NDUFB6",-0.0605065032869048,2.69077199014401,-0.560506683133134,0.578777513658965,0.97227368979901,4712,"9"
"3650","STX10",0.0506707391582046,-1.17479019639731,0.560380725147812,0.578862456296882,0.97227368979901,8677,"19"
"3651","ARMCX6",-0.0591069143099805,-1.28484767098255,-0.55959373463086,0.579393319705972,0.97227368979901,54470,"X"
"3652","DDI2",0.0527691705186017,1.60359752296223,0.559525635113464,0.579439267359263,0.97227368979901,84301,"1"
"3653","ABHD5",-0.104326190087231,-2.72927898056484,-0.559388112601142,0.579532061077384,0.97227368979901,51099,"3"
"3654","TXLNG",0.0741329086540907,-0.536831730964506,0.55823153849305,0.580312750815995,0.97227368979901,55787,"X"
"3655","C8orf82",-0.0600868019174263,0.776163735670772,-0.558155793084969,0.580363897061041,0.97227368979901,414919,"8"
"3656","RPL28",-0.0597799938831098,4.06969596663822,-0.55811158269795,0.580393750652856,0.97227368979901,6158,"19"
"3657","PIK3R1",-0.0721079487627645,-1.26717272762082,-0.558097518246703,0.580403247999044,0.97227368979901,5295,"5"
"3658","CHD7",-0.0724126564676265,-0.616777387377488,-0.557967267733575,0.580491206284658,0.97227368979901,55636,"8"
"3659","FHOD1",-0.0760072962305953,-1.81336564516805,-0.55784656861515,0.580572720325318,0.97227368979901,29109,"16"
"3660","RPL6",-0.109319392524172,4.67417134851395,-0.557543483797474,0.580777433058727,0.97227368979901,6128,"12"
"3661","FMO5",0.12955876140076,-1.32665077987856,0.557486639826268,0.580815831141102,0.97227368979901,2330,"1"
"3662","SORBS2",-0.0879503023953765,2.72045218493796,-0.556720590185415,0.581333418427711,0.97227368979901,8470,"4"
"3663","DPYSL3",0.0792278640392445,1.96004311711177,0.556538234476515,0.58145666164505,0.97227368979901,1809,"5"
"3664","PCBD2",0.0758504198134562,0.39259569283939,0.556206867321326,0.581680645358029,0.97227368979901,84105,"5"
"3665","FERMT3",-0.107722638500836,-1.58398991197802,-0.55580987166161,0.581949045327656,0.97227368979901,83706,"11"
"3666","PDZD11",-0.0573930159254634,-0.206965292500491,-0.555782638322602,0.581967459399372,0.97227368979901,51248,"X"
"3667","AKAP10",0.0500467638784583,-1.35170947611729,0.55532564079279,0.582276504870753,0.97227368979901,11216,"17"
"3668","RPL13A",-0.067223942175108,4.60316680130295,-0.555178848829852,0.582375790201422,0.97227368979901,23521,"19"
"3669","SPNS1",0.0691243288217381,-0.0869462219046095,0.55477417180955,0.582649543369817,0.97227368979901,83985,"16"
"3670","COX6C",0.0648961618738984,3.70077170723216,0.554403158898501,0.582900578759592,0.97227368979901,1345,"8"
"3671","PI4K2B",0.0585683877627228,-0.983858904739998,0.553767754268611,0.58333062966829,0.97227368979901,55300,"4"
"3672","ALDH16A1",-0.0510481427417282,0.832872950321081,-0.553624454460336,0.583427638359294,0.97227368979901,126133,"19"
"3673","MNT",-0.113522539525929,-3.08711198549392,-0.553196277827614,0.583717544934456,0.97227368979901,4335,"17"
"3674","C19orf12",0.0531295184121725,-1.72461732452041,0.552947020877025,0.583886342196314,0.97227368979901,83636,"19"
"3675","GPAT4",-0.0581426089918085,-1.07759121203907,-0.552157216520575,0.584421355857561,0.97227368979901,137964,"8"
"3676","NHP2",-0.0524137729814016,0.302511495193768,-0.552081999266424,0.584472320462546,0.97227368979901,55651,"5"
"3677","MTA3",0.0577845042085237,-0.956301043824592,0.551819585189012,0.584650140051489,0.97227368979901,57504,"2"
"3678","MTPAP",0.0368883438312959,0.412437097341317,0.551795484830776,0.5846664724887,0.97227368979901,55149,"10"
"3679","ATP6V1B2",0.0506364093285434,4.53707401765059,0.550693643307728,0.585413409838111,0.97227368979901,526,"8"
"3680","NR0B1",0.084070559320657,-0.907076494964492,0.549610280287649,0.586148271555965,0.97227368979901,190,"X"
"3681","TENM3",0.0889856053032942,-1.95708530793872,0.549474703551518,0.586240266779494,0.97227368979901,55714,"4"
"3682","ATRN",0.0571445993503419,-1.31862625772028,0.54936063214234,0.586317675038484,0.97227368979901,8455,"20"
"3683","BAG1",0.0499524742289294,-0.495113138617302,0.5493517215318,0.586323721940385,0.97227368979901,573,"9"
"3684","ABRAXAS1",-0.10588296471668,-4.51684348335346,-0.549221338701042,0.586412205547191,0.97227368979901,84142,"4"
"3685","GATM",-0.244371058589157,4.57373637509916,-0.549182381454616,0.586438644927291,0.97227368979901,2628,"15"
"3686","KRT18",-0.106243473716122,7.12354316511703,-0.549169854705983,0.586447146663829,0.97227368979901,3875,"12"
"3687","FBP2",-0.116848215007416,1.4791819384887,-0.549059165987292,0.586522272207701,0.97227368979901,8789,"9"
"3688","NCKIPSD",-0.0482562912494726,0.488773188473842,-0.548924709696524,0.586613535306874,0.97227368979901,51517,"3"
"3689","PLEKHM2",0.0860842054571707,-1.50536377386702,0.548728221570679,0.586746915284361,0.97227368979901,23207,"1"
"3690","NDUFS6",-0.0703222262019883,0.416696392101707,-0.548697619216636,0.586767690080599,0.97227368979901,4726,"5"
"3691","JTB",-0.0813300840134419,-1.33214990548516,-0.548664491219652,0.586790179842745,0.97227368979901,10899,"1"
"3692","KIAA1143",0.0595426870383295,-1.30445037055158,0.548184830526724,0.58711585612221,0.97227368979901,57456,"3"
"3693","SLC2A13",0.0667439637857795,1.16759886376509,0.548145965269049,0.587142248379471,0.97227368979901,114134,"12"
"3694","LRATD2",0.0472728428515952,0.287739601220315,0.548128841112995,0.587153877073954,0.97227368979901,157638,"8"
"3695","PHYHIPL",0.0608494353416014,0.226222789999186,0.547867240367,0.587331539097011,0.97227368979901,84457,"10"
"3696","SLC3A2",0.0629748742314629,3.51712823826071,0.547421601619134,0.58763424744816,0.97227368979901,6520,"11"
"3697","CSNK1G2",0.0518094032537262,-1.57903502209799,0.547368442640579,0.587670361697372,0.97227368979901,1455,"19"
"3698","GCFC2",0.0544908936097978,-0.822677443086778,0.547137856286904,0.587827025971287,0.97227368979901,6936,"2"
"3699","MMAA",-0.0496769599307331,0.0605760597910576,-0.546964109827214,0.587945085581646,0.97227368979901,166785,"4"
"3700","PWP2",-0.036041369556747,-0.382443272765848,-0.546248271342309,0.588431613975117,0.97227368979901,5822,"21"
"3701","PRSS1",-0.272755926239684,5.336738653285,-0.546155987264017,0.588494350110275,0.97227368979901,5644,"7"
"3702","DNM1L",0.0465625414434139,2.25072032290884,0.545984702852009,0.58861080043762,0.97227368979901,10059,"12"
"3703","PPP1R37",-0.0491257780032621,-1.44348484273977,-0.54574628419537,0.588772911505603,0.97227368979901,284352,"19"
"3704","LAMC2",-0.0956949531558518,0.0614284952816121,-0.545621836330456,0.588857537494815,0.97227368979901,3918,"1"
"3705","LSM2",0.0982143904225123,-0.929856311579074,0.544981621556401,0.589292983600175,0.97227368979901,57819,"6"
"3706","SPARC",-0.14703371917069,-0.946012437520113,-0.544790867939995,0.589422755857833,0.97227368979901,6678,"5"
"3707","PNLIPRP1",-0.265342013789203,-0.133129528568388,-0.544713193437395,0.589475602812181,0.97227368979901,5407,"10"
"3708","UBQLN1",0.0658804246479638,1.13188463368289,0.544639997418508,0.5895254048543,0.97227368979901,29979,"9"
"3709","RPP25",-0.086791538402746,-1.93260122681541,-0.544535392208492,0.589596580999197,0.97227368979901,54913,"15"
"3710","RPP30",0.0440362137978667,-0.682495684411846,0.544408963166216,0.589682612176829,0.97227368979901,10556,"10"
"3711","MGAT5",-0.0444407019141428,-1.67585757069291,-0.544209701314783,0.589818216165667,0.97227368979901,4249,"2"
"3712","CXXC1",-0.0747509377140767,-1.93796335552949,-0.544175975294412,0.589841169273513,0.97227368979901,30827,"18"
"3713","LRP11",0.0554827172066604,0.0634549066078697,0.543893256685742,0.590033597573386,0.97227368979901,84918,"6"
"3714","EPM2AIP1",0.0607685586769802,1.34085853684731,0.543860509275099,0.590055888572548,0.97227368979901,9852,"3"
"3715","MTHFD1L",-0.0444951403804024,0.5012018727602,-0.543487765460903,0.590309641971388,0.97227368979901,25902,"6"
"3716","PFDN6",-0.0960293153635332,-1.77404809581606,-0.543375891125084,0.590385813077062,0.97227368979901,10471,"6"
"3717","GNPAT",-0.0527363297799555,-0.846451588779144,-0.542976464119621,0.590657806725885,0.97227368979901,8443,"1"
"3718","TXN2",0.0534976831441374,-0.762325344253514,0.542823314105603,0.590762111663845,0.97227368979901,25828,"22"
"3719","EDEM2",-0.0669896862684216,-2.3716120200631,-0.542729321921062,0.59082613072457,0.97227368979901,55741,"20"
"3720","GBP1",-0.0859982276664369,-0.669247706679816,-0.542698561194495,0.590847082901198,0.97227368979901,2633,"1"
"3721","LSM14A",0.0465440216159485,0.560756712989378,0.542186950712177,0.591195610515488,0.97227368979901,26065,"19"
"3722","BUD31",-0.0518822921154687,-2.00533202567907,-0.541755561506651,0.591489565160982,0.97227368979901,8896,"7"
"3723","RPL37A",-0.0759970026968031,1.64419042364105,-0.541564206020168,0.591619979918868,0.97227368979901,6168,"2"
"3724","ARHGEF28",0.0854968867346151,-2.41268373407463,0.541452787768884,0.59169592130042,0.97227368979901,64283,"5"
"3725","PYGM",-0.0997110541841626,-3.86123891581382,-0.541439763772841,0.591704798609534,0.97227368979901,5837,"11"
"3726","ASAP1",0.0482887473788414,0.407909168049717,0.541068430822266,0.591957930393179,0.97227368979901,50807,"8"
"3727","MGP",-0.11768919433533,-1.83909343332957,-0.540499933365039,0.592345566644408,0.97227368979901,4256,"12"
"3728","MSI1",0.20211332937743,-3.49306568062877,0.540483352012323,0.592356874647346,0.97227368979901,4440,"12"
"3729","TRIM65",-0.0489203766297363,-0.841890964278403,-0.540264371071167,0.592506223015711,0.97227368979901,201292,"17"
"3730","THNSL2",-0.115695567790423,-2.54226495780935,-0.539419764817987,0.59308242631871,0.97227368979901,55258,"2"
"3731","ZNFX1",0.0630339551978369,-2.21135094999668,0.539406771593876,0.593091292588479,0.97227368979901,57169,"20"
"3732","ATP8",0.119637216560228,-0.218286599081755,0.539354541340515,0.593126933921648,0.97227368979901,4509,"MT"
"3733","HSD17B7",-0.0456768677016244,1.22265691329682,-0.539351035692349,0.593129326172936,0.97227368979901,51478,"1"
"3734","SCO2",-0.0421773465834232,-0.148932604773935,-0.538876121331669,0.593453449984542,0.97227368979901,9997,"22"
"3735","DCUN1D5",0.0601002816106292,-0.0406086712820985,0.538585633742546,0.593651746292598,0.97227368979901,84259,"11"
"3736","DCAKD",-0.0459797134525208,0.85329360983132,-0.538246182464768,0.593883506930259,0.97227368979901,79877,"17"
"3737","ABL2",0.0753893744065552,-2.77367830420013,0.538106373985009,0.593978973850996,0.97227368979901,27,"1"
"3738","RAB39A",0.0655100997835437,-0.928386940821436,0.53770415908924,0.594253663426206,0.97227368979901,54734,"11"
"3739","TUBB3",0.0788911003454231,3.86373631229695,0.537458344979093,0.594421570140231,0.97227368979901,10381,"16"
"3740","DAPK1",0.0541221249936378,-1.06814318048552,0.537352416808856,0.594493932816901,0.97227368979901,1612,"9"
"3741","ABRACL",-0.0989935622057341,-1.37340304778464,-0.537038207821521,0.594708603026968,0.97227368979901,58527,"6"
"3742","PAH",-0.111545849044346,-2.06201009119237,-0.536995806463122,0.594737574821546,0.97227368979901,5053,"12"
"3743","SECISBP2",0.106696061891307,-0.851918760320864,0.536954246139105,0.594765972611583,0.97227368979901,79048,"9"
"3744","TIMM10",0.0826669875650945,0.337352190584064,0.536092438472497,0.59535498363273,0.97227368979901,26519,"11"
"3745","MPDU1",-0.0508676892408162,3.264661369069,-0.536037064993388,0.595392838689224,0.97227368979901,9526,"17"
"3746","FAM241B",0.100896612093163,-1.19355469776815,0.535603587098257,0.59568921746886,0.97227368979901,219738,"10"
"3747","SNX29",0.0609775778997881,-0.807201366830181,0.535194724128086,0.595968830829183,0.97227368979901,92017,"16"
"3748","RFX5",0.047221201624442,-2.31179755028266,0.534771194602394,0.596258540214105,0.97227368979901,5993,"1"
"3749","NDUFB11",-0.149948340858434,2.58521872166909,-0.53446161928468,0.596470343207675,0.97227368979901,54539,"X"
"3750","ADGRL1",0.125586107586204,-2.06095619870232,0.533638120689738,0.597033932596297,0.97227368979901,22859,"19"
"3751","CCDC149",-0.0579425648766319,-1.6978776925704,-0.533542425571561,0.597099441222311,0.97227368979901,91050,"4"
"3752","SLC35E1",0.0513586436218124,-0.85553544479368,0.533514589910156,0.597118496920299,0.97227368979901,79939,"19"
"3753","AMER3",0.0969430201404853,-2.34202279184548,0.533265281438805,0.597289181041107,0.97227368979901,205147,"2"
"3754","BRI3BP",-0.0769250743049562,0.459160787695125,-0.532763043984592,0.597633098319771,0.97227368979901,140707,"12"
"3755","HMGCS2",0.128973731668249,-0.190285310091528,0.532633344099652,0.597721928210331,0.97227368979901,3158,"1"
"3756","TDRP",0.0994786951940529,-1.39315706942064,0.531936022420024,0.598199622782765,0.97227368979901,157695,"8"
"3757","BTF3",-0.0689838505491218,1.48400055209713,-0.531663606763908,0.598386288071394,0.97227368979901,689,"5"
"3758","SRSF2",0.0484566397939741,4.10023173530264,0.531541802230384,0.598469760186103,0.97227368979901,6427,"17"
"3759","PIP4P1",0.0819571938339503,-2.28745261479372,0.531118352847885,0.598759991118275,0.97227368979901,90809,"14"
"3760","SOD1",0.071979677161798,3.83998922584643,0.53083975549578,0.59895097725015,0.97227368979901,6647,"21"
"3761","PPDPF",0.110505989531451,-4.3307496255928,0.530830456570349,0.598957352416096,0.97227368979901,79144,"20"
"3762","ARHGEF5",0.0436494020497049,-1.06684496862771,0.530513800037464,0.599174465265579,0.97227368979901,7984,"7"
"3763","SH3TC1",-0.0518119307765255,-1.25361159944421,-0.530319092272182,0.599307983470424,0.97227368979901,54436,"4"
"3764","SLC30A9",0.0486746968227836,1.36567993886491,0.530044780326896,0.599496113040748,0.97227368979901,10463,"4"
"3765","ARMCX1",0.0486449307413106,1.23227681814722,0.528773934927331,0.600368052844711,0.97227368979901,51309,"X"
"3766","WDR44",0.0470046142565217,1.53324474514013,0.528721884686887,0.600403777799958,0.97227368979901,54521,"X"
"3767","LENG1",-0.0880676635635215,-1.05094271791517,-0.527954518794854,0.600930579834391,0.97227368979901,79165,"19"
"3768","RBMX",0.0443415146394077,4.20296134978799,0.527614903272806,0.601163797836814,0.97227368979901,27316,"X"
"3769","RXRB",-0.0544035207488265,-1.44242144244447,-0.52757974266313,0.60118794548161,0.97227368979901,6257,"6"
"3770","EPCAM",-0.0527078809183281,1.87010698385839,-0.527550513712654,0.601208019722618,0.97227368979901,4072,"2"
"3771","TMED7-TICAM2",-0.0482534834548045,3.20403804452663,-0.527376617790026,0.601327456771645,0.97227368979901,100302736,"5"
"3772","MRPS33",0.0727177908298569,-0.0328541683111356,0.527350171117858,0.601345622136331,0.97227368979901,51650,"7"
"3773","MRPL18",-0.0434405236147026,0.0666051794565954,-0.527344251551426,0.601349688130692,0.97227368979901,29074,"6"
"3774","MRPL23",-0.0725658129042405,1.29076929574594,-0.527267668016295,0.60140229251323,0.97227368979901,6150,"11"
"3775","SSH1",0.0938931825964722,-4.07330349368181,0.527054912438234,0.601548443344492,0.97227368979901,54434,"12"
"3776","WDR20",0.0516767936229087,-1.30506457959605,0.526536001545608,0.60190497540904,0.97227368979901,91833,"14"
"3777","NPNT",-0.115380965155926,-2.73592630878766,-0.526501944623885,0.601928378636942,0.97227368979901,255743,"4"
"3778","PRMT6",0.0567243820885676,-0.269281421070419,0.526402158093804,0.601996952389045,0.97227368979901,55170,"1"
"3779","MAP3K2",0.0622944942765924,-0.922931734935852,0.526046299025617,0.602241530279009,0.97227368979901,10746,"2"
"3780","DLG4",0.129670508143899,-1.98998279426014,0.526042348714879,0.602244245545032,0.97227368979901,1742,"17"
"3781","MAP3K1",0.0962530317097601,-0.410264505810943,0.52572475737141,0.602462562403471,0.97227368979901,4214,"5"
"3782","DDC",0.0978512450117757,0.977095913176038,0.525573888701379,0.602566284737879,0.97227368979901,1644,"7"
"3783","SERAC1",-0.0554528372320564,-0.755491399864644,-0.525265798240199,0.602778123263108,0.97227368979901,84947,"6"
"3784","PRUNE2",0.0814329021803544,1.85898467709329,0.525211318495492,0.602815586386521,0.97227368979901,158471,"9"
"3785","RAB13",0.0438888067191763,1.02666185441988,0.525183511727663,0.60283470819708,0.97227368979901,5872,"1"
"3786","HPRT1",0.054659816875374,3.14328395433021,0.52517752664312,0.602838823982501,0.97227368979901,3251,"X"
"3787","DSC2",0.0505124457143507,1.8302793668804,0.525121904658964,0.602877074391626,0.97227368979901,1824,"18"
"3788","KCNQ1",0.108559787980693,-3.55935454876548,0.524593482741332,0.603240519145829,0.97227368979901,3784,"11"
"3789","ALDH9A1",0.0436624482500934,4.32338179429265,0.524347924455242,0.603409447365881,0.97227368979901,223,"1"
"3790","RPN1",-0.0517020979100948,4.49842975161659,-0.524182802427828,0.60352305313029,0.97227368979901,6184,"3"
"3791","EVPL",0.126373410447333,-1.1575564671461,0.524151755674483,0.603544414758216,0.97227368979901,2125,"17"
"3792","ETHE1",0.0543049431575626,1.60223542348347,0.523924670379976,0.603700670922531,0.97227368979901,23474,"19"
"3793","NUDT1",0.0804024208077814,-4.07544361293966,0.523772707018948,0.603805246692124,0.97227368979901,4521,"7"
"3794","SGPP1",0.057631767752864,-1.0435078577137,0.523676932797275,0.603871159464532,0.97227368979901,81537,"14"
"3795","TMEM199",0.0528880354220315,-0.574856987979043,0.523498379458532,0.603994050660817,0.97227368979901,147007,"17"
"3796","HPS4",-0.0755954617941406,-2.95755448105376,-0.523442953028011,0.604032200864914,0.97227368979901,89781,"22"
"3797","HLA-B",0.0805731612776692,1.58603930151101,0.523220878854816,0.604185066621442,0.97227368979901,3106,"6"
"3798","LIG4",0.0634742816301674,-0.644874560527362,0.523136863055075,0.604242904004184,0.97227368979901,3981,"13"
"3799","HAAO",0.0702672531077642,-0.0594931600402082,0.522778330720254,0.604489750698754,0.97227368979901,23498,"2"
"3800","HIRA",0.0476891017950887,-1.05575354809382,0.522548246391971,0.604648186839413,0.97227368979901,7290,"22"
"3801","ERGIC2",-0.0512707597678428,0.300142865615337,-0.522330555799572,0.604798106556961,0.97227368979901,51290,"12"
"3802","SH3BP4",-0.0638311949599925,0.623546034892866,-0.522107959884991,0.604951422483583,0.97227368979901,23677,"2"
"3803","OSBPL1A",0.074045425071553,-1.58469508030392,0.522025852100295,0.605007979917034,0.97227368979901,114876,"18"
"3804","ZMYM3",0.129964232156464,-3.42570939050733,0.521903439173758,0.605092304909336,0.97227368979901,9203,"X"
"3805","HIBADH",0.0474465805286313,3.35837320233795,0.521643657624018,0.605271275452001,0.97227368979901,11112,"7"
"3806","REG3A",-0.289369844390146,-1.39976956972344,-0.521397289141163,0.605441028250197,0.97227368979901,5068,"2"
"3807","RPL23",-0.050449232506939,3.28957047311415,-0.521320228515951,0.605494129129749,0.97227368979901,9349,"17"
"3808","F11R",-0.0549484270802527,1.3325163905834,-0.521112820593048,0.605637060450697,0.97227368979901,50848,"1"
"3809","TLE3",0.11089050131358,-2.9434524254563,0.519909960856731,0.606466299804261,0.97227368979901,7090,"15"
"3810","AHSG",-0.23456610347548,4.27476064675552,-0.51987960646583,0.606487232670692,0.97227368979901,197,"3"
"3811","C1orf198",0.0621745430285082,-1.39139438336843,0.519478270033687,0.606764032308139,0.97227368979901,84886,"1"
"3812","EPS8",-0.0752927231267793,-1.22122368159523,-0.519446756647405,0.606785769421662,0.97227368979901,2059,"12"
"3813","UBXN8",0.165637933138385,-6.10197375263022,0.519390993504534,0.606824234276335,0.97227368979901,7993,"8"
"3814","SRP19",-0.0499093919728459,-0.0987793400755553,-0.518891258558091,0.60716899718172,0.97227368979901,6728,"5"
"3815","PHRF1",0.0596684483042715,-0.89518438692435,0.518831076007281,0.607210522774624,0.97227368979901,57661,"11"
"3816","PLOD1",-0.0615584902114665,-0.505636057293561,-0.518800728946596,0.607231462563526,0.97227368979901,5351,"1"
"3817","SLC1A5",0.11783513374683,-2.91388143804379,0.518659965753723,0.607328595039233,0.97227368979901,6510,"19"
"3818","NOVA1",0.0618979015155513,0.322946824691798,0.518617207763306,0.607358101270502,0.97227368979901,4857,"14"
"3819","JAK1",-0.0663769725349729,-0.152164703173686,-0.51835688787596,0.60753775599932,0.97227368979901,3716,"1"
"3820","TFDP1",0.120526641256104,-3.16363393184084,0.518229084462413,0.607625966111422,0.97227368979901,7027,"13"
"3821","WLS",-0.0637208415651659,-0.134325545322807,-0.517577365490077,0.608075876306246,0.97227368979901,79971,"1"
"3822","B3GNT9",0.0829395039896661,-1.08764737862346,0.517340881544608,0.608239169881463,0.97227368979901,84752,"16"
"3823","EIF1",0.0798599139962136,-0.260859235031374,0.516412800354118,0.608880212568202,0.97227368979901,10209,"17"
"3824","RABGGTB",0.0535327677133838,0.213487390138951,0.516150730196496,0.609061286067741,0.97227368979901,5876,"1"
"3825","KAT2B",0.0666297242845459,-2.34491838293301,0.516048642753303,0.609131828647431,0.97227368979901,8850,"3"
"3826","ASPA",-0.0927961922250744,-2.05256392340296,-0.51576739649296,0.609326189873511,0.97227368979901,443,"17"
"3827","TGFBR3",-0.0569223743175451,-0.944826566600574,-0.515704723763251,0.609369505123532,0.97227368979901,7049,"1"
"3828","SMCR8",0.0465424739400442,-1.52040494766313,0.515595199023116,0.609445204820069,0.97227368979901,140775,"17"
"3829","PALMD",-0.0822000729222676,-1.52133086766045,-0.515107855701415,0.609782092520814,0.97227368979901,54873,"1"
"3830","NID1",-0.0702379783433955,0.239583526869507,-0.515000805257924,0.609856105267512,0.97227368979901,4811,"1"
"3831","NRDC",0.0577229833705359,1.03378498835784,0.514625862915939,0.610115366497798,0.97227368979901,4898,"1"
"3832","VAT1L",-0.0890815753437324,2.33278630061478,-0.514291947467379,0.610346301893885,0.97227368979901,57687,"16"
"3833","AGPS",0.0515743129877912,0.682713335763239,0.513870954154757,0.610637517928795,0.97227368979901,8540,"2"
"3834","UNC13D",0.0914432837077728,-2.12265326087536,0.513681419076837,0.61076864708658,0.97227368979901,201294,"17"
"3835","BIRC2",-0.0451857238781652,-1.42652716704814,-0.513447936916283,0.610930198799143,0.97227368979901,329,"11"
"3836","UBE3C",0.0375474700332105,0.609918703376022,0.513261238396952,0.611059394060106,0.97227368979901,9690,"7"
"3837","BLVRB",0.0586582782883789,2.86734791665702,0.51317229911477,0.611120944435662,0.97227368979901,645,"19"
"3838","DPEP1",-0.194260549837205,0.686612851602723,-0.513041451604387,0.611211502590319,0.97227368979901,1800,"16"
"3839","MYH14",0.043858133476903,2.10239600892626,0.512892014553457,0.611314933960833,0.97227368979901,79784,"19"
"3840","EXTL2",0.074404115680639,-1.56056321088105,0.512825614704353,0.611360894555119,0.97227368979901,2135,"1"
"3841","CBX8",0.0484285940511337,-0.519525268399274,0.512235466910391,0.611769452800222,0.97227368979901,57332,"17"
"3842","EXOSC2",0.0506166947721409,0.461113839029746,0.511967399572308,0.611955077006314,0.97227368979901,23404,"9"
"3843","SURF1",0.0422967060580792,0.454690948973707,0.511779521215868,0.612085189569686,0.97227368979901,6834,"9"
"3844","TENT4B",0.0741225356500039,-2.38115675854571,0.511364268733584,0.612372812275177,0.97227368979901,64282,"16"
"3845","CCDC85C",0.168199031897805,-5.93274135414864,0.511296710632486,0.612419611982059,0.97227368979901,317762,"14"
"3846","FHIP2B",-0.068674559779251,-1.25721666760714,-0.510869093298041,0.612715874794669,0.97227368979901,64760,"8"
"3847","GATAD2A",0.0585497473080112,-0.164238547724061,0.510497201360536,0.612973583562837,0.97227368979901,54815,"19"
"3848","TMEM179B",-0.0961724075659507,-1.75006700136086,-0.510363109446117,0.613066517068779,0.97227368979901,374395,"11"
"3849","ARHGEF17",-0.0477863231809981,-1.42558897759233,-0.510340856192545,0.613081940498028,0.97227368979901,9828,"11"
"3850","ENDOG",-0.0870868518520194,-0.656137806815461,-0.510199202261817,0.61318012311656,0.97227368979901,2021,"9"
"3851","PPAN",0.0743553489271089,-1.5683214813126,0.510076419787873,0.613265231488732,0.97227368979901,56342,"19"
"3852","TPPP3",0.0954326965903594,2.89035161729932,0.509908490042671,0.613381643132493,0.97227368979901,51673,"16"
"3853","UFM1",0.0792490552132453,1.4809096973596,0.509876176529515,0.613404044556109,0.97227368979901,51569,"13"
"3854","MCCC1",-0.040530302903699,1.78879788922015,-0.509846591277467,0.613424554936494,0.97227368979901,56922,"3"
"3855","NACC1",0.0495811609752126,-0.426487751789912,0.5097726946568,0.613475786159237,0.97227368979901,112939,"19"
"3856","HEXIM1",0.0692898792025587,-1.57222465243693,0.509698263739846,0.613527389792873,0.97227368979901,10614,"17"
"3857","SNCG",0.132318822875456,-3.07223055682393,0.50912933249224,0.61392190106091,0.97227368979901,6623,"10"
"3858","UBAP2",0.0666246603532821,-0.84406120551374,0.509040386816827,0.613983588788882,0.97227368979901,55833,"9"
"3859","CDKN1C",-0.0844678575432694,-1.97281869556605,-0.508922475094437,0.614065370139044,0.97227368979901,1028,"11"
"3860","ZRANB2",0.0491078328917632,0.521828879905864,0.50891901357788,0.614067771057487,0.97227368979901,9406,"1"
"3861","SLC36A4",0.0892750459048341,-2.05517436181387,0.508788176535313,0.614158523196867,0.97227368979901,120103,"11"
"3862","NDFIP1",-0.0765333475934704,-2.59912059631809,-0.508773005563277,0.614169046595916,0.97227368979901,80762,"5"
"3863","AGR3",-0.0814907686638799,-1.93205503198818,-0.508422031976039,0.614412523839493,0.97227368979901,155465,"7"
"3864","F13A1",-0.109293559581402,-0.334620470885054,-0.508303004726567,0.614495105450317,0.97227368979901,2162,"6"
"3865","SNRPD3",0.0648447884215226,3.50679682498932,0.508094914623222,0.614639491507472,0.97227368979901,6634,"22"
"3866","TANGO2",0.0515555362209548,1.81132494094956,0.507960166131912,0.614732996840676,0.97227368979901,128989,"22"
"3867","ST14",0.103435430144737,-0.323603039440916,0.507829525735227,0.614823657706615,0.97227368979901,6768,"11"
"3868","FBXO21",-0.0622083175758257,-0.61715713725703,-0.507771907702925,0.614863644999338,0.97227368979901,23014,"12"
"3869","SAT2",0.0789750834510066,-0.771999938244893,0.507688536503025,0.61492150727507,0.97227368979901,112483,"17"
"3870","PMS2",-0.111930759779418,-3.62898979481187,-0.507640849408553,0.614954604766591,0.97227368979901,5395,"7"
"3871","BDH2",-0.0941507338097444,0.987219286463375,-0.507474052113897,0.615070377788462,0.97227368979901,56898,"4"
"3872","FGA",0.198501126719686,-2.4515175686629,0.507429280598996,0.615101455138059,0.97227368979901,2243,"4"
"3873","ENO3",0.149053067463914,-0.97387158188875,0.506966320305556,0.61542285305789,0.97227368979901,2027,"17"
"3874","IGFBPL1",0.101788934861894,-1.30001035581189,0.506361242242248,0.615843028648793,0.97227368979901,347252,"9"
"3875","RTL8C",-0.101877804744194,-0.793114958386919,-0.506264399303467,0.615910290100472,0.97227368979901,8933,"X"
"3876","AKTIP",0.050299411908252,-2.21010900626084,0.506256215434972,0.615915974292139,0.97227368979901,64400,"16"
"3877","SLC25A33",0.041815432955027,0.055489888228101,0.506153453824245,0.615987350493763,0.97227368979901,84275,"1"
"3878","FLII",0.0416304217703922,1.43598613240956,0.506099644866698,0.616024726654414,0.97227368979901,2314,"17"
"3879","HPS5",0.0873395522258757,-3.33284252735246,0.505672313415343,0.616321591635232,0.97227368979901,11234,"11"
"3880","GTF2B",0.0712526792069424,-0.905034592194916,0.505569584493596,0.616392966666366,0.97227368979901,2959,"1"
"3881","CAMK2D",0.0382160111692356,3.09364379603598,0.505402495012997,0.616509066861177,0.97227368979901,817,"4"
"3882","GRN",-0.0421182028736079,0.934886318908327,-0.505198272530816,0.616650982095103,0.97227368979901,2896,"17"
"3883","CAP2",0.0405726801354246,0.162343601710238,0.505106907565515,0.616714476913956,0.97227368979901,10486,"6"
"3884","MTRR",-0.0465871691009268,-1.50062320320627,-0.504286914588159,0.617284471588146,0.97227368979901,4552,"5"
"3885","TIGAR",0.0703152619767168,-0.276749856886873,0.504189884728667,0.617351935061635,0.97227368979901,57103,"12"
"3886","CENATAC",-0.165893207443784,-5.01786659248028,-0.504000720379759,0.617483468021621,0.97227368979901,338657,"11"
"3887","STARD7",-0.0466708308614942,-0.945878426402208,-0.503972923135437,0.617502797552221,0.97227368979901,56910,"2"
"3888","ENG",-0.112237939590801,-0.048145015043871,-0.50348638706168,0.61784116774254,0.97227368979901,2022,"9"
"3889","NIBAN1",-0.160993387764565,0.506753943232761,-0.503466818245673,0.617854778996709,0.97227368979901,116496,"1"
"3890","ANO6",-0.102996212940338,-1.71214181522654,-0.503306884443133,0.617966027430041,0.97227368979901,196527,"12"
"3891","COMMD1",0.0493567265023297,-0.891508034815456,0.502846859640448,0.618286067308236,0.97227368979901,150684,"2"
"3892","RABIF",0.0535920987974458,0.345829481401673,0.502815822415971,0.618307662671799,0.97227368979901,5877,"1"
"3893","GAR1",0.0374881399213425,1.3948342082189,0.50272037860263,0.618374073597405,0.97227368979901,54433,"4"
"3894","DCP1B",0.116978428901302,-4.03982384789512,0.502436499712313,0.618571619100907,0.97227368979901,196513,"12"
"3895","POGLUT1",0.0577661909516723,1.13375593919851,0.501789339555712,0.619022072195829,0.97227368979901,56983,"3"
"3896","MAOA",0.0512638446331568,3.84530891251965,0.501498719639457,0.619224405603256,0.97227368979901,4128,"X"
"3897","SCD5",-0.0502933501391394,2.00084596527347,-0.501473261255123,0.619242131500719,0.97227368979901,79966,"4"
"3898","SDCBP",-0.0664237299033864,-0.123873987402018,-0.501280518493968,0.619376339914509,0.97227368979901,6386,"8"
"3899","CELF3",0.0524009756864006,0.806947040122898,0.50109519074664,0.619505397685467,0.97227368979901,11189,"1"
"3900","RPS6KB1",0.0440824567074327,-1.24629147022285,0.501031924568281,0.619549457529215,0.97227368979901,6198,"17"
"3901","PLCB4",-0.0672622111248176,0.878062194309853,-0.500607777565042,0.619844878908388,0.97227368979901,5332,"20"
"3902","C3orf38",0.0709943270185649,-2.49243088223597,0.500174480336344,0.620146739667727,0.97227368979901,285237,"3"
"3903","NRCAM",0.0686963221321645,0.031914097283794,0.50016244215193,0.62015512714144,0.97227368979901,4897,"7"
"3904","KIAA1671",0.0661884654857182,-0.767573006344678,0.500089240168823,0.620206130935688,0.97227368979901,85379,"22"
"3905","MSRA",0.0498481138948188,-0.310674935675107,0.499944958455947,0.620306665420519,0.97227368979901,4482,"8"
"3906","CYB5B",0.0735928503518476,-0.0405911899808811,0.499281130835195,0.620769311292967,0.97227368979901,80777,"16"
"3907","FUCA1",0.0757357258283644,2.71314984775681,0.499035983169795,0.620940203339743,0.97227368979901,2517,"1"
"3908","NDST1",-0.0706926927639775,-1.34234897851549,-0.498888173955883,0.621043251230724,0.97227368979901,3340,"5"
"3909","GMFB",0.0467662913008553,1.38630260700653,0.498667026258092,0.621197442882279,0.97227368979901,2764,"14"
"3910","AGRN",-0.10301961303981,-1.6988332273801,-0.498472112522729,0.621333357733977,0.97227368979901,375790,"1"
"3911","FAM8A1",-0.0500630150938087,-0.96245297997526,-0.498346217690628,0.621421152344389,0.97227368979901,51439,"6"
"3912","PCDHGA2",0.0711483968420676,-2.26254755620174,0.497697031570693,0.621873961136788,0.97227368979901,56113,"5"
"3913","CLIC2",-0.0864627272173579,-0.24879200110258,-0.497660972813339,0.621899116586162,0.97227368979901,1193,"X"
"3914","MPDZ",0.0478218386040508,-2.14891650726813,0.497617518224443,0.621929432156918,0.97227368979901,8777,"9"
"3915","UBE2B",0.108575790605864,-2.6098485061281,0.497522029493533,0.621996051073449,0.97227368979901,7320,"5"
"3916","LCN2",-0.242806768927196,0.368626671302598,-0.497445822035882,0.622049220487078,0.97227368979901,3934,"9"
"3917","AKAP12",0.0701060630865772,0.655399160980299,0.497333820679699,0.622127366792674,0.97227368979901,9590,"6"
"3918","HYOU1",-0.0522453781012295,4.67899989848608,-0.497147705438408,0.622257234150447,0.97227368979901,10525,"11"
"3919","RFC1",-0.0606346849878069,-1.12171923369219,-0.497128211231804,0.622270837514224,0.97227368979901,5981,"4"
"3920","STK35",0.110495983670442,-4.99919227683228,0.497070982551443,0.622310773365068,0.97227368979901,140901,"20"
"3921","TAPBP",-0.0714868529044033,1.82480389122918,-0.496069844701715,0.623009584393645,0.97227368979901,6892,"6"
"3922","RPL29",0.105794386238236,3.67249145770289,0.495859563011472,0.623156409639465,0.97227368979901,6159,"3"
"3923","MTM1",-0.0459593733544041,-1.23046220999564,-0.495524019904173,0.623390728717194,0.97227368979901,4534,"X"
"3924","ULK3",-0.0761378850986949,-1.43373836559314,-0.495504670054462,0.623404242469435,0.97227368979901,25989,"15"
"3925","TMOD2",0.0425865672486369,0.164687927172704,0.495503684274639,0.623404930932295,0.97227368979901,29767,"15"
"3926","CDV3",-0.0492908309397617,0.631939103321972,-0.495480355081662,0.623421224004455,0.97227368979901,55573,"3"
"3927","COMMD9",0.0493162305532328,-0.493945713502417,0.495257601124558,0.623576804712913,0.97227368979901,29099,"11"
"3928","INTS15",0.115362635870549,-3.94323327850612,0.495255090901748,0.623578558057783,0.97227368979901,79034,"7"
"3929","MLYCD",-0.0417711198341293,0.943561534871949,-0.494668245065062,0.623988520287043,0.97227368979901,23417,"16"
"3930","TRIM21",-0.0616616316944607,0.0939883953090244,-0.49454672630234,0.624073426785927,0.97227368979901,6737,"11"
"3931","IRF2BPL",0.0494267727389565,0.193405034162329,0.494493987125317,0.624110277852851,0.97227368979901,64207,"14"
"3932","LYRM9",-0.065002072175441,-1.54363707936747,-0.494231184448481,0.624293923703858,0.97227368979901,201229,"17"
"3933","CHMP2A",-0.0501838271359505,1.93031594003265,-0.494229143403521,0.624295350076361,0.97227368979901,27243,"19"
"3934","SSBP3",-0.12543127234503,-1.98267038813321,-0.493716028185861,0.624653984323906,0.97227368979901,23648,"1"
"3935","DIP2C",-0.0504986740600386,-2.27480854008685,-0.493491707852717,0.624810798857842,0.97227368979901,22982,"10"
"3936","STX1A",0.0609169359084714,2.22811671975977,0.493139188435589,0.625057268751042,0.97227368979901,6804,"7"
"3937","IRAK1",-0.0358007990093414,-1.83693528724215,-0.492955104171025,0.625185991773087,0.97227368979901,3654,"X"
"3938","ABCC8",0.0832720562031093,1.77225412007861,0.492831990403324,0.625272087141438,0.97227368979901,6833,"11"
"3939","RPL5",-0.0459584904449306,3.78263991267162,-0.492331882185388,0.625621875457365,0.97227368979901,6125,"1"
"3940","ACTR5",0.047240016678503,-2.00957837601392,0.49206162238543,0.625810938627651,0.97227368979901,79913,"20"
"3941","EHMT2",-0.0815771193291368,-1.46792644331357,-0.491535911557869,0.62617877892809,0.97227368979901,10919,"6"
"3942","ISOC2",0.0366596102574452,2.56477930342562,0.491446162031624,0.626241586456577,0.97227368979901,79763,"19"
"3943","LAMTOR5",0.0843261060172895,-1.59418793661705,0.491040586833605,0.626525446939611,0.97227368979901,10542,"1"
"3944","CLIC1",-0.0403878785379534,4.74216141617333,-0.491017218591133,0.626541804041258,0.97227368979901,1192,"6"
"3945","PDLIM1",0.06678325979327,2.99951960000539,0.490983072419455,0.626565705730124,0.97227368979901,9124,"10"
"3946","GALNT3",-0.0516943681790854,0.155578678127635,-0.490971279133098,0.626573960907682,0.97227368979901,2591,"2"
"3947","MAP2K5",-0.058655552570769,-3.018020420964,-0.490296626953812,0.627046291704839,0.97227368979901,5607,"15"
"3948","FRG1",0.0363374770032981,-0.477218992690405,0.490036038033104,0.627228775402158,0.97227368979901,2483,"4"
"3949","CREB1",-0.0451258048839481,0.316706662544317,-0.489849100850618,0.627359697359175,0.97227368979901,1385,"2"
"3950","CC2D1A",0.0558915781655783,0.336786763476932,0.489199681696525,0.627814615005546,0.97227368979901,54862,"19"
"3951","BET1",0.0660544371555574,-0.324979961295011,0.489171988173164,0.627834017583851,0.97227368979901,10282,"7"
"3952","CXXC5",0.0758910887414548,-1.61723299609254,0.489148165792405,0.627850708185273,0.97227368979901,51523,"5"
"3953","ABLIM1",-0.0427476304102767,1.79085551364928,-0.489111022480688,0.627876732186189,0.97227368979901,3983,"10"
"3954","IMPA1",0.0556861993208488,2.75115546891323,0.488421296034219,0.628360068237326,0.97227368979901,3612,"8"
"3955","PTK7",0.0790328295037824,0.543492640921487,0.487588450676182,0.628943918807994,0.97227368979901,5754,"6"
"3956","RPL17",-0.0479058693810037,3.486761280273,-0.487450574506813,0.629040597694937,0.97227368979901,6139,"18"
"3957","MYH10",0.0410650594781807,3.09791839138246,0.487319291343802,0.629132659732736,0.97227368979901,4628,"17"
"3958","NME3",0.0350739156691455,3.5396205752701,0.487178643300009,0.629231295552714,0.97227368979901,4832,"16"
"3959","PITRM1",-0.0500815624315387,1.70821911616425,-0.487143066418459,0.629256246549298,0.97227368979901,10531,"10"
"3960","SFXN2",-0.0970390578961428,-0.750906212823117,-0.486983701484329,0.629368018765347,0.97227368979901,118980,"10"
"3961","RBBP6",0.0422280137632454,-1.46488346693708,0.486460373773358,0.629735122325637,0.97227368979901,5930,"16"
"3962","EXT2",-0.111118670799286,-3.72948494834477,-0.486387661802406,0.629786135829431,0.97227368979901,2132,"11"
"3963","RMDN1",0.0488970269716282,1.13611066894452,0.486339969412769,0.629819597014513,0.97227368979901,51115,"8"
"3964","AP4S1",-0.076726500296552,-2.64204504099646,-0.486138295164302,0.629961101301241,0.97227368979901,11154,"14"
"3965","PNMA1",-0.0479679513797115,-1.1277140955154,-0.486075690719741,0.630005030454655,0.97227368979901,9240,"14"
"3966","COG1",0.0408990045318388,1.00759225266126,0.485582586986541,0.630351086064114,0.97227368979901,9382,"17"
"3967","RWDD1",0.0591215457929389,-0.230287160488835,0.485532252916139,0.630386414811667,0.97227368979901,51389,"6"
"3968","PLA2G4C",-0.107118534959213,-1.24411242423595,-0.485019971562822,0.630746027784337,0.97227368979901,8605,"19"
"3969","NDUFA1",-0.0910895791453037,-1.23071076272122,-0.484727631124191,0.630951286840941,0.97227368979901,4694,"X"
"3970","RBFOX2",0.0467925924957988,0.256206572096013,0.484480336248298,0.631124941569107,0.97227368979901,23543,"22"
"3971","MED21",-0.0815507632617374,-3.36682870818142,-0.484415357435625,0.631170574341056,0.97227368979901,9412,"12"
"3972","PEDS1-UBE2V1",0.0612955419769463,3.10704238291182,0.4843713785117,0.631201460321595,0.97227368979901,387522,"20"
"3973","CCDC97",-0.0692034819628244,-2.89814712545682,-0.484342671322762,0.631221621470486,0.97227368979901,90324,"19"
"3974","MCM3",-0.123674780438569,-1.83609808496797,-0.4837559167647,0.6316337638014,0.97227368979901,4172,"6"
"3975","RNASEH2C",0.0500988472612701,-0.660192782226449,0.483583604058077,0.631754820710988,0.97227368979901,84153,"11"
"3976","ARSA",0.0864872455066241,1.77578061402832,0.483126471409299,0.632076025543253,0.97227368979901,410,"22"
"3977","IVD",0.042933371791722,3.14513030459319,0.48273922546905,0.632348181132488,0.97227368979901,3712,"15"
"3978","TMEM186",0.0607139161631107,-1.35418614316927,0.482516654554839,0.632504627017782,0.97227368979901,25880,"16"
"3979","CYCS",0.0580650838947232,3.12705919673395,0.482180914549866,0.632740652352237,0.97227368979901,54205,"7"
"3980","SMG7",0.0632856137638229,-2.15313238317804,0.48184852170452,0.632974363112341,0.97227368979901,9887,"1"
"3981","ARL6IP6",-0.101543036737779,-1.56947984912166,-0.481764016087765,0.633033786473696,0.97227368979901,151188,"2"
"3982","C12orf43",0.0664126660875048,-1.87480986094792,0.481394138717792,0.633293909011678,0.97227368979901,64897,"12"
"3983","RRS1",0.0638988958163085,0.395595242649621,0.481223569639167,0.633413880565718,0.97227368979901,23212,"8"
"3984","POT1",0.093957795743441,-4.04678463504829,0.481221283963464,0.633415488288106,0.97227368979901,25913,"7"
"3985","PRPS1",0.0472225461356581,3.44634828733998,0.481025663912148,0.633553092255021,0.97227368979901,5631,"X"
"3986","TSR1",-0.0453637524292745,-0.289173727115064,-0.480576580104293,0.633869038946215,0.97227368979901,55720,"17"
"3987","ABCB9",0.0808621453879281,-4.25241581159924,0.480231602261792,0.634111790676004,0.97227368979901,23457,"12"
"3988","KIF1B",0.0773425043871008,-2.17630200882078,0.47993392378957,0.634321292144698,0.97227368979901,23095,"1"
"3989","SMNDC1",0.0515987074054231,-0.194005903908511,0.479808746073081,0.634409399410582,0.97227368979901,10285,"10"
"3990","NDUFS4",-0.0449051455834528,0.330263566120471,-0.479764309341173,0.6344406778357,0.97227368979901,4724,"5"
"3991","LAMB2",-0.074969403378089,-0.397586056230167,-0.479026281587519,0.634960265411276,0.97227368979901,3913,"3"
"3992","COX2",0.0462420294638441,4.16891611069966,0.478995962375791,0.634981614813213,0.97227368979901,4513,"MT"
"3993","CRELD1",0.0711503001455721,-0.0466016516957251,0.478347589382538,0.635438245258229,0.97227368979901,78987,"3"
"3994","EML1",-0.0492859592415127,0.194478086011826,-0.478323760855086,0.635455029764211,0.97227368979901,2009,"14"
"3995","DDX46",0.046342533754919,1.50781615914826,0.478278719263306,0.635486757012085,0.97227368979901,9879,"5"
"3996","MRPL2",-0.0482480870238418,-0.0650435364736588,-0.478106978625875,0.635607737339999,0.97227368979901,51069,"6"
"3997","ARMCX3",-0.031628713390929,1.33456551918306,-0.477702276303297,0.635892864479904,0.97227368979901,51566,"X"
"3998","ARMC10",-0.0593972473317942,-0.618936798072374,-0.477510265874761,0.636028162352653,0.97227368979901,83787,"7"
"3999","DOHH",-0.0527619766681129,-1.11419362085738,-0.477461001639859,0.636062877856547,0.97227368979901,83475,"19"
"4000","CEP131",0.145284100078186,-2.79099946373214,0.47712301328561,0.636301073880473,0.97227368979901,22994,"17"
"4001","TASOR2",-0.118956364909418,-0.442128691765613,-0.476677546672301,0.636615074794539,0.97227368979901,54906,"10"
"4002","RHOT1",0.0510210035373346,1.56417139684878,0.476565171280447,0.636694296833965,0.97227368979901,55288,"17"
"4003","TTC8",0.0638260625235405,-1.19534778005637,0.476487123224054,0.636749321452341,0.97227368979901,123016,"14"
"4004","DMXL2",0.0440975696021656,0.763729576311052,0.476316985614703,0.63686927732804,0.97227368979901,23312,"15"
"4005","SUMF2",0.0547081274302306,2.30795243632267,0.47584466200993,0.637202342157386,0.97227368979901,25870,"7"
"4006","PEX11B",-0.0511427065094547,0.997612179765182,-0.475467201000167,0.637468568485289,0.97227368979901,8799,"1"
"4007","SEPHS2",0.107303870496697,-0.459408668777939,0.475132788036252,0.637704473491821,0.97227368979901,22928,"16"
"4008","RPS17",-0.0465518286281741,3.04910015445314,-0.474836565256434,0.637913470000879,0.97227368979901,6218,"15"
"4009","CASP6",-0.051292870414318,-1.44501357246616,-0.474809279480233,0.63793272267247,0.97227368979901,839,"4"
"4010","SORBS1",0.0510374230010627,0.10599166198954,0.47473595780357,0.637984459248454,0.97227368979901,10580,"10"
"4011","DDAH2",0.0447315576345049,1.82695733940256,0.474678188264359,0.638025223363276,0.97227368979901,23564,"6"
"4012","SLC25A24",-0.0471167618028301,3.17714100536488,-0.474353616621085,0.638254273193531,0.97227368979901,29957,"1"
"4013","ENOPH1",0.054352248318094,1.39985930943199,0.474172225872667,0.638382296141705,0.97227368979901,58478,"4"
"4014","DNAJA3",0.0373206981413025,1.1028148162512,0.474097911114812,0.638434749666851,0.97227368979901,9093,"16"
"4015","PRRC2B",-0.0608827928085657,-0.222997732247404,-0.473905941065142,0.638570256475677,0.97227368979901,84726,"9"
"4016","KHDRBS3",0.0542246525709201,0.0762819225248087,0.473826950685679,0.638626017449909,0.97227368979901,10656,"8"
"4017","GPX4",-0.052917478106268,1.31727216641618,-0.473560705802437,0.638813981042783,0.97227368979901,2879,"19"
"4018","RASSF7",-0.0701861284277538,-2.82797732058171,-0.473469233916812,0.638878563968493,0.97227368979901,8045,"11"
"4019","ALAD",-0.048300650430193,1.30381869529908,-0.473381343655929,0.638940620813524,0.97227368979901,210,"9"
"4020","KCTD2",-0.086166695060558,-4.70728064776472,-0.473366914443686,0.638950809127377,0.97227368979901,23510,"17"
"4021","NMRK1",-0.058721393202253,-1.56178547244053,-0.473354790717774,0.638959369616772,0.97227368979901,54981,"9"
"4022","VHL",-0.07279131557388,-2.89721742778529,-0.472860487347753,0.639308436994329,0.97227368979901,7428,"3"
"4023","SYNGR3",0.0573682479809008,0.536658205874311,0.472835327624792,0.639326206530906,0.97227368979901,9143,"16"
"4024","RPL14",-0.0495018203147284,3.86853095121732,-0.472779426574494,0.639365688492772,0.97227368979901,9045,"3"
"4025","NAPA",0.043284965740793,2.71160086311804,0.472770709751322,0.639371845133008,0.97227368979901,8775,"19"
"4026","ADRM1",-0.040177298143123,1.97334986295526,-0.471832890758126,0.640034372560188,0.97227368979901,11047,"20"
"4027","RASD1",0.102639325860955,-5.61880614487678,0.471722561423014,0.640112335051259,0.97227368979901,51655,"17"
"4028","ACBD3",0.0430638940016137,1.27635380295304,0.471520478144161,0.640255144784012,0.97227368979901,64746,"1"
"4029","BBS9",-0.0784236373589917,-2.20630569107644,-0.471417749039677,0.640327747496021,0.97227368979901,27241,"7"
"4030","GOLM2",-0.0409311003912891,2.47492937918633,-0.47120964284397,0.640474835375044,0.97227368979901,113201,"15"
"4031","SLC35B2",-0.0458913211794623,2.11334296969237,-0.471070109038492,0.640573465069737,0.97227368979901,347734,"6"
"4032","CPEB3",-0.0894391156666239,-2.7699864070769,-0.471016677259551,0.640611235163982,0.97227368979901,22849,"10"
"4033","PES1",-0.0372309546041513,0.950745251883304,-0.470849678004791,0.640729290608315,0.97227368979901,23481,"22"
"4034","STARD3NL",0.0496458940842922,0.640603218546259,0.470648317853918,0.640871649148459,0.97227368979901,83930,"7"
"4035","CDKN2C",-0.0416788041577522,-0.306945818950297,-0.470561794887842,0.640932823797193,0.97227368979901,1031,"1"
"4036","ALG5",-0.0701545721736738,1.60721301475725,-0.470383119944388,0.641059161055086,0.97227368979901,29880,"13"
"4037","CNP",0.0476601865738049,2.92531268305415,0.470230477099289,0.641167100169614,0.97227368979901,1267,"17"
"4038","VPS37B",-0.0761307665926658,-2.96974274141057,-0.470084138549381,0.641270588734351,0.97227368979901,79720,"12"
"4039","CA12",-0.147883884989829,-1.47831873226791,-0.469891981927323,0.641406490251093,0.97227368979901,771,"15"
"4040","SPATS2L",0.0853413852144018,-0.435282862921873,0.469669788353084,0.641563650850085,0.97227368979901,26010,"2"
"4041","CCDC9B",0.0921889889989442,-3.4793029636586,0.469488824074178,0.641691661789161,0.97227368979901,388115,"15"
"4042","TXNDC15",-0.0483451914038606,-1.58478894087622,-0.469463035752977,0.641709904898208,0.97227368979901,79770,"5"
"4043","NPTN",0.0397071637970428,1.55733312768322,0.469448044532243,0.641720510053523,0.97227368979901,27020,"15"
"4044","WDFY2",0.0546472123627826,-1.03495506881115,0.469203823713,0.641893288567642,0.97227368979901,115825,"13"
"4045","RPS19",-0.0529668202166218,4.04380507502128,-0.469038847385608,0.642010015566122,0.97227368979901,6223,"19"
"4046","PUS7",-0.0546501988651129,-0.0521049430997026,-0.469019693775579,0.642023568068966,0.97227368979901,54517,"7"
"4047","MPG",-0.0516209700827909,-0.500536214374703,-0.468971453436747,0.642057701994334,0.97227368979901,4350,"16"
"4048","PIKFYVE",-0.038806393695838,-1.78623989409165,-0.468258526875193,0.642562247000119,0.97227368979901,200576,"2"
"4049","GADD45GIP1",-0.0492873288480811,-0.692869187653536,-0.468173795126974,0.642622223933857,0.97227368979901,90480,"19"
"4050","COQ6",0.0401339528007756,0.896435399151738,0.468108630553048,0.642668351998736,0.97227368979901,51004,"14"
"4051","SBNO1",0.0567878418326996,-1.37247217911224,0.468082942471914,0.64268653622323,0.97227368979901,55206,"12"
"4052","COMMD10",-0.0381879270042543,-0.11512988820306,-0.467890054376656,0.642823086083947,0.97227368979901,51397,"5"
"4053","NDUFB7",0.0439617132150018,0.980890296697554,0.467876185933197,0.642832904355551,0.97227368979901,4713,"19"
"4054","MED24",-0.0643877130552633,-2.68813369785934,-0.467654746057958,0.64298968324877,0.97227368979901,9862,"17"
"4055","ALG12",-0.0614532982155936,-0.0897600938201486,-0.467567124390235,0.643051723761675,0.97227368979901,79087,"22"
"4056","COL4A1",0.0774827085431814,-0.890701123290529,0.46740217023004,0.643168526590549,0.97227368979901,1282,"13"
"4057","ANKZF1",0.0505848249733769,-1.84109704691809,0.467242129879696,0.643281858789132,0.97227368979901,55139,"2"
"4058","RCCD1",0.0537753160161181,-1.86427255309324,0.467018313407187,0.643440368434322,0.97227368979901,91433,"15"
"4059","AP1S1",0.0395479455115328,1.25942728822288,0.466593659413896,0.643741160310711,0.97227368979901,1174,"7"
"4060","IKBIP",-0.0473998844617154,-0.757014815434895,-0.466496643843806,0.643809887153851,0.97227368979901,121457,"12"
"4061","RNASEH2A",-0.116195657939188,-1.55810127263598,-0.4663313596408,0.6439269835355,0.97227368979901,10535,"19"
"4062","NUP42",-0.054128256989874,-1.01079715720036,-0.466146692817152,0.644057822544639,0.97227368979901,11097,"7"
"4063","LNX1",0.0954755245620661,0.280252078038646,0.465843672823739,0.644272541374696,0.97227368979901,84708,"4"
"4064","LIPT1",0.0651781480867415,-2.1904041354985,0.465787492074879,0.644312354249443,0.97227368979901,51601,"2"
"4065","AP1M2",0.042346320241248,1.59329138457661,0.465704235529992,0.644371356533036,0.97227368979901,10053,"19"
"4066","SF3B5",0.128579749984538,-1.33505815464447,0.465649679757625,0.644410020409846,0.97227368979901,83443,"6"
"4067","CEP41",-0.0543686067250003,-1.25864810869123,-0.465370654468242,0.644607782365045,0.97227368979901,95681,"7"
"4068","INO80E",0.0857686096322987,-2.18198850640316,0.464743503056011,0.645052378020176,0.97227368979901,283899,"16"
"4069","ARFGAP3",0.0425592963756507,1.42319056406112,0.464338313129714,0.645339692830505,0.97227368979901,26286,"22"
"4070","TRIM25",-0.0462437855633853,1.50917630796457,-0.46367239130057,0.645812009268581,0.97227368979901,7706,"17"
"4071","SLC25A44",-0.0505327919333245,-1.23078486796334,-0.463657556863012,0.645822532546152,0.97227368979901,9673,"1"
"4072","C11orf54",-0.0758196298967424,1.74373744779326,-0.463639853871045,0.645835090820422,0.97227368979901,28970,"11"
"4073","AFDN",0.0412747167507002,1.53596313795396,0.46315382190322,0.646179916800298,0.97227368979901,4301,"6"
"4074","KBTBD11",0.0591593149337925,-0.373974238943226,0.462791066162839,0.646437333520464,0.97227368979901,9920,"8"
"4075","TDRD7",0.0563686496402247,-2.03681917444017,0.462746504751226,0.646468957991696,0.97227368979901,23424,"9"
"4076","EMSY",0.0442375902396015,-1.53337757071766,0.462745450348013,0.646469706291689,0.97227368979901,56946,"11"
"4077","ATP6V1G2",-0.0807586890044631,-3.03389317826599,-0.462308037812217,0.646780166035877,0.97227368979901,534,"6"
"4078","RPS24",0.0657152431282815,2.02155897041853,0.462179846796247,0.646871163595518,0.97227368979901,6229,"10"
"4079","CMC1",0.054552562899135,1.94738208094894,0.461687707434958,0.647220564413633,0.97227368979901,152100,"3"
"4080","TACC1",0.0473034884183349,0.0616089457657058,0.461303042088202,0.64749371918711,0.97227368979901,6867,"8"
"4081","WDR89",-0.0603659480231888,-1.69272930746014,-0.461167549667772,0.647589945541751,0.97227368979901,112840,"14"
"4082","CRACD",0.0722976738665997,-2.75227787547421,0.460511333766161,0.648056075317321,0.97227368979901,57482,"4"
"4083","NSD3",-0.0555644162196104,-1.00905668405382,-0.459830124687797,0.648540110929217,0.97227368979901,54904,"8"
"4084","SNX3",0.0392356690083351,2.11949573792952,0.459633848768954,0.648679604296002,0.97227368979901,8724,"6"
"4085","KTI12",-0.0409829025897663,-0.323698315001194,-0.45944502794211,0.648813811474771,0.97227368979901,112970,"1"
"4086","PXK",0.0600202541637088,-1.16668659543941,0.459391847397427,0.648851612478438,0.97227368979901,54899,"3"
"4087","PDLIM5",0.0430865570295551,1.90417746249683,0.45920639004385,0.648983443906255,0.97227368979901,10611,"4"
"4088","NNT",-0.0415434110990338,2.93737215123619,-0.459127282374921,0.649039680689545,0.97227368979901,23530,"5"
"4089","COG8",-0.0440632246843476,0.857943532086986,-0.459052090386177,0.64909313579503,0.97227368979901,84342,"16"
"4090","DCX",0.0966914386695772,-1.88162416255208,0.458906370727664,0.649196735444897,0.97227368979901,1641,"X"
"4091","BRD9",0.0820298139586941,-3.20117771026356,0.458627528754692,0.649394998393795,0.97227368979901,65980,"5"
"4092","MRRF",-0.0357642497150532,1.34655922779529,-0.458610688423156,0.649406973080999,0.97227368979901,92399,"9"
"4093","PFKFB2",-0.0708747780966501,5.04888721240834,-0.458133912257473,0.649746034475521,0.97227368979901,5208,"1"
"4094","GSN",-0.0632703366958385,5.89084794310129,-0.457683813545614,0.65006619361076,0.97227368979901,2934,"9"
"4095","DTNA",-0.0520525341666687,-0.209724642581893,-0.457631625391444,0.650103319865658,0.97227368979901,1837,"18"
"4096","PSD3",0.156385712755051,-4.06630480476338,0.457480568367611,0.650210785792298,0.97227368979901,23362,"8"
"4097","ABHD15",0.0639750692627388,0.296593637172215,0.457422231857721,0.650252289948245,0.97227368979901,116236,"17"
"4098","GTF2E1",0.0394616615641374,-1.67724015539457,0.457079630703991,0.650496060193093,0.97227368979901,2960,"3"
"4099","NYAP2",0.139376653132249,-5.31679597992098,0.457050979328182,0.650516448213265,0.97227368979901,57624,"2"
"4100","CBR3",0.0784729792373677,-1.53612002661427,0.456842475951555,0.650664825265799,0.97227368979901,874,"21"
"4101","TMEM17",-0.0652456906077601,-0.00697095164724617,-0.456451532640521,0.650943070834474,0.97227368979901,200728,"2"
"4102","FAM20B",-0.0519359315280641,0.733259415926743,-0.455951292281969,0.651299180325142,0.97227368979901,9917,"1"
"4103","TOM1L1",0.0438190203022981,1.2752699412623,0.455925539645333,0.651317515278607,0.97227368979901,10040,"17"
"4104","CZIB",0.0564652149425829,0.396473771599313,0.455892065228258,0.651341348191905,0.97227368979901,54987,"1"
"4105","CNIH4",0.0736470707599621,-1.53273708005263,0.455771622062382,0.651427103667286,0.97227368979901,29097,"1"
"4106","PCMT1",0.0385229012502526,3.46245589642511,0.455612631516062,0.651540312232857,0.97227368979901,5110,"6"
"4107","DDX56",0.0530076677769925,-0.234349328379183,0.455528454291007,0.651600253677066,0.97227368979901,54606,"7"
"4108","MRPS28",-0.0455170521018831,1.38372971097912,-0.455366050795384,0.651715905616559,0.97227368979901,28957,"8"
"4109","PROCR",-0.0687341966443805,-0.0161748958462381,-0.455349939710729,0.651727379234551,0.97227368979901,10544,"20"
"4110","NUP210",0.0423096231316854,1.09837471490011,0.455286201777827,0.651772771479042,0.97227368979901,23225,"3"
"4111","TTC9",0.0543638951669959,-1.2103762275782,0.45479540188376,0.65212234957327,0.97227368979901,23508,"14"
"4112","AKR1C3",-0.155450250259364,3.62460449619041,-0.454559417134226,0.652290460958266,0.97227368979901,8644,"10"
"4113","PEBP1",0.0626334049461139,5.97316290551843,0.454294998378806,0.652478850145733,0.97227368979901,5037,"12"
"4114","NDUFA13",-0.0402705622877633,2.38168331424348,-0.454065926947691,0.652642074308113,0.97227368979901,51079,"19"
"4115","ANAPC1",0.0415912676542778,-1.04689350477867,0.453873238097807,0.652779387621596,0.97227368979901,64682,"2"
"4116","YAP1",-0.08303918362658,-1.01566099221096,-0.453844516936165,0.652799855856386,0.97227368979901,10413,"11"
"4117","CFB",-0.131928700076511,-1.355188814666,-0.45382324038775,0.652815018837905,0.97227368979901,629,"6"
"4118","DERL2",-0.0553981434668203,0.620912977578454,-0.453654575801878,0.652935224930667,0.97227368979901,51009,"17"
"4119","CDK7",0.046047788906745,-1.2185811815942,0.453628483727909,0.652953821413203,0.97227368979901,1022,"5"
"4120","SZRD1",0.0860417890461209,-1.49819184130072,0.453571175049111,0.652994667551749,0.97227368979901,26099,"1"
"4121","TCAF2",-0.0738266944532904,1.84608599184502,-0.453438769026934,0.653089042659992,0.97227368979901,285966,"7"
"4122","CLMN",-0.0765958978021785,-0.155220791026105,-0.453339609793987,0.653159724233481,0.97227368979901,79789,"14"
"4123","PRKCE",0.0637368420255457,-1.51678492681174,0.453211095193636,0.653251335407481,0.97227368979901,5581,"2"
"4124","MROH7",-0.0612505330885553,-1.05772636694733,-0.452795696622398,0.65354748812871,0.972436992114275,374977,"1"
"4125","SLIRP",0.0701325621637836,2.19526266013371,0.452443253999941,0.653798801961065,0.972436992114275,81892,"14"
"4126","STAU1",0.0479556045056135,0.394627534076476,0.452233167142079,0.653948626655537,0.972436992114275,6780,"20"
"4127","NECAP1",0.0443699660826342,1.43946884737551,0.451935232222371,0.654161125688837,0.972436992114275,25977,"12"
"4128","TMEM119",0.114616215645925,-2.19432264718953,0.451693797418361,0.654333348066809,0.972436992114275,338773,"12"
"4129","NSFL1C",0.0540494269814213,1.78448907782684,0.451579482588118,0.654414898821198,0.972436992114275,55968,"20"
"4130","CCDC92",0.0481095022476937,-1.01512312482638,0.451502166275607,0.654470057742599,0.972436992114275,80212,"12"
"4131","DMGDH",0.0809451217583228,-2.41217333784831,0.451095585621205,0.654760152492587,0.972632578896296,29958,"5"
"4132","FKBP2",0.0555238609327859,3.70128324010475,0.450146044552827,0.655437860731513,0.973403723486578,2286,"11"
"4133","IDE",-0.0479942917508445,1.1427167738945,-0.449561974909334,0.65585487129671,0.973787421388293,3416,"10"
"4134","HMGA1",0.104100346047883,-0.181812067826166,0.448494596678778,0.656617241044051,0.974565723174627,3159,"6"
"4135","UBE3B",0.0636696574157978,-2.66619853871326,0.448008660330015,0.656964442503012,0.974565723174627,89910,"12"
"4136","CDH2",-0.0614140745531814,-0.120580521003406,-0.447860702663115,0.65707017360072,0.974565723174627,1000,"18"
"4137","NIPSNAP1",-0.0403389648102412,3.20520972622155,-0.447540406394078,0.657299083057485,0.974565723174627,8508,"22"
"4138","RPS13",-0.0448087347927468,3.80596611191257,-0.447511909034635,0.657319451187784,0.974565723174627,6207,"11"
"4139","C12orf75",-0.0909347223944632,-0.352376534067124,-0.44718860299025,0.657550548737409,0.974565723174627,387882,"12"
"4140","PDE5A",-0.0432963220414091,-0.255517009402923,-0.446904801914748,0.657753436510819,0.974565723174627,8654,"4"
"4141","CMPK1",0.0412315472150113,2.32637507769418,0.446791556919422,0.657834402063891,0.974565723174627,51727,"1"
"4142","PLS3",-0.0595391252807409,2.87453066557037,-0.446374640215852,0.658132516620238,0.974565723174627,5358,"X"
"4143","UGT8",-0.033229300843365,-0.213908790871256,-0.445732738395419,0.658591616829278,0.974565723174627,7368,"4"
"4144","APOO",0.0451092617850299,1.91390525479482,0.44546576143061,0.65878260334771,0.974565723174627,79135,"X"
"4145","RPS25",-0.0533317843928387,5.29474576728381,-0.44544345048436,0.65879856491558,0.974565723174627,6230,"11"
"4146","DDR1",-0.0553402833069422,-0.189451746160807,-0.445425956101937,0.658811080758808,0.974565723174627,780,"6"
"4147","RDH13",-0.0532606298954685,-0.037589262700507,-0.444786234916912,0.659268819054753,0.974565723174627,112724,"19"
"4148","NAP1L1",0.059200311756149,1.06211677148137,0.444043585454618,0.659800372572422,0.974565723174627,4673,"12"
"4149","TTPAL",0.057596683900099,-2.11825645702902,0.443948531292508,0.659868420821502,0.974565723174627,79183,"20"
"4150","TXNDC17",-0.0467853547995274,2.49153099716153,-0.443934565421618,0.659878419085387,0.974565723174627,84817,"17"
"4151","CCDC43",0.0561794335020397,0.200964529133643,0.443908330415328,0.659897201079941,0.974565723174627,124808,"17"
"4152","RIOK3",0.0822483921640596,-0.555807983391842,0.443897848496589,0.659904705289403,0.974565723174627,8780,"18"
"4153","GSK3B",0.0410546207547811,1.46550083167519,0.443504957678835,0.66018600922898,0.974565723174627,2932,"3"
"4154","CEBPZOS",-0.0606031197457471,-1.000185595867,-0.443121952247746,0.660460283665754,0.974565723174627,100505876,"2"
"4155","OSTC",-0.0544297029943103,0.294521492438816,-0.443112722358119,0.660466893880045,0.974565723174627,58505,"4"
"4156","ZFAND1",-0.0562675482300359,-1.48247427320894,-0.442274063535429,0.661067635591701,0.974565723174627,79752,"8"
"4157","PTAR1",0.0463332180066119,-0.967182869665819,0.442207853111257,0.661115072657204,0.974565723174627,375743,"9"
"4158","GNPNAT1",-0.0979506452855261,-2.48347485728307,-0.442096315345444,0.661194988126077,0.974565723174627,64841,"14"
"4159","CRPPA",0.0461088686038694,-1.01432556542744,0.441832197131644,0.661384241731815,0.974565723174627,729920,"7"
"4160","ARMC6",0.0422027657004491,-0.612037885000845,0.441671007293866,0.661499753233445,0.974565723174627,93436,"19"
"4161","SNRNP70",0.0443037732931595,2.51898973421148,0.441404635814601,0.661690658211933,0.974565723174627,6625,"19"
"4162","TIMM9",-0.0849436518715645,-1.04487915958645,-0.440912777229523,0.66204322723215,0.974565723174627,26520,"14"
"4163","FAM120B",0.0443325778513455,0.579699645215892,0.440748631386078,0.662160905989114,0.974565723174627,84498,"6"
"4164","KANK1",0.0655119197852123,-1.576455483531,0.440596143387046,0.662270234859389,0.974565723174627,23189,"9"
"4165","AOX1",-0.0844672144016747,1.0988348492055,-0.440077681318539,0.662642011294344,0.974565723174627,316,"2"
"4166","GDPD1",0.043577583408661,-0.253139372900252,0.44002969022598,0.662676428921276,0.974565723174627,284161,"17"
"4167","VASP",-0.0393460169493216,2.14844256448549,-0.439934620258298,0.662744612159092,0.974565723174627,7408,"19"
"4168","TMED4",-0.0492050858540987,4.5779688004772,-0.439866358745665,0.662793570438945,0.974565723174627,222068,"7"
"4169","SLC9A1",0.0370555360780185,-0.829110283395381,0.439684151699949,0.662924259696423,0.974565723174627,6548,"1"
"4170","SPTBN1",-0.0449529620778959,3.25647136489424,-0.439614374292718,0.662974310859635,0.974565723174627,6711,"2"
"4171","CRTC3",-0.0542284200453684,-2.1774837304407,-0.439502218328487,0.663054763350341,0.974565723174627,64784,"15"
"4172","ZFAND6",0.0545798765085017,-2.49267014658671,0.439482758768894,0.663068722629203,0.974565723174627,54469,"15"
"4173","TMEM59",-0.0475113466753749,-1.83443206210756,-0.439465098291538,0.663081391445526,0.974565723174627,9528,"1"
"4174","ZNF280C",0.0661548435296155,-3.01476192237036,0.439464962819722,0.663081488627181,0.974565723174627,55609,"X"
"4175","TBC1D7-LOC100130357",0.0827565030927655,-2.71632770658323,0.439284633312952,0.66321085450994,0.974565723174627,107080638,"6"
"4176","LOXL3",-0.0798952314216121,-0.582920877191435,-0.439184547070817,0.663282659515664,0.974565723174627,84695,"2"
"4177","GP2",-0.191015139413398,1.31857301406297,-0.438638708315657,0.663674318170095,0.974565723174627,2813,"16"
"4178","YIPF2",-0.0472026491724595,1.07835782680361,-0.438533411519482,0.663749883400243,0.974565723174627,78992,"19"
"4179","DTYMK",-0.0332979570563613,0.331400935241806,-0.438346940750348,0.663883711110464,0.974565723174627,1841,"2"
"4180","EHMT1",-0.0397704484535526,-1.5487478077011,-0.43826068458543,0.663945619855396,0.974565723174627,79813,"9"
"4181","TSPO",-0.0639526802503853,1.5170135821143,-0.438090182121485,0.66406800184804,0.974565723174627,706,"22"
"4182","RIPK3",0.067119312654507,-0.978024997607473,0.437963303545494,0.664159077881959,0.974565723174627,11035,"14"
"4183","PITPNC1",-0.047453257519404,1.54892250113147,-0.437172335843979,0.664726967405539,0.975064944031887,26207,"17"
"4184","EVI5L",-0.0415753900064978,-1.09799408660741,-0.437046952233683,0.664817007294469,0.975064944031887,115704,"19"
"4185","CNRIP1",0.0453239148084394,0.203288573336988,0.435967754126224,0.665592204637815,0.97581493002148,25927,"2"
"4186","CDC123",0.0694249649366756,-1.89356578724705,0.435578655410871,0.665871789230885,0.97581493002148,8872,"10"
"4187","PPP1R12B",-0.0511730665512224,-2.12039609901289,-0.435509207119906,0.665921695993874,0.97581493002148,4660,"1"
"4188","HACD3",-0.0350078957324564,2.61816544598622,-0.435449952579987,0.665964278569563,0.97581493002148,51495,"15"
"4189","DNTTIP2",0.0573037027479475,-0.626646526585408,0.435118865046964,0.666202231410342,0.975930619665079,30836,"1"
"4190","AKAP11",0.082261124790413,-2.88760678193169,0.434041389737321,0.666976856458996,0.976433650934091,11215,"13"
"4191","PYCR1",-0.070896628980002,0.417620832137425,-0.433732611385548,0.667198913658846,0.976433650934091,5831,"17"
"4192","ENTPD4",-0.0517813103924667,-1.06104042804463,-0.433562475706942,0.66732127932663,0.976433650934091,9583,"8"
"4193","NPRL2",0.0489717557521584,-1.00065955226551,0.433398913360251,0.667438926006796,0.976433650934091,10641,"3"
"4194","SARM1",0.0371764912318966,1.19296149504636,0.433061081395794,0.667681947885735,0.976433650934091,23098,"17"
"4195","SLC6A17",0.06090563010127,0.106005519216048,0.432655443878292,0.66797379426526,0.976433650934091,388662,"1"
"4196","DENND2B",0.114955075097993,-2.22120838698006,0.432593737094949,0.668018195398545,0.976433650934091,6764,"11"
"4197","PRKD3",-0.0560031129572649,-1.61829438343163,-0.431928408436032,0.668497009853179,0.976433650934091,23683,"2"
"4198","KRT5",0.105605313301024,2.76661164960424,0.431562468032484,0.668760424798864,0.976433650934091,3852,"12"
"4199","PHACTR2",0.0592532271963138,-1.82557784484991,0.431528397147454,0.66878495221756,0.976433650934091,9749,"6"
"4200","BIN1",0.0430150889490546,0.619090002736898,0.431498410553309,0.668806539686,0.976433650934091,274,"2"
"4201","MTCH2",-0.0446643795884851,3.08172174710932,-0.431346049559284,0.668916229388547,0.976433650934091,23788,"11"
"4202","FAM169A",-0.0525957607298655,1.71687478238101,-0.431124407200637,0.669075810204333,0.976433650934091,26049,"5"
"4203","AMY2A",-0.29907418099689,1.48965610316753,-0.430869867885788,0.669259095835287,0.976433650934091,279,"1"
"4204","MCCC2",-0.0312446390941532,2.01188911048325,-0.430339832041043,0.669640823744793,0.976433650934091,64087,"5"
"4205","ST3GAL4",0.0837136621173431,-3.23305438453905,0.43016686136845,0.669765415243891,0.976433650934091,6484,"11"
"4206","F10",0.0946592493644152,2.16935284752117,0.429910031440278,0.669950428421124,0.976433650934091,2159,"13"
"4207","ETFDH",-0.0359844629792399,3.04082068856262,-0.429887818328205,0.669966431115423,0.976433650934091,2110,"4"
"4208","PARD3",0.0362629743701215,0.687262312766404,0.429881008347806,0.669971337169563,0.976433650934091,56288,"10"
"4209","PCBD1",0.0737742555113998,2.36802039140271,0.429834109529223,0.670005124471213,0.976433650934091,5092,"10"
"4210","KIAA0319L",-0.0401195905214171,-0.44863982615643,-0.429796537961103,0.670032192647657,0.976433650934091,79932,"1"
"4211","MPPE1",0.0700633645070008,-2.92864681980401,0.429068478118868,0.670556806631627,0.976433650934091,65258,"18"
"4212","RUSF1",-0.0400631492454346,2.9269429482756,-0.428822115655024,0.670734364651631,0.976433650934091,64755,"16"
"4213","SNAP23",-0.058019370978142,-0.587516681148176,-0.428668753765485,0.670844905122546,0.976433650934091,8773,"15"
"4214","KNOP1",0.0657386742532404,-1.69859664472613,0.428440083210498,0.671009740530203,0.976433650934091,400506,"16"
"4215","CNOT4",0.0386122383515067,-1.09916266312033,0.428139461285838,0.671226466680914,0.976433650934091,4850,"7"
"4216","ANKRD44",0.0544374214777541,-2.21170671096302,0.428094931656989,0.671258571675178,0.976433650934091,91526,"2"
"4217","ABCC1",-0.0369263667841239,-0.421471610427316,-0.427627602809643,0.671595544443351,0.976433650934091,4363,"16"
"4218","GRSF1",0.0320463480404376,1.95432941871795,0.427422899814225,0.671743169578501,0.976433650934091,2926,"4"
"4219","FAM118B",-0.0758146237669326,-2.50279497611421,-0.426982247804357,0.672060998323388,0.976433650934091,79607,"11"
"4220","DCTN5",0.0538296847810242,-1.28199429423807,0.426651561076068,0.672299552707286,0.976433650934091,84516,"16"
"4221","MRPS16",-0.0484533164124786,1.18204941716007,-0.426275186552524,0.672571107776141,0.976433650934091,51021,"10"
"4222","RRM2B",0.056129427851493,1.22910248388542,0.426093365417417,0.672702308116825,0.976433650934091,50484,"8"
"4223","OGDHL",0.0405387837096356,1.16037427887062,0.425801034784154,0.672913272837086,0.976433650934091,55753,"10"
"4224","GNAI3",-0.0369856231296843,1.64168345607728,-0.425491125713291,0.673136952654855,0.976433650934091,2773,"1"
"4225","SERPINB6",0.0486671420121763,3.87451089649144,0.42549009298868,0.673137698084152,0.976433650934091,5269,"6"
"4226","SPTY2D1",0.134817701163652,-2.95802628406072,0.425335702974943,0.673249141864618,0.976433650934091,144108,"11"
"4227","ZNF462",0.0471039758427967,-3.96222761990361,0.42492091416595,0.673548587142648,0.976433650934091,58499,"9"
"4228","RPF2",-0.0618835997048255,-0.691534843202246,-0.424682583478002,0.673720667820878,0.976433650934091,84154,"6"
"4229","ADGRE5",-0.0828282922654338,-2.2193853892606,-0.424628567283171,0.673759671334683,0.976433650934091,976,"19"
"4230","MYO1B",-0.0327383133780272,3.02104858307612,-0.42447804640963,0.673868362885137,0.976433650934091,4430,"2"
"4231","SRP14",0.046159518099421,1.85520993234316,0.424303711104502,0.673994259790482,0.976433650934091,6727,"15"
"4232","C4orf33",-0.0652151495332907,-1.67741865200618,-0.424273005354307,0.674016435052713,0.976433650934091,132321,"4"
"4233","TARS3",0.0366771759685699,-0.772669780232333,0.424179849265776,0.674083712883311,0.976433650934091,123283,"15"
"4234","DDX18",-0.0422611836593038,0.556024446034162,-0.424130294368813,0.674119502806776,0.976433650934091,8886,"2"
"4235","MMS19",-0.0351895941949657,-0.320346533142096,-0.424127203960544,0.674121734811007,0.976433650934091,64210,"10"
"4236","UBP1",0.103886103099815,-1.39025264103927,0.423878343991299,0.674301480279868,0.976433650934091,7342,"3"
"4237","HMGCS1",-0.0969237199426463,0.104989195179965,-0.423701242751452,0.674429407997581,0.976433650934091,3157,"5"
"4238","P2RY1",-0.0895442632622188,-0.197801253198613,-0.423693728720253,0.674434835917558,0.976433650934091,5028,"3"
"4239","ANKS1B",-0.0800648805478784,-0.0450728286801355,-0.423604045280272,0.674499622020291,0.976433650934091,56899,"12"
"4240","MRPL34",0.069166526068805,-1.57453055419159,0.423023623003784,0.6749189721222,0.976585121209069,64981,"19"
"4241","PATL1",-0.0381089629454682,0.199189943675582,-0.422573369014662,0.675244349376796,0.976585121209069,219988,"11"
"4242","NQO2",0.0839842791485819,1.06780951156862,0.422564832423088,0.675250518980106,0.976585121209069,4835,"6"
"4243","CRYZ",0.043285691892728,4.52387513781065,0.422440237110535,0.675340569649875,0.976585121209069,1429,"1"
"4244","AZGP1",-0.0788763014728244,-0.222992579146412,-0.422247557921715,0.675479837172098,0.976585121209069,563,"7"
"4245","MBOAT7",-0.0390019539011008,1.60660087056873,-0.421489377577479,0.676027958606451,0.976585121209069,79143,"19"
"4246","ANGPTL2",-0.127943064722516,-2.70885166581891,-0.421481635038904,0.676033556948839,0.976585121209069,23452,"9"
"4247","ARHGEF2",-0.0486042059920031,-0.424858988815959,-0.421479936606985,0.676034785024448,0.976585121209069,9181,"1"
"4248","RRAGB",-0.0600897584527815,-3.5997273481037,-0.421247571970106,0.676202808098707,0.976585121209069,10325,"X"
"4249","TMEM97",-0.144316341275633,2.12419065603429,-0.420893441340802,0.676458912656132,0.976585121209069,27346,"17"
"4250","CHORDC1",0.0338822814154607,1.17018485801864,0.420825740738404,0.676507877664278,0.976585121209069,26973,"11"
"4251","MED6",-0.074671365247474,-2.3657870789339,-0.420368417352446,0.676838677904765,0.976585121209069,10001,"14"
"4252","IL1RL1",-0.0601974548514042,-0.661847944477196,-0.420214933477843,0.676949713509109,0.976585121209069,9173,"2"
"4253","KRT17",-0.126080687242668,1.07993026742301,-0.420079975354062,0.677047352995773,0.976585121209069,3872,"17"
"4254","RANBP6",0.0459027790173765,0.891196468968719,0.419952853675123,0.677139328156114,0.976585121209069,26953,"9"
"4255","CYB5R4",0.0987614504546475,-3.32869308078857,0.419938199745233,0.677149930900261,0.976585121209069,51167,"6"
"4256","KIAA0753",-0.0800891047438905,-3.6136877606423,-0.418811149004225,0.677965600262853,0.977322500466692,9851,"17"
"4257","THOP1",-0.0381624120039776,0.721643448275713,-0.418666433378909,0.678070362465282,0.977322500466692,7064,"19"
"4258","THEM4",-0.0509612604398648,-2.73710074056387,-0.41849278196503,0.678196080375598,0.977322500466692,117145,"1"
"4259","DPM3",0.0631121218739339,1.7443663158957,0.418351848280859,0.678298118603472,0.977322500466692,54344,"1"
"4260","GBA1",0.0493984212376128,2.30282993800591,0.417858809483501,0.678655134992527,0.977607420460956,2629,"1"
"4261","STARD5",0.0713907195686638,-3.14313035172731,0.416496537776668,0.679641966614984,0.97762672594496,80765,"15"
"4262","RNF14",-0.0519697212056787,-0.487160824037777,-0.416377965094104,0.679727887993469,0.97762672594496,9604,"5"
"4263","HTR1F",0.0795657977287412,0.306231541099485,0.416374283159527,0.679730556104988,0.97762672594496,3355,"3"
"4264","SH2B1",0.0460231885836289,-1.41260020124452,0.416259085317281,0.679814036262572,0.97762672594496,25970,"16"
"4265","NDUFB9",-0.0351104903777675,2.33087802321617,-0.41603004779374,0.679980024538403,0.97762672594496,4715,"8"
"4266","FNTA",0.0387502833891158,0.0488927173275449,0.415482030422753,0.680377249896476,0.97762672594496,2339,"8"
"4267","GOLM1",-0.0399966613923287,0.363241266281915,-0.415265863853674,0.680533961728583,0.97762672594496,51280,"9"
"4268","NDUFA12",-0.0427287804910705,1.89769751408294,-0.414975514959594,0.680744475350262,0.97762672594496,55967,"12"
"4269","CTPS2",0.0534332258445175,0.422058114421634,0.414810559637018,0.680864085594535,0.97762672594496,56474,"X"
"4270","SLC25A53",0.057784738976129,-0.153247996723802,0.414731211854456,0.680921624205595,0.97762672594496,401612,"X"
"4271","ACP3",0.0694347056379672,1.32361042139665,0.414595127052537,0.681020309870521,0.97762672594496,55,"3"
"4272","MROH1",-0.0389280812254054,0.174830916987807,-0.414447365712352,0.681127469557303,0.97762672594496,727957,"8"
"4273","PRCC",0.0821571274325767,-2.78519976381883,0.414388190662604,0.681170386454718,0.97762672594496,5546,"1"
"4274","SCCPDH",0.0413808558434989,3.13153639793974,0.413863912040287,0.681550668288569,0.97762672594496,51097,"1"
"4275","SRA1",0.0368969286797702,-0.745317159472225,0.413423999630969,0.68186982088612,0.97762672594496,10011,"5"
"4276","NCALD",0.0507380922111925,0.302059887052442,0.413325326633719,0.681941415445017,0.97762672594496,83988,"8"
"4277","SRGAP1",0.102329612296822,-4.46525336293864,0.413109608046771,0.682097945651387,0.97762672594496,57522,"12"
"4278","MACROD1",-0.0432430889985269,0.521211895132026,-0.413099042291724,0.682105612765368,0.97762672594496,28992,"11"
"4279","PCGF6",0.0755042048722188,-4.68397063641355,0.412755100204574,0.682355215455388,0.97762672594496,84108,"10"
"4280","KRT2",0.0853994003049099,4.07393772365574,0.412436495031353,0.682586463237518,0.97762672594496,3849,"12"
"4281","CD81",0.0579037088749759,-0.849316923527528,0.412408012203584,0.682607137960409,0.97762672594496,975,"11"
"4282","EVL",-0.048377474399947,-1.74275612978187,-0.412254080079073,0.682718876395451,0.97762672594496,51466,"14"
"4283","CD59",-0.0434527057809717,2.41519134697554,-0.412218396321287,0.682744780064853,0.97762672594496,966,"11"
"4284","SH3BGRL3",0.0657347508816444,2.48840406571358,0.411967303737211,0.682927065041085,0.97762672594496,83442,"1"
"4285","PDLIM4",-0.0557285182355766,0.47227337398906,-0.411916583749587,0.682963888432371,0.97762672594496,8572,"5"
"4286","CWF19L2",-0.0508799245265319,-3.08389428344502,-0.411589253741583,0.683201553354671,0.97762672594496,143884,"11"
"4287","SUN2",-0.0336616111167954,0.804957562169214,-0.411582566012983,0.683206409464347,0.97762672594496,25777,"22"
"4288","ITPR2",-0.0483067061665146,-0.724623739632614,-0.411076044881709,0.683574245581486,0.97762672594496,3709,"12"
"4289","PEX10",0.062182430618565,-1.73554695345399,0.410845790534238,0.683741482442732,0.97762672594496,5192,"1"
"4290","GIMAP4",-0.0927012331365653,-0.380133997658,-0.410844666724514,0.683742298720745,0.97762672594496,55303,"7"
"4291","CDS2",0.0395965210792344,1.09088529369195,0.410720784810238,0.683832282585217,0.97762672594496,8760,"20"
"4292","TMEM254",0.0620338057212311,-0.794653018130148,0.410537989569524,0.683965067771497,0.97762672594496,80195,"10"
"4293","SNAP25",0.0483167981125385,0.324024501347404,0.410394893216425,0.684069022216172,0.97762672594496,6616,"20"
"4294","BAD",0.0987995550346337,-1.43779717338074,0.409596603458969,0.684649066201483,0.97762672594496,572,"11"
"4295","CAT",-0.0463104829593777,1.82118490877892,-0.409287187922331,0.684873942367068,0.97762672594496,847,"11"
"4296","FARP1",-0.0470559801321289,-0.117574337508733,-0.409034699328308,0.68505746694014,0.97762672594496,10160,"13"
"4297","BASP1",0.117885724366109,-3.06997369706291,0.40875144554208,0.685263376692302,0.97762672594496,10409,"5"
"4298","SPTLC2",-0.043391557999864,-0.907278056816485,-0.408646711744989,0.68533951852324,0.97762672594496,9517,"14"
"4299","TSC22D2",-0.0541077747041439,-2.34552479159548,-0.408455902861936,0.68547824581679,0.97762672594496,9819,"3"
"4300","ADGRG2",0.0642549156754773,-1.89476966315537,0.408158015903792,0.685694846191296,0.97762672594496,10149,"X"
"4301","BLZF1",-0.080908826876513,-2.47929444091319,-0.407644679198371,0.68606816825512,0.97762672594496,8548,"1"
"4302","PAPSS2",0.0674455702808672,3.41224262795362,0.407539806881899,0.686144446073818,0.97762672594496,9060,"10"
"4303","SFT2D3",0.0551460523230326,0.331634717985324,0.407039013548039,0.686508739070785,0.97762672594496,84826,"2"
"4304","C6orf132",-0.103626973061437,-3.31763257843225,-0.406914116649664,0.68659960490025,0.97762672594496,647024,"6"
"4305","SERPINB1",-0.0673911919739059,4.02208471899279,-0.406725842836306,0.686736588066847,0.97762672594496,1992,"6"
"4306","PARS2",0.030470825481684,-0.0201677847234374,0.406413113326831,0.686964145728092,0.97762672594496,25973,"1"
"4307","KATNBL1",0.0925405392523144,-6.37142974493764,0.405561324981341,0.687584099786735,0.97762672594496,79768,"15"
"4308","MAFG",0.0510747025668044,-1.51949557537362,0.40519387452407,0.687851607694817,0.97762672594496,4097,"17"
"4309","ERGIC3",-0.0393620750711248,0.879701422441006,-0.405128378992595,0.687899293435235,0.97762672594496,51614,"20"
"4310","ABCB8",-0.0365743374482152,0.470853203048483,-0.405117571199142,0.687907162457455,0.97762672594496,11194,"7"
"4311","ERP27",-0.212779203505285,1.72865422154141,-0.404625164919506,0.688265714864865,0.97762672594496,121506,"12"
"4312","TTC14",0.149684942640671,-2.21775574561711,0.404297846043463,0.68850409710265,0.97762672594496,151613,"3"
"4313","PPA1",-0.0373668156251026,2.99123968799085,-0.404037067344388,0.68869404209224,0.97762672594496,5464,"10"
"4314","CSNK1A1",0.0333496605306786,0.676025513418774,0.403969503225409,0.688743257530522,0.97762672594496,1452,"5"
"4315","XYLT2",0.0654952968742162,-3.12777668916143,0.403964777901513,0.688746699629205,0.97762672594496,64132,"17"
"4316","CYGB",-0.103786502003628,-0.344234797308755,-0.40373370748456,0.688915027978715,0.97762672594496,114757,"17"
"4317","PLGRKT",-0.0485037968289304,0.824488777632433,-0.40364969766576,0.688976230774617,0.97762672594496,55848,"9"
"4318","STXBP6",-0.0353864432111841,-0.517640754951568,-0.403536457595077,0.689058731744644,0.97762672594496,29091,"14"
"4319","APPL2",-0.0279248676903343,1.68046481803091,-0.403485701863875,0.689095711048581,0.97762672594496,55198,"12"
"4320","GSTK1",-0.0392942672142484,2.11065775513087,-0.403481858915037,0.689098510952614,0.97762672594496,373156,"7"
"4321","GNB2",0.0398691039297168,1.33260246763423,0.403466810577501,0.689109474945949,0.97762672594496,2783,"7"
"4322","ANK1",-0.0691098792132228,-2.81073553566483,-0.403402404884299,0.689156400739734,0.97762672594496,286,"8"
"4323","PDE1C",0.0978921185932826,-4.15429365852181,0.403068898743833,0.689399412280458,0.97762672594496,5137,"7"
"4324","MTMR12",-0.0532879178575152,-1.38728075118173,-0.403055722652592,0.68940901381717,0.97762672594496,54545,"5"
"4325","RIOK2",-0.0547810794678596,-1.6178407699683,-0.403024765997822,0.689431572416653,0.97762672594496,55781,"5"
"4326","PNPLA2",0.101369991684923,-2.91335884849536,0.402558946233063,0.689771057376638,0.97762672594496,57104,"11"
"4327","PON3",0.0694364641128778,0.0399979190949995,0.402093189407696,0.690110561668357,0.97762672594496,5446,"7"
"4328","RPS6KA4",0.036667639694594,-0.897679129530894,0.401586899221302,0.690479685839677,0.97762672594496,8986,"11"
"4329","BORCS7",0.0516329774348654,-0.489124172838747,0.401584067889515,0.690481750312814,0.97762672594496,119032,"10"
"4330","STARD13",0.0570085758293204,-2.99092724232177,0.401256650970105,0.690720503447099,0.97762672594496,90627,"13"
"4331","FMN2",0.0928767635812213,-4.05999834218534,0.401231337708772,0.690738963271107,0.97762672594496,56776,"1"
"4332","SMAD2",0.039951054713469,-0.0912526057317173,0.400857958465469,0.691011274278833,0.97762672594496,4087,"18"
"4333","ACADS",0.03755453418843,2.0181303198566,0.400390015475886,0.691352610976744,0.97762672594496,35,"12"
"4334","CASP8",-0.0515189587838831,-1.61110109553649,-0.399918454909632,0.691696652761713,0.97762672594496,841,"2"
"4335","MRPS24",-0.0612932453856576,-0.484261135288034,-0.399913171431054,0.691700507865703,0.97762672594496,64951,"7"
"4336","PIGS",0.037560277260093,-0.0324535035141805,0.399779505253532,0.69179804051802,0.97762672594496,94005,"17"
"4337","ACAD11",-0.0352207750116461,-0.154328671669818,-0.399730605509224,0.691833722693981,0.97762672594496,84129,"3"
"4338","TUBE1",0.0666694505108718,-3.24431675785291,0.399611037523557,0.691920974541954,0.97762672594496,51175,"6"
"4339","GALM",0.0861333240994113,0.791681547314238,0.39946894877618,0.69202466592453,0.97762672594496,130589,"2"
"4340","DNTTIP1",0.0888001682799184,-2.53836838737511,0.399410022363929,0.692067670121525,0.97762672594496,116092,"20"
"4341","ADHFE1",0.0679910657916514,-2.77254918664347,0.399319530607439,0.692133712565427,0.97762672594496,137872,"8"
"4342","PCCA",-0.0421555578415911,1.72666947471193,-0.398970624914829,0.692388372835443,0.97762672594496,5095,"13"
"4343","AKAP7",-0.0638629542465199,-2.30681194875092,-0.398907530008141,0.692434428602042,0.97762672594496,9465,"6"
"4344","MBD1",0.0506650451590205,-1.03696663732254,0.398600363120767,0.692658660276008,0.97762672594496,4152,"18"
"4345","YIPF3",-0.0348501909547299,0.865271285728861,-0.398566994492839,0.692683021051695,0.97762672594496,25844,"6"
"4346","SLC25A30",-0.0431308822291601,-1.87198633138697,-0.398511170153394,0.69272377636762,0.97762672594496,253512,"13"
"4347","EEF1A2",-0.0500172983865994,4.23925793865453,-0.398464761069706,0.69275765865547,0.97762672594496,1917,"20"
"4348","RBL2",0.0585393924608073,-1.89852809054111,0.398318128105207,0.692864716490937,0.97762672594496,5934,"16"
"4349","AHR",-0.0619770469834666,-2.49859575324198,-0.398134221503059,0.692998997145899,0.97762672594496,196,"7"
"4350","RPS6KB2",0.0695603863650567,-2.53461676674049,0.397572912802211,0.693408902777543,0.97762672594496,6199,"11"
"4351","LCLAT1",0.0339796716482321,1.58705187498139,0.397196676307686,0.693683708619122,0.97762672594496,253558,"2"
"4352","IFRD1",0.0822264830204245,-4.12500590788242,0.397173533082228,0.693700613971425,0.97762672594496,3475,"7"
"4353","MYL6",0.0504813331147043,5.00128489992477,0.397099053207071,0.693755020110153,0.97762672594496,4637,"12"
"4354","PPP2R1B",0.0463610788710306,-0.899545496361733,0.396378638945135,0.694281354138692,0.97762672594496,5519,"11"
"4355","ZGPAT",0.0414492742817992,-1.32755476320747,0.396304002388896,0.694335892348979,0.97762672594496,84619,"20"
"4356","ZBTB21",0.0739993766178344,-2.77035460807093,0.395017607615656,0.69527614254159,0.97762672594496,49854,"21"
"4357","PRR14L",-0.0494456464194813,-0.982489069536898,-0.394994671921459,0.695292911119464,0.97762672594496,253143,"22"
"4358","KLHL22",-0.0349741147995079,-0.423118342473449,-0.394387534451801,0.695736853615506,0.97762672594496,84861,"22"
"4359","GPD1",0.0695332181539778,3.8532054779162,0.394374122619244,0.69574666165664,0.97762672594496,2819,"12"
"4360","UNC119B",0.0459240328098527,1.16608682948102,0.39429357035355,0.695805570454432,0.97762672594496,84747,"12"
"4361","TMEM236",-0.133154609635581,-1.70986442292449,-0.394097866920875,0.695948698609524,0.97762672594496,653567,"10"
"4362","PKN1",0.0337717073739854,-0.646353293184139,0.394088724797619,0.695955384998918,0.97762672594496,5585,"19"
"4363","PRXL2B",0.0376636075443534,0.34185704136932,0.394067645637036,0.695970802023133,0.97762672594496,127281,"1"
"4364","CUL9",0.0504362993756585,-1.14433509043381,0.393889610793864,0.696101019627833,0.97762672594496,23113,"6"
"4365","NIFK",-0.0552228137952734,-0.69701800628925,-0.393699584139362,0.696240018562388,0.97762672594496,84365,"2"
"4366","BCL9L",-0.0575410453831211,-1.91577186016297,-0.393457358069659,0.696417215286941,0.97762672594496,283149,"11"
"4367","SSR3",0.0999358001269874,0.931687247927978,0.392863301673235,0.696851861266103,0.97762672594496,6747,"3"
"4368","ITGB3",-0.0588387723926775,-1.08732964885918,-0.392785987702708,0.696908436280331,0.97762672594496,3690,"17"
"4369","GOLPH3",0.0460739104005535,0.34171380083611,0.392758220136167,0.696928755812223,0.97762672594496,64083,"5"
"4370","POLR2G",0.0336782260236612,-1.16026866210763,0.392544550006904,0.697085121256783,0.97762672594496,5436,"11"
"4371","G6PD",0.0421484237773391,2.37971510812242,0.392470127936784,0.697139587055925,0.97762672594496,2539,"X"
"4372","UTP3",0.0366202481729184,-0.143427124758102,0.392299794854404,0.697264251472557,0.97762672594496,57050,"4"
"4373","EIF3J",0.0522876513280321,1.32340818876197,0.392123026854733,0.697393634540647,0.97762672594496,8669,"15"
"4374","MRPL30",-0.0411870750178702,-0.885198772770525,-0.39205838993711,0.69744094699719,0.97762672594496,51263,"2"
"4375","SIDT1",-0.0656093826871526,-0.322411391690399,-0.392026652089092,0.697464178683924,0.97762672594496,54847,"3"
"4376","CUTC",0.0542074553705099,0.0039777256783921,0.391400721945391,0.697922411794804,0.97762672594496,51076,"10"
"4377","SMG6",0.0422141450667826,-1.59098230554878,0.391233526841636,0.698044832040568,0.97762672594496,23293,"17"
"4378","FASN",-0.0452510368770866,2.93312365730464,-0.391084949119299,0.698153627526141,0.97762672594496,2194,"17"
"4379","CD99",-0.0913304625343963,2.6358864532587,-0.390979097227777,0.698231141132028,0.97762672594496,4267,"c(""X"", ""Y"")"
"4380","MRPL55",0.0548903060897761,-0.551528688733749,0.390899093932669,0.698289728415253,0.97762672594496,128308,"1"
"4381","ZFYVE26",0.0898096552522225,-2.63644915431149,0.390624350926409,0.698490939998533,0.97762672594496,23503,"14"
"4382","SH3BGRL2",-0.112742940978683,-1.12895716628323,-0.390381539306685,0.698668784638289,0.97762672594496,83699,"6"
"4383","RAB20",-0.0444652484843062,-1.4090536368117,-0.390262271012288,0.698756147685691,0.97762672594496,55647,"13"
"4384","LAMP1",0.0485022832268052,4.59366091591017,0.389890029452426,0.699028838365368,0.97762672594496,3916,"13"
"4385","FAM177A1",0.0466259194514183,-0.400637369437378,0.389779390837502,0.699109896025491,0.97762672594496,283635,"14"
"4386","NR2C2AP",0.045294922119953,-1.26435749689906,0.389280803828625,0.69947522246851,0.97762672594496,126382,"19"
"4387","DERL1",0.049969198279594,1.45073519049559,0.388504239891036,0.70004437384273,0.97762672594496,79139,"8"
"4388","NAT14",0.0438566664471256,0.599179414346071,0.388435187213783,0.700094991755207,0.97762672594496,57106,"19"
"4389","LRRC40",0.032835325094458,0.128298692885159,0.388352174048201,0.70015584501212,0.97762672594496,55631,"1"
"4390","RNF126",-0.0381863358353686,0.144984168035412,-0.388334339019275,0.700168919340368,0.97762672594496,55658,"19"
"4391","HSPB1",0.0630941803022278,5.20700109523044,0.388273532540195,0.700213495455645,0.97762672594496,3315,"7"
"4392","LANCL1",0.0395222927650924,2.10294702925946,0.38815189512324,0.700302668852583,0.97762672594496,10314,"2"
"4393","PPIC",-0.0871978283407701,-0.774860802684361,-0.387894868484994,0.70049111139594,0.97762672594496,5480,"5"
"4394","HLA-C",-0.0713091403656771,2.22142876613615,-0.387749500186791,0.700597698646694,0.97762672594496,3107,"6"
"4395","RASGRF1",0.0579538986097741,-1.76184352784791,0.38728728039655,0.700936649316713,0.97762672594496,5923,"15"
"4396","PCCB",-0.0412158899393249,1.72149194034026,-0.387085883701611,0.701084355099402,0.97762672594496,5096,"3"
"4397","MRPL12",0.0505366818667775,0.907291523674547,0.38706453312923,0.701100014454389,0.97762672594496,6182,"17"
"4398","TOX3",-0.0506380067643279,-2.43763370648595,-0.387044310494089,0.701114846657833,0.97762672594496,27324,"16"
"4399","GSTP1",-0.0761571882641725,3.47454870744901,-0.386374975815256,0.701605834351979,0.97762672594496,2950,"11"
"4400","EXOSC8",0.0445553055105566,-0.393406371138334,0.385991261647437,0.701887364993455,0.97762672594496,11340,"13"
"4401","CTNNA1",0.0331693045638839,3.38089397507959,0.385990872815036,0.701887650301017,0.97762672594496,1495,"5"
"4402","ACAD10",0.0437386724911614,-0.530982114205536,0.385865456217479,0.701979677595375,0.97762672594496,80724,"12"
"4403","MKNK1",0.072397446609494,-1.87674249954093,0.385491412674818,0.702254167689259,0.97762672594496,8569,"1"
"4404","CORO1C",-0.0300727962753449,1.20908484476733,-0.385427208541813,0.702301287669673,0.97762672594496,23603,"12"
"4405","TMEM219",-0.0643593182008393,-2.34817832799376,-0.385276659857319,0.702411781364698,0.97762672594496,124446,"16"
"4406","PCIF1",0.0341958348398601,0.143801114295603,0.385012246431473,0.702605860838766,0.97762672594496,63935,"20"
"4407","RBM23",-0.0661370241560553,-3.26646090700231,-0.3847453725258,0.702801766836075,0.97762672594496,55147,"14"
"4408","FIP1L1",0.0354484448578658,0.734995269643362,0.38468446735387,0.702846478811739,0.97762672594496,81608,"4"
"4409","FAHD2A",0.0311886863462539,0.854190322559876,0.384614566628708,0.702897795965972,0.97762672594496,51011,"2"
"4410","MRPL57",-0.0504485518508899,-1.25812335435493,-0.384610270945078,0.70290094965976,0.97762672594496,78988,"13"
"4411","PPP1R8",0.0359751741575542,0.0663256559233365,0.384524415362864,0.702963982007949,0.97762672594496,5511,"1"
"4412","TPRG1L",-0.0483409980668029,-0.543054664237785,-0.384277503081152,0.703145268777823,0.97762672594496,127262,"1"
"4413","PFDN1",0.0577431180687402,0.521356117479596,0.384162770246624,0.703229513377095,0.97762672594496,5201,"5"
"4414","CLN6",0.0435680887558728,-1.0751602069848,0.383990408124121,0.70335608044525,0.97762672594496,54982,"15"
"4415","MRPL17",-0.0472357302667563,0.759576175092811,-0.383363766642118,0.703816301277632,0.977789027524839,63875,"11"
"4416","COX3",0.0440870113551832,0.939529796834417,0.383151958731677,0.703971883818528,0.977789027524839,4514,"MT"
"4417","BAIAP3",0.0923466564404487,-2.88343764459687,0.383009405597399,0.704076602862732,0.977789027524839,8938,"16"
"4418","ZFYVE9",0.0450706039241859,-1.60358041716235,0.382897969697094,0.704158467373987,0.977789027524839,9372,"1"
"4419","CLIP3",-0.0901798400690503,-3.63443621237408,-0.38274703690361,0.704269353321491,0.977789027524839,25999,"19"
"4420","DPYSL4",0.0494547055674622,-0.182904205107167,0.382196891413171,0.704673584820017,0.978066179490588,10570,"10"
"4421","ACADVL",0.0292355140513694,3.93182301129625,0.382041648226993,0.704787668929109,0.978066179490588,37,"17"
"4422","URGCP",0.0459487974605061,0.698797359659461,0.380545718947578,0.705887342760581,0.978497523840149,55665,"7"
"4423","PPME1",0.0420562090940919,1.03162394385475,0.380430374514008,0.705972160379993,0.978497523840149,51400,"11"
"4424","MAGED1",0.0548754411861672,-1.88976678568364,0.380382961872573,0.706007025998142,0.978497523840149,9500,"X"
"4425","KHNYN",-0.039151517066498,-1.92153779119422,-0.380368484924981,0.706017671973571,0.978497523840149,23351,"14"
"4426","B3GNT3",0.0610278028129376,-2.69706113396008,0.380084926728016,0.70622620549913,0.978497523840149,10331,"19"
"4427","SLC4A10",0.055769111414201,-0.962092257507341,0.379953499954726,0.706322866798938,0.978497523840149,57282,"2"
"4428","WASF1",-0.106103345675361,3.22777790646184,-0.379853971882347,0.706396070646383,0.978497523840149,8936,"6"
"4429","STXBP4",-0.0721095818021458,-2.83444399550731,-0.379408886743962,0.706723469709612,0.978497523840149,252983,"17"
"4430","OPTN",0.049549905537252,-0.15285214726412,0.379344076310736,0.70677114818184,0.978497523840149,10133,"10"
"4431","ACY3",0.0690002002660308,-1.86847737363306,0.379292734914099,0.706808918869402,0.978497523840149,91703,"11"
"4432","PTRHD1",0.0648773390166694,-0.150825233102329,0.379136087982119,0.706924165081554,0.978497523840149,391356,"2"
"4433","APBB1",0.0462632967323127,-2.46279490130379,0.378786116266545,0.707181666990144,0.978497523840149,322,"11"
"4434","RPS9",-0.0431180503038124,5.37956904802694,-0.37862516815347,0.707300101010417,0.978497523840149,6203,"19"
"4435","TFCP2",0.0709732661621462,-0.709339943190187,0.37833597469206,0.707512923234639,0.978497523840149,7024,"12"
"4436","FOXJ3",-0.0538937579460577,-2.20839325724812,-0.378157915820372,0.707643971558636,0.978497523840149,22887,"1"
"4437","GCK",0.0567306332489006,-1.13319401245899,0.37815087431311,0.707649154175044,0.978497523840149,2645,"7"
"4438","FN1",-0.164739598011688,-2.33862608207275,-0.377604599287988,0.708051260889085,0.978522418686557,2335,"2"
"4439","GLS",-0.0354455191995529,2.91892556923449,-0.377435742573177,0.708175571566027,0.978522418686557,2744,"2"
"4440","RPS11",-0.0332127694835869,4.32880346531858,-0.376858221869671,0.708600798071871,0.978522418686557,6205,"19"
"4441","KAT14",0.0615958605586782,-1.80346509652591,0.376649885899156,0.708754218419477,0.978522418686557,57325,"20"
"4442","RRP7A",-0.0601179041576883,-2.60127553157708,-0.376524642669739,0.708846454517994,0.978522418686557,27341,"22"
"4443","RETSAT",-0.0408980217493813,0.549988056583523,-0.376416199827906,0.708926321475423,0.978522418686557,54884,"2"
"4444","OSBPL11",-0.042153772344643,-1.53405346405212,-0.376232520678608,0.709061606766453,0.978522418686557,114885,"3"
"4445","NUTF2",0.0518535449621564,2.61611322261703,0.37616610125254,0.709110529057097,0.978522418686557,10204,"16"
"4446","RPS18",-0.0356320388488189,5.73014988942346,-0.375820895996291,0.709364815682118,0.978522418686557,6222,"6"
"4447","TAP1",0.0527311739557157,-0.669759444598593,0.375571639016241,0.709548445487428,0.978522418686557,6890,"6"
"4448","ESS2",0.0486844982963426,-1.97684030509912,0.375541037229563,0.709570991306921,0.978522418686557,8220,"22"
"4449","CCDC115",-0.0423357504732412,-0.185942945727857,-0.375234271378591,0.709797015249385,0.978522418686557,84317,"2"
"4450","RCN3",-0.0868106806881426,-1.50622890293615,-0.375057640913083,0.709927168021269,0.978522418686557,57333,"19"
"4451","METTL17",-0.0424239516857603,-1.39955328780727,-0.374890408951264,0.710050403511487,0.978522418686557,64745,"14"
"4452","MED14",-0.0486759184855865,-1.52813377023818,-0.374868903143537,0.710066252006262,0.978522418686557,9282,"X"
"4453","GID8",-0.0611998054712517,-2.49204689233747,-0.374663152527216,0.710217884530566,0.978522418686557,54994,"20"
"4454","CDK13",0.0509278459044062,-0.713769935283547,0.374178390222329,0.710575188325371,0.978694038198124,8621,"7"
"4455","MEAK7",0.0350372848266922,-0.122645609759502,0.373594476960732,0.711005661525368,0.978694038198124,57707,"16"
"4456","KDM5A",-0.0521557661334771,-1.9429318749752,-0.373409533233777,0.71114202602991,0.978694038198124,5927,"12"
"4457","METTL9",0.0470231482976631,-2.16687088601909,0.373293452310528,0.71122762087441,0.978694038198124,51108,"16"
"4458","TPRN",0.0880402704190509,-1.5225612731801,0.373181348087218,0.711310287019654,0.978694038198124,286262,"9"
"4459","ALS2",-0.0545189852706676,-3.7790922853326,-0.372965920459959,0.711469154246062,0.978694038198124,57679,"2"
"4460","BRSK2",0.0611471902440957,-2.04387072347712,0.372770452835149,0.711613313279393,0.978694038198124,9024,"11"
"4461","DAB2IP",-0.0525605907935253,-0.719191087409446,-0.372764052225879,0.711618033965172,0.978694038198124,153090,"9"
"4462","APLP1",-0.0414906022397097,-2.32011570494507,-0.372330698639974,0.71193767508581,0.978914303242989,333,"19"
"4463","YIPF4",-0.0574978728753955,1.09220888901591,-0.371777527799407,0.712345770088709,0.979117728100026,84272,"2"
"4464","DCTN2",0.0335139187436595,2.63579202769681,0.371559375490766,0.712506732940304,0.979117728100026,10540,"12"
"4465","DDX51",0.0326577894658406,-1.23529841422253,0.37148153213736,0.712564172600654,0.979117728100026,317781,"12"
"4466","SRRM2",0.0411246775269007,1.78596301337804,0.371064766996129,0.712871727463769,0.979144847637831,23524,"16"
"4467","GCA",-0.0451476288242481,0.593582769127534,-0.370654114121338,0.7131748194257,0.979144847637831,25801,"2"
"4468","TPD52L2",0.0364985629908916,2.94012862407153,0.370643477936929,0.713182670338966,0.979144847637831,7165,"20"
"4469","SNX13",0.0325976736100178,-1.55330101067848,0.370388279525451,0.713371050088268,0.979144847637831,23161,"7"
"4470","SQOR",-0.0398732981841383,3.10819103924478,-0.370374099096122,0.713381518187745,0.979144847637831,58472,"15"
"4471","LSM7",-0.0481774340598971,-0.486001796321228,-0.370061147167757,0.713612555995679,0.979242984283809,51690,"19"
"4472","PLCG1",0.0488859694315313,-1.16843187324415,0.369776009894584,0.713823083422543,0.979312938320869,5335,"20"
"4473","PHF5A",-0.0325909327893754,0.940127705757401,-0.369156860584462,0.714280302658083,0.97944661805271,84844,"22"
"4474","CCDC9",-0.0445314795657672,0.0838842392455218,-0.368821279683616,0.714528161723015,0.97944661805271,26093,"19"
"4475","KRT8",-0.0701874923086239,6.38765650589491,-0.368434128899672,0.71481414921998,0.97944661805271,3856,"12"
"4476","GALNT11",-0.0306500511546434,-0.693451616272537,-0.368285850252513,0.714923693433032,0.97944661805271,63917,"7"
"4477","SELENOI",-0.0517386754773069,-0.0562882662041418,-0.368155191089193,0.715020225935602,0.97944661805271,85465,"2"
"4478","RRP1",0.0396016166918682,-0.148552292152016,0.367891955646855,0.715214721782235,0.97944661805271,8568,"21"
"4479","SYNPO2",-0.0572570759664202,-1.78406753990119,-0.367873912024486,0.715228054317397,0.97944661805271,171024,"4"
"4480","VBP1",-0.0429556958861697,0.0474703735889002,-0.367674832349747,0.715375161442491,0.97944661805271,7411,"X"
"4481","GSDMD",-0.0489657519943634,0.135338040828616,-0.367451275816718,0.715540368555288,0.97944661805271,79792,"8"
"4482","NAT1",-0.0635580202474391,-0.707313235863803,-0.367352596760479,0.715613296289912,0.97944661805271,9,"8"
"4483","CEP192",0.0648405675506887,0.451774628577529,0.367268020692963,0.715675803513588,0.97944661805271,55125,"18"
"4484","BBS4",0.0486618987211908,-0.971855986868921,0.366996328075151,0.715876615523002,0.979452066570232,585,"15"
"4485","SST",0.0831170192995061,3.09589804646357,0.366735720338135,0.716069253822288,0.979452066570232,6750,"3"
"4486","FAM234A",0.0504460846284771,-1.9104034851768,0.366453094503862,0.716278188984733,0.979452066570232,83986,"16"
"4487","ATP1A1",0.034033090593272,3.84578695537215,0.366396998925237,0.716319661077049,0.979452066570232,476,"1"
"4488","GFOD1",0.0347904582549459,-0.589309393970481,0.365937788131414,0.716659193628621,0.979452066570232,54438,"6"
"4489","DES",-0.0665066395691443,-4.04425245094394,-0.365820017715347,0.716746280473098,0.979452066570232,1674,"2"
"4490","IGHMBP2",0.043291749141259,-1.58003694391309,0.365751717478601,0.716796787721323,0.979452066570232,3508,"11"
"4491","ECI1",-0.0329289731449354,3.43434443348113,-0.365514221468973,0.716972423386532,0.979474011739713,1632,"16"
"4492","PHLDB1",-0.0455728416245222,-0.698464487640974,-0.365108972811994,0.717272153424097,0.979524202013155,23187,"11"
"4493","FKRP",0.0316352468167335,-0.586923505772373,0.365033026693805,0.717328329757109,0.979524202013155,79147,"19"
"4494","RPUSD3",0.0418310638787536,-2.28692149538639,0.363974131357119,0.718111746738458,0.979818161259193,285367,"3"
"4495","CALU",0.0484234478448237,0.876721472540851,0.363892596033942,0.718172082976418,0.979818161259193,813,"7"
"4496","RAB1B",0.0302552925496076,3.42222768020339,0.363380257582637,0.71855125603637,0.979818161259193,81876,"11"
"4497","DTX3L",0.0335230205190301,0.432566843394086,0.363186986509641,0.718694311509232,0.979818161259193,151636,"3"
"4498","PIBF1",-0.0369945503288109,-0.637410897800694,-0.362832421144089,0.718956780631315,0.979818161259193,10464,"13"
"4499","PTBP2",0.0420186166883378,1.1226783927269,0.3626829761341,0.719067418562199,0.979818161259193,58155,"1"
"4500","EFR3B",0.0464024822564757,-1.78929081258891,0.362580253651898,0.719143470186374,0.979818161259193,22979,"2"
"4501","SLC35D3",0.0873593182131498,-1.73696843672293,0.362482083618052,0.719216154073441,0.979818161259193,340146,"6"
"4502","UBXN10",0.0570005616593545,-2.80578649784067,0.362340573741106,0.719320930913966,0.979818161259193,127733,"1"
"4503","ASXL2",-0.0546151111327813,-3.61956940119534,-0.362041421193436,0.719542447777068,0.979818161259193,55252,"2"
"4504","ETFRF1",0.0800690442637757,-2.46511383525218,0.361638236278912,0.719841037574984,0.979818161259193,144363,"12"
"4505","ADAM10",-0.0270307651113808,1.51925627447473,-0.361403059950439,0.720015224559014,0.979818161259193,102,"15"
"4506","EBAG9",0.074218658844527,-1.02342780472393,0.361320162589212,0.720076627390104,0.979818161259193,9166,"8"
"4507","TRAPPC5",-0.0307897752063898,0.673831432901487,-0.36092281099919,0.720370975509505,0.979818161259193,126003,"19"
"4508","SIPA1",-0.0657031368879224,-5.07442834057247,-0.360688856981526,0.720544303041369,0.979818161259193,6494,"11"
"4509","NLE1",0.0322005766231666,-0.251321238613151,0.359689537663361,0.721284829013515,0.979818161259193,54475,"17"
"4510","FEM1C",-0.0689485222838946,-2.66878207739321,-0.359567602344078,0.721375205487392,0.979818161259193,56929,"5"
"4511","MAPK12",0.0489825544861531,-0.486026099060835,0.359382377771555,0.72151249869836,0.979818161259193,6300,"22"
"4512","LTF",-0.0923853780036472,-2.0317100007621,-0.359197708919573,0.721649389323499,0.979818161259193,4057,"3"
"4513","RPS6",-0.0394874352569401,4.59920194303961,-0.359099551980932,0.721722154515961,0.979818161259193,6194,"9"
"4514","ZCCHC17",-0.069642705663775,-3.41339853547649,-0.358938260997026,0.721841727621943,0.979818161259193,51538,"1"
"4515","CSPG4",0.0433284062274639,-1.34142982018797,0.35882335865913,0.721926914824625,0.979818161259193,1464,"15"
"4516","SLC18B1",0.036878650006088,-1.3417621172949,0.358559291867297,0.722122704394808,0.979818161259193,116843,"6"
"4517","PECR",-0.0357734263494023,-1.32841378792013,-0.358517365014416,0.72215379237174,0.979818161259193,55825,"2"
"4518","BUD23",0.0438837870797322,-1.1103210425415,0.35836980204139,0.722263211365618,0.979818161259193,114049,"7"
"4519","AVPR1B",0.054386409087106,-0.868963038292264,0.358218759290717,0.722375216783835,0.979818161259193,553,"1"
"4520","CNST",-0.0448788113732017,-2.71856876838688,-0.358188167880799,0.722397902533084,0.979818161259193,163882,"1"
"4521","ATP6V1A",0.0325413398779126,4.09044294466869,0.358153045483198,0.722423948652627,0.979818161259193,523,"3"
"4522","ND5",-0.0325892077052853,0.951246111850487,-0.357521963767049,0.722892004384626,0.979818161259193,4540,"MT"
"4523","CHPT1",-0.0501141779183689,-1.35555100563911,-0.357504958965316,0.722904617871518,0.979818161259193,56994,"12"
"4524","TXNDC9",-0.041919407675895,-0.063946529629655,-0.357436634567882,0.722955298989861,0.979818161259193,10190,"2"
"4525","ATP2A3",-0.0375084423678391,3.61331941214302,-0.357229816608635,0.723108718475277,0.979818161259193,489,"17"
"4526","DCTPP1",0.0685743793895697,-1.86956614634384,0.356954989264294,0.72331260593787,0.979818161259193,79077,"16"
"4527","RAB43",0.0252762163969537,0.460914275332075,0.356474026607098,0.723669469326127,0.979818161259193,339122,"3"
"4528","PSME4",0.0426005716160536,-1.00910192008598,0.356368164758992,0.723748024844714,0.979818161259193,23198,"2"
"4529","BMP5",-0.0531791904128847,-2.14371486124985,-0.35627165446012,0.723819643629342,0.979818161259193,653,"6"
"4530","GFUS",-0.0339775472492869,2.83306530506049,-0.355887084730644,0.7241050518875,0.979818161259193,7264,"8"
"4531","MRPS21",0.0333085174650103,0.142072326341726,0.355743504268447,0.724211620336569,0.979818161259193,54460,"1"
"4532","MAP4K3",0.0400085999256554,-1.78759324356981,0.355573564556181,0.7243377603898,0.979818161259193,8491,"2"
"4533","EHHADH",-0.028552541360346,0.728438052208057,-0.355368891859512,0.724489691846086,0.979818161259193,1962,"3"
"4534","KPNA4",0.0468455453922777,0.484118035235587,0.355201983621446,0.724613598595659,0.979818161259193,3840,"3"
"4535","GRB10",-0.0363339160583026,-0.709023963204317,-0.355159798235748,0.724644916720777,0.979818161259193,2887,"7"
"4536","FSTL5",0.0844025356201508,-2.47055293467974,0.355119212454389,0.72467504776533,0.979818161259193,56884,"4"
"4537","FAM174A",-0.0651666258641705,0.470640012061473,-0.355059575148832,0.72471932354467,0.979818161259193,345757,"5"
"4538","PATZ1",0.0425381160349492,-2.46866173786959,0.35469979768342,0.724986449019835,0.979818161259193,23598,"22"
"4539","DEPDC5",-0.0402167804263075,-0.956955381680694,-0.354458181633819,0.725165862318527,0.979818161259193,9681,"22"
"4540","TMEM106B",-0.0354527792212505,0.582541547483292,-0.354409763148095,0.725201817621249,0.979818161259193,54664,"7"
"4541","CHP1",-0.0315956524858974,-0.277173322372857,-0.354302105126927,0.725281766146238,0.979818161259193,11261,"15"
"4542","SUOX",0.0348252107412508,1.03355299844147,0.354189291639388,0.72536554655617,0.979818161259193,6821,"12"
"4543","PRPF39",0.0611482292426055,1.97133309131166,0.353009600549987,0.726241844091687,0.980578959971914,55015,"14"
"4544","RBM42",0.0314823243485011,-0.122970137918934,0.353000936193896,0.726248281530192,0.980578959971914,79171,"19"
"4545","UQCRQ",0.0341237833128343,1.92132818996204,0.352763681230294,0.72642456493645,0.980601271075419,27089,"5"
"4546","ARMT1",0.0293200907566451,0.985825099757945,0.352538623362171,0.726591799731557,0.980611360323724,79624,"6"
"4547","MYO1E",-0.0394545374979701,-0.359509159069899,-0.351061921630098,0.727689436541755,0.981621287730695,4643,"15"
"4548","CUZD1",-0.201718786053507,1.16776117879163,-0.350938967535237,0.727780855039809,0.981621287730695,50624,"10"
"4549","P4HA2",0.0530885970331573,-0.480642637820453,0.35080212259978,0.727882606374835,0.981621287730695,8974,"5"
"4550","DCD",0.055102119756247,0.339398624458969,0.350605194200917,0.728029041684069,0.981621287730695,117159,"12"
"4551","RPAP3",0.0321108263999272,-0.943293837522527,0.350181331292562,0.728344259916593,0.981621287730695,79657,"12"
"4552","MCTP2",0.0412359762444634,-1.32549036987901,0.350085540077259,0.728415504546281,0.981621287730695,55784,"15"
"4553","ERLIN2",-0.0327364773463188,2.35830536499598,-0.35002626661501,0.728459590357334,0.981621287730695,11160,"8"
"4554","ARHGAP32",-0.060418950474477,-1.90886019467199,-0.349396011087264,0.728928413368463,0.981724007490024,9743,"11"
"4555","PTGR3",0.042465080434249,0.235056670550242,0.34924943404536,0.729037461612878,0.981724007490024,284273,"18"
"4556","STX16",-0.0293794703971538,-0.409577795375472,-0.348764458483304,0.729398307436347,0.981724007490024,8675,"20"
"4557","EMG1",-0.0350357834981447,0.969708591698041,-0.348583966110872,0.729532618682999,0.981724007490024,10436,"12"
"4558","FGG",0.0993688931153573,-2.0872113271027,0.348473473893556,0.729614844425734,0.981724007490024,2266,"4"
"4559","NIT2",0.0332562373564778,2.13453595587662,0.348333086943788,0.729719321817573,0.981724007490024,56954,"3"
"4560","DENND2D",0.0562426514153458,-2.39217086204137,0.348178041628296,0.729834714202639,0.981724007490024,79961,"1"
"4561","DNAJC9",0.0423375760916501,-0.748804180815023,0.3478653559294,0.730067449781717,0.981724007490024,23234,"10"
"4562","HPCAL1",0.0335577490820473,0.715350428313264,0.347620829383654,0.730249471807356,0.981724007490024,3241,"2"
"4563","NSUN4",-0.0398760854092409,-0.455750821637494,-0.347534683074074,0.730313601655247,0.981724007490024,387338,"1"
"4564","TENT5A",0.0537177384899968,-0.628945727480415,0.34719510293651,0.730566414277505,0.981724007490024,55603,"6"
"4565","RAB22A",0.0316642344918688,0.180307127078996,0.346984202564879,0.730723442019628,0.981724007490024,57403,"20"
"4566","GAS2",0.052634124848143,-0.365793645600101,0.346783720384771,0.730872723731349,0.981724007490024,2620,"11"
"4567","COL15A1",0.0442261002504089,-0.973379572621435,0.346113086639119,0.73137216391101,0.981724007490024,1306,"9"
"4568","EHD3",-0.0323799390858825,0.755246060157095,-0.345863040947523,0.731558410550115,0.981724007490024,30845,"2"
"4569","ZCCHC10",-0.050464749419449,-1.33612990186495,-0.345830383162941,0.731582736934684,0.981724007490024,54819,"5"
"4570","TUBB4B",-0.0418080792524389,5.62966231676293,-0.345536434186199,0.731801708614015,0.981724007490024,10383,"9"
"4571","CLINT1",0.0310878022447958,2.10597676563272,0.345502706972183,0.731826834517447,0.981724007490024,9685,"5"
"4572","CDK19",0.0515489935000777,-1.74327340033162,0.345389842256114,0.731910917999798,0.981724007490024,23097,"6"
"4573","ASF1A",-0.0634818165955102,-2.81300444992743,-0.34518155302921,0.732066100950501,0.981724007490024,25842,"6"
"4574","IPO4",-0.0265601565915339,1.08954641535994,-0.345063705799703,0.732153906435868,0.981724007490024,79711,"14"
"4575","ELMO1",-0.0899865081575051,-2.74679841433663,-0.345048642439802,0.732165130091634,0.981724007490024,9844,"7"
"4576","MNAT1",-0.0440964326086286,-2.05619807005143,-0.344818500345961,0.732336615583943,0.981724007490024,4331,"14"
"4577","CRELD2",-0.0454648114738643,0.607006258884812,-0.344441912995078,0.732617251750642,0.981724007490024,79174,"22"
"4578","ATP5F1E",0.0547304121749956,2.60786355067851,0.34415442982422,0.732831511840442,0.981724007490024,514,"20"
"4579","ENO1",0.0335883148614684,6.00887605011476,0.344035853001311,0.732919893020134,0.981724007490024,2023,"1"
"4580","EXOG",-0.0355934675112768,-0.940476455301535,-0.343986432411965,0.732956729725225,0.981724007490024,9941,"3"
"4581","PRKCA",-0.0296431353917582,0.95012083565292,-0.343295946382091,0.733471465559164,0.981724007490024,5578,"17"
"4582","IDI1",0.0433883761480913,0.97510830475443,0.343189708228337,0.733550673909781,0.981724007490024,3422,"10"
"4583","ZZEF1",-0.0380002703776767,1.65474776299012,-0.342766107523769,0.733866528806518,0.981724007490024,23140,"17"
"4584","MICOS13",-0.0717823489333789,-1.49725949004125,-0.342721755878061,0.733899602021639,0.981724007490024,125988,"19"
"4585","TOMM5",0.0748755673891757,-0.569456560788274,0.342440734200967,0.734109173090178,0.981724007490024,401505,"9"
"4586","POLI",0.0457278297523773,-3.20329335841094,0.342319483878955,0.734199601541258,0.981724007490024,11201,"18"
"4587","TMED1",0.0337224352316208,1.77968518248583,0.341799736618458,0.734587272485549,0.981724007490024,11018,"19"
"4588","TBC1D22A",0.0353165722856286,-0.437309360873253,0.341757330481034,0.734618905645195,0.981724007490024,25771,"22"
"4589","GCNT3",0.051017148517003,-1.50814190682018,0.341053160907017,0.735144254638046,0.981724007490024,9245,"15"
"4590","DCUN1D3",0.0368008253828878,-1.313956653474,0.34087783825282,0.735275075053734,0.981724007490024,123879,"16"
"4591","KTN1",0.0417736697495932,1.93151482262909,0.340455600001323,0.735590169261487,0.981724007490024,3895,"14"
"4592","RPS28",0.0554327460281439,2.95517457970223,0.340218772768481,0.735766921315972,0.981724007490024,6234,"19"
"4593","CUL7",0.0280206596316296,-0.267702148473807,0.339649262507815,0.736192025583517,0.981724007490024,9820,"6"
"4594","LIMD2",0.116860265931221,-5.44987679219285,0.339545262023078,0.736269664639976,0.981724007490024,80774,"17"
"4595","PIK3AP1",-0.0944244111855466,-1.11018439954495,-0.339491238795529,0.736309995488913,0.981724007490024,118788,"10"
"4596","PLCB3",0.0400343583176741,-0.341302036010965,0.33937702669329,0.736395262626214,0.981724007490024,5331,"11"
"4597","ALG9",0.0326387617288967,0.453556679599737,0.339361425433709,0.736406910295563,0.981724007490024,79796,"11"
"4598","SIRT6",0.0662748738638093,-1.90321254668779,0.339319173463861,0.736438455308118,0.981724007490024,51548,"19"
"4599","PTGES3",0.0285072007514957,1.50124772544122,0.339087963331918,0.73661108331991,0.981724007490024,10728,"12"
"4600","LPGAT1",-0.0335571796524746,-0.181836740854845,-0.339075263539295,0.736620565745901,0.981724007490024,9926,"1"
"4601","CALB1",0.0619366658655134,1.42276367931152,0.339047817297875,0.736641058897061,0.981724007490024,793,"8"
"4602","RPN2",-0.0339659611462784,4.4053520534068,-0.338797121773416,0.736828253552491,0.981724007490024,6185,"20"
"4603","ZFYVE19",0.0327701690240406,-0.201637797362375,0.338614353667783,0.736964737000828,0.981724007490024,84936,"15"
"4604","IFT81",-0.0285392180656754,0.227791990756471,-0.33859426367925,0.736979739878466,0.981724007490024,28981,"12"
"4605","CAPNS1",-0.0306576164161636,3.03229381415116,-0.338395449641781,0.73712821662052,0.981724007490024,826,"19"
"4606","DNAJC30",-0.0334275820413845,0.285091189832454,-0.338218687144781,0.737260233608892,0.981724007490024,84277,"7"
"4607","NAMPT",-0.0590999413232178,3.21751839652669,-0.338157017666204,0.737306294033121,0.981724007490024,10135,"7"
"4608","SCAP",-0.0399138046306691,-2.00577245164253,-0.337836102008401,0.737545999187971,0.981724007490024,22937,"3"
"4609","LUC7L",-0.0560707545287029,-0.818408257143813,-0.337582130561538,0.737735719845786,0.981724007490024,55692,"16"
"4610","CRIP2",0.0395621499860703,2.4652103176682,0.337569187980795,0.737745388603695,0.981724007490024,1397,"14"
"4611","SLC25A35",-0.0244881845421307,-0.579471538416151,-0.337479415116206,0.737812454635302,0.981724007490024,399512,"17"
"4612","COX7C",0.0657617786045923,0.30066748056852,0.337038517321824,0.738141863535615,0.981763108611666,1350,"5"
"4613","SAP30BP",0.0330646562170362,-0.694447894506421,0.336844886734165,0.738286547037994,0.981763108611666,29115,"17"
"4614","UEVLD",-0.0368874985594136,-1.37162599290809,-0.336797861908292,0.738321686111348,0.981763108611666,55293,"11"
"4615","ABCB6",0.0334255968209092,0.431120680644321,0.336422050900339,0.738602529572236,0.981923830737359,10058,"2"
"4616","CDIPT",0.0326915805536176,2.29355756166606,0.335323759834349,0.739423490819581,0.982802379092809,10423,"16"
"4617","TRIM32",-0.0435818757477366,-2.04167905604965,-0.334396726989133,0.740116679768087,0.982858899683031,22954,"9"
"4618","PRPSAP1",0.0425397571662056,-0.115630077812521,0.3342512099659,0.74022551017735,0.982858899683031,5635,"17"
"4619","MOGS",-0.0324163776449331,3.01097831489004,-0.334064185428918,0.74036539152481,0.982858899683031,7841,"2"
"4620","GLUL",-0.0547377835968288,1.14221456257734,-0.333712893737627,0.740628157512101,0.982858899683031,2752,"1"
"4621","BCL7C",0.0425767405878719,-1.98086734753164,0.333446417636865,0.740827502564945,0.982858899683031,9274,"16"
"4622","MRPS35",0.0324660485109923,-0.704510258457525,0.333243829986331,0.740979066198423,0.982858899683031,60488,"12"
"4623","VMA21",0.0402716899378111,2.16738016317034,0.332840325396032,0.74128097481151,0.982858899683031,203547,"X"
"4624","MLH1",0.0310508925169319,-1.1891277012421,0.332284543516327,0.741696887836204,0.982858899683031,4292,"3"
"4625","LRRC1",0.0445345410594762,-2.10630988357043,0.332236727723104,0.741732673922333,0.982858899683031,55227,"6"
"4626","CARHSP1",0.0587189954893933,0.149589971759449,0.332164689698854,0.741786589405482,0.982858899683031,23589,"16"
"4627","CCDC124",0.038337065966298,1.284569304005,0.331875968052781,0.74200269088571,0.982858899683031,115098,"19"
"4628","CCNT2",-0.055337255139265,-2.39538199222736,-0.331260977249946,0.742463068086282,0.982858899683031,905,"2"
"4629","GPAT3",-0.0800688930846221,-4.20377850393527,-0.330776428807294,0.742825864961887,0.982858899683031,84803,"4"
"4630","FAM3A",-0.0331943735391911,-0.388739633406834,-0.3299099020299,0.743474809890713,0.982858899683031,60343,"X"
"4631","PPP4R1",-0.0331832374738986,0.190090166964088,-0.329438008906191,0.743828292383294,0.982858899683031,9989,"18"
"4632","CNN2",-0.04915007757105,-0.175295377565224,-0.329357408477687,0.743888673643603,0.982858899683031,1265,"19"
"4633","SERPINA1",0.0687966231837422,2.40164183161256,0.329308515826214,0.743925302040743,0.982858899683031,5265,"14"
"4634","CYTH2",0.048995751657965,0.170504338965469,0.329122508629311,0.744064656638733,0.982858899683031,9266,"19"
"4635","MRPS15",-0.0311485352968005,0.913967602740125,-0.329092292820965,0.744087294824942,0.982858899683031,64960,"1"
"4636","NOC4L",-0.0366813586591935,-0.938518892816794,-0.328971778130554,0.744177588732878,0.982858899683031,79050,"12"
"4637","GNL2",0.044572376635487,-0.921127172289336,0.328849488870262,0.744269215966079,0.982858899683031,29889,"1"
"4638","SIK2",-0.0323941151454299,-1.96472401991376,-0.328828737398673,0.744284764721597,0.982858899683031,23235,"11"
"4639","RAB12",-0.0309588548510382,1.17990079608303,-0.328646133513558,0.744421591670513,0.982858899683031,201475,"18"
"4640","TIMP1",-0.0518819973133029,3.51748267427257,-0.328471709378963,0.744552297316019,0.982858899683031,7076,"X"
"4641","EOGT",0.0362746550451853,-0.555178992574254,0.327982166328846,0.744919180013414,0.982858899683031,285203,"3"
"4642","GPS2",0.0494366475329866,-1.45212108288405,0.32778947467682,0.745063607251144,0.982858899683031,2874,"17"
"4643","CNN3",0.0454457515405964,1.14197310195373,0.327767805937493,0.745079849101561,0.982858899683031,1266,"1"
"4644","ORMDL3",0.0347834055829386,0.845110656477863,0.327673413007226,0.745150602907138,0.982858899683031,94103,"17"
"4645","CTBP2",-0.0274310410910392,0.408482443653833,-0.327609674572121,0.745198380391174,0.982858899683031,1488,"10"
"4646","NHERF2",-0.0386988050989849,0.117921176204191,-0.326825789619161,0.745786053783515,0.982858899683031,9351,"16"
"4647","SNX30",-0.0421867826124853,-1.67702309896274,-0.326778765896866,0.745821312073701,0.982858899683031,401548,"9"
"4648","GLRX5",-0.0425957066922749,-1.56049259957604,-0.326453089549069,0.746065518781398,0.982858899683031,51218,"14"
"4649","CPEB2",-0.0807320103494189,-2.65517560639057,-0.326346482389331,0.746145463391534,0.982858899683031,132864,"4"
"4650","GNPDA1",0.0318901912037974,2.90058768575515,0.326324258114883,0.746162129713797,0.982858899683031,10007,"5"
"4651","FDX2",0.0424307230987633,-1.22517628085448,0.325813486313305,0.746545199436368,0.982858899683031,112812,"19"
"4652","L2HGDH",0.021424144061597,1.04459983630756,0.325778389815569,0.746571523585154,0.982858899683031,79944,"14"
"4653","RPL36A",0.0622575660932887,-0.325657094533446,0.325629228523212,0.746683405545076,0.982858899683031,6173,"X"
"4654","GNG4",0.077865958951854,-3.04260744872156,0.32555092398511,0.746742141950298,0.982858899683031,2786,"1"
"4655","C9orf72",-0.059969923572279,-1.63050653934801,-0.32549070390023,0.746787314212661,0.982858899683031,203228,"9"
"4656","SLC25A52",-0.0326045757543152,-0.410352181606187,-0.325400538571074,0.746854950686204,0.982858899683031,147407,"18"
"4657","UTP6",0.030937767804424,-0.90781666295325,0.325378139490663,0.746871753411743,0.982858899683031,55813,"17"
"4658","KIDINS220",-0.0251965549109819,-0.566717906463207,-0.325038702209703,0.747126398501583,0.982858899683031,57498,"2"
"4659","ZNRD2",0.0366462898657209,0.487772104525823,0.324784577928938,0.747317060840387,0.982858899683031,10534,"11"
"4660","ALAS1",-0.0670638296980259,-3.22359809780943,-0.324481434050832,0.747544522329377,0.982858899683031,211,"3"
"4661","ALMS1",-0.0537821952130715,-3.33039758561129,-0.324443521436861,0.747572971359613,0.982858899683031,7840,"2"
"4662","COX5A",0.0492979670061655,3.00604670937125,0.324415878775847,0.747593714204732,0.982858899683031,9377,"15"
"4663","CLIP4",0.110089724386106,-5.63107482739475,0.324265141680129,0.747706829546347,0.982858899683031,79745,"2"
"4664","KCTD8",0.047555735927685,-2.89475028990628,0.324242292065656,0.747723976729525,0.982858899683031,386617,"4"
"4665","SRXN1",0.0475857465994176,0.163901945921446,0.32402538294087,0.747886759729974,0.982858899683031,140809,"20"
"4666","ZDHHC13",-0.0288705885782906,-0.151133461145644,-0.323600240233692,0.748205849074732,0.982858899683031,54503,"11"
"4667","ATG13",-0.0399051358028872,-1.98615504495159,-0.323495575427242,0.748284411784258,0.982858899683031,9776,"11"
"4668","DUS1L",-0.0377475004045191,-2.86160716947796,-0.323336114648752,0.748404110280459,0.982858899683031,64118,"17"
"4669","SHROOM1",0.0707284548080507,-2.48222671181245,0.323288510595716,0.748439845270313,0.982858899683031,134549,"5"
"4670","GPAA1",0.0264026117458271,0.247356563600533,0.323253910881049,0.748465818632474,0.982858899683031,8733,"8"
"4671","NLN",-0.0323250502870759,0.161158333131706,-0.322726880665305,0.748861487243205,0.982858899683031,57486,"5"
"4672","TAF7",0.0430943538017845,-1.42909692779242,0.322593007861939,0.748962003424603,0.982858899683031,6879,"5"
"4673","SLC27A2",0.032709631892451,-0.540216472651748,0.322495308169885,0.749035362434846,0.982858899683031,11001,"15"
"4674","PFKFB4",0.0301088124358618,0.30000734713124,0.322471613245406,0.749053154416432,0.982858899683031,5210,"3"
"4675","SLC20A2",-0.0316344128547434,-1.28188629495578,-0.322308487297793,0.749175645777381,0.982858899683031,6575,"8"
"4676","FGD4",0.0316782309058474,0.271230095505656,0.32200768126799,0.749401538511072,0.982858899683031,121512,"12"
"4677","NOP2",0.0413311445054955,0.280209395276305,0.321849369676376,0.749520432906482,0.982858899683031,4839,"12"
"4678","YBX3",0.109532562829191,0.0413413218168572,0.321715966171192,0.749620625778977,0.982858899683031,8531,"12"
"4679","GSTCD",-0.0455350840308966,-2.43506858434718,-0.321665230657464,0.749658731909396,0.982858899683031,79807,"4"
"4680","SELENOS",-0.0556417710463736,-0.991714483855676,-0.321591465360062,0.749714136252191,0.982858899683031,55829,"15"
"4681","ACTN4",-0.0364949025072008,4.28628019159062,-0.320934787951025,0.750207419189706,0.983162814854975,81,"19"
"4682","MLLT3",0.0426827664846849,-2.18652199972289,0.320856396673904,0.750266312280988,0.983162814854975,4300,"9"
"4683","ATP5F1D",-0.0485447805266612,3.48572850154026,-0.320444943174694,0.750575450270742,0.983357975189288,513,"19"
"4684","TESK1",0.0767936269072926,-2.94195979015623,0.319707558975418,0.751129574888199,0.98368159972033,7016,"9"
"4685","BLTP3A",-0.0263345146079406,5.08399864662382,-0.319689712636373,0.751142987600063,0.98368159972033,54887,"6"
"4686","HMBOX1",0.0542431532794687,-2.56163214924229,0.317804839291761,0.752560036726983,0.985327112933068,79618,"8"
"4687","LIG1",0.0900596185990201,-2.79842265692018,0.317527777278369,0.75276840570682,0.985389736453073,3978,"19"
"4688","ENTPD2",0.0667079066267493,-1.41703637895817,0.317085139260869,0.75310133783266,0.98561535428931,954,"9"
"4689","SKP1",0.0311686088457919,0.944711022276151,0.31649368013763,0.753546281243501,0.985811900287771,6500,"5"
"4690","MSTO1",-0.0290058401143329,-0.565874107899312,-0.316216945759234,0.753754492596741,0.985811900287771,55154,"1"
"4691","C2orf76",-0.0370938174244699,-1.40116619707526,-0.316160585350291,0.753796899728927,0.985811900287771,130355,"2"
"4692","MRPS2",-0.0277026453741833,0.57939477742039,-0.315180427561008,0.7545345214849,0.985811900287771,51116,"9"
"4693","SLC30A8",0.0463662774584007,0.690630201752561,0.315063784570451,0.754622317229678,0.985811900287771,169026,"8"
"4694","BRAP",-0.0376618280346976,-2.07182709063919,-0.314629709333346,0.75494906940259,0.985811900287771,8315,"12"
"4695","DYRK1A",-0.0300415262370302,-1.43007001135531,-0.314592015337201,0.754977445897145,0.985811900287771,1859,"21"
"4696","TMEM9",0.0388483637241835,0.222402981126074,0.314304658307093,0.755193783080113,0.985811900287771,252839,"1"
"4697","GNAI2",-0.0263551032453186,2.15597029277588,-0.314214549829816,0.755261625516645,0.985811900287771,2771,"3"
"4698","DDX49",-0.0459413089412433,-2.19294608937525,-0.313857182495598,0.755530705853046,0.985811900287771,54555,"19"
"4699","SERPINE2",0.0429572616741468,1.18004796548661,0.313551418558575,0.755760955913418,0.985811900287771,5270,"2"
"4700","RASA4",0.0433128457878001,0.479774450685817,0.313370681660284,0.755897067254481,0.985811900287771,10156,"7"
"4701","HKDC1",-0.104275830504632,-0.343285244046359,-0.313079925741617,0.756116049534662,0.985811900287771,80201,"10"
"4702","TXN",0.0391389823496615,2.85773205913735,0.313023457695667,0.756158580711494,0.985811900287771,7295,"9"
"4703","KYAT3",-0.0390017984248359,2.02855370736644,-0.312947677535639,0.756215658795083,0.985811900287771,56267,"1"
"4704","EPDR1",0.0539264788716852,1.50607351537165,0.312735011849346,0.756375847319116,0.985811900287771,54749,"7"
"4705","DUS2",-0.0360005756323036,-2.13303692703544,-0.312534560280749,0.756526845678233,0.985811900287771,54920,"16"
"4706","MRPL32",-0.0705816691009145,-3.73210702143829,-0.312529966065244,0.75653030657317,0.985811900287771,64983,"7"
"4707","NCEH1",-0.0365907652080408,1.6867654252707,-0.31248879239023,0.756561323579032,0.985811900287771,57552,"3"
"4708","RAB17",0.0598595522295748,-2.42429391822325,0.312338563110928,0.756674497966001,0.985811900287771,64284,"2"
"4709","NDUFA7",0.0462750077040375,0.36549873229366,0.312199208280049,0.756779485020572,0.985811900287771,4701,"19"
"4710","B3GALT6",-0.032446761893506,-0.785788058079304,-0.312076094732491,0.756872240127361,0.985811900287771,126792,"1"
"4711","FHIT",-0.0304349047389902,-1.49175271505967,-0.311645311115529,0.757196826042776,0.985811900287771,2272,"3"
"4712","FXYD2",-0.0466135508494087,0.0801615611199794,-0.311637721887625,0.757202544758987,0.985811900287771,486,"11"
"4713","ZFYVE1",0.0358745629584182,-1.09789135663192,0.311519416130668,0.757291693573281,0.985811900287771,53349,"14"
"4714","TMEM165",-0.0412743598368375,0.971532497231846,-0.311106884824474,0.757602581205251,0.985811900287771,55858,"4"
"4715","B3GNT2",0.0471022534454291,-2.02959128460309,0.310851262903177,0.757795240940194,0.985811900287771,10678,"2"
"4716","COPZ1",-0.0396337288499975,2.77677919467253,-0.310849975407295,0.757796211352989,0.985811900287771,22818,"12"
"4717","KCNK17",-0.0393208007424182,-1.18721167161587,-0.310700138719612,0.757909149145974,0.985811900287771,89822,"6"
"4718","LASP1",0.030140599484481,2.98054809291766,0.309727238240523,0.758642593587768,0.986424213898044,3927,"17"
"4719","LDAH",0.0342422995820472,0.478612285806738,0.309649349244456,0.758701321898447,0.986424213898044,60526,"2"
"4720","CCDC6",0.0269445405118274,0.94862125757219,0.309131986420352,0.759091450399243,0.986504700215234,8030,"10"
"4721","HMCES",-0.0422307657835956,-1.0332438838954,-0.308410535488663,0.759635582798168,0.986504700215234,56941,"3"
"4722","SERBP1",0.0348005849899748,2.60940628434629,0.308313773549011,0.759708572002142,0.986504700215234,26135,"1"
"4723","MRPS17",-0.0420521144876325,0.27509413150676,-0.308061099274691,0.759899179111478,0.986504700215234,51373,"7"
"4724","GGCT",0.025756328166662,1.17877834168038,0.307914837556571,0.760009519912096,0.986504700215234,79017,"7"
"4725","GCDH",0.0289861686468695,2.07471520798508,0.307714623601668,0.76016057090326,0.986504700215234,2639,"19"
"4726","DOCK6",0.0314451851094635,-1.65299414590325,0.307231597112716,0.760525028514529,0.986504700215234,57572,"19"
"4727","INTS10",0.0293165847737593,-0.330742941312316,0.306837137822759,0.760822700766712,0.986504700215234,55174,"8"
"4728","NADSYN1",0.0219471773574123,0.263044203617811,0.306375450671374,0.76117115239287,0.986504700215234,55191,"11"
"4729","ITGB6",0.0772516011890496,-3.16761552935097,0.30632821199006,0.761206807950939,0.986504700215234,3694,"2"
"4730","ZNF503",-0.0377101623214289,-2.68880969599217,-0.306170514876225,0.761325840903766,0.986504700215234,84858,"10"
"4731","TMPPE",-0.031133658297266,0.285269354405059,-0.306106280555025,0.761374327952036,0.986504700215234,643853,"3"
"4732","TTC27",-0.0220669660675723,-1.22313644757015,-0.306069260283861,0.76140227301619,0.986504700215234,55622,"2"
"4733","KATNAL1",-0.0328213201770841,-0.577120822816764,-0.305783813049396,0.761617756181343,0.986504700215234,84056,"13"
"4734","KRT6C",-0.107625704313591,1.82512739679077,-0.305539212731531,0.761802419505025,0.986504700215234,286887,"12"
"4735","SDSL",-0.0399533433479009,1.97754122010869,-0.305297936553598,0.761984587115627,0.986504700215234,113675,"12"
"4736","SRSF11",0.044879129525796,0.84792132685076,0.305242116838721,0.762026733910196,0.986504700215234,9295,"1"
"4737","FDXR",0.031377007460043,0.552322039000964,0.304985449215659,0.762220540830039,0.986504700215234,2232,"17"
"4738","THBS1",-0.073694845203281,1.00637040300388,-0.30495348568071,0.762244677236895,0.986504700215234,7057,"15"
"4739","PPP3R1",0.045346014268135,-1.72217851038784,0.30494270354095,0.762252819135261,0.986504700215234,5534,"2"
"4740","BCKDHA",0.0228185623511474,2.31760511170168,0.304393209967662,0.762667793619823,0.986504700215234,593,"19"
"4741","NDUFB1",-0.0669486046337321,0.780337951146844,-0.303858327655113,0.763071802193172,0.986504700215234,4707,"14"
"4742","ZBTB8OS",-0.0339198067523412,-1.3962759266996,-0.303806601420171,0.763110875751229,0.986504700215234,339487,"1"
"4743","ASPSCR1",0.0265925502177183,0.0337973733780034,0.303557816891252,0.763298814272535,0.986504700215234,79058,"17"
"4744","PHF1",-0.0307178852098289,-0.749993636326955,-0.302617555840008,0.764009244236472,0.986504700215234,5252,"6"
"4745","LETMD1",-0.0256764424890589,1.17350748041288,-0.302462710822782,0.7641262598958,0.986504700215234,25875,"12"
"4746","GOLT1B",-0.0539637773951511,0.430428558143542,-0.302462013250776,0.76412678706045,0.986504700215234,51026,"12"
"4747","RPS29",0.0606513810957368,3.01874110380074,0.302376564115546,0.764191362997324,0.986504700215234,6235,"14"
"4748","TGOLN2",0.0214721514027585,0.820018271172823,0.302356716826718,0.764206362309034,0.986504700215234,10618,"2"
"4749","B4GAT1",0.037996204988083,1.48499002311649,0.302157430909991,0.764356974981334,0.986504700215234,11041,"11"
"4750","TCAF1",0.0285452996270359,0.791856362730729,0.301858172013044,0.764583160891544,0.986504700215234,9747,"7"
"4751","CFAP36",-0.0422210938216774,-1.67059496808774,-0.301833017929264,0.764602173811209,0.986504700215234,112942,"2"
"4752","NFYC",0.0234114963728195,0.264286351017578,0.301668175394451,0.76472677505406,0.986504700215234,4802,"1"
"4753","SERPING1",-0.0823393225458744,-0.60916458836045,-0.301638198810294,0.764749434450338,0.986504700215234,710,"11"
"4754","HSPG2",-0.0618347876403568,-0.216339841313857,-0.301600384710009,0.764778018550207,0.986504700215234,3339,"1"
"4755","CDK2",0.0433204447457627,-1.37421522718025,0.301400092867223,0.764929426965738,0.986504700215234,1017,"12"
"4756","ADAM9",0.042924408205379,-1.45205357634343,0.301223052994751,0.765063266121867,0.986504700215234,8754,"8"
"4757","NFU1",-0.0378795520923773,0.914313053537149,-0.301112740471278,0.765146664233121,0.986504700215234,27247,"2"
"4758","D2HGDH",-0.0361769044093163,-1.00314054524944,-0.300843346844759,0.765350342266012,0.986504700215234,728294,"2"
"4759","NGLY1",0.0387518575418806,-1.66412783753347,0.300665602781052,0.76548473691155,0.986504700215234,55768,"3"
"4760","SMPD1",0.0468000663152243,-0.0839687823785411,0.300536236815142,0.765582556871103,0.986504700215234,6609,"11"
"4761","ACAP3",0.0586035228310919,-4.33626998547707,0.300382076047466,0.765699130495631,0.986504700215234,116983,"1"
"4762","SMG5",0.0346255262871613,-1.89012693471461,0.300333466975185,0.765735888958791,0.986504700215234,23381,"1"
"4763","SPATA2L",0.0509057192656477,-2.3162242689452,0.300202478866218,0.76583494567051,0.986504700215234,124044,"16"
"4764","LMF2",-0.0307166402224643,1.78918969563156,-0.29983888254182,0.766109927884812,0.986610299007959,91289,"22"
"4765","HAT1",-0.0403186547574103,-0.168853200761737,-0.299663086716826,0.766242890556638,0.986610299007959,8520,"2"
"4766","XPA",-0.0480545308136469,-3.139865264952,-0.299456517940648,0.766399137450301,0.986610299007959,7507,"9"
"4767","CAB39L",0.0271989801227713,-0.733506234279444,0.298581886920608,0.767060810897691,0.987184327617237,81617,"13"
"4768","TP53I11",-0.0576805148386516,-0.418350662344392,-0.298161258083318,0.767379087066181,0.987184327617237,9537,"11"
"4769","ASS1",0.0412982382085991,2.18107593070889,0.298106642318588,0.767420416046872,0.987184327617237,445,"9"
"4770","TMEM163",-0.0365335631214294,2.29212292782958,-0.298016844738443,0.767488369401997,0.987184327617237,81615,"2"
"4771","KDM2A",0.028116757310034,-0.262231086920722,0.297314270420305,0.768020099375962,0.987467892496915,22992,"11"
"4772","ACTG1",-0.103406944815065,0.467840459833075,-0.297242024794641,0.768074783569674,0.987467892496915,71,"17"
"4773","AAR2",0.034392547641237,-0.0950418367227479,0.297087882781161,0.768191460846003,0.987467892496915,25980,"20"
"4774","DXO",-0.0462006469729495,-0.644434435114648,-0.295832445657912,0.769141963765466,0.987605403685976,1797,"6"
"4775","MOV10",0.0283706859638143,0.1383708897365,0.295643399865926,0.769285123495135,0.987605403685976,4343,"1"
"4776","DSTN",0.0274690618212796,3.9350223435717,0.295621093252631,0.769302016286739,0.987605403685976,11034,"20"
"4777","CAMK1",0.0541935295176881,-2.34286971665714,0.295293349516065,0.769550229699782,0.987605403685976,8536,"3"
"4778","SEC13",-0.0277644792756854,0.457426582442352,-0.294720727672662,0.769983958245952,0.987605403685976,6396,"3"
"4779","ABCC3",-0.0480344301504604,-1.22619856589527,-0.294059296812157,0.77048504810772,0.987605403685976,8714,"17"
"4780","DYNC2I1",-0.0351272025638028,-2.66734877975368,-0.294033042253956,0.770504940223874,0.987605403685976,55112,"7"
"4781","TP53I3",-0.0426386504748228,1.41417111934567,-0.29390525509982,0.770601762116063,0.987605403685976,9540,"2"
"4782","NMI",0.0604482552498212,-1.00020371162722,0.293846440687836,0.770646325930098,0.987605403685976,9111,"2"
"4783","ALDH1A2",0.106789884430695,-2.76694900771142,0.293767688701928,0.770705997727424,0.987605403685976,8854,"15"
"4784","TAF5",-0.0642520586654574,-1.6404884326234,-0.293515900244737,0.770896791881225,0.987605403685976,6877,"10"
"4785","NAA80",0.0388005044726286,-1.45132169634495,0.292426663508372,0.771722333911507,0.987605403685976,24142,"3"
"4786","ARPC1B",-0.0260067925389578,2.47246983080674,-0.292426137522733,0.771722732625907,0.987605403685976,10095,"7"
"4787","RIMOC1",-0.0531512935335261,-2.09022560787363,-0.29229829782695,0.771819641183639,0.987605403685976,285636,"5"
"4788","MEF2A",0.0377263109996311,-1.85686400528695,0.292095503502532,0.771973376533414,0.987605403685976,4205,"15"
"4789","UFC1",0.027809616476107,1.99418653732214,0.2920605230561,0.771999895633197,0.987605403685976,51506,"1"
"4790","ERO1B",0.0488101992685666,4.43125291890201,0.291960093369109,0.772076034139821,0.987605403685976,56605,"1"
"4791","COMMD3",0.0300176964922647,-0.75116609636491,0.29193210727931,0.772097251572221,0.987605403685976,23412,"10"
"4792","PEA15",0.0516495630198991,0.974268620903106,0.291882598211123,0.772134786916148,0.987605403685976,8682,"1"
"4793","FOXK2",-0.0368198543865762,-0.236026393746508,-0.291665503641589,0.772299383929727,0.987605403685976,3607,"17"
"4794","IFI35",-0.0395429502774872,-0.350052720733729,-0.291588040592973,0.772358117544603,0.987605403685976,3430,"17"
"4795","PARD6B",-0.0343949718973693,-0.54245891867103,-0.291217763869839,0.772638885573228,0.987605403685976,84612,"20"
"4796","BBS7",0.0258981997455365,-0.985302521077373,0.29073094607067,0.773008069959568,0.987605403685976,55212,"4"
"4797","CXCL8",0.0574739836415068,-2.26592088860072,0.290598678032783,0.773108386357211,0.987605403685976,3576,"4"
"4798","PIGBOS1",0.0354819280761391,-1.23713729630702,0.290292546585547,0.773340581621122,0.987605403685976,101928527,"15"
"4799","BBS2",0.0235693625994906,-0.106475352062654,0.29004640304063,0.773527292492807,0.987605403685976,583,"16"
"4800","PEX26",-0.0543686436400983,-0.745458301070932,-0.289640361450922,0.773835323076055,0.987605403685976,55670,"22"
"4801","CLGN",-0.0375089838625662,-0.124684029342551,-0.289418232093606,0.774003850215243,0.987605403685976,1047,"4"
"4802","RTKN",0.0534736102812472,-3.17066627771321,0.289364912230852,0.774044305073796,0.987605403685976,6242,"2"
"4803","C9orf78",-0.0358306391303878,-1.31092943116384,-0.289346402506126,0.77405834892625,0.987605403685976,51759,"9"
"4804","TMCC3",0.0306729373505967,-0.368251146609533,0.289260898071506,0.774123224564973,0.987605403685976,57458,"12"
"4805","THNSL1",-0.0249600739959108,1.40744143017316,-0.288894523174154,0.774401226518458,0.987605403685976,79896,"10"
"4806","ZNF451",-0.0362751738960001,-3.25210187019936,-0.288631181517477,0.774601066445708,0.987605403685976,26036,"6"
"4807","TBL2",-0.0475370019480681,1.34916865462542,-0.288192200620763,0.774934226944841,0.987605403685976,26608,"7"
"4808","UBE2D2",0.041015299163881,-1.53570695708265,0.287878542679268,0.775172301254672,0.987605403685976,7322,"5"
"4809","NUDC",0.027262737969973,2.95521726308928,0.28759453840261,0.775387886723716,0.987605403685976,10726,"1"
"4810","PRKD1",0.0380705141419697,-2.08422952313934,0.286995196785098,0.77584290166504,0.987605403685976,5587,"14"
"4811","PEPD",-0.0262864930193749,2.13588644267953,-0.286917629311491,0.775901796092688,0.987605403685976,5184,"19"
"4812","DPY19L3",-0.0370864438989214,-0.793745598904949,-0.286648529524931,0.776106125127031,0.987605403685976,147991,"19"
"4813","FBXW9",-0.0317305806561488,-2.05649887210885,-0.286613954025477,0.776132379678526,0.987605403685976,84261,"19"
"4814","AGTRAP",-0.0401787137733973,-2.21312703999764,-0.286528932858224,0.776196940767339,0.987605403685976,57085,"1"
"4815","EIF3K",-0.0370542568370198,1.3228725004753,-0.286210812833369,0.776438520522441,0.987605403685976,27335,"19"
"4816","WDR45",0.0269237123484535,-0.797822879139448,0.286088616735809,0.776531322016496,0.987605403685976,11152,"X"
"4817","SLBP",-0.0386364874682581,-2.64135778326962,-0.286082433244361,0.776536018140818,0.987605403685976,7884,"4"
"4818","RPL21",-0.029577347603305,4.35751571848063,-0.285820117432943,0.776735244780726,0.987605403685976,6144,"13"
"4819","MPV17L2",-0.0268929404911848,-1.72991684274848,-0.285711066066484,0.776818072885066,0.987605403685976,84769,"19"
"4820","MGST2",-0.025644042058989,4.57876631147667,-0.285547431416497,0.77694236376155,0.987605403685976,4258,"4"
"4821","UBE2L3",0.0331889240692691,1.82804032635738,0.285498853029079,0.776979263270324,0.987605403685976,7332,"22"
"4822","FMO3",-0.0675158929800945,-2.09182426338565,-0.285467524499043,0.777003060291371,0.987605403685976,2328,"1"
"4823","KRT15",0.0666306557521796,0.79651562907262,0.284416394247947,0.77780162097593,0.987605403685976,3866,"17"
"4824","TFB1M",-0.0321061580932134,-1.55144302202167,-0.283852150012431,0.778230387638646,0.987605403685976,51106,"6"
"4825","TBC1D8B",0.0291364966382117,-0.396686675401597,0.283776711930463,0.778287718045473,0.987605403685976,54885,"X"
"4826","PDCD6",0.025785105501704,1.80224130369305,0.283276270488247,0.77866806861485,0.987605403685976,10016,"5"
"4827","POMGNT1",0.023324726900357,-0.60665816484043,0.283276209693018,0.77866811482442,0.987605403685976,55624,"1"
"4828","MAPK1IP1L",0.0719931287201008,-2.65038601725506,0.28301740608809,0.778864835088564,0.987605403685976,93487,"14"
"4829","GNPDA2",0.0302448595420393,1.67315646253767,0.282963538438534,0.778905782508092,0.987605403685976,132789,"4"
"4830","COX20",0.0355331503696897,-0.0220259258798641,0.282841104652149,0.77899885276538,0.987605403685976,116228,"1"
"4831","PGS1",-0.0255230925811308,-0.461091450105809,-0.28235487499337,0.779368501690301,0.987605403685976,9489,"17"
"4832","ALDH3A2",-0.0334589878091496,1.96575319973743,-0.28217859937509,0.779502525503491,0.987605403685976,224,"17"
"4833","HDDC2",0.0311208510455128,0.883566333732134,0.282090330290261,0.779569639792364,0.987605403685976,51020,"6"
"4834","SMPDL3A",-0.063022769228236,0.307807958761394,-0.282042399623874,0.779606083990813,0.987605403685976,10924,"6"
"4835","SLC9A8",-0.0347509654500537,-1.22158268752321,-0.281908839541234,0.779707639392129,0.987605403685976,23315,"20"
"4836","CD276",0.0588855748353825,-1.5809838978707,0.2818590975602,0.779745462825408,0.987605403685976,80381,"15"
"4837","SERPINB9",0.0293938456841263,0.99535582672251,0.281680346115601,0.779881388590982,0.987605403685976,5272,"6"
"4838","LMBRD2",-0.0286107616574229,0.715401006389564,-0.281679883076539,0.779881740703217,0.987605403685976,92255,"5"
"4839","PHYHD1",-0.102276448708919,-0.927467314814462,-0.28149371882649,0.780023310786924,0.987605403685976,254295,"9"
"4840","FKBP1A",0.0419370055120711,3.22593219143872,0.281374675325587,0.780113842356782,0.987605403685976,2280,"20"
"4841","USP11",-0.0258220725989816,0.381184489132005,-0.281374171461974,0.780114225547392,0.987605403685976,8237,"X"
"4842","CHID1",0.0403424928884777,1.73083127552685,0.281203686562274,0.780243883304735,0.987605403685976,66005,"11"
"4843","MYBBP1A",0.0295480958147816,0.893200360679869,0.2810113582907,0.780390161119224,0.987605403685976,10514,"17"
"4844","SELENBP1",0.0434000097723501,3.15649503555919,0.280960410371979,0.780428911593899,0.987605403685976,8991,"1"
"4845","TMEM126B",0.0319081467938734,0.0702396583993523,0.280798048601637,0.780552406123023,0.987605403685976,55863,"11"
"4846","ARL6",-0.037401266402634,-1.36105344978199,-0.280690528109994,0.780634190825857,0.987605403685976,84100,"3"
"4847","ANXA6",0.027570637546015,5.11361398072345,0.280671607757658,0.780648582720535,0.987605403685976,309,"5"
"4848","POLG2",0.062665854199097,0.0533121070600976,0.28056565424453,0.780729178430939,0.987605403685976,11232,"17"
"4849","DIABLO",0.0278731017470104,2.92344247392366,0.280324925826923,0.780912302576549,0.987605403685976,56616,"12"
"4850","IL3RA",-0.0719234238133852,-6.47134640035855,-0.280224382922322,0.780988790172669,0.987605403685976,3563,"c(""X"", ""Y"")"
"4851","CHD2",0.0196958315503309,-0.316195518640471,0.279996906334411,0.781161850205531,0.987605403685976,1106,"15"
"4852","PRKACB",-0.0327395537679792,0.203296883043262,-0.279856419109242,0.781268735974419,0.987605403685976,5567,"1"
"4853","TTC39A",0.0262842915629484,-0.382877150429907,0.279654080656003,0.781422687099623,0.987605403685976,22996,"1"
"4854","HERPUD2",0.0336612508044241,-1.43913808355596,0.279233061633494,0.781743052067511,0.987605403685976,64224,"7"
"4855","RPL31",-0.0255208460817311,3.77732508637614,-0.27856638701774,0.78225042222817,0.987605403685976,6160,"2"
"4856","R3HCC1L",-0.0408279681750539,-1.55432036442747,-0.278161596809146,0.782558533491034,0.987605403685976,27291,"10"
"4857","HDAC5",-0.0264770946609296,-1.46231785446798,-0.278077420016075,0.782622610213596,0.987605403685976,10014,"17"
"4858","UTP15",-0.0239651661108727,-0.556249379927469,-0.277968881616375,0.782705233654371,0.987605403685976,84135,"5"
"4859","CNN1",0.0561404811609443,-0.72531571803204,0.277788427117276,0.782842607952834,0.987605403685976,1264,"19"
"4860","FLG",0.0449100713997601,-1.07103967373191,0.277696716826704,0.782912426804644,0.987605403685976,2312,"1"
"4861","VIM",0.0384387133116944,5.87871865288573,0.277635790443428,0.782958810941868,0.987605403685976,7431,"10"
"4862","ATP2C1",-0.0201294069176681,0.701582265273792,-0.277429305916579,0.783116016591347,0.987605403685976,27032,"3"
"4863","ERCC5",0.0238524354543541,-1.46160928168877,0.277409812321676,0.783130858390674,0.987605403685976,2073,"13"
"4864","MAP2K6",-0.0232669559628942,0.00465889582572785,-0.27708201120252,0.783380448013748,0.987605403685976,5608,"17"
"4865","UQCR10",0.0329031079161781,2.20886688517363,0.276838324526269,0.783566007512107,0.987605403685976,29796,"22"
"4866","ARRB2",0.0341811050721625,-1.18721107545542,0.276651916780716,0.783707959641187,0.987605403685976,409,"17"
"4867","SF3B6",0.031991494005096,0.665980598295226,0.276152968029349,0.784087953134041,0.987605403685976,51639,"2"
"4868","BICD1",0.0374796878493977,-2.35274993496004,0.275970052490944,0.78422727292763,0.987605403685976,636,"12"
"4869","TSEN2",-0.0349553382509251,-2.61979074821373,-0.275926114442775,0.78426073994009,0.987605403685976,80746,"3"
"4870","STAT1",0.0348670105858586,1.43056294873438,0.275636604469021,0.784481266155784,0.987605403685976,6772,"2"
"4871","GON7",-0.0594573835327949,-5.63836505966189,-0.275504953002034,0.784581553998262,0.987605403685976,84520,"14"
"4872","TRAPPC10",0.0231421316898499,-1.18721126887568,0.275301653581383,0.784736428278847,0.987605403685976,7109,"21"
"4873","KCNH2",-0.0406383811347344,-2.7256410926366,-0.275045367017208,0.784931681052261,0.987605403685976,3757,"7"
"4874","RAB27A",-0.0209542936421792,2.65505753637223,-0.274679981023692,0.78521007602666,0.987605403685976,5873,"15"
"4875","ATP6AP1",-0.030404212535371,2.88961179540648,-0.274224995574392,0.785556778744713,0.987605403685976,537,"X"
"4876","ME2",-0.0199841972582941,2.70489554289552,-0.273998909823866,0.785729074503863,0.987605403685976,4200,"18"
"4877","APCDD1L",-0.0567376128987507,1.02121828371031,-0.273622111036834,0.786016250226262,0.987605403685976,164284,"20"
"4878","SPECC1",-0.0405690492561739,-2.77314047913807,-0.273616242609929,0.786020723065454,0.987605403685976,92521,"17"
"4879","SAMD9",0.0339997795278453,-1.39432439896753,0.273422041967885,0.786168744446146,0.987605403685976,54809,"7"
"4880","ADAT1",-0.0357493436674261,-1.92815702892653,-0.273419974939735,0.786170319996001,0.987605403685976,23536,"16"
"4881","LZTFL1",0.0285865292590113,0.928818068052655,0.272610087905405,0.786787710098523,0.987605403685976,54585,"3"
"4882","NKIRAS2",0.0275268489603594,-0.866264216714493,0.272373859881949,0.786967816965119,0.987605403685976,28511,"17"
"4883","AMOTL2",-0.0599574512584962,-3.70637160933043,-0.272356281529633,0.78698121966951,0.987605403685976,51421,"3"
"4884","HNRNPA1",0.0261943327236729,5.20867935620185,0.272077530416636,0.787193763682555,0.987605403685976,3178,"12"
"4885","RPL23A",0.0334963908553227,4.48136593081014,0.271971739291587,0.787274432341626,0.987605403685976,6147,"17"
"4886","TMED6",-0.0724716187103933,-0.183183505101079,-0.271960169868742,0.787283254491164,0.987605403685976,146456,"16"
"4887","SFSWAP",0.021493328770399,-0.53552732760602,0.271570868521304,0.787580129013435,0.987605403685976,6433,"12"
"4888","ABHD14A",0.0384795671941451,-1.75754053280723,0.271534604108875,0.787607785273452,0.987605403685976,25864,"3"
"4889","FLVCR1",0.0443411192079044,-1.36883520295304,0.271300389736158,0.78778641047052,0.987605403685976,28982,"1"
"4890","TBCC",-0.0279465878352683,1.26647312190412,-0.271227151300652,0.787842268658292,0.987605403685976,6903,"6"
"4891","DENND5B",0.0347121615607779,-2.86140959887681,0.270853759738096,0.788127068200817,0.987605403685976,160518,"12"
"4892","HSCB",-0.0231090254044001,-1.0574696162565,-0.270816071123579,0.788155816344013,0.987605403685976,150274,"22"
"4893","SGF29",0.0442406513505309,-1.90692874379232,0.270613358485004,0.788310446775973,0.987605403685976,112869,"16"
"4894","PCLO",-0.0582075919429297,4.76573493959031,-0.270470125865324,0.788419710740916,0.987605403685976,27445,"7"
"4895","PPCDC",0.0324706655294822,-2.2874884457309,0.270467952788937,0.788421368489956,0.987605403685976,60490,"15"
"4896","PDZD8",-0.025095497520843,-0.439756575235061,-0.270254247190774,0.788584400434687,0.987605403685976,118987,"10"
"4897","RAB2A",0.0215907805157922,3.92226643584326,0.269916630136421,0.788841981780853,0.987605403685976,5862,"8"
"4898","FARP2",0.020673640633992,-0.547687447660728,0.269661957623794,0.789036297422236,0.987605403685976,9855,"2"
"4899","RAB11B",-0.052256951504275,1.86147388084697,-0.269420911986681,0.789220228355161,0.987605403685976,9230,"19"
"4900","COPRS",0.0372592884149561,-1.57377513749015,0.268882353339868,0.789631222207208,0.987605403685976,55352,"17"
"4901","CEMIP2",-0.0336876808526941,-0.648156631625448,-0.26879487513597,0.789697985806136,0.987605403685976,23670,"9"
"4902","B4GALNT3",0.031527578492785,-1.5091832756279,0.268677839536459,0.789787310209697,0.987605403685976,283358,"12"
"4903","CFC1",0.044496921996017,3.14669784647004,0.268614741293933,0.789835469513247,0.987605403685976,55997,"2"
"4904","RPL7L1",-0.0275914540739977,-0.390343758607008,-0.268528517952629,0.78990128024624,0.987605403685976,285855,"6"
"4905","MTHFD2",-0.0437385820488837,-0.285225755735549,-0.268152192154008,0.790188532576976,0.987605403685976,10797,"2"
"4906","ABHD17A",-0.0205753144155625,-0.482654762723531,-0.267937740212611,0.790352238686448,0.987605403685976,81926,"19"
"4907","PIGN",0.0505281897118439,-2.97905640397175,0.267562954555747,0.790638361883676,0.987605403685976,23556,"18"
"4908","PAIP1",-0.023151462944156,0.610924660706674,-0.267366877891521,0.790788064740443,0.987605403685976,10605,"5"
"4909","MISP3",-0.0446464658817898,-2.18535855143734,-0.267122976102645,0.790974292919482,0.987605403685976,113230,"19"
"4910","PRPF18",-0.0280148919198566,-1.57797221030109,-0.267081471676641,0.79100598434901,0.987605403685976,8559,"10"
"4911","MAPRE2",0.0217636132484675,1.21941464393692,0.267026214229392,0.791048177698093,0.987605403685976,10982,"18"
"4912","MAPK11",0.0346247309447543,-2.61148648021107,0.266501571917674,0.791448814654303,0.987605403685976,5600,"22"
"4913","TIMM23",0.0303773097133716,0.140429176396999,0.26640493323417,0.791522617931102,0.987605403685976,100287932,"10"
"4914","GGACT",0.0542627851839063,-0.365840930751377,0.266256186892402,0.791636219809188,0.987605403685976,87769,"13"
"4915","NR2C1",0.0414452523803037,-4.02856127384646,0.265963196582531,0.791859998485399,0.987605403685976,7181,"12"
"4916","PIGW",-0.0428521777427749,-0.103121971563931,-0.265887732227763,0.791917639174881,0.987605403685976,284098,"17"
"4917","GPR39",-0.0701952099531642,-3.48391820793938,-0.265887032267416,0.791918173819573,0.987605403685976,2863,"2"
"4918","MED17",0.0387780508904574,-2.18964388794562,0.26563834492711,0.792108132997762,0.987605403685976,9440,"11"
"4919","C2CD4B",0.0630980629588698,0.0731825413036915,0.26549387213943,0.792218494080362,0.987605403685976,388125,"15"
"4920","GRAMD2B",-0.0298854016579648,-2.74359210201545,-0.265478191604585,0.792230472520186,0.987605403685976,65983,"5"
"4921","FAM162A",-0.0325680053451494,1.53544627675289,-0.264885432932067,0.79268332140097,0.987605403685976,26355,"3"
"4922","PCK2",-0.0229444796274936,2.36357471252249,-0.264833521334655,0.792722983700005,0.987605403685976,5106,"14"
"4923","TSR3",0.0522185243259599,-2.41742187039678,0.264545317399254,0.792943191896971,0.987605403685976,115939,"16"
"4924","EPPK1",-0.0462823125864385,-0.256399550300582,-0.264512933514806,0.792967936553848,0.987605403685976,83481,"8"
"4925","PTGR1",0.0344122534757449,2.17443186516524,0.264365769704763,0.793080387757515,0.987605403685976,22949,"9"
"4926","SMUG1",-0.0320966665726168,-2.04925260660801,-0.264151873613934,0.793243838620973,0.987605403685976,23583,"12"
"4927","NFXL1",-0.0269532640483492,-0.823414625449588,-0.264115050876423,0.793271978045887,0.987605403685976,152518,"4"
"4928","DDX54",0.0254286104104489,-0.780007403320923,0.264104014650532,0.793280411831279,0.987605403685976,79039,"12"
"4929","YWHAQ",0.0253424478671969,5.04817503483673,0.263949010891437,0.793398866988522,0.987605403685976,10971,"2"
"4930","NAB2",0.0477803686214346,-1.99142040924749,0.263300625083524,0.793894422725082,0.987843634214474,4665,"12"
"4931","NLRX1",-0.0202838339853996,0.749442011926578,-0.26327746032155,0.793912128963832,0.987843634214474,79671,"11"
"4932","SOS2",-0.0225601719857165,-1.52210560597595,-0.262800820045335,0.794276478769867,0.987912622079225,6655,"14"
"4933","RPL15",-0.0569771077636991,3.9179456718723,-0.262506136426733,0.794501762079989,0.987912622079225,6138,"3"
"4934","AADAC",0.0907663456422046,-0.833262359225114,0.26241966937411,0.794567868859599,0.987912622079225,13,"3"
"4935","NAALADL2",-0.0346577517257141,-1.73564967634877,-0.262106546197067,0.794807274258903,0.987912622079225,254827,"3"
"4936","EIF1AX",-0.0285099714946764,2.5934759784124,-0.262030324120221,0.794865554624984,0.987912622079225,1964,"X"
"4937","CLP1",-0.0208450423271915,-0.215297934253074,-0.261584938168584,0.795206126262068,0.987912622079225,10978,"11"
"4938","MTMR9",0.0233417760214807,1.3690527607693,0.261571779267181,0.795216189050977,0.987912622079225,66036,"8"
"4939","BLTP3B",0.0268457581733363,-1.39211120344295,0.26123721121437,0.795472049687715,0.987912622079225,23074,"12"
"4940","PPFIA3",-0.0279791170746793,-0.793706184212899,-0.260934721817428,0.795703397972163,0.987912622079225,8541,"19"
"4941","MRPS18A",-0.0368011365594804,1.03167975347778,-0.26091446371076,0.795718892336745,0.987912622079225,55168,"6"
"4942","MRPL33",0.0368053331504021,-1.20749770945724,0.260792309139984,0.79581232375161,0.987912622079225,9553,"2"
"4943","UBQLN4",-0.0414052317624558,-2.03458816356894,-0.260489524276411,0.796043925629143,0.987912622079225,56893,"1"
"4944","BUD13",0.0213692740865494,-1.5563301162777,0.260468606445095,0.79605992649134,0.987912622079225,84811,"11"
"4945","PTPN12",-0.030784813100917,-0.648938930510502,-0.259618535470638,0.796710254506244,0.988065220250329,5782,"7"
"4946","NUFIP2",0.0243292951369679,-0.0370412384538772,0.259419060119392,0.796862880090033,0.988065220250329,57532,"17"
"4947","PEX5",0.0224325796859861,-0.290350945371852,0.259357457342637,0.796910016173811,0.988065220250329,5830,"12"
"4948","LCMT2",-0.0304039481468442,-1.75677614828966,-0.258820605569895,0.797320827301124,0.988065220250329,9836,"15"
"4949","DAD1",-0.0343326818714424,4.23974000424664,-0.258755671516665,0.797370520285576,0.988065220250329,1603,"14"
"4950","NECAP2",-0.0366690445267047,-0.898770412103727,-0.258222465114169,0.797778606969502,0.988065220250329,55707,"1"
"4951","B3GAT3",0.0318015253132953,1.03679816558429,0.258087406178977,0.797881982772935,0.988065220250329,26229,"11"
"4952","FCGRT",-0.0389296908461854,-0.948600451847989,-0.258060656146817,0.797902458022355,0.988065220250329,2217,"19"
"4953","HCLS1",0.0342345920863538,-1.46412224356063,0.258030225429854,0.797925750751054,0.988065220250329,3059,"3"
"4954","PLPP6",-0.0376865556853891,-1.98470501497452,-0.257745306015518,0.798143847087269,0.988065220250329,403313,"9"
"4955","NUDT6",-0.0419530272263098,-1.32428440989528,-0.257027979464934,0.798693009519247,0.988065220250329,11162,"4"
"4956","TATDN1",-0.0274041807779979,0.0526317022971748,-0.256885188156217,0.798802338433298,0.988065220250329,83940,"8"
"4957","PALM3",0.0678271465049844,-1.50196600621327,0.256485603017049,0.799108304776153,0.988065220250329,342979,"19"
"4958","MAN2B1",0.020082653100932,0.731789351840646,0.256420619157352,0.799158066614828,0.988065220250329,4125,"19"
"4959","PFKFB3",-0.049400262168581,0.189156079747364,-0.256360451009632,0.799204141548258,0.988065220250329,5209,"10"
"4960","EDN3",-0.0320730417517978,1.75720775058463,-0.25599287836169,0.799485633324,0.988065220250329,1908,"20"
"4961","TIA1",-0.0268752182838317,0.115845486139195,-0.255728263255201,0.799688295760772,0.988065220250329,7072,"2"
"4962","ARF6",-0.0224881166339359,1.18364701180296,-0.255572116919388,0.799807891147588,0.988065220250329,382,"14"
"4963","AP3S2",-0.0311047998647183,1.20725630549057,-0.255363415116764,0.799967747400213,0.988065220250329,10239,"15"
"4964","CD63",0.0218733808949025,4.40801985574731,0.255276653741734,0.80003420531128,0.988065220250329,967,"12"
"4965","MTFP1",-0.0246652375622552,-0.341600671302793,-0.255047511668424,0.80020973196879,0.988065220250329,51537,"22"
"4966","ITGB1BP1",-0.024214948946933,-2.09075369420417,-0.254989499405388,0.800254172003724,0.988065220250329,9270,"2"
"4967","FAM98C",-0.0256519432116248,-0.65739621223352,-0.254900362744778,0.800322456060226,0.988065220250329,147965,"19"
"4968","HSDL1",0.0302334585397523,1.59741695242012,0.254862533410318,0.800351436093072,0.988065220250329,83693,"16"
"4969","NOL10",-0.0360492732440143,-2.04185431023247,-0.254688849016989,0.80048449470571,0.988065220250329,79954,"2"
"4970","MRPS11",-0.0216433874887417,0.0945752487081244,-0.254445447487808,0.800670973387204,0.988065220250329,64963,"15"
"4971","DNMT1",-0.0246866387000029,-0.807856403480831,-0.254400856547453,0.800705137399381,0.988065220250329,1786,"19"
"4972","RC3H1",0.0321822188989818,-2.01938961264188,0.254348654845283,0.800745133015746,0.988065220250329,149041,"1"
"4973","LOC102724594",0.0254153917289894,2.35980240203512,0.253762537048174,0.801194238985638,0.988065220250329,102724594,"21"
"4974","FASTKD5",-0.0242828428334275,-0.950025155938946,-0.253481490587906,0.801409611929208,0.988065220250329,60493,"20"
"4975","PIP4K2A",0.0271985689520441,-0.293303193184592,0.253111256347621,0.801693355758399,0.988065220250329,5305,"10"
"4976","KMT2D",0.0720602777667025,-2.76596195246859,0.253100047444923,0.801701946575828,0.988065220250329,8085,"12"
"4977","DNAJC14",0.0533393486721798,-3.5251564136072,0.252864124655723,0.801882770226375,0.988065220250329,85406,"12"
"4978","RPL26L1",0.0243056905960147,0.548249612540536,0.252830290041348,0.801908703765543,0.988065220250329,51121,"5"
"4979","RPS16",-0.0243624634355442,4.81445282391156,-0.252759060801112,0.801963300264641,0.988065220250329,6217,"19"
"4980","BSCL2",0.0307435759512167,0.442873006915931,0.252739890841947,0.801977994018758,0.988065220250329,26580,"11"
"4981","RPL34",-0.0351599204069926,3.70039495117207,-0.251447870283175,0.802968494758249,0.988632722928726,6164,"4"
"4982","RPF1",-0.0406772717688808,-2.24763227956925,-0.251386179730217,0.803015796822512,0.988632722928726,80135,"1"
"4983","TMEM109",-0.0201015108359455,3.82501853661204,-0.251097849296226,0.803236888064046,0.988632722928726,79073,"11"
"4984","IFITM3",0.0491789106230445,-2.88097481749615,0.250886391627081,0.803399043865311,0.988632722928726,10410,"11"
"4985","RAB26",-0.0302831762050018,1.27320120967193,-0.250265055096496,0.803875565387501,0.988632722928726,25837,"16"
"4986","LONP2",-0.0267475891847782,-1.28210882340379,-0.250207505840968,0.803919705483184,0.988632722928726,83752,"16"
"4987","CBX3",0.0329221260351404,0.311607356591523,0.250129466448115,0.803979562491929,0.988632722928726,11335,"7"
"4988","HAO1",-0.0343086071262553,-3.02567530089098,-0.249707031770918,0.804303595014712,0.988632722928726,54363,"20"
"4989","ABCB1",-0.0280798932817949,0.739558798962969,-0.249600525679782,0.8043852970663,0.988632722928726,5243,"7"
"4990","KBTBD2",0.0351805409039954,-3.16235291315958,0.249445524138383,0.804504204523705,0.988632722928726,25948,"7"
"4991","LGALS7",0.0893121169386076,-1.05709620014402,0.249111892237003,0.804760162006123,0.988632722928726,3963,"19"
"4992","KRT6A",-0.0817058226707202,1.00099249708616,-0.248580184379598,0.805168125603381,0.988632722928726,3853,"12"
"4993","ING2",-0.0294887154956738,-1.88339824973144,-0.248571946930978,0.805174446388335,0.988632722928726,3622,"4"
"4994","CASP9",-0.034031715091527,-3.4863405876935,-0.248261093855153,0.805412980861258,0.988632722928726,842,"1"
"4995","PBX3",-0.0271406552672965,-2.10028521277028,-0.247840887615451,0.805735458022036,0.988632722928726,5090,"9"
"4996","TPST2",-0.0987894906821523,-1.70515363456918,-0.247466455922048,0.806022835681418,0.988632722928726,8459,"22"
"4997","PCF11",0.0383756191147616,-0.886110566145171,0.247301710972771,0.806149286685907,0.988632722928726,51585,"11"
"4998","STRIP1",0.0202481932555434,0.29265821002382,0.246566724415136,0.806713494595456,0.988632722928726,85369,"1"
"4999","BCL10",0.0277766081182194,-1.5624098029482,0.246564174313019,0.806715452348706,0.988632722928726,8915,"1"
"5000","OXNAD1",-0.0367172324237064,-2.5602123111732,-0.24643266243985,0.806816417783041,0.988632722928726,92106,"3"
"5001","KRTCAP2",0.0334659169039173,1.78209143317291,0.246038651175819,0.807118931639877,0.988632722928726,200185,"1"
"5002","PLEKHA7",0.0475479360877764,-0.98435572666519,0.245921440133478,0.807208929717533,0.988632722928726,144100,"11"
"5003","ELAC1",-0.0416397888963127,-3.92542369381551,-0.245893418020829,0.807230446312676,0.988632722928726,55520,"18"
"5004","RSRC2",0.0267689729065381,-0.66913121356705,0.245881268049728,0.807239775635522,0.988632722928726,65117,"12"
"5005","GALNT2",0.0215712583093781,1.77751817731824,0.245572417528434,0.807476935294297,0.988632722928726,2590,"1"
"5006","ZNF830",0.0504294082027505,-4.93074080602466,0.245485038574945,0.807544035064141,0.988632722928726,91603,"17"
"5007","MTFMT",-0.0345337397536947,-1.24124398045449,-0.245124559112377,0.807820868941956,0.988632722928726,123263,"15"
"5008","A2ML1",0.0334534331899211,-0.402597704965253,0.24476177930684,0.808099494764682,0.988632722928726,144568,"12"
"5009","ANKRD22",-0.120233415708109,-3.13380377893548,-0.244757331170151,0.808102911225515,0.988632722928726,118932,"10"
"5010","PDGFRB",-0.0463372449625616,-1.6409302372117,-0.244641043098451,0.808192229450222,0.988632722928726,5159,"5"
"5011","CLUH",0.0236160474371945,0.329741166963063,0.244567299049424,0.808248871930852,0.988632722928726,23277,"17"
"5012","PPIL2",-0.0267920972730527,-2.01224517731349,-0.244407388057894,0.808371702467223,0.988632722928726,23759,"22"
"5013","POFUT2",-0.0207170229275699,0.355810883364395,-0.244335815814241,0.808426680005173,0.988632722928726,23275,"21"
"5014","EZR",-0.0272321035660505,3.69096845877489,-0.244184059666161,0.808543253313547,0.988632722928726,7430,"6"
"5015","CEPT1",0.0229879722707538,2.13198696009385,0.243554410755668,0.809026973067863,0.988632722928726,10390,"1"
"5016","SLC66A2",-0.0308721262087375,0.513910952275577,-0.243392143902908,0.809151644869719,0.988632722928726,80148,"18"
"5017","SLC7A14",-0.0278824083788236,-0.905995129366999,-0.243289425864972,0.809230567132455,0.988632722928726,57709,"3"
"5018","TMF1",0.0241797703417339,0.32063945744363,0.24306322943658,0.809404369787103,0.988632722928726,7110,"3"
"5019","S100A11",-0.0755571502853476,2.61876752235035,-0.24305521956036,0.809410524519445,0.988632722928726,6282,"1"
"5020","ATP6V0C",0.0415606894795869,1.66471035594957,0.242845665930664,0.809571548421981,0.988632722928726,527,"16"
"5021","MEST",-0.0376418795985886,-0.195206368458358,-0.242677350247618,0.809700890614132,0.988632722928726,4232,"7"
"5022","ITPR3",0.0228948440662115,0.921055164221476,0.242472867399413,0.809858032768041,0.988632722928726,3710,"6"
"5023","FAM107B",0.0415212955692978,-1.57550745294185,0.242339436828734,0.809960576575906,0.988632722928726,83641,"10"
"5024","FAM32A",0.0422385913472834,-2.46217401325995,0.242321242606801,0.809974559428644,0.988632722928726,26017,"19"
"5025","CSRP1",-0.0275446637535017,2.70803161150045,-0.242289129606462,0.809999239470927,0.988632722928726,1465,"1"
"5026","REG1A",-0.115650195502808,1.38413489606214,-0.242209815951433,0.810060195827692,0.988632722928726,5967,"2"
"5027","TLN1",-0.0183050206283797,3.4239649282061,-0.242120089661604,0.810129156245248,0.988632722928726,7094,"9"
"5028","TRIM24",-0.0226502799883181,-1.3869993933212,-0.241967914330554,0.810246116281208,0.988632722928726,8805,"7"
"5029","TMEM192",-0.0275506885440671,0.074678303919707,-0.241857571884596,0.810330926858002,0.988632722928726,201931,"4"
"5030","AKR1B10",-0.0856176684014209,0.931069789691576,-0.241456543109469,0.81063918214044,0.988665437368426,57016,"7"
"5031","KDM2B",0.0333996042474503,-1.75141534532653,0.24140359059658,0.810679886978704,0.988665437368426,84678,"12"
"5032","C11orf68",-0.0199887573709148,0.697622200893376,-0.241178238927674,0.810853121812097,0.988680266524167,83638,"11"
"5033","PCP4",0.0277257193832835,-0.499395158977015,0.240407008947435,0.811446063425888,0.989206740279662,5121,"21"
"5034","CD200",-0.0527205898808553,0.391194172503892,-0.240031948823039,0.81173446022489,0.989361818280455,4345,"3"
"5035","MARS2",-0.0186161967221219,-0.221909469978762,-0.239485019047595,0.81215506139137,0.989548339390288,92935,"2"
"5036","JPT1",0.0400272717276668,-2.31277383691752,0.239322046232031,0.81228040206496,0.989548339390288,51155,"17"
"5037","ACBD6",-0.0278615474402846,-1.16183590220048,-0.238915610801127,0.812593009144487,0.989548339390288,84320,"1"
"5038","TRIM5",-0.0515176164761768,-3.84997641987445,-0.238718355476578,0.812744737996529,0.989548339390288,85363,"11"
"5039","ABCB10",0.0171495242510713,1.01942287915183,0.238354518679167,0.813024620618774,0.989548339390288,23456,"1"
"5040","PRPF38A",0.0360226929818951,-1.60820116314181,0.238278439034622,0.813083148283022,0.989548339390288,84950,"1"
"5041","ENTPD3",-0.0398540059423816,1.39268139664246,-0.238205327266784,0.813139393802754,0.989548339390288,956,"3"
"5042","ATP6V1E1",-0.0221209638306603,3.73804479664796,-0.238052522041832,0.813256951442714,0.989548339390288,529,"22"
"5043","RCC1L",0.0160118226238856,-0.0421370185460982,0.237946598105212,0.813338444480939,0.989548339390288,81554,"7"
"5044","PRKAR2B",-0.022452145189837,0.487744905563618,-0.2370674960473,0.814014866803446,0.989664494920884,5577,"7"
"5045","AKAP1",0.0311704366140075,-2.76168911554473,0.236968638071974,0.814090941832875,0.989664494920884,8165,"17"
"5046","UGDH",-0.0529043587830351,4.65615583441455,-0.236463085411365,0.814480012738231,0.989664494920884,7358,"4"
"5047","WDR7",0.0217869523850718,0.909518815246245,0.236311168372603,0.814596936706305,0.989664494920884,23335,"18"
"5048","MAP2K7",0.0224943163322868,-1.20157072763874,0.236278762761221,0.814621878460727,0.989664494920884,5609,"19"
"5049","KRT80",0.0520582865837174,0.437368756214668,0.236074729292175,0.81477892220978,0.989664494920884,144501,"12"
"5050","SARAF",-0.0280282382879454,0.300197185583998,-0.235924703366496,0.814894401526727,0.989664494920884,51669,"8"
"5051","CLNS1A",0.0302149790862217,-0.190273347558778,0.235800627089912,0.814989909817387,0.989664494920884,1207,"11"
"5052","CD47",0.0247121012872424,1.96101529928952,0.235704819442385,0.815063660163973,0.989664494920884,961,"3"
"5053","INPP5A",-0.0283943001340932,-1.64482996961035,-0.235101280201024,0.815528288994195,0.989664494920884,3632,"10"
"5054","OBSL1",-0.0333483335912887,-1.41797231056861,-0.234958838440965,0.815637956288567,0.989664494920884,23363,"2"
"5055","STAT4",-0.0482078144228937,-3.25405430518091,-0.234833529013343,0.815734436352118,0.989664494920884,6775,"2"
"5056","ZNF598",0.0283733193317078,-0.823146228966757,0.234688602185654,0.815846024168613,0.989664494920884,90850,"16"
"5057","COX15",-0.0227071982539927,0.0605712956665585,-0.234682054574073,0.815851065657742,0.989664494920884,1355,"10"
"5058","SUCO",-0.0255611224231456,-0.47536023362882,-0.234214808590033,0.8162108533454,0.989664494920884,51430,"1"
"5059","PPP1R3D",0.0219120419410049,-1.10634385090212,0.234143875250907,0.816265476812721,0.989664494920884,5509,"20"
"5060","CTSL",-0.0474677650614796,-0.845205543849969,-0.23398088628339,0.81639099286972,0.989664494920884,1514,"9"
"5061","FBXO11",0.0537355842899814,-5.06693094509706,0.233759361828415,0.816561594363,0.989664494920884,80204,"2"
"5062","METTL2B",0.0253272780557419,2.02292121417396,0.233702103351249,0.816605692017333,0.989664494920884,55798,"7"
"5063","DNAJB4",-0.0219279556178009,-0.412988750575894,-0.233514661046705,0.816750055073667,0.989664494920884,11080,"1"
"5064","VPS41",0.0171081934399068,-0.718240506086449,0.233119934503299,0.817054084141675,0.989664494920884,27072,"7"
"5065","GON4L",0.0346040323297731,-0.787061714707456,0.23289726301751,0.817225604432881,0.989664494920884,54856,"1"
"5066","UBE2L6",-0.0265721410110271,-0.526787748281643,-0.232681805098177,0.817391576929843,0.989664494920884,9246,"11"
"5067","FOSB",0.0429119182161506,-2.75193357076982,0.232312058611781,0.81767642160003,0.989664494920884,2354,"19"
"5068","KCNMA1",0.0293430760665241,-0.370709109607415,0.232197541115315,0.817764648495603,0.989664494920884,3778,"10"
"5069","MRPL20",-0.0237773252193724,-0.499340717620181,-0.231963253164132,0.81794515679555,0.989664494920884,55052,"1"
"5070","PON2",-0.0255216944254237,0.979426054599932,-0.23171808086761,0.818134061786327,0.989664494920884,5445,"7"
"5071","STING1",-0.0279503030124257,-1.31484955135059,-0.231669147132558,0.818171766497075,0.989664494920884,340061,"5"
"5072","EIF2AK4",-0.0213950898431827,-1.55411554165774,-0.230613740704735,0.818985091243976,0.989664494920884,440275,"15"
"5073","GBA2",-0.0322621906608576,-1.98718076038029,-0.230077927560476,0.819398081262859,0.989664494920884,57704,"9"
"5074","ZBTB1",0.0652331348628843,-2.2569538625402,0.229977889137685,0.819475193924277,0.989664494920884,22890,"14"
"5075","NTMT1",0.0282648371273184,0.697228819451918,0.229672791577817,0.819710383665618,0.989664494920884,28989,"9"
"5076","P2RX4",0.0185088106841198,0.19407086570629,0.229644362585162,0.81973229951015,0.989664494920884,5025,"12"
"5077","UTP23",0.047733207162584,-3.40911711027192,0.229514987971636,0.819832035956505,0.989664494920884,84294,"8"
"5078","APIP",0.0425592327870354,0.00958535844780388,0.229329052049174,0.819975381525907,0.989664494920884,51074,"11"
"5079","NDUFAF2",0.0225685894736979,0.484337806958681,0.229273611695833,0.820018123966312,0.989664494920884,91942,"5"
"5080","EML4",0.03134106214321,2.15202177925313,0.229068770791519,0.820176053488983,0.989664494920884,27436,"2"
"5081","ITPRID2",0.0432208594767778,-1.03313266546726,0.22902235450016,0.820211840870362,0.989664494920884,6744,"2"
"5082","ZCCHC8",0.0199147920694907,0.0162144325277928,0.228969255194203,0.82025278139598,0.989664494920884,55596,"12"
"5083","ARMCX2",-0.0187311756423777,0.842171488876913,-0.228911057243075,0.820297653656794,0.989664494920884,9823,"X"
"5084","NEURL1",-0.0274606802528612,0.057378269783286,-0.228879555925421,0.82032194231692,0.989664494920884,9148,"10"
"5085","KRT77",-0.0514063316986118,0.0313753271796903,-0.228857638656461,0.820338841433543,0.989664494920884,374454,"12"
"5086","RPL27",-0.025429752552081,4.05157901891689,-0.228749799038013,0.820421991487235,0.989664494920884,6155,"17"
"5087","LMBRD1",0.031386068277059,-2.90194105534737,0.228611947724578,0.820528285215442,0.989664494920884,55788,"6"
"5088","SPPL2B",-0.0258873567198634,-1.60471859472829,-0.228050320864624,0.820961377315319,0.989677313318336,56928,"19"
"5089","H6PD",-0.0276572249285625,0.334099571594948,-0.227984654305088,0.821012019052942,0.989677313318336,9563,"1"
"5090","PDSS2",-0.015602358900109,-0.931040401641474,-0.22759301234916,0.821314067634324,0.989677313318336,57107,"6"
"5091","AFAP1L2",-0.0517391829907341,-3.43619913902049,-0.227375158588049,0.821482096390663,0.989677313318336,84632,"10"
"5092","PNO1",-0.028447040937433,0.132172703502157,-0.227247615278319,0.821580473432698,0.989677313318336,56902,"2"
"5093","FAM83G",-0.0246535707603384,-2.7857985306265,-0.227207561830211,0.82161136816857,0.989677313318336,644815,"17"
"5094","MTCH1",-0.0241751304530839,3.16755232338638,-0.227033656288735,0.821745511424629,0.989677313318336,23787,"6"
"5095","TTC38",-0.0331634630366644,1.0218706723108,-0.226831719872747,0.821901283320855,0.989677313318336,55020,"22"
"5096","PDAP1",-0.0237779318482887,0.765495136470065,-0.226606071055528,0.822075355419794,0.989677313318336,11333,"7"
"5097","ARHGEF10L",-0.0189619199219296,0.20496633752646,-0.225726416272335,0.822754034106837,0.989677313318336,55160,"1"
"5098","PDE6D",-0.026623273629089,-1.19442945375207,-0.225721918949964,0.822757504275257,0.989677313318336,5147,"2"
"5099","RIGI",0.022877297070557,0.111180548827099,0.22552817674952,0.822907000678646,0.989677313318336,23586,"9"
"5100","HGH1",0.0354565790907936,-1.13862787543216,0.2254419791225,0.822973515115284,0.989677313318336,51236,"8"
"5101","TBC1D20",0.0312416928624013,-1.98971243909564,0.225424310662572,0.822987149154177,0.989677313318336,128637,"20"
"5102","MAP3K7",-0.0162752669562045,-1.69247756161086,-0.225225069687182,0.823140899251796,0.989677313318336,6885,"6"
"5103","GABPA",-0.0204924094335523,-0.343509784231229,-0.22511055993678,0.823229267242402,0.989677313318336,2551,"21"
"5104","ATP5IF1",0.0395212295887766,1.18858910961716,0.224974937414675,0.82333393113741,0.989677313318336,93974,"1"
"5105","ATAT1",-0.020972291928367,-1.20608200381459,-0.224633950927816,0.823597094947057,0.989677313318336,79969,"6"
"5106","WDR54",-0.0344288418004652,-0.287025513321881,-0.224611412098112,0.823614490514079,0.989677313318336,84058,"2"
"5107","GABARAPL1",-0.0211375024129322,-0.587593400958586,-0.22423254878487,0.823906912410268,0.989677313318336,23710,"12"
"5108","IGFALS",-0.0598567872289009,-1.59867957694578,-0.224209237694292,0.823924905678836,0.989677313318336,3483,"16"
"5109","GLCE",-0.0215385009366728,0.214894225236378,-0.223667422341476,0.824343147089551,0.989831893857055,26035,"15"
"5110","MGAT4A",0.0210130684082515,-0.698704615204812,0.223547571512695,0.824435670111904,0.989831893857055,11320,"2"
"5111","GCNT1",-0.027132468961784,-0.644720811338399,-0.223415816817828,0.824537385677928,0.989831893857055,2650,"9"
"5112","CNPY3",0.0246062496196874,0.207828215760174,0.222847859716818,0.824975887817781,0.989861732665988,10695,"6"
"5113","APLF",-0.0343207028659163,-3.21850893351168,-0.222532574549935,0.825219334388993,0.989861732665988,200558,"2"
"5114","ATP9B",0.019379330831702,-0.884907095076398,0.222302055761586,0.825397339945446,0.989861732665988,374868,"18"
"5115","CISD3",-0.0271220146904974,-1.27371936858419,-0.222169917118019,0.825499381030651,0.989861732665988,284106,"17"
"5116","RPL4",0.0361789124801151,4.4520195838832,0.221540160330558,0.825985738765926,0.989861732665988,6124,"15"
"5117","TNFSF10",0.0410061942367879,-1.90893794955281,0.221392114745067,0.826100083696057,0.989861732665988,8743,"3"
"5118","FBXL4",0.0868270325047815,-6.30934211849554,0.221386241500107,0.826104620052506,0.989861732665988,26235,"6"
"5119","MAN1B1",0.0200015843926866,0.847661091552527,0.221192228792267,0.826254474317322,0.989861732665988,11253,"9"
"5120","UAP1",0.0275811623249074,0.21092120485102,0.220918060397863,0.826466251626669,0.989861732665988,6675,"1"
"5121","SFT2D2",-0.0219224865088175,0.70253782548595,-0.220670297006177,0.826657644123236,0.989861732665988,375035,"1"
"5122","GCLM",0.0246114767904957,2.29330993020249,0.220444020136646,0.826832448087194,0.989861732665988,2730,"1"
"5123","CAPN2",-0.0176987122377943,2.5342974128769,-0.220424146049805,0.826847801693885,0.989861732665988,824,"1"
"5124","TJP2",-0.033480665396195,0.798137511404383,-0.220403491766934,0.826863758109589,0.989861732665988,9414,"9"
"5125","PGAM1",-0.0217128186676225,4.38228236881931,-0.220260179333443,0.826974475835127,0.989861732665988,5223,"10"
"5126","MRPS18B",0.020906054075184,-0.0400514845058525,0.219404465405848,0.827635642485862,0.989861732665988,28973,"6"
"5127","TOMM20",0.0322339469460302,-1.11644049596698,0.219358692321596,0.827671012620197,0.989861732665988,9804,"1"
"5128","MCL1",-0.0428558797949568,-1.80395779216123,-0.219298276277308,0.827717698335504,0.989861732665988,4170,"1"
"5129","MFSD5",-0.0279031404566719,-1.71342348453332,-0.21917533876788,0.827812698665472,0.989861732665988,84975,"12"
"5130","SLC4A8",0.0246404619403284,-1.89634280247347,0.219128913241569,0.82784857481488,0.989861732665988,9498,"12"
"5131","RPS27",0.0223558261380412,2.84666072067569,0.219034854507502,0.827921261520689,0.989861732665988,6232,"1"
"5132","GOLGA7",0.0283043876540297,-1.27958451074051,0.218999134865062,0.827948865348188,0.989861732665988,51125,"8"
"5133","ZFTRAF1",-0.032973291215759,-1.8294357106654,-0.217211321529652,0.829330754674426,0.990979136575968,50626,"8"
"5134","TIMM8A",-0.0201757032768284,-2.41499553298971,-0.216622547613082,0.829785968104944,0.990979136575968,1678,"X"
"5135","NUDT11",0.0262317316283682,-2.21031437318307,0.216514989307371,0.829869133785501,0.990979136575968,55190,"X"
"5136","ANKRD11",0.0489159383459512,-1.63133165780741,0.21648123513069,0.82989523342698,0.990979136575968,29123,"16"
"5137","MRPS14",-0.0197463828800944,0.346237302760455,-0.216442324589216,0.829925320352255,0.990979136575968,63931,"1"
"5138","KANSL2",0.0819875732832633,-6.2751231125646,0.216399495922038,0.829958437203762,0.990979136575968,54934,"12"
"5139","CARS2",-0.0206638794535404,0.811850841052793,-0.216031624132167,0.830242903482519,0.990979136575968,79587,"13"
"5140","SLC17A5",0.0294426169502946,-0.428521949500867,0.215176340138637,0.830904363470703,0.990979136575968,26503,"6"
"5141","PLIN2",-0.0694439290095827,-1.54745432847297,-0.215150212948787,0.830924571702585,0.990979136575968,123,"9"
"5142","RPS27L",-0.0319835109381481,1.17332872718019,-0.214989664881445,0.831048751131783,0.990979136575968,51065,"15"
"5143","CDK6",-0.0199158882377456,0.103285799832394,-0.214930783690142,0.831094295186815,0.990979136575968,1021,"7"
"5144","NDUFAB1",0.0258612940155108,-0.0909181814283923,0.214759341733559,0.831226907322106,0.990979136575968,4706,"16"
"5145","ZFHX3",0.0586796628476911,-4.26540062720016,0.214694418337622,0.831277127553875,0.990979136575968,463,"16"
"5146","QTRT2",-0.0211458496701967,-0.814629472937171,-0.214293501333061,0.83158726504594,0.990979136575968,79691,"3"
"5147","CTDSP2",0.0315254767657425,-1.38979473799583,0.214233477606646,0.831633699976905,0.990979136575968,10106,"12"
"5148","OSCP1",0.026026351530081,-0.0626261960768823,0.214102696231031,0.831734875829613,0.990979136575968,127700,"1"
"5149","QPRT",-0.0407164774319419,-0.154457602169335,-0.21406642651458,0.831762935535591,0.990979136575968,23475,"16"
"5150","GSDMA",0.0326063189880078,-0.391148959543481,0.213880222707707,0.831906993786578,0.990979136575968,284110,"17"
"5151","IMP3",-0.0240363065283276,-1.2338712803948,-0.213823290366389,0.831951041182138,0.990979136575968,55272,"15"
"5152","HSPB6",-0.0405548521568296,1.13603786910082,-0.213419324395684,0.832263597265176,0.9910415609425,126393,"19"
"5153","C5orf22",0.029574439720262,-1.80461285762724,0.213226205838527,0.83241302651989,0.9910415609425,55322,"5"
"5154","ARMH3",0.017898213669116,0.145164192106986,0.21279475601726,0.832746892084142,0.9910415609425,79591,"10"
"5155","MINDY3",0.0315082274656193,-3.25480344292379,0.212613686966294,0.83288701677269,0.9910415609425,80013,"10"
"5156","GPX2",0.0419437866165027,-1.27589829699472,0.212130780295764,0.833260752943665,0.9910415609425,2877,"14"
"5157","LIX1L",0.0582067690486111,-0.42193206925966,0.211879361622592,0.833455349090357,0.9910415609425,128077,"1"
"5158","RGS7",0.019575550729397,-1.37377918014362,0.211779243574698,0.833532842667197,0.9910415609425,6000,"1"
"5159","RPS20",0.0259945116675522,3.87251408463996,0.211345963973834,0.833868230092178,0.9910415609425,6224,"8"
"5160","STBD1",0.0341666163860248,1.36489782723629,0.211344590239545,0.833869293504743,0.9910415609425,8987,"4"
"5161","COQ10B",0.038598225031153,-1.52669238367516,0.211052387721003,0.834095495715625,0.9910415609425,80219,"2"
"5162","UTP25",0.0235060258736304,-1.37136467083588,0.21103174380178,0.834111477298245,0.9910415609425,27042,"1"
"5163","NEXN",-0.0264922925934997,-0.586611008823164,-0.210918733240792,0.83419896619866,0.9910415609425,91624,"1"
"5164","ZFP36L2",0.0366367964968815,-4.05282077675212,0.21051446025422,0.83451195802069,0.9910415609425,678,"2"
"5165","KPNA6",-0.0249782064416613,0.902370454682533,-0.210442618961107,0.834567581069542,0.9910415609425,23633,"1"
"5166","UBE2R2",0.0238335508882257,0.870981384072049,0.210352169237062,0.834637612906438,0.9910415609425,54926,"9"
"5167","ACSL1",0.016697191039674,2.27599774953039,0.210256857985708,0.834711410323951,0.9910415609425,2180,"4"
"5168","INPP4B",-0.039068049793111,-1.89960137470275,-0.210209255860891,0.834748268177374,0.9910415609425,8821,"4"
"5169","ZZZ3",-0.0275055869468583,-2.53909637959868,-0.20984990440585,0.835026522673939,0.991129631115562,26009,"1"
"5170","UBN1",0.0430661881165024,-3.75662903062209,0.209402180217948,0.835373236480881,0.991129631115562,29855,"16"
"5171","MTURN",0.0315916426475078,-1.04402428101074,0.209366817736849,0.835400622310402,0.991129631115562,222166,"7"
"5172","CYP51A1",0.0208466879964826,1.77780568172791,0.209279368604045,0.835468346593665,0.991129631115562,1595,"7"
"5173","NOL11",0.0173549145547942,0.112831037162302,0.209055193280615,0.835641963202145,0.991144032876283,25926,"17"
"5174","USP38",-0.0263185616620543,-1.30418434562666,-0.208488870209224,0.836080599515442,0.991472704757686,84640,"4"
"5175","ST3GAL6",0.0317692158449447,0.0179950002803267,0.208263901473636,0.836254860168451,0.991487798283553,10402,"3"
"5176","DCTD",0.0303438542892315,-0.666999512809583,0.207731031666793,0.836667654279527,0.991785643485464,1635,"4"
"5177","ARHGEF9",-0.031951500408403,-1.40227763942544,-0.207402397302978,0.836922258330988,0.991895891414482,23229,"X"
"5178","LACTB",-0.0156182525834627,0.208765288603835,-0.207088135225062,0.837165744376283,0.991992922583325,114294,"15"
"5179","CCPG1",0.0187697867299091,-0.395240935482546,0.20680231276165,0.837387209934044,0.992063828329504,9236,"15"
"5180","THADA",0.0319408198865088,-0.995058081954298,0.206526522354546,0.837600915048537,0.992125514582772,63892,"2"
"5181","CYP4F11",-0.0560789467849343,-2.25981227398953,-0.205885201479553,0.83809791161458,0.9924280579745,57834,"19"
"5182","PRTFDC1",0.0262065840722926,-0.171910704069318,0.205706802944227,0.838236174938537,0.9924280579745,56952,"10"
"5183","ATP6V0D1",-0.0212368210665672,3.41747473414344,-0.205571044412927,0.838341394688462,0.9924280579745,9114,"16"
"5184","FAM20C",-0.0292002530596425,-1.10960825046355,-0.205299467277868,0.838551889804222,0.992485827153551,56975,"7"
"5185","OAS3",-0.021548198732734,-0.185843257388833,-0.20486157536875,0.838891318256106,0.992696146415265,4940,"12"
"5186","OXCT1",0.021648213354645,3.05128857610195,0.20456027082738,0.839124890271542,0.992781144272692,5019,"5"
"5187","ST8SIA3",-0.0230047154401011,-0.716576269983558,-0.204312443505177,0.839317017708874,0.992817085121809,51046,"18"
"5188","ALDH18A1",-0.0175290474000183,3.17272464612827,-0.203907643046834,0.839630859631885,0.992864635506737,5832,"10"
"5189","EEF1B2",0.0171767717726699,3.22254159088209,0.203527482053817,0.839925622817921,0.992864635506737,1933,"2"
"5190","BBS1",0.0175097581507773,1.33853243719034,0.203450338259043,0.839985440209663,0.992864635506737,582,"11"
"5191","STRN",-0.0231027510608441,-0.697972272444681,-0.203230601632365,0.840155829543825,0.992864635506737,6801,"2"
"5192","SLC38A10",-0.0223046038610855,1.02464739351933,-0.20283565692079,0.84046209931323,0.992864635506737,124565,"17"
"5193","AMBRA1",0.0276131618065554,-5.2863014133419,0.202649950949118,0.840606118381214,0.992864635506737,55626,"11"
"5194","ATP5MJ",-0.0528793870942583,-0.367361757612153,-0.202648003911394,0.84060762838134,0.992864635506737,9556,"14"
"5195","PLCD1",-0.0238368192824896,-0.527560611426432,-0.202560921103663,0.840675164961754,0.992864635506737,5333,"3"
"5196","NKIRAS1",0.0223936618905187,-1.06789475163355,0.20231644059593,0.840864776984114,0.992864635506737,28512,"3"
"5197","PSMB3",0.0236897657956752,1.35065485968192,0.202109432350035,0.841025334140253,0.992864635506737,5691,"17"
"5198","ITM2B",0.018242091446829,-0.609979340415749,0.201663961048067,0.841370868450183,0.992864635506737,9445,"13"
"5199","ZNF143",0.0278253586635535,-1.39964395434265,0.201557182875495,0.841453696760666,0.992864635506737,7702,"11"
"5200","DAXX",-0.0282058206508726,-2.44177874596795,-0.201548982817815,0.841460057658202,0.992864635506737,1616,"6"
"5201","GATA6",-0.0346117603464347,-1.31733910597555,-0.201221030469452,0.841714463660066,0.99297393387382,2627,"18"
"5202","ICMT",0.0166345841544019,-0.0625599023913729,0.200593892590328,0.842201008104745,0.993201155955461,23463,"1"
"5203","MAPK7",-0.0384687843927671,-3.61735942833203,-0.200061418497582,0.842614160141716,0.993201155955461,5598,"17"
"5204","MAN1A1",0.0190606653291954,2.98522592950067,0.200036165928626,0.842633754990176,0.993201155955461,4121,"6"
"5205","GMDS",-0.0267306694077967,1.57502048991204,-0.19994745096254,0.842702594587719,0.993201155955461,2762,"6"
"5206","ETV3",0.0375692824551073,-3.7103931830739,0.199930004799036,0.842716132325845,0.993201155955461,2117,"1"
"5207","SELENOF",-0.0258374878041826,1.20903922961956,-0.199024252975854,0.843419037156165,0.99338537045556,9403,"1"
"5208","RPL36AL",-0.0283223467360867,2.14178770457486,-0.198977173153057,0.843455576817804,0.99338537045556,6166,"14"
"5209","ARHGEF37",0.025364783274245,-1.47697453219442,0.198847552696343,0.843556179855983,0.99338537045556,389337,"5"
"5210","UBE2S",-0.0234923784527519,-3.24600822199005,-0.198837498377547,0.843563983481166,0.99338537045556,27338,"19"
"5211","RAB9B",-0.0510941656388996,0.465145880454625,-0.198615014449513,0.843736667724203,0.99338537045556,51209,"X"
"5212","SEPTIN9",0.0256066694053598,1.96180414460407,0.198314512616731,0.843969919187258,0.99338537045556,10801,"17"
"5213","ANKIB1",-0.0172923698125635,-0.743945268604193,-0.198268895681688,0.84400532859657,0.99338537045556,54467,"7"
"5214","HSPB8",-0.0492897800367387,-0.892772094379121,-0.197988815035067,0.844222743889787,0.99344219728768,26353,"12"
"5215","TLN2",-0.019972292881027,0.283853693042102,-0.197789705191474,0.844377312357417,0.99344219728768,83660,"15"
"5216","SIGMAR1",-0.0152465813334622,-0.0583311946056862,-0.196963331723373,0.84501889080244,0.993907049173897,10280,"9"
"5217","RPS8",-0.0252643353447786,5.31505465835729,-0.196470834562022,0.84540130600674,0.993907049173897,6202,"1"
"5218","TMEM160",0.021362871904382,-0.594095135954803,0.196382227060477,0.845470112181379,0.993907049173897,54958,"19"
"5219","RBM3",0.0354494853891847,2.42694348818214,0.19628755492873,0.8455436290691,0.993907049173897,5935,"X"
"5220","KLHL29",0.0224381415394239,-1.24043981020244,0.196238081239073,0.845582048026408,0.993907049173897,114818,"2"
"5221","MRNIP",0.0322172477080134,-3.41979792483503,0.195922315969782,0.845827265620211,0.994004931337709,51149,"5"
"5222","POLRMT",-0.0195146406761972,-1.41061807410398,-0.195609066447902,0.84607054494017,0.994022131397921,5442,"19"
"5223","PTDSS2",0.0282005598303035,-2.69309108747746,0.195387679251325,0.846242490365654,0.994022131397921,81490,"11"
"5224","CASP14",-0.0385954473883638,-0.65960767123011,-0.195239441597871,0.846357626801323,0.994022131397921,23581,"19"
"5225","TDP1",0.0810666083435647,-6.42558890315775,0.194752713366633,0.846735693516701,0.994022131397921,55775,"14"
"5226","ACTA2",-0.055655581845358,0.0308400039881478,-0.19470066257336,0.846776126212711,0.994022131397921,59,"10"
"5227","TRMT11",-0.0193025619900601,-1.20948223939415,-0.194553395854661,0.846890524262223,0.994022131397921,60487,"6"
"5228","ABHD4",-0.0336115768505489,-2.01375596911916,-0.194383258531247,0.847022692588498,0.994022131397921,63874,"14"
"5229","TOR3A",0.0467889264966441,-1.18137487383636,0.194108013723606,0.847236521414711,0.994022131397921,64222,"1"
"5230","COX4I1",0.0195504959482284,4.28575665279344,0.193907868784684,0.847392014947755,0.994022131397921,1327,"16"
"5231","VPS13D",-0.0155196716320027,-1.46221063216344,-0.193818616185945,0.84746135770696,0.994022131397921,55187,"1"
"5232","RALYL",-0.0397807922703564,-2.09650516982609,-0.193395478715273,0.847790121430912,0.994217761815617,138046,"8"
"5233","CRH",0.0537987987149453,-2.55151141259219,0.193153735977438,0.847977959906627,0.994248083649833,1392,"8"
"5234","UBL7",-0.041645871335501,-1.98945435691934,-0.192285656240297,0.848652547797457,0.994723355945475,84993,"15"
"5235","NOLC1",0.0175194528890972,1.04312496903742,0.192215036709789,0.848707431587887,0.994723355945475,9221,"10"
"5236","GIPC2",-0.066918140249382,-0.290425211786869,-0.191770178496019,0.849053182225696,0.994938608724956,54810,"1"
"5237","ERI3",-0.0337934255622887,1.24827727445963,-0.191112125749965,0.849564686516385,0.995247502719096,79033,"1"
"5238","SMARCC1",0.0130294661281792,-0.330931955049943,0.191013859764152,0.849641074331715,0.995247502719096,6599,"3"
"5239","GSK3A",-0.0183580866948543,0.291719453326577,-0.190593389865196,0.849967946461217,0.995440422701574,2931,"19"
"5240","COX8A",-0.02667957421814,0.314138608749237,-0.190158845885301,0.850305788040222,0.995646113504556,1351,"11"
"5241","SCRN3",-0.0192827341481514,-1.11849188032026,-0.189815497086031,0.850572749102425,0.99576874575447,79634,"2"
"5242","RBM19",0.0197734838782286,-1.68037818753583,0.189442930511022,0.850862447847299,0.995891297007446,9904,"12"
"5243","MRPL15",-0.0125125318811714,1.09722127801968,-0.189231319755888,0.851027000608558,0.995891297007446,29088,"8"
"5244","GCAT",0.0565641391832142,-1.05368662804832,0.188680957105294,0.851455005331696,0.995891297007446,23464,"22"
"5245","FOXO3",-0.0311502877602452,-4.17393093543981,-0.188389082243432,0.851682008434564,0.995891297007446,2309,"6"
"5246","EPM2A",0.0267035116941376,-3.33786781482641,0.188374885631316,0.851693050052019,0.995891297007446,7957,"6"
"5247","BABAM2",0.018917805349488,-0.335766005576503,0.188223990434154,0.851810412818462,0.995891297007446,9577,"2"
"5248","BAIAP2",0.0236366552958291,-0.303659476552279,0.18774308933199,0.852184469336437,0.995891297007446,10458,"17"
"5249","ELP6",0.0154043509802864,-1.50752821345786,0.187530675629441,0.852349700916705,0.995891297007446,54859,"3"
"5250","ABCD4",0.0257697392113871,-2.44994193572123,0.18748573808188,0.852384657636409,0.995891297007446,5826,"14"
"5251","AFTPH",0.0180416508213228,-1.4538427258873,0.187368168399951,0.852476116004764,0.995891297007446,54812,"2"
"5252","TMBIM1",-0.0371553486648475,-0.58207119928031,-0.186975742606135,0.85278140206491,0.995891297007446,64114,"2"
"5253","PRNP",-0.0174106565790333,0.558988009913216,-0.186451055217487,0.853189616471933,0.995891297007446,5621,"20"
"5254","CCDC61",-0.0268153279029871,-0.749171757900695,-0.186236050454905,0.85335690516552,0.995891297007446,729440,"19"
"5255","SNIP1",0.0410418461171567,-2.20917150820983,0.185856747677167,0.853652045955577,0.995891297007446,79753,"1"
"5256","NCOA7",0.017055198184283,-1.07876019670985,0.185470352175869,0.853952727688569,0.995891297007446,135112,"6"
"5257","FKBP9",-0.016995778095816,0.976849668829313,-0.185183542474371,0.854175928979049,0.995891297007446,11328,"7"
"5258","PRXL2A",0.0147223292873314,0.607272853534462,0.18498257495997,0.854332333353007,0.995891297007446,84293,"10"
"5259","MRPS30",-0.0126418383198448,0.806511547356443,-0.184910381842367,0.854388519611607,0.995891297007446,10884,"5"
"5260","PNKD",0.0290714533845886,-2.81583584651339,0.184616904932821,0.854616933940039,0.995891297007446,25953,"2"
"5261","ST6GAL1",-0.0394882152261864,-2.28076150625185,-0.184324085902603,0.854844848919688,0.995891297007446,6480,"3"
"5262","PARP4",-0.0291178159258684,-0.174491121720473,-0.183740280643675,0.855299290049309,0.995891297007446,143,"13"
"5263","SP3",-0.0237143982124637,-1.53805701697745,-0.183659225720608,0.855362388155424,0.995891297007446,6670,"2"
"5264","DNAL1",0.0371796126911743,-3.92367394537466,0.183581450182294,0.855422934295957,0.995891297007446,83544,"14"
"5265","RRP15",-0.0199822678191585,-0.601974635412916,-0.183566936726585,0.855434232724775,0.995891297007446,51018,"1"
"5266","NOMO2",-0.0163097825171628,2.9021492072858,-0.18348772597807,0.85549589721986,0.995891297007446,283820,"16"
"5267","PAFAH1B3",0.0185777268201055,3.75365414843963,0.183314661797141,0.855630628546674,0.995891297007446,5050,"19"
"5268","DLG3",-0.0216649567239396,-0.200941685774283,-0.183238209953005,0.855690148087865,0.995891297007446,1741,"X"
"5269","GGH",-0.0204092257095476,-0.230876047994557,-0.18275637359741,0.856065288626132,0.995891297007446,8836,"8"
"5270","RIDA",0.0269398829503445,0.209123367423498,0.181503459278801,0.85704092164051,0.995891297007446,10247,"8"
"5271","FGF2",0.0256671502925472,-1.09949256084071,0.181493640633636,0.857048568233362,0.995891297007446,2247,"4"
"5272","PEAK1",-0.0509613355197107,-5.11182568392879,-0.181276493870643,0.857217681996758,0.995891297007446,79834,"15"
"5273","MOCOS",-0.0591176943037746,0.0550234058480341,-0.18121876746162,0.857262640440023,0.995891297007446,55034,"18"
"5274","TRIP10",-0.0189430364827574,-0.449627244831589,-0.180851991142897,0.857548304217995,0.995891297007446,9322,"19"
"5275","GALT",0.018066951458583,0.300753242362197,0.180680021295017,0.857682249665236,0.995891297007446,2592,"9"
"5276","UPF3B",0.014668293795103,-1.41968460397857,0.18027716311291,0.857996048276235,0.995891297007446,65109,"X"
"5277","DARS2",0.0122071444409257,1.00795865486884,0.18002969579584,0.858188819791543,0.995891297007446,55157,"1"
"5278","PIK3CB",0.0220382191288526,-2.48755731488606,0.17990147986765,0.858288700610773,0.995891297007446,5291,"3"
"5279","PRKCI",-0.0250945204878475,-1.57009986884061,-0.179739767711109,0.858414678529323,0.995891297007446,5584,"3"
"5280","AGPAT5",-0.0207564062664578,1.83159718471897,-0.179729944559557,0.858422331137717,0.995891297007446,55326,"8"
"5281","PGPEP1",-0.0256008601881053,-2.08645034770953,-0.179717181278053,0.858432274239836,0.995891297007446,54858,"19"
"5282","FOXM1",0.0462722386977434,1.72454471465565,0.179505654785856,0.85859706517397,0.995891297007446,2305,"12"
"5283","HIKESHI",-0.021257482777305,0.0465896592718253,-0.179219142523319,0.858820284462756,0.995891297007446,51501,"11"
"5284","VDAC2",-0.0150665010841635,5.34480293127793,-0.178930283465871,0.859045344050283,0.995891297007446,7417,"10"
"5285","CLPX",-0.0152397558755597,0.786387528128804,-0.178929121454027,0.859046249436077,0.995891297007446,10845,"15"
"5286","PPP1CA",-0.0229066517048089,1.26457112324293,-0.1787603891648,0.859177719872642,0.995891297007446,5499,"11"
"5287","ATAD3B",0.0180113425609415,-0.612210593214225,0.178649506579034,0.859264118016544,0.995891297007446,83858,"1"
"5288","COG3",0.0155832144505762,0.60620124913327,0.178424893492404,0.859439138751284,0.995891297007446,83548,"13"
"5289","RASSF4",-0.0188631879037842,-2.44553147373366,-0.178241526869793,0.859582025181634,0.995891297007446,83937,"10"
"5290","WDR77",-0.0228872069376069,0.764650982152429,-0.177941642283504,0.859815717303755,0.995891297007446,79084,"1"
"5291","KIAA0930",0.0219540646527701,-1.00421477362781,0.177842992220454,0.859892595491107,0.995891297007446,23313,"22"
"5292","CMTM4",0.0131751969508109,-0.169350903389182,0.177505577214369,0.86015555414537,0.995891297007446,146223,"16"
"5293","DLAT",-0.0223850795204488,3.18222422313014,-0.176764328160082,0.860733290830596,0.995891297007446,1737,"11"
"5294","SLC26A2",0.0242691556160719,-2.06593302131268,0.176669519183163,0.860807191485965,0.995891297007446,1836,"5"
"5295","THAP4",-0.0257458365866022,0.311657912648035,-0.176458602788191,0.860971598834896,0.995891297007446,51078,"2"
"5296","KNDC1",-0.0247517083447706,-2.19754232227926,-0.17614883380021,0.86121307225559,0.995891297007446,85442,"10"
"5297","RPL32",0.0302151871620953,2.30653351288053,0.176126230223644,0.861230692894021,0.995891297007446,6161,"3"
"5298","THOC3",0.0156022581711036,-0.160844654138056,0.176084810267551,0.861262982045207,0.995891297007446,84321,"5"
"5299","ACTBL2",-0.0252239904108853,1.84681508531122,-0.176052085954144,0.861288492632257,0.995891297007446,345651,"5"
"5300","DDB2",0.0222418642627005,-0.400028590980557,0.175925896563519,0.861386866330403,0.995891297007446,1643,"11"
"5301","ARSL",0.0347031871829441,0.2352015370354,0.175640211758818,0.861609586459629,0.995891297007446,415,"X"
"5302","MAP2K3",0.0162436466978428,0.0940459747787615,0.175300928422556,0.861874106978118,0.995891297007446,5606,"17"
"5303","ZFYVE27",-0.0159755550872374,-0.964525028165064,-0.175284441027345,0.861886961703917,0.995891297007446,118813,"10"
"5304","EIF1AD",-0.0273917868975491,-2.14630872754571,-0.17514904511803,0.861992527263769,0.995891297007446,84285,"11"
"5305","LYPLA1",-0.0182578123008432,2.73034024548876,-0.174707755512244,0.862336610052617,0.995891297007446,10434,"8"
"5306","NEFM",-0.0368654293446193,-1.66616790247572,-0.174343011505864,0.86262102922119,0.995891297007446,4741,"8"
"5307","NAF1",0.0274368296434608,-2.49964991534565,0.174215944115607,0.862720117882786,0.995891297007446,92345,"4"
"5308","POLR3E",-0.0143013559737022,-1.01900786820925,-0.174168786248131,0.862756892722451,0.995891297007446,55718,"16"
"5309","ADISSP",0.0247392815951047,-0.370315025941958,0.173845512413676,0.863008997794285,0.995891297007446,54976,"20"
"5310","NT5DC2",0.0261530880703126,0.508638052448771,0.173768349141626,0.863069175720084,0.995891297007446,64943,"3"
"5311","RBM7",0.0199042892850571,-0.795214276339996,0.173615879122442,0.863188086148138,0.995891297007446,10179,"11"
"5312","REPS1",0.0140373628308902,-0.511931043025445,0.173607558791898,0.863194575215797,0.995891297007446,85021,"6"
"5313","LUZP1",-0.0245969093590086,-1.06995813055646,-0.173590978147925,0.863207506572202,0.995891297007446,7798,"1"
"5314","SECISBP2L",-0.0358725549273102,-2.94586875737889,-0.17355991676213,0.863231731660122,0.995891297007446,9728,"15"
"5315","DIP2A",-0.0150638962671856,-0.421587218844468,-0.173277803627168,0.863451760683864,0.995891297007446,23181,"21"
"5316","FXN",0.0352258268635079,-0.858340662763176,0.173274518387243,0.86345432301235,0.995891297007446,2395,"9"
"5317","TMEM41A",-0.0198377170996233,-1.79291340725212,-0.173231951710064,0.863487523100468,0.995891297007446,90407,"3"
"5318","LLPH",0.0277056658140908,-2.0038053214829,0.172965047158218,0.863695702346913,0.995891297007446,84298,"12"
"5319","BAK1",0.0215380553418376,0.00859922671495364,0.172869078034449,0.863770558413057,0.995891297007446,578,"6"
"5320","LPCAT4",0.0185644753687386,-2.49718814658882,0.172635246060429,0.863952953062149,0.995891297007446,254531,"15"
"5321","ND1",0.0268367900112145,-1.24232402045878,0.172349619812049,0.86417575878125,0.995891297007446,4535,"MT"
"5322","SPTB",-0.0249464438735026,-0.117337330070702,-0.172138833204555,0.864340192295741,0.995891297007446,6710,"14"
"5323","MGA",0.0341226792416283,-2.94443363754112,0.171962414881079,0.864477820010706,0.995891297007446,23269,"15"
"5324","TUBB4A",0.0384319031671965,-1.89720361996278,0.171404575589046,0.864913030628537,0.995891297007446,10382,"19"
"5325","BRAT1",0.0195472520938662,-1.59458858755063,0.171289879866387,0.865002518332432,0.995891297007446,221927,"7"
"5326","PIR",-0.0172818262945942,1.28328240486778,-0.171231536950888,0.865048039237632,0.995891297007446,8544,"X"
"5327","SSBP1",-0.0188772641455093,4.30953197294289,-0.171113296985384,0.86514029506474,0.995891297007446,6742,"7"
"5328","PCDH1",-0.019943978157517,-0.57540468753857,-0.170989077808816,0.865237218192853,0.995891297007446,5097,"5"
"5329","NOP16",-0.015178711332123,-0.357286852506553,-0.17096923304789,0.865252702441936,0.995891297007446,51491,"5"
"5330","ATG4C",0.0257329476095278,-2.64278717021394,0.17035833345644,0.865729394771506,0.995891297007446,84938,"1"
"5331","HNRNPA0",-0.0141406535450281,2.9726822669293,-0.170252035798681,0.86581234533346,0.995891297007446,10949,"5"
"5332","PTPRK",-0.0246879163652676,-1.36913745585176,-0.17010713932463,0.865925419397972,0.995891297007446,5796,"6"
"5333","RUNDC3A",0.0187009665365558,0.180447714178378,0.169959205236404,0.866040866907339,0.995891297007446,10900,"17"
"5334","DPH1",-0.0312018886051457,-3.09790925264182,-0.169810560136022,0.866156872295756,0.995891297007446,1801,"17"
"5335","TOX",0.0287746642982816,-3.63360353037826,0.169802603487292,0.866163081896661,0.995891297007446,9760,"8"
"5336","SIRT3",-0.014827997500272,0.283573589318159,-0.169583369433664,0.866334181943317,0.995891297007446,23410,"11"
"5337","NIBAN2",-0.0163517834940952,2.74046576335122,-0.169503163853596,0.866396779594808,0.995891297007446,64855,"9"
"5338","PDCD4",0.0308866621431196,1.68436126830627,0.169478930069033,0.866415693388687,0.995891297007446,27250,"10"
"5339","CST3",0.0258127780962329,3.96943225318382,0.16896435003021,0.866817327615208,0.995904794237357,1471,"20"
"5340","POLD1",0.0146668847118907,-0.602865242564904,0.168831651617702,0.866920905716724,0.995904794237357,5424,"19"
"5341","TCF4",0.0299360118783785,-3.93758421952103,0.168358124649825,0.867290537898404,0.995904794237357,6925,"18"
"5342","LIAS",-0.0267231467047193,-2.39714636862044,-0.167873868492544,0.867668576558402,0.995904794237357,11019,"4"
"5343","LYST",0.0235632960161101,-1.87435724468397,0.167809683154149,0.867718685759003,0.995904794237357,1130,"1"
"5344","RCL1",0.0144162218464328,-0.777974824105723,0.167564195392286,0.867910342052663,0.995904794237357,10171,"9"
"5345","CLSTN3",-0.0353133011720814,-3.4168435089739,-0.167342043655392,0.868083786519715,0.995904794237357,9746,"12"
"5346","ENY2",0.0232154529654423,-0.376648466557897,0.167300458070708,0.868116255108108,0.995904794237357,56943,"8"
"5347","SCAMP4",0.0286517710272986,0.00157780603872994,0.167171760835684,0.86821673893633,0.995904794237357,113178,"19"
"5348","FTSJ3",0.0183256180654057,-0.167480222823617,0.16712303363353,0.868254784590472,0.995904794237357,117246,"17"
"5349","SPAST",0.0138238314108721,-0.355220891084773,0.166897239946011,0.868431085932134,0.995904794237357,6683,"2"
"5350","SLC37A4",-0.0228279125028976,2.88983437173689,-0.166566325211295,0.8686894788877,0.995904794237357,2542,"11"
"5351","NFKB2",-0.0242330094058336,0.619173876702709,-0.165908812240162,0.869202937719731,0.995904794237357,4791,"10"
"5352","ATP5ME",-0.0236797330699647,3.40702546331586,-0.165481279650438,0.869536833357953,0.995904794237357,521,"4"
"5353","CPPED1",-0.0181578990315501,2.163073946291,-0.16537074503593,0.869623162955545,0.995904794237357,55313,"16"
"5354","INSR",-0.0189515371568175,-0.348276952714183,-0.165124068520078,0.869815827769986,0.995904794237357,3643,"19"
"5355","RGN",-0.0239226035056097,1.52631968508602,-0.165086953672584,0.869844816737775,0.995904794237357,9104,"X"
"5356","COA3",0.0266640972768215,0.863628362941928,0.16455671218768,0.870258987720776,0.995904794237357,28958,"17"
"5357","ESD",0.0139158631025262,4.60403334924297,0.163763079765835,0.870878962451424,0.995904794237357,2098,"13"
"5358","PITPNM1",-0.0147612455450674,0.521515433281523,-0.163359873323451,0.871193973547172,0.995904794237357,9600,"11"
"5359","NDUFAF7",-0.0162094809090223,-0.522486882046929,-0.163021115348983,0.871458649805162,0.995904794237357,55471,"2"
"5360","SLC41A1",0.0196332029770888,0.640558516098422,0.162821717123937,0.871614449406818,0.995904794237357,254428,"1"
"5361","ENSA",0.0328079998989077,-2.88852481361439,0.162789280060472,0.871639794565672,0.995904794237357,2029,"1"
"5362","BAIAP2L1",-0.0338360668802492,-0.166817164671283,-0.162747352349792,0.871672555580036,0.995904794237357,55971,"7"
"5363","RABAC1",0.0186712065913688,-0.00585985418632469,0.162473397882116,0.87188662077078,0.995904794237357,10567,"19"
"5364","MSI2",0.0198196449053089,-1.02969832704998,0.162107898014432,0.872172233845726,0.995904794237357,124540,"17"
"5365","CAMK1D",-0.0184291001909119,-0.523288096226074,-0.16178039728015,0.872428167988993,0.995904794237357,57118,"10"
"5366","BAG5",-0.0202181583571109,-0.486625307289553,-0.161772246358443,0.872434537921122,0.995904794237357,9529,"14"
"5367","TRAF2",-0.0230386711181247,-1.85875433848112,-0.160956464783863,0.873072113525033,0.995904794237357,7186,"9"
"5368","POLR3GL",-0.031928911916502,-4.44635124042357,-0.160831555919559,0.873169743891172,0.995904794237357,84265,"1"
"5369","ARPIN",0.0196725921752063,1.1110284042264,0.16069095504937,0.873279641742781,0.995904794237357,348110,"15"
"5370","SDHD",-0.0248415436782362,0.762557654291223,-0.160210513385891,0.873655188594748,0.995904794237357,6392,"11"
"5371","CLN5",0.0204436824482739,-0.500071663525688,0.160047823643741,0.873782365033353,0.995904794237357,1203,"13"
"5372","CLPTM1L",-0.0145826010067606,-0.57343174514388,-0.159653906630981,0.874090308581883,0.995904794237357,81037,"5"
"5373","DNPH1",0.0169954043279716,1.2897885492657,0.159626558746369,0.874111688455894,0.995904794237357,10591,"6"
"5374","SSB",0.015869013735597,2.92799343717817,0.15906793479982,0.874548427296112,0.995904794237357,6741,"2"
"5375","FBH1",0.0188294243091531,-1.28919682364829,0.159032222542164,0.874576348922339,0.995904794237357,84893,"10"
"5376","TMEM161A",-0.0210566490865127,-1.38248411007753,-0.159012633960415,0.874591664322912,0.995904794237357,54929,"19"
"5377","PLP2",-0.0170315417370821,3.49852657517527,-0.15889980272677,0.874679882769204,0.995904794237357,5355,"X"
"5378","CDC42EP1",-0.040793263263442,-1.15374580493413,-0.158122622305555,0.875287574683047,0.995904794237357,11135,"22"
"5379","ADCY9",-0.0533934996458072,-6.49087933919807,-0.158080585638294,0.875320446132569,0.995904794237357,115,"16"
"5380","RELA",0.0144141873930693,0.580335001474779,0.157961585726894,0.875413501815425,0.995904794237357,5970,"11"
"5381","SLC25A32",-0.015669797663211,-0.730671828345674,-0.157888713105624,0.875470487716917,0.995904794237357,81034,"8"
"5382","IVNS1ABP",-0.0239392577891099,-0.955778334395582,-0.15766780365755,0.875643241544016,0.995904794237357,10625,"1"
"5383","SPAG1",0.0247802797917565,-1.61581745822766,0.157554810440275,0.875731605982201,0.995904794237357,6674,"8"
"5384","GDAP1",0.0160616623497016,1.68865398834479,0.157422320351228,0.875835219680405,0.995904794237357,54332,"8"
"5385","AMOT",0.0244309540814314,-2.06277567838739,0.157313799578659,0.875920089862312,0.995904794237357,154796,"X"
"5386","RPL30",-0.0177107440181903,3.37029866391329,-0.15726764164907,0.875956188765874,0.995904794237357,6156,"8"
"5387","PTPN2",0.0167214968120175,-1.91737447263372,0.157227163093313,0.875987846202231,0.995904794237357,5771,"18"
"5388","KDSR",0.0133332236995429,-0.654951065662358,0.156981122811264,0.876180273643771,0.995904794237357,2531,"18"
"5389","KPTN",0.0185505555255585,-2.7186010776685,0.156515439452956,0.876544504258548,0.995904794237357,11133,"19"
"5390","PCDH17",-0.0251660338456894,-3.97383428185369,-0.155728509782671,0.877160057186767,0.995904794237357,27253,"13"
"5391","DGKA",-0.0165828574953699,-1.15184147277787,-0.155583951188646,0.877273142403845,0.995904794237357,1606,"12"
"5392","TTC13",0.0126928168077739,-0.993832417384717,0.155425532008752,0.877397073476267,0.995904794237357,79573,"1"
"5393","NDUFV3",-0.0272567780769428,-0.383905661800036,-0.155272518472897,0.877516778701472,0.995904794237357,4731,"21"
"5394","JADE2",-0.0266357892250517,-3.36252520876487,-0.155141276578049,0.877619453913014,0.995904794237357,23338,"5"
"5395","NDUFA4",0.0261170320415283,2.20872268800394,0.155061934286956,0.877681527257857,0.995904794237357,4697,"7"
"5396","FBXL8",0.0171508000445442,0.218547794634975,0.1549644809152,0.87775777085936,0.995904794237357,55336,"16"
"5397","INS",-0.0573201440974556,4.8807923048725,-0.154184882918592,0.878367739566815,0.995904794237357,3630,"11"
"5398","ACOX1",-0.0156182687958268,1.26223972319557,-0.154111412635796,0.878425227668882,0.995904794237357,51,"17"
"5399","MRPL11",-0.0125054507029485,1.12505093594585,-0.153914122562651,0.878579604033464,0.995904794237357,65003,"11"
"5400","AGPAT1",-0.0168000445589713,0.864629344672286,-0.153907743872556,0.878584595338155,0.995904794237357,10554,"6"
"5401","MFSD1",-0.0132194264396213,0.329758793519944,-0.153761563543379,0.87869898236102,0.995904794237357,64747,"3"
"5402","IER3IP1",0.0229144622239195,1.49786449330819,0.153546692906079,0.878867124779365,0.995904794237357,51124,"18"
"5403","REG1B",-0.0743401129938999,4.99093287948326,-0.153308166374872,0.879053785293014,0.995904794237357,5968,"2"
"5404","MAT2B",0.0138581836994347,1.87050502987703,0.15324845659306,0.879100512676494,0.995904794237357,27430,"5"
"5405","TMEM201",-0.0144205557367341,-0.369682776701645,-0.152933526467765,0.879346976396765,0.995904794237357,199953,"1"
"5406","HYPK",-0.0172403315584755,-1.91714214768331,-0.15286199116577,0.879402961491185,0.995904794237357,25764,"15"
"5407","SNAP47",0.017902727746939,-3.55498409184917,0.152781649171794,0.879465839646323,0.995904794237357,116841,"1"
"5408","CC2D1B",-0.0135678108655826,-0.0404535367770229,-0.152708025690099,0.879523460380801,0.995904794237357,200014,"1"
"5409","ZNF784",0.0208991728455262,0.301864922716063,0.152673576135416,0.879550422233802,0.995904794237357,147808,"19"
"5410","DPP8",-0.0253304591565069,-1.87652903811187,-0.152394376752623,0.879768942271449,0.995904794237357,54878,"15"
"5411","KCTD14",0.074374043159428,0.627309659868808,0.152302430739071,0.879840907441172,0.995904794237357,65987,"11"
"5412","STAMBP",0.0141080336352146,-0.492110513191268,0.152274760242532,0.879862565048289,0.995904794237357,10617,"2"
"5413","NOL6",0.0161032506613212,-1.40346837186757,0.152259769243783,0.879874298493164,0.995904794237357,65083,"9"
"5414","PIGQ",0.0255217263821939,-2.43399798131892,0.152235084066282,0.879893619625402,0.995904794237357,9091,"16"
"5415","CD44",-0.0446970479715358,2.37483822360119,-0.15219809993554,0.879922567309916,0.995904794237357,960,"11"
"5416","HAPLN4",-0.0217660207897756,-0.834519181708736,-0.152181643244892,0.87993544810695,0.995904794237357,404037,"19"
"5417","GPANK1",-0.0255560794816387,-1.46939640712596,-0.151754211311219,0.880270014465749,0.995904794237357,7918,"6"
"5418","CYB5A",-0.0314973729913817,2.9669735766009,-0.151577924278287,0.880408007176014,0.995904794237357,1528,"18"
"5419","YEATS4",0.0149286110469359,-0.988972989041602,0.15144524069066,0.880511870792956,0.995904794237357,8089,"12"
"5420","FKBP10",0.0307671373931947,-0.413944352649407,0.150985279371981,0.880871941322255,0.995904794237357,60681,"17"
"5421","UROS",-0.0155399308934932,0.174081832908797,-0.150665366465137,0.881122393224055,0.995904794237357,7390,"10"
"5422","CRADD",-0.0167765130337585,-1.00571744478067,-0.150431345498032,0.881305610315318,0.995904794237357,8738,"12"
"5423","C1orf116",-0.0169077805967939,0.689318000518541,-0.150034829454342,0.881616061380694,0.995904794237357,79098,"1"
"5424","SPRY4",-0.0293162037517072,-2.53302319560988,-0.149799550034709,0.881800281690359,0.995904794237357,81848,"5"
"5425","PDE8A",0.0354787835244847,-3.03685358680677,0.149716513638988,0.881865299556284,0.995904794237357,5151,"15"
"5426","CPLX1",0.0290658752600241,-2.99403318025773,0.149559229735411,0.881988455828271,0.995904794237357,10815,"4"
"5427","CYB5D2",-0.0214946091286736,-0.846711055469898,-0.149308739651986,0.882184600452444,0.995904794237357,124936,"17"
"5428","GATD3",0.011256299174935,2.8689621872148,0.149138150241373,0.882318183696085,0.995904794237357,8209,"21"
"5429","RPS12",-0.017032941699346,3.9732352162577,-0.148685550627256,0.882672617258048,0.995904794237357,6206,"6"
"5430","CTNND2",0.0179008374602387,-2.90935356529485,0.148657329376447,0.882694718307684,0.995904794237357,1501,"5"
"5431","FGD5",0.0428926125785365,-4.65706411600004,0.148320265073106,0.882958692531746,0.995904794237357,152273,"3"
"5432","GPR180",-0.0166124385834554,-0.973390213888415,-0.148052241711218,0.883168606557616,0.995904794237357,160897,"13"
"5433","TUBGCP5",-0.0211329063228884,-4.47230912041706,-0.147822571274217,0.883348489657126,0.995904794237357,114791,"15"
"5434","MRPL43",0.0121658493251577,1.17171893550776,0.147633557011187,0.8834965346306,0.995904794237357,84545,"10"
"5435","FAM76B",0.0190437146248827,-1.32842590669667,0.147597803360094,0.883524539071112,0.995904794237357,143684,"11"
"5436","CTNNA2",0.0180130206125536,0.919060276575151,0.147456561665501,0.883635169667967,0.995904794237357,1496,"2"
"5437","ZFYVE28",-0.0274956996839294,-0.692589166942162,-0.147171927783891,0.883858122478784,0.995904794237357,57732,"4"
"5438","C1orf50",-0.028114690208918,-2.82455868452019,-0.146702213188971,0.884226069418973,0.995904794237357,79078,"1"
"5439","DYM",0.0115018568576542,0.0868693472168215,0.14669044009874,0.884235292104606,0.995904794237357,54808,"18"
"5440","MICOS10",0.0255707291594707,-1.37865771107303,0.14664182764566,0.884273373815182,0.995904794237357,440574,"1"
"5441","UCK1",-0.0147800874251333,-0.391191301635896,-0.146545294166668,0.884348996418217,0.995904794237357,83549,"9"
"5442","MCC",0.0128465633712021,0.510225936653714,0.146425767184141,0.884442633245754,0.995904794237357,4163,"5"
"5443","GRWD1",0.0205043211753211,-0.52693516073535,0.145818206933617,0.884918618873233,0.995904794237357,83743,"19"
"5444","HINT2",0.0150651049592994,2.36937937928551,0.145677576012552,0.885028800631931,0.995904794237357,84681,"9"
"5445","PHGDH",-0.0481866254318,2.638772304955,-0.145224229838803,0.885384004875344,0.995904794237357,26227,"1"
"5446","WWP2",-0.0248301074524258,-3.47807457685676,-0.144614426334398,0.885861833955761,0.995904794237357,11060,"16"
"5447","PXN",0.0154993908894626,0.229176174180372,0.144215785404624,0.886174223964662,0.995904794237357,5829,"12"
"5448","S100A6",0.0343821939024767,3.37141447003759,0.143913553667852,0.886411076422109,0.995904794237357,6277,"1"
"5449","PRKCD",0.0117053685897633,-0.134906068158724,0.143829712201508,0.886476783039345,0.995904794237357,5580,"3"
"5450","ADI1",0.0235601809144599,-1.64538435696446,0.143804503365213,0.886496539381787,0.995904794237357,55256,"2"
"5451","SPRYD4",-0.0142082663793679,1.95591398667106,-0.143599250642355,0.886657400125888,0.995904794237357,283377,"12"
"5452","PKM",0.0130220253004776,7.09666925664965,0.143096476271452,0.887051455241433,0.995904794237357,5315,"15"
"5453","CTSD",-0.0163986428909197,4.92940273924105,-0.143061419868817,0.887078932183272,0.995904794237357,1509,"11"
"5454","RPL18",-0.0278099996841359,3.77647377063994,-0.142926941943878,0.887184336272759,0.995904794237357,6141,"19"
"5455","SRPK1",-0.0248953343229202,-0.203673501263976,-0.142870498953587,0.887228577032028,0.995904794237357,6732,"6"
"5456","FAM210A",-0.0117758315885325,-0.730844584512574,-0.142845864851179,0.887247885681013,0.995904794237357,125228,"18"
"5457","HMG20A",-0.0143881167432837,-0.682220283350966,-0.142670386522258,0.887385430747348,0.995904794237357,10363,"15"
"5458","PRDX3",-0.0113494536954875,5.75240633696329,-0.142655639418325,0.887396990121787,0.995904794237357,10935,"10"
"5459","BTF3L4",0.0150738308604654,1.40404350867464,0.142414176331566,0.887586262177049,0.995904794237357,91408,"1"
"5460","RBPMS",0.0303562232848922,-1.89462093286706,0.14220379638121,0.887751175017243,0.995904794237357,11030,"8"
"5461","OGFR",0.0223226355011673,0.0344096772263448,0.141767897367179,0.888092884102072,0.995904794237357,11054,"20"
"5462","NFAT5",-0.0251795217431785,-2.50032181432653,-0.14175768563581,0.888100889522772,0.995904794237357,10725,"16"
"5463","CELF4",-0.0263086674015336,-0.57391288085841,-0.141669853189211,0.888169745692757,0.995904794237357,56853,"18"
"5464","RPL37",-0.0297546289951574,0.468851479343936,-0.141057353477042,0.888649938779446,0.995904794237357,6167,"5"
"5465","DBT",-0.0137506060017052,2.23090075805109,-0.140891999894716,0.888779581505498,0.995904794237357,1629,"1"
"5466","NOL9",0.0112894089734051,-0.897018857688288,0.14058559708992,0.889019819737592,0.995904794237357,79707,"1"
"5467","ZNF579",0.0203062193237757,-2.73411021500462,0.14028486481574,0.889255622283324,0.995904794237357,163033,"19"
"5468","TBC1D30",0.0192352430006693,-2.1554042023392,0.139758451441373,0.889668404775294,0.995904794237357,23329,"12"
"5469","LSM4",0.0138417167986181,0.11732198923905,0.139425990062167,0.889929117590026,0.995904794237357,25804,"19"
"5470","DIAPH1",0.0155869565576783,1.60822563828412,0.138971631617337,0.890285440934446,0.995904794237357,1729,"5"
"5471","GNB1",0.0118107706071999,4.78377740781564,0.138766119156195,0.890446618401409,0.995904794237357,2782,"1"
"5472","AMPD3",-0.0172290466163887,1.13580608854606,-0.138684066716033,0.890510971073172,0.995904794237357,272,"11"
"5473","MAGED2",0.016729044064662,0.330249947045385,0.138610616841008,0.890568577502846,0.995904794237357,10916,"X"
"5474","ACYP2",0.0225354004765439,-0.134483932597575,0.138285252196215,0.890823766883018,0.995904794237357,98,"2"
"5475","CDK4",0.0137508585956981,0.739206783048332,0.138168243793078,0.890915541580242,0.995904794237357,1019,"12"
"5476","STAT6",-0.0141757942883124,-0.0936797242515844,-0.137441709361529,0.891485427731167,0.995904794237357,6778,"12"
"5477","HGD",-0.0298361416086941,-1.01073739647095,-0.137337439903522,0.891567220434222,0.995904794237357,3081,"3"
"5478","NT5E",0.0187273056044803,-1.43280272903954,0.137253986585053,0.89163268507879,0.995904794237357,4907,"6"
"5479","RFTN1",0.0165122043051456,-1.18551044325888,0.136905744249266,0.89190587080025,0.995904794237357,23180,"3"
"5480","SETD7",0.0137739188216893,-0.487412379709782,0.136660413147032,0.892098333775268,0.995904794237357,80854,"4"
"5481","MBD2",0.0141705639888779,-1.60105641256895,0.136630835213243,0.892121538200354,0.995904794237357,8932,"18"
"5482","CCDC25",0.0129901319434243,-0.711412345447338,0.136145677904437,0.892502166653279,0.995904794237357,55246,"8"
"5483","MRTO4",0.0149945042773671,6.49683725048707,0.136124028157257,0.892519152489396,0.995904794237357,51154,"1"
"5484","CAMSAP2",-0.0238280738936756,-2.8577679388421,-0.136039557451465,0.892585426529983,0.995904794237357,23271,"1"
"5485","OCLN",0.0299373542547958,0.0882398501506932,0.135983196146479,0.892629646927896,0.995904794237357,100506658,"5"
"5486","GPD2",-0.0116173744302399,3.11664617502508,-0.135738922421502,0.89282130516456,0.995904794237357,2820,"2"
"5487","PRMT9",0.0111615167470366,-1.08219227657454,0.135676595735719,0.892870208002932,0.995904794237357,90826,"4"
"5488","SPHK2",-0.0286840655260541,-3.795242698794,-0.135568208288144,0.892955252103985,0.995904794237357,56848,"19"
"5489","DIMT1",-0.0127054573153793,-0.931734102386565,-0.135313224812309,0.893155324992264,0.995904794237357,27292,"5"
"5490","CYP2U1",-0.0180396781896928,-0.146097434723026,-0.135018238758866,0.89338679477752,0.995904794237357,113612,"4"
"5491","GPN3",-0.0138301794800438,-0.940383181436844,-0.134951088145282,0.893439487876115,0.995904794237357,51184,"12"
"5492","NFIB",-0.0212483546286768,-0.812543595418085,-0.134614892169975,0.893703308299199,0.995904794237357,4781,"9"
"5493","FLOT2",0.0104864497146933,1.19193869697884,0.134128617367248,0.894084920621269,0.995904794237357,2319,"17"
"5494","ORMDL1",0.0267394383911461,-1.11190734966504,0.133898283271509,0.894265688114629,0.995904794237357,94101,"2"
"5495","SDHC",-0.0184725382611364,-0.0962654689475193,-0.133896609888602,0.894267001415938,0.995904794237357,6391,"1"
"5496","MPV17",0.0207002454483409,-0.833935344241898,0.133794107382322,0.894347447822172,0.995904794237357,4358,"2"
"5497","DGKE",0.0148581060541784,-1.8109674622809,0.133660246051145,0.89445250708905,0.995904794237357,8526,"17"
"5498","BGN",0.0249022117151563,-0.0801121107107205,0.133456551782023,0.894612377507864,0.995904794237357,633,"X"
"5499","MYL12B",0.0145789806676735,3.82447796832841,0.133096542544836,0.894894943403532,0.995904794237357,103910,"18"
"5500","CLCN6",0.0168380678776194,-1.48432543546072,0.132814948622018,0.895115971994498,0.995904794237357,1185,"1"
"5501","MAP7D2",0.0157326803015631,0.0957986534702446,0.132274249737616,0.89554040097382,0.995904794237357,256714,"X"
"5502","TNFAIP8",0.0189028325356185,-1.21798008014428,0.132065065506651,0.895704611378919,0.995904794237357,25816,"5"
"5503","MAP1LC3B2",-0.0175942531656244,3.23801956744418,-0.131941525803427,0.89580159270104,0.995904794237357,643246,"12"
"5504","CLIP2",0.0126299909526586,1.15089452517328,0.131574522832754,0.896089707505366,0.995904794237357,7461,"7"
"5505","FBXO3",0.0141489656814667,-0.388757363447133,0.131200948471465,0.89638299586197,0.995904794237357,26273,"11"
"5506","ELL",0.0122576669979491,-1.11216726460126,0.131113426394504,0.896451710442127,0.995904794237357,8178,"19"
"5507","CKMT2",-0.0189356465772081,-1.72378471779118,-0.1306432330761,0.896820878445875,0.995904794237357,1160,"5"
"5508","GFM1",0.00961899465103855,2.18069705191447,0.130635537469607,0.896826920775508,0.995904794237357,85476,"3"
"5509","RAB39B",0.0171340836607381,0.773789020412303,0.13059423431372,0.896859350721674,0.995904794237357,116442,"X"
"5510","BRF1",0.0150111599221092,-1.68302850380143,0.130090260378079,0.897255069769105,0.995904794237357,2972,"14"
"5511","HS6ST1",0.0150429138518474,-0.353287655033342,0.129847240700963,0.897445897742819,0.995904794237357,9394,"2"
"5512","COX18",0.0131655172762032,-1.19484906963404,0.129765683119559,0.89750994113918,0.995904794237357,285521,"4"
"5513","MLPH",-0.0219006248183078,-1.94633480162871,-0.129611833987759,0.897630753644118,0.995904794237357,79083,"2"
"5514","ZNF629",0.0137272817776304,-2.1201270499254,0.129391147260444,0.897804055771965,0.995904794237357,23361,"16"
"5515","CRLF3",0.0108350761136493,-1.70608068139148,0.129129457531391,0.898009563566518,0.995904794237357,51379,"17"
"5516","BAG3",-0.0161700984111159,-0.980734726831525,-0.128912677467249,0.898179808722581,0.995904794237357,9531,"10"
"5517","BYSL",-0.0161195934749959,-0.699765972355043,-0.128867187563202,0.898215534196583,0.995904794237357,705,"6"
"5518","RCN1",-0.0134159628098471,2.32083471930861,-0.128545611866544,0.898468089653475,0.995904794237357,5954,"11"
"5519","BCCIP",0.0131357714639329,-0.247229054603949,0.128454861302638,0.898539364241568,0.995904794237357,56647,"10"
"5520","BICRA",-0.0117233423806526,-2.29788901555101,-0.128286436493493,0.89867164567207,0.995904794237357,29998,"19"
"5521","ELF2",0.0354078310345796,-4.03991870024256,0.127851628491561,0.899013158971495,0.995904794237357,1998,"4"
"5522","PIGM",0.0252525151117302,-3.01002452771231,0.127780662339251,0.899068900106774,0.995904794237357,93183,"1"
"5523","RASSF5",0.0197133661356076,-0.818293567186534,0.127747278087448,0.899095122309878,0.995904794237357,83593,"1"
"5524","SLC30A5",-0.0243199282912641,-1.66494261006833,-0.127657732945926,0.899165457564496,0.995904794237357,64924,"5"
"5525","CYC1",-0.0103808447756233,2.75293946147486,-0.127445280720606,0.899332336272994,0.995904794237357,1537,"8"
"5526","DDRGK1",0.013165661257847,2.4101921885343,0.127010915848228,0.899673539197177,0.995904794237357,65992,"20"
"5527","ARMCX4",0.0165863692645511,-2.48158394062916,0.126999908560316,0.89968218590978,0.995904794237357,100131755,"X"
"5528","OTULINL",0.0182193365712493,2.44639246402002,0.12634995245678,0.900192777248733,0.995904794237357,54491,"5"
"5529","PAAF1",-0.0116416173186434,0.257185177869399,-0.126064935462617,0.900416694000941,0.995904794237357,80227,"11"
"5530","LSM14B",-0.0196541129442968,-1.25243371287865,-0.125784940439954,0.900636673420956,0.995904794237357,149986,"20"
"5531","PSMG1",0.0170996392257448,-0.131317756338114,0.125664357053128,0.900731412788063,0.995904794237357,8624,"21"
"5532","MAT2A",-0.0169738548622109,1.96657746008556,-0.125530727993939,0.900836403540408,0.995904794237357,4144,"2"
"5533","ARL8A",0.011438779307823,1.60557978851171,0.125495670195439,0.900863948333147,0.995904794237357,127829,"1"
"5534","PRX",0.0220109428500179,-2.82267390342471,0.125441296412347,0.900906669875716,0.995904794237357,57716,"19"
"5535","GGA3",0.00995955984100449,-1.45156854670025,0.125389935912753,0.900947024153347,0.995904794237357,23163,"17"
"5536","IGFBP2",0.0193091122045872,0.587497119156105,0.125194433710672,0.90110063394613,0.995904794237357,3485,"2"
"5537","VMAC",0.0177243285874455,-0.918087496113087,0.125180909716203,0.901111260148502,0.995904794237357,400673,"19"
"5538","SYP",0.0157648590212194,3.0242052428316,0.125141773312066,0.901142010882788,0.995904794237357,6855,"X"
"5539","TMT1A",0.0156727625637894,2.74367995668992,0.125134517837651,0.90114771175994,0.995904794237357,25840,"12"
"5540","FBXW8",-0.019832981602284,-2.2957744312972,-0.124978659532046,0.9012701763056,0.995904794237357,26259,"12"
"5541","NID2",0.0369969498897333,-1.16839858955426,0.124662466462479,0.901518630277848,0.995904794237357,22795,"14"
"5542","SARDH",-0.0158088640837852,2.10919501107195,-0.12452965465174,0.901622992376818,0.995904794237357,1757,"9"
"5543","LGALS9",0.0313761787831732,-0.380107222920265,0.124461331609571,0.901676680583653,0.995904794237357,3965,"17"
"5544","NCL",0.0120295758866016,4.89146834324829,0.124032296688629,0.902013826699137,0.995904794237357,4691,"2"
"5545","OSTF1",-0.0127214739067518,0.0665203363247215,-0.123958344884876,0.902071941698573,0.995904794237357,26578,"9"
"5546","KBTBD6",-0.0128925858531885,-0.302500986291263,-0.123411601425971,0.902501616839099,0.995904794237357,89890,"13"
"5547","ERAP1",-0.0167664583872387,0.965114401171508,-0.123394082817428,0.902515384869541,0.995904794237357,51752,"5"
"5548","FCHO2",0.0127747110732432,-0.417642814479995,0.123219825525594,0.902652336893015,0.995904794237357,115548,"5"
"5549","UIMC1",0.0205011053800135,-2.62668400956029,0.123195889434115,0.902671148945706,0.995904794237357,51720,"5"
"5550","NUDT3",0.0107067166659913,1.15465337299428,0.123020791805468,0.902808764869573,0.995904794237357,11165,"6"
"5551","PPIL3",0.0195713067249932,0.0319661046185171,0.122952413352277,0.902862506939615,0.995904794237357,53938,"2"
"5552","COQ7",0.0123821779868471,0.479273816954944,0.122895700057352,0.902907081126927,0.995904794237357,10229,"16"
"5553","RINL",-0.0214669673911292,-5.81385786275698,-0.122323792388886,0.903356593558771,0.995904794237357,126432,"19"
"5554","RNF25",0.0144442062120489,-1.48392997981874,0.122167453097326,0.903479479966434,0.995904794237357,64320,"2"
"5555","LSG1",0.00879044961482532,0.149000075110217,0.121461826804165,0.904034149040449,0.995904794237357,55341,"3"
"5556","UBE2G1",0.0168767060004864,-3.01341400469499,0.121433509569816,0.904056409287631,0.995904794237357,7326,"17"
"5557","PLCXD3",0.0211222277752543,2.12551660661658,0.121186345491501,0.904250708915338,0.995904794237357,345557,"5"
"5558","APBA1",-0.0126414751763035,-1.28012807780137,-0.120108688774115,0.905097941867568,0.995904794237357,320,"9"
"5559","SNX7",-0.00978398074535192,-0.879861284014096,-0.120067953125902,0.90512996966868,0.995904794237357,51375,"1"
"5560","PALS1",-0.0102437801055785,-1.2264182716479,-0.120067497812982,0.905130327652642,0.995904794237357,64398,"14"
"5561","SP100",0.0178356747768821,-0.378365982566184,0.119771548610439,0.905363018185373,0.995904794237357,6672,"2"
"5562","RRM1",0.0105512520221257,-0.411165019382364,0.119742542989041,0.905385824358375,0.995904794237357,6240,"11"
"5563","TOE1",-0.0126780421819748,-1.29237574225429,-0.119671710560679,0.905441517926376,0.995904794237357,114034,"1"
"5564","SEMA4C",0.0141784286254238,0.151460668852693,0.119600591852546,0.905497437076802,0.995904794237357,54910,"2"
"5565","OXR1",0.0132063446258566,-1.47508332630566,0.11949671854485,0.905579111361887,0.995904794237357,55074,"8"
"5566","CPNE3",0.00935360527550078,4.24007466034438,0.119134687214825,0.905863780223125,0.995904794237357,8895,"8"
"5567","MON1B",0.0204009194816157,-1.49597687932984,0.1188978350152,0.906050026317506,0.995904794237357,22879,"16"
"5568","GORASP2",0.0104999765024312,2.50484047372999,0.118882066973599,0.906062425533424,0.995904794237357,26003,"2"
"5569","PCYOX1L",-0.0128048850038548,1.14869374332487,-0.118477451689306,0.906380603353298,0.995904794237357,78991,"5"
"5570","MPI",-0.0166400468614967,1.37040394974648,-0.118034690121548,0.906728796291449,0.995904794237357,4351,"15"
"5571","CD2AP",0.0128123610955289,1.85006648608902,0.117825802645321,0.906893074379126,0.995904794237357,23607,"6"
"5572","DGCR8",-0.0217727360218518,-2.51040501159537,-0.117719357340877,0.906976789141068,0.995904794237357,54487,"22"
"5573","S100A9",0.031266374775916,-0.516576093827032,0.117602416804385,0.907068759206258,0.995904794237357,6280,"1"
"5574","PPTC7",-0.0174027826116554,-2.64025859305053,-0.117579634012703,0.907086677309028,0.995904794237357,160760,"12"
"5575","ERI1",-0.0169431368514814,-0.768720873144927,-0.11757657542931,0.907089082813059,0.995904794237357,90459,"8"
"5576","BTD",0.0155704531104175,-1.69059448720544,0.117227554715769,0.907363585249371,0.995904794237357,686,"3"
"5577","ABR",0.010921724021315,0.851006880163769,0.117114761514498,0.907452298813145,0.995904794237357,29,"17"
"5578","COX1",-0.0205691810029262,1.17065773208301,-0.117048209799425,0.907504643312177,0.995904794237357,4512,"MT"
"5579","NAA20",-0.0192243366939775,-1.75548191941097,-0.116821554018969,0.907682916593529,0.995904794237357,51126,"20"
"5580","LAD1",-0.0337187880588015,0.474767271844869,-0.116775764071497,0.907718932696374,0.995904794237357,3898,"1"
"5581","MPHOSPH10",-0.0169071257369462,-0.389178231114223,-0.116614746600339,0.907845582630195,0.995904794237357,10199,"2"
"5582","RAB11FIP1",-0.0135189995531069,2.5536706964592,-0.116507139197927,0.907930223693855,0.995904794237357,80223,"8"
"5583","CRK",-0.0130226798890263,1.27176690132712,-0.116423466405899,0.907996039196762,0.995904794237357,1398,"17"
"5584","MVP",-0.0213322481806899,2.94841712966397,-0.116365114158504,0.908041938408222,0.995904794237357,9961,"16"
"5585","RPL19",-0.018043836056453,4.333918498057,-0.116274828176906,0.908112956962123,0.995904794237357,6143,"17"
"5586","LPP",0.011014296951477,1.2481649577889,0.115776259034718,0.90850514304082,0.995904794237357,4026,"3"
"5587","NSMCE4A",0.0141817858488871,-1.74423756194631,0.115619234838651,0.908628666751462,0.995904794237357,54780,"10"
"5588","HINT1",0.0157057185413181,3.17201716517758,0.115053629089688,0.909073621871346,0.995904794237357,3094,"5"
"5589","RNF2",-0.0134300981436129,-0.501852168144854,-0.114479891080347,0.909525004975021,0.995904794237357,6045,"1"
"5590","HMG20B",0.0127241789557215,-0.280810262272112,0.114346200329337,0.90963018933144,0.995904794237357,10362,"19"
"5591","ACSL4",-0.0130919185655791,-0.151363930111451,-0.114296891268238,0.909668984817727,0.995904794237357,2182,"X"
"5592","MED18",0.0144787031750053,-1.43623399620297,0.114229766511429,0.909721797735876,0.995904794237357,54797,"1"
"5593","APOC3",0.0553441029028541,-1.1357566234304,0.114174397413024,0.909765361762753,0.995904794237357,345,"11"
"5594","ABHD10",0.0115115782137516,2.40813266866022,0.113682928549772,0.910152058496643,0.995904794237357,55347,"3"
"5595","NAAA",0.0147233626387225,0.542225841612872,0.113576941402203,0.910235454049044,0.995904794237357,27163,"4"
"5596","TJP1",-0.0149484535768734,1.23716546365661,-0.113259967782588,0.910484869600974,0.995904794237357,7082,"15"
"5597","SLC9A6",0.012390139776055,-1.15487942175071,0.113192509952447,0.910537951018485,0.995904794237357,10479,"X"
"5598","RPL22",-0.0117832449749224,4.18271821515854,-0.112935709116837,0.910740027034887,0.995904794237357,6146,"1"
"5599","UQCC1",0.0103215452065213,0.325364030171711,0.112868344668507,0.910793036970891,0.995904794237357,55245,"20"
"5600","TBPL1",0.0130791901393723,-2.28479775891292,0.112867817030861,0.910793452177262,0.995904794237357,9519,"6"
"5601","RAI14",-0.0115565038819848,0.0797485534177355,-0.112807579880476,0.910840853906486,0.995904794237357,26064,"5"
"5602","ECH1",0.0112291537366649,3.45059038603932,0.112723934254794,0.910906676747964,0.995904794237357,1891,"19"
"5603","STK11",-0.0130313531277133,-1.90998015644973,-0.112444683299883,0.911126430952049,0.995904794237357,6794,"19"
"5604","GEMIN6",0.0126985105635007,-1.15614169578353,0.112135111439169,0.91137005423581,0.995904794237357,79833,"2"
"5605","WDR74",-0.0123458192242584,-0.791538031918545,-0.112109208105563,0.911390439736604,0.995904794237357,54663,"11"
"5606","AMOTL1",0.0170873671965177,-4.89082993338748,0.111990757354257,0.911483659320513,0.995904794237357,154810,"11"
"5607","ALPL",-0.0191599136229275,-0.723797582431473,-0.111978600489653,0.911493226726179,0.995904794237357,249,"1"
"5608","TBL3",0.0128099576715452,-0.136917679712557,0.111859155399607,0.911587230264804,0.995904794237357,10607,"16"
"5609","PUS3",-0.0132111099881875,-2.55218915977582,-0.111646855501579,0.911754313922253,0.995904794237357,83480,"11"
"5610","DYNC2I2",-0.0249070356688117,-3.60781163462977,-0.111344783381222,0.911992056877973,0.995904794237357,89891,"9"
"5611","BHLHA15",-0.0212075139570116,-1.61301457363975,-0.111343340612846,0.911993192414698,0.995904794237357,168620,"7"
"5612","SALL2",0.0177654428281855,-5.43875560342912,0.111313759403752,0.912016474467134,0.995904794237357,6297,"14"
"5613","THAP11",-0.0116736310942134,-0.652345094278369,-0.111123931986694,0.912165881050249,0.995904794237357,57215,"16"
"5614","NENF",0.0158506379036265,2.41265560092634,0.111095601181039,0.912188179524018,0.995904794237357,29937,"1"
"5615","TPD52L1",-0.0188406403986909,-1.60189786947511,-0.110787594593805,0.912430608517723,0.995904794237357,7164,"6"
"5616","S100A16",-0.0248672533178969,-1.5066192845683,-0.110773782582501,0.912441480017246,0.995904794237357,140576,"1"
"5617","PCMTD1",0.0107149186338588,-0.713121952532417,0.110419710722459,0.912720177491691,0.995904794237357,115294,"8"
"5618","BCAR1",-0.0122433961013634,-0.624114746801338,-0.110395198059922,0.912739472343844,0.995904794237357,9564,"16"
"5619","PCNX3",0.0162725401541248,-3.91897296505139,0.110271474119236,0.912836860998764,0.995904794237357,399909,"11"
"5620","YBX1",0.0177913440170134,2.34559931669851,0.11025989604279,0.912845974691249,0.995904794237357,4904,"1"
"5621","TM9SF1",-0.0123655596847897,0.736063776609749,-0.109767895812753,0.913233264126177,0.995904794237357,10548,"14"
"5622","LIMK2",-0.0192617045132069,-0.799885311398692,-0.109684766545589,0.913298703391782,0.995904794237357,3985,"22"
"5623","MBLAC2",0.0113456618834287,-0.1863040618053,0.109620692132563,0.913349143116591,0.995904794237357,153364,"5"
"5624","SH3BGRL",0.0163013846493638,2.9743422796969,0.109505469632617,0.913439847809231,0.995904794237357,6451,"X"
"5625","ISCA1",-0.0128812769777446,0.914506351720509,-0.109484857732598,0.913456073896724,0.995904794237357,81689,"9"
"5626","RUFY3",-0.0132594774045078,1.42125293278902,-0.109250921740728,0.913640235485446,0.995904794237357,22902,"4"
"5627","C6orf47",-0.0153853368183841,-0.720058395065231,-0.108830247071515,0.913971415665537,0.995904794237357,57827,"6"
"5628","PDLIM7",-0.0184351811043994,-0.0365684009821931,-0.108627108054839,0.914131344399287,0.995904794237357,9260,"5"
"5629","UBE2D3",0.00993965312510614,1.60219220670462,0.107530076444264,0.914995085847131,0.995904794237357,7323,"4"
"5630","ESRRA",0.0265405010366839,-5.89962748606498,0.107238910659575,0.915224351179234,0.995904794237357,2101,"11"
"5631","RPL26",-0.0104740705080291,3.95286502930956,-0.106841349762605,0.915537404421604,0.995904794237357,6154,"17"
"5632","EPHX2",0.0136591296308453,2.85586839413222,0.106783510370041,0.915582950307011,0.995904794237357,2053,"8"
"5633","SPICE1",0.0124763805796064,-2.75125433260568,0.106761179473195,0.915600534947913,0.995904794237357,152185,"3"
"5634","CHD1",-0.0176276487813216,-2.54606379568732,-0.106639829885873,0.915696093391641,0.995904794237357,1105,"5"
"5635","AMPH",0.0142094440769602,0.686458048058967,0.106495373039526,0.915809849630902,0.995904794237357,273,"7"
"5636","PALM2AKAP2",-0.0112430678387191,0.442286595111781,-0.106104836848212,0.916117396352305,0.995904794237357,445815,"9"
"5637","RNF5",-0.0316979246324158,-4.39920225996966,-0.106100530409963,0.916120787739766,0.995904794237357,6048,"6"
"5638","PRDX4",-0.0172808306909764,3.0865050921701,-0.106053915403633,0.916157497888179,0.995904794237357,10549,"X"
"5639","AHNAK2",-0.0169609611566933,-0.71428833120608,-0.105831237042762,0.916332863641612,0.995904794237357,113146,"14"
"5640","GPALPP1",0.0158403673336853,-1.74245623094248,0.10572846027405,0.916413804802101,0.995904794237357,55425,"13"
"5641","ATL1",-0.00859762936563357,0.475030719486786,-0.105602807370532,0.916512763139722,0.995904794237357,51062,"14"
"5642","RPS2",-0.0120352561296322,4.53727591866041,-0.105244614401685,0.916794866543264,0.995904794237357,6187,"16"
"5643","CACYBP",0.0101015027082634,1.38960952495307,0.105214223598488,0.916818802048187,0.995904794237357,27101,"1"
"5644","SMG1",-0.0113930790453505,-1.47642878665952,-0.104983612586959,0.917000431631717,0.995904794237357,23049,"16"
"5645","DDT",-0.0202409119492479,2.54913680708152,-0.104914686298369,0.917054718960097,0.995904794237357,1652,"22"
"5646","RPS26",0.0287444745666843,2.7939953317666,0.104649631961374,0.917263483298451,0.995904794237357,6231,"12"
"5647","TRMT13",-0.0239067493349543,-4.27415053020431,-0.104492955578302,0.917386888878862,0.995904794237357,54482,"1"
"5648","DESI1",-0.0119628734028856,-1.50040888615837,-0.104443665097997,0.917425712775472,0.995904794237357,27351,"22"
"5649","RPUSD2",-0.0121570244906988,-2.07625609271394,-0.104418026519632,0.917445907212958,0.995904794237357,27079,"15"
"5650","CMPK2",-0.0116579800604993,-0.569366702562394,-0.104330465034493,0.917514876157429,0.995904794237357,129607,"2"
"5651","PEX13",0.00884605636471703,-0.888207752606577,0.104300784009567,0.917538254950512,0.995904794237357,5194,"2"
"5652","PHAX",0.010389633084686,-0.716332771740096,0.104243474451548,0.917583396065246,0.995904794237357,51808,"5"
"5653","RAB15",0.0131071078281499,-1.55317196349398,0.104163221828149,0.917646609248657,0.995904794237357,376267,"14"
"5654","TTC17",-0.0116843230630989,-0.699572729360261,-0.104096491357715,0.917699171750814,0.995904794237357,55761,"11"
"5655","ATP6V1C1",-0.00919124369075508,2.44736657328814,-0.103711522681789,0.918002412619317,0.996057770665965,528,"8"
"5656","CLIC6",-0.0288015390315914,-1.43882243152883,-0.103499088139908,0.918169753219578,0.996063263566944,54102,"21"
"5657","C7orf25",0.00823160482781615,-1.20070041559449,0.10282575889794,0.918700178377964,0.99607760497337,79020,"7"
"5658","HERC3",0.0198668571096849,-2.10473135468608,0.102809995622343,0.918712596587147,0.99607760497337,8916,"4"
"5659","GABARAP",-0.0145348137429409,-0.0393435784395585,-0.102634666141276,0.918850721442713,0.99607760497337,11337,"17"
"5660","ANKRD27",-0.020381501901769,-3.0978321182446,-0.102492663338676,0.918962593360314,0.99607760497337,84079,"19"
"5661","NANS",0.0102613299168479,3.07940796568928,0.102452321553533,0.918994375523655,0.99607760497337,54187,"9"
"5662","EFHD2",0.0185830900240727,1.47201103409746,0.10167920386836,0.919603481030886,0.996459676011386,79180,"1"
"5663","CTSS",-0.0204146415352026,0.432689370609394,-0.101123464593861,0.920041354080835,0.996459676011386,1520,"1"
"5664","SLC4A7",0.015557817442486,-3.60312803022731,0.100864514699914,0.920245392188722,0.996459676011386,9497,"3"
"5665","ITGA7",-0.016555720718141,-1.37353082023553,-0.100851196396689,0.920255886418977,0.996459676011386,3679,"12"
"5666","DAB2",-0.0147450925659172,-1.67557071503115,-0.100402477250281,0.920609465600927,0.996459676011386,1601,"5"
"5667","DAG1",0.00998922919559421,-0.361159597301525,0.100369368599564,0.920635555018922,0.996459676011386,1605,"3"
"5668","MED11",-0.0175341730136864,-3.96510786235577,-0.10023302333486,0.920742995208661,0.996459676011386,400569,"17"
"5669","PHC2",0.00836085271093506,-0.407772910251372,0.0998981313039197,0.921006896834675,0.996459676011386,1912,"1"
"5670","TBC1D10A",0.00924192109781713,-0.039554585641931,0.0998726594783668,0.921026969515351,0.996459676011386,83874,"22"
"5671","SSR1",0.0171623755611976,3.22137585198043,0.0995946595906086,0.921246046467463,0.996459676011386,6745,"6"
"5672","LYRM7",-0.00938495584365562,-1.09636179410534,-0.0995079434292994,0.921314384148064,0.996459676011386,90624,"5"
"5673","ZNF446",0.0100756895118859,-2.07756996416706,0.0992139670521065,0.921546060166681,0.996459676011386,55663,"19"
"5674","SLC25A12",-0.00932181491004203,3.72028104256972,-0.0991805700681285,0.921572380001457,0.996459676011386,8604,"2"
"5675","APOA1",0.0406449644043116,-0.950635968410962,0.099120554969529,0.921619677536109,0.996459676011386,335,"11"
"5676","JMJD7",-0.0109301497343806,-1.15498230266419,-0.0982674233736046,0.922292056587999,0.996719405676083,100137047,"15"
"5677","TRMT61A",-0.0120057655255857,-0.666197082055615,-0.0982163008630634,0.922332349645858,0.996719405676083,115708,"14"
"5678","CALCOCO1",-0.0135773102609429,-2.44122653079434,-0.0981976431233372,0.922347055105922,0.996719405676083,57658,"12"
"5679","PHPT1",0.0105955330351879,0.421301856451145,0.0977921289430449,0.922666675825469,0.996778396836573,29085,"9"
"5680","AP1S2",-0.00883153029618339,0.581188681178117,-0.0969841885266433,0.923303522211979,0.996778396836573,8905,"X"
"5681","SEC24D",-0.00898996163971599,2.62110084448849,-0.096346409075603,0.9238062781649,0.996778396836573,9871,"4"
"5682","ERN1",0.0149909632196392,-2.3861526689579,0.0963260411153176,0.923822334574404,0.996778396836573,2081,"17"
"5683","ARHGAP12",0.00770745057118372,-0.495924198797283,0.0962312982429157,0.923897022417995,0.996778396836573,94134,"10"
"5684","CYB5R2",-0.0125350917306399,-1.24706125900095,-0.0959504896255253,0.92411839400238,0.996778396836573,51700,"11"
"5685","TIMMDC1",0.00627681970846047,-0.00145545711637965,0.0958936016374604,0.924163241608024,0.996778396836573,51300,"3"
"5686","NUDT4",-0.0109566155834908,-0.951334416192845,-0.0955805486332906,0.924410041225137,0.996778396836573,11163,"12"
"5687","CEP250",-0.0147989873145349,-2.56456108514422,-0.0955737961274493,0.924415364739265,0.996778396836573,11190,"20"
"5688","LAPTM4A",-0.0201691464093072,-2.51594643849461,-0.0955583756833707,0.924427521861869,0.996778396836573,9741,"2"
"5689","KRT16",-0.0378375464433039,0.312575947429397,-0.0952198028950609,0.924694449482438,0.996778396836573,3868,"17"
"5690","KAT8",0.0156648922786478,-1.86612913917776,0.0949400103977194,0.924915041954396,0.996778396836573,84148,"16"
"5691","UBR7",0.00909232657741391,-0.27126352817915,0.0947312595236873,0.925079628106016,0.996778396836573,55148,"14"
"5692","ULK1",-0.0132644957030315,-3.0495159518343,-0.0947113145918737,0.925095353530867,0.996778396836573,8408,"12"
"5693","HPF1",-0.0077053521370829,0.660585219337377,-0.0944034750757076,0.92533807105223,0.996778396836573,54969,"4"
"5694","PITPNM2",-0.0126497227455495,-2.21864180732943,-0.094296809258774,0.925422173913917,0.996778396836573,57605,"12"
"5695","SUPT20H",-0.0131148820819966,-3.51854192465612,-0.0942780898811163,0.925436933682832,0.996778396836573,55578,"13"
"5696","CASP3",0.0100429599805947,1.37640306838179,0.0941166493679515,0.925564226668846,0.996778396836573,836,"4"
"5697","TES",0.00907213361652115,1.51161195747943,0.0939890056611514,0.92566487288037,0.996778396836573,26136,"7"
"5698","ATP6V1H",-0.00949666321688003,2.77010347449451,-0.0938560376842185,0.925769718564532,0.996778396836573,51606,"8"
"5699","TRMT10A",0.017948456793786,-3.05167308737598,0.093615480461848,0.925959402139831,0.996778396836573,93587,"4"
"5700","SP110",-0.0168364354387514,-2.95197125558128,-0.093596553025783,0.92597432694072,0.996778396836573,3431,"2"
"5701","SMPD2",0.011898881622127,-1.51838929688887,0.0917805898801417,0.927406389247754,0.998144909206157,6610,"6"
"5702","SOAT1",0.0107252878356837,-0.928008754521091,0.0909445932591708,0.928065736164494,0.998679433481357,6646,"1"
"5703","GIGYF2",-0.00982835899981804,0.80238255771416,-0.0904577103578938,0.928449762399796,0.998883288497592,26058,"2"
"5704","SLC46A1",-0.013763296434836,-1.92715891770611,-0.0902917681958105,0.928580652356999,0.998883288497592,113235,"17"
"5705","CBLL1",0.0121261106008452,1.03820913331184,0.0898927537549719,0.9288953906481,0.999003851313638,79872,"7"
"5706","ISCU",0.0085279053155356,-0.0738893662562919,0.0897370081407209,0.929018244264948,0.999003851313638,23479,"12"
"5707","KDM8",0.0206068238526429,-2.84796489960376,0.0893174282108201,0.929349221673091,0.999099452851603,79831,"16"
"5708","WDR46",-0.00848060397136152,-0.709889227416647,-0.0892116129302945,0.929432694001736,0.999099452851603,9277,"6"
"5709","GAD2",-0.0150814371108456,2.34023082196283,-0.088820599158079,0.929741152037255,0.999256030678458,2572,"10"
"5710","TPTEP2-CSNK1E",-0.0106916826176275,-0.927512077677359,-0.0884029314345773,0.93007064868151,0.99941584824756,102800317,"22"
"5711","RASGRF2",-0.0165104686708837,-5.73131287970638,-0.0882070151791109,0.930225210664752,0.99941584824756,5924,"5"
"5712","RPL24",-0.0109115872344914,2.91314416450008,-0.0878795575800485,0.93048355419678,0.99941584824756,6152,"3"
"5713","AKT2",0.0131585437308854,-1.35124647993198,0.0874363362898789,0.930833240207626,0.99941584824756,208,"19"
"5714","TLNRD1",0.0278400860578376,-5.57462211379965,0.0873893999869555,0.930870272117716,0.99941584824756,59274,"15"
"5715","AGGF1",-0.0200100285641258,-4.90054215667618,-0.0872108673659895,0.931011132614627,0.99941584824756,55109,"5"
"5716","TRIOBP",-0.01060851322555,0.085758246607825,-0.0871874332487271,0.931029622072263,0.99941584824756,11078,"22"
"5717","PRSS8",0.0132229351901958,-2.30446011580603,0.0865380267456588,0.931542017543013,0.999569371792907,5652,"16"
"5718","ADD1",-0.0105632084446874,1.23294051007029,-0.0862982630908135,0.931731203640384,0.999569371792907,118,"4"
"5719","LMO7",-0.00963544354055301,1.35199272630106,-0.0859998694308284,0.931966657510833,0.999569371792907,4008,"13"
"5720","TXNIP",0.0189191378686053,-3.16519169602982,0.0859849224785871,0.931978451885421,0.999569371792907,10628,"1"
"5721","CD74",-0.0203456378426794,-2.88461400806743,-0.0855313732221397,0.932336346954215,0.999569371792907,972,"5"
"5722","SFN",-0.0279051750972348,-0.777300222535027,-0.085309705413524,0.932511269906451,0.999569371792907,2810,"1"
"5723","PTDSS1",-0.00664375499015313,-0.464587247051115,-0.085004439878265,0.932752167236149,0.999569371792907,9791,"8"
"5724","C8orf33",-0.0159316083771894,-0.404099677049437,-0.0849085788803335,0.932827816338939,0.999569371792907,65265,"8"
"5725","CASP7",-0.0108490669552562,0.0489144007401822,-0.0847287898045317,0.932969699339198,0.999569371792907,840,"10"
"5726","KIRREL2",-0.00896998839278562,-1.47414675698219,-0.0845861817458207,0.933082242014761,0.999569371792907,84063,"19"
"5727","RCC2",0.0111384765018143,1.41143919891585,0.0843953184300697,0.93323286870497,0.999569371792907,55920,"1"
"5728","TACC2",0.00906092632912198,-0.367952217518178,0.084226065836513,0.933366442600689,0.999569371792907,10579,"10"
"5729","HSPE1",-0.0122597568637546,4.28951538078822,-0.0839335910818863,0.933597267859064,0.999569371792907,3336,"2"
"5730","RPS23",0.00883827790153546,4.37396116826343,0.0838556356833183,0.93365879235924,0.999569371792907,6228,"5"
"5731","RPL38",-0.0106381861492655,2.92456379161081,-0.0838109617433316,0.933694050422465,0.999569371792907,6169,"17"
"5732","PON1",0.0112246843010853,-2.11209066610354,0.083074054739958,0.934275659900835,0.999569371792907,5444,"7"
"5733","ALG3",-0.0113423743052249,-0.933322410816311,-0.0830031678916057,0.934331609823863,0.999569371792907,10195,"3"
"5734","RPL3",-0.00917944245065261,5.1407583632144,-0.0829576390415173,0.934367545238994,0.999569371792907,6122,"22"
"5735","LRP10",0.0141053484071074,-1.61888169283613,0.0826831646739061,0.934584187761513,0.999569371792907,26020,"14"
"5736","PRPS2",0.00891117903461369,0.618588759931572,0.0826741755411648,0.934591282966492,0.999569371792907,5634,"X"
"5737","PEX1",0.0100824085951521,1.82458164078518,0.0826138422174248,0.934638904753078,0.999569371792907,5189,"7"
"5738","PTPN9",-0.0057725390352846,-0.219627121132341,-0.0821722843347429,0.934987438893554,0.999569371792907,5780,"15"
"5739","LTBP3",-0.0144671912701995,1.90936962319772,-0.0819455400784021,0.935166419616916,0.999569371792907,4054,"11"
"5740","TMEM135",-0.0134404205021681,-0.816913759157653,-0.0817746874013414,0.935301284547676,0.999569371792907,65084,"11"
"5741","RNF170",-0.00903755020709607,-0.956149421353454,-0.0816798029958545,0.935376183707034,0.999569371792907,81790,"8"
"5742","EMC8",-0.00810220640084491,1.43958249250313,-0.0811439837389119,0.935799155990749,0.999569371792907,10328,"16"
"5743","PSEN2",0.00622528823347257,2.00496024694999,0.0807688599551215,0.936095287567782,0.999569371792907,5664,"1"
"5744","MTHFD1",-0.00728860178658541,2.28816008789985,-0.0806844199550169,0.936161947773222,0.999569371792907,4522,"14"
"5745","DCTN3",-0.00802011284893389,2.45503621019711,-0.0805980763074573,0.936230111274898,0.999569371792907,11258,"9"
"5746","ACAT1",-0.0052562022504361,4.34854048558244,-0.0805062638794129,0.936302592609674,0.999569371792907,38,"11"
"5747","DLG5",0.00952911691550717,-1.81135068121874,0.0804297941419833,0.936362962075902,0.999569371792907,9231,"10"
"5748","ZNF24",-0.00663504903058883,0.0502541790823612,-0.0797532581093643,0.936897073869834,0.999569371792907,7572,"18"
"5749","GLUD2",-0.0174113154082973,-2.85906051150734,-0.0797157194723408,0.936926710750687,0.999569371792907,2747,"X"
"5750","TRMT6",0.00680475904048061,0.0756422624214166,0.0795090504679396,0.93708987826149,0.999569371792907,51605,"20"
"5751","PM20D2",-0.00816967984953254,-0.598449861458606,-0.0794260073666656,0.937155442504313,0.999569371792907,135293,"6"
"5752","TIMM22",0.00786831709336058,0.324445321573961,0.0789558131311844,0.937526678938974,0.999569371792907,29928,"17"
"5753","PYGB",0.00770451994387233,2.25708602812709,0.07889201782328,0.937577048882874,0.999569371792907,5834,"20"
"5754","NFIX",-0.0175164660515397,-2.94535799677565,-0.07880594198204,0.937645010960471,0.999569371792907,4784,"19"
"5755","ARL3",0.00754458547621395,2.74204049073345,0.0784140005978882,0.937954478355415,0.999569371792907,403,"10"
"5756","NAA16",0.00816646878089911,0.0804337832105685,0.078367436058305,0.93799124523599,0.999569371792907,79612,"13"
"5757","CRBN",0.0109393293406312,-2.02927933434479,0.0783095254527712,0.938036971045912,0.999569371792907,51185,"3"
"5758","DCAF10",-0.0135682794179059,-3.52973339570005,-0.0781662544597004,0.938150097738638,0.999569371792907,79269,"9"
"5759","FGGY",0.00955473225215375,-0.81010233603762,0.0781345103243003,0.938175163065972,0.999569371792907,55277,"1"
"5760","SCAF11",0.00912970060311968,-1.34234593279304,0.0777983292618312,0.938440617227437,0.999634550453664,9169,"12"
"5761","SCARB1",0.00995554274183719,-0.745405824369073,0.0775695335140273,0.938621282244777,0.999634550453664,949,"12"
"5762","PDE3A",-0.00924132344513834,0.0558752877064624,-0.0774382897400427,0.938724918347168,0.999634550453664,5139,"12"
"5763","NXN",0.00741706459892802,-0.295143275898146,0.0757010191115162,0.940096848324776,0.999929747158873,64359,"17"
"5764","TMC4",-0.00681329130611918,-0.307765473799177,-0.0756968478856976,0.94010014258461,0.999929747158873,147798,"19"
"5765","SLC39A6",-0.0126198767915198,-2.76073939024261,-0.0755993800783727,0.940177118890177,0.999929747158873,25800,"18"
"5766","UBE2N",-0.0092751449185684,4.22536679630492,-0.075572216153567,0.940198572011706,0.999929747158873,7334,"12"
"5767","LSM5",-0.0188692856728077,-6.35051811875075,-0.0753983951814353,0.940335850832343,0.999929747158873,23658,"7"
"5768","CDK5RAP1",-0.00605130145126742,-1.31782471375965,-0.0749157751960498,0.9407170199539,0.999929747158873,51654,"20"
"5769","EPS8L2",-0.0105002648489971,0.999319393598075,-0.0747314167882916,0.940862628389976,0.999929747158873,64787,"11"
"5770","SVIL",0.0191538470510902,-0.860974458534665,0.074678940392326,0.940904075241578,0.999929747158873,6840,"10"
"5771","FER",0.00675158925819197,-1.40198735482446,0.0745653724857917,0.940993773897592,0.999929747158873,2241,"5"
"5772","SERGEF",-0.0133030770393163,-2.89258997455184,-0.0744913882181655,0.941052208866877,0.999929747158873,26297,"11"
"5773","ROMO1",0.00923117612488511,-1.29650685246698,0.0743760532767404,0.941143304485823,0.999929747158873,140823,"20"
"5774","LIMD1",0.00867639790135555,-1.61471852821027,0.0743064401845903,0.941198287759125,0.999929747158873,8994,"3"
"5775","FAM193A",0.0172190223441859,-4.10624070806681,0.0737354272855743,0.941649308171145,0.999929747158873,8603,"4"
"5776","INF2",0.00837983500808387,-0.330127682234836,0.0735880236804596,0.941765739604202,0.999929747158873,64423,"14"
"5777","RNASEL",0.00868473847100515,-2.03245689317407,0.0735461167819848,0.941798841340278,0.999929747158873,6041,"1"
"5778","SMIM20",-0.0106906045357804,1.06592376703768,-0.073502032559425,0.941833663030778,0.999929747158873,389203,"4"
"5779","RPL12",0.0123192326653596,4.9229684488323,0.0729927078070312,0.942235982006935,0.999929747158873,6136,"9"
"5780","WDR41",-0.00741173789847172,-0.967439485448116,-0.072674571968804,0.942487287416696,0.999929747158873,55255,"5"
"5781","CBR4",-0.00725726087486067,1.56293180270687,-0.0725920054880035,0.942552510230402,0.999929747158873,84869,"4"
"5782","NDUFB4",0.00726661264584205,2.61816472726737,0.0716846345222678,0.943269307976284,0.999929747158873,4710,"3"
"5783","APH1B",0.00834823869201884,-0.853091641108382,0.0711635348963319,0.943680983868637,0.999929747158873,83464,"15"
"5784","ACTR1B",-0.00673942718541265,0.212286631340044,-0.0710289129208598,0.943787339644216,0.999929747158873,10120,"2"
"5785","EID2",0.0107259282844532,-2.39464473411779,0.0710245798134408,0.943790762958577,0.999929747158873,163126,"19"
"5786","DHRS7",-0.00617939695153469,3.50479911462427,-0.0697657126105518,0.944785360027174,0.999929747158873,51635,"14"
"5787","COQ3",-0.00596522886243861,-0.511052277511946,-0.0695353451674894,0.944967376916199,0.999929747158873,51805,"6"
"5788","VTI1B",-0.00601580012944669,0.783997931098113,-0.0692238714023147,0.945213481936903,0.999929747158873,10490,"14"
"5789","LAMC1",0.00789044111435711,0.635632006990963,0.0684853713499741,0.945797015363624,0.999929747158873,3915,"1"
"5790","CHCHD1",0.0135185556352222,-2.07125317686464,0.0682087229684202,0.946015619770131,0.999929747158873,118487,"10"
"5791","PIP4K2C",0.00542339457335006,0.589998743548309,0.0673199884633582,0.946717916310137,0.999929747158873,79837,"12"
"5792","MYO10",0.0105925184804581,-0.222998342360958,0.0670786685869751,0.94690861979724,0.999929747158873,4651,"5"
"5793","SNAP29",-0.00601418916126317,0.203759625603361,-0.0668998091744105,0.947049965835455,0.999929747158873,9342,"22"
"5794","USP3",0.0139175209172824,-3.78597970000086,0.0665584913141871,0.947319701656092,0.999929747158873,9960,"15"
"5795","ZMYND11",-0.00820968310209347,-2.08550281117029,-0.0664231209565598,0.947426683550236,0.999929747158873,10771,"10"
"5796","SCAF4",0.00587168192721765,0.196569957288565,0.0661979725794278,0.947604618342693,0.999929747158873,57466,"21"
"5797","RAB29",-0.00730654414649634,0.196691053037576,-0.0661008222235018,0.947681397125301,0.999929747158873,8934,"1"
"5798","CCM2",0.00714193383842265,-1.54521506013382,0.0659469429785185,0.947803010286927,0.999929747158873,83605,"7"
"5799","ADCK1",0.00500824932877544,-0.727711957414239,0.0658081243351564,0.947912721910423,0.999929747158873,57143,"14"
"5800","UQCRH",-0.0100114406973524,-1.9161452144271,-0.0652802685851739,0.948329908064906,0.999929747158873,7388,"1"
"5801","PPP4C",-0.00737551964835159,1.30934740941304,-0.065219200791814,0.948378173415852,0.999929747158873,5531,"16"
"5802","TNKS1BP1",-0.00783987870418223,1.1228270277475,-0.0650729367061164,0.948493775046963,0.999929747158873,85456,"11"
"5803","SFXN4",-0.00631409822506079,-0.968741464356465,-0.0646089237250295,0.948860520933136,0.999929747158873,119559,"10"
"5804","LRRFIP2",0.006834332207732,-1.16144210825904,0.0644961574698066,0.948949650669331,0.999929747158873,9209,"3"
"5805","CAPN7",-0.00528434281318002,0.364243420431881,-0.0644759866282843,0.948965593645489,0.999929747158873,23473,"3"
"5806","METTL1",0.0107140507530967,-1.65090868414214,0.0641718531658038,0.949205982457493,0.999929747158873,4234,"12"
"5807","FAM50A",-0.00532682483533686,0.301426773930838,-0.063956320496572,0.949376343624881,0.999929747158873,9130,"X"
"5808","NDEL1",-0.00663102590749221,-2.11697986288197,-0.0634137315702817,0.949805227029677,0.999929747158873,81565,"17"
"5809","NPM1",0.00599182630464146,4.40841034325999,0.0631879732016341,0.949983679711798,0.999929747158873,4869,"5"
"5810","DCTN6",0.00705077483615552,-0.154184219957882,0.0631835729691026,0.949987157940244,0.999929747158873,10671,"8"
"5811","TSSC4",-0.00651303811864162,-0.599858313636868,-0.0628252667979671,0.950270389650342,0.999929747158873,10078,"11"
"5812","EMC9",0.00630557841875112,-1.40433290571512,0.0627683600477539,0.950315373561178,0.999929747158873,51016,"14"
"5813","LAMA5",-0.00592972965055427,0.0920856841513712,-0.0624563443788471,0.950562020083439,0.999929747158873,3911,"20"
"5814","KDM5C",0.00887242124639132,-1.95894254531623,0.0623231421166573,0.950667317183861,0.999929747158873,8242,"X"
"5815","PPP1R11",-0.00711649628114541,-2.45103473566729,-0.0623003125235808,0.950685364189595,0.999929747158873,6992,"6"
"5816","CCNT1",0.00667398455197676,-1.6868609296257,0.0620302365082709,0.950898863794389,0.999929747158873,904,"12"
"5817","QKI",0.00895507819885077,-0.612153217469819,0.0618483350231162,0.951042662034432,0.999929747158873,9444,"6"
"5818","ITGB2",-0.0107318252243629,-2.32721563555611,-0.0616796719034639,0.95117599646176,0.999929747158873,3689,"21"
"5819","MSRB2",-0.00846665537717695,-0.759325659762365,-0.0609474829921272,0.951754835344699,0.999929747158873,22921,"10"
"5820","PIGK",0.00535292720045244,0.562997072364405,0.0606015457092939,0.952028328608002,0.999929747158873,10026,"1"
"5821","PLPP1",-0.0106477049302158,-0.60223400551213,-0.0605529213805436,0.952066770808025,0.999929747158873,8611,"5"
"5822","SNAPC4",-0.00787238418670633,-2.97800871295193,-0.0602871498055568,0.952276890808995,0.999929747158873,6621,"9"
"5823","AARS2",0.0044457566877969,0.445046647724997,0.0602867839927606,0.952277180024351,0.999929747158873,57505,"6"
"5824","NOVA2",0.00631224144893283,0.362325003209768,0.0601775214849692,0.952363564379324,0.999929747158873,4858,"19"
"5825","DHX34",0.00882282294905945,-1.91366212223201,0.0600528412169312,0.952462138929365,0.999929747158873,9704,"19"
"5826","RB1",-0.00955526734169332,-0.89635255641368,-0.0599398458319937,0.952551475848568,0.999929747158873,5925,"13"
"5827","LSM12",0.00698352701851224,0.666993415600109,0.0598127564213473,0.952651956593671,0.999929747158873,124801,"17"
"5828","COL18A1",0.0155943775240624,0.0263315914863616,0.0597488054840635,0.952702518442911,0.999929747158873,80781,"21"
"5829","UBE2D1",-0.00994472588133022,-0.0492960259727804,-0.0597282271334724,0.952718788449401,0.999929747158873,7321,"10"
"5830","FERMT1",0.00768232202588348,-1.39697351022951,0.0592965716211918,0.953060076024318,0.999929747158873,55612,"20"
"5831","SNPH",0.010570605521381,-4.21908809480457,0.0591386444131503,0.953184943107762,0.999929747158873,9751,"20"
"5832","SMAD3",-0.0137133177914028,-1.01390596422688,-0.0590863020847674,0.953226328476435,0.999929747158873,4088,"15"
"5833","CA8",0.00726021977324104,0.157509527194493,0.0590099585834572,0.95328669102438,0.999929747158873,767,"8"
"5834","ISOC1",-0.00538558359449448,2.19547952628113,-0.0588284231996219,0.953430226805029,0.999929747158873,51015,"5"
"5835","PSMB8",0.00787214117536261,1.45756771546293,0.0586011634751983,0.953609917974843,0.999929747158873,5696,"6"
"5836","WWOX",0.00523380699611087,-1.36357230410594,0.0585659989878528,0.953637722276444,0.999929747158873,51741,"16"
"5837","CPNE8",0.00771576508931648,-1.48130650577691,0.0583576581076785,0.953802457086178,0.999929747158873,144402,"12"
"5838","ZBED3",-0.00695445417024743,-1.04529716315864,-0.057905165323757,0.95416024951584,0.999929747158873,84327,"5"
"5839","ZNF644",-0.0117614209956538,-3.27558332452374,-0.0578840659117555,0.95417693335465,0.999929747158873,84146,"1"
"5840","GSDME",-0.0105539936379291,-2.55120722296213,-0.0578421417503379,0.954210083911835,0.999929747158873,1687,"7"
"5841","PPIA",-0.00560249344091712,5.43286695500676,-0.0578079789871028,0.954237097384795,0.999929747158873,5478,"7"
"5842","ERAP2",0.00926368080338547,-0.839071202463332,0.0576750926761799,0.954342174909361,0.999929747158873,64167,"5"
"5843","ZNF622",0.00617435028646449,-0.743833794900874,0.0573944758754068,0.954564070453698,0.999929747158873,90441,"5"
"5844","IBTK",-0.0114283214248407,-2.45164670244723,-0.0571366668361118,0.954767934180621,0.999929747158873,25998,"6"
"5845","DDAH1",-0.00517877661634714,4.64219429920818,-0.0568932101735804,0.954960451534439,0.999929747158873,23576,"1"
"5846","SNRPF",-0.0128630393471483,-0.951058127573695,-0.0566164442958,0.955179312029474,0.999929747158873,6636,"12"
"5847","USP6NL",-0.0084626772490719,-2.22713251709223,-0.0565441256406133,0.955236500646618,0.999929747158873,9712,"10"
"5848","RPL7A",0.00772779407323743,4.32508141115763,0.0564070130028179,0.955344928131729,0.999929747158873,6130,"9"
"5849","PIAS1",0.00517670411085203,-1.70857073741134,0.0561215269059138,0.95557069082838,0.999929747158873,8554,"15"
"5850","NHSL3",-0.0108869629467584,-1.47674266868461,-0.0561173939076877,0.955573959234973,0.999929747158873,57648,"1"
"5851","UBIAD1",-0.00517546639417343,-0.183235987593452,-0.0559439240746527,0.955711141207846,0.999929747158873,29914,"1"
"5852","IFT70A",-0.00435574500774205,-0.982647772825637,-0.0556036820409096,0.955980212562439,0.999929747158873,92104,"2"
"5853","EPB41L2",-0.00664467967174931,1.31569850624328,-0.0555311576917919,0.956037567191619,0.999929747158873,2037,"6"
"5854","PDCD2",0.00717722749481275,-2.78050409104595,0.0553282165485008,0.956198060952704,0.999929747158873,5134,"6"
"5855","CD46",0.00482236012935977,-0.502426508399598,0.0552597292222041,0.956252223816918,0.999929747158873,4179,"1"
"5856","IGSF8",-0.0107512395111951,-0.646380710496912,-0.0552128714183539,0.956289281201534,0.999929747158873,93185,"1"
"5857","RASAL1",-0.0112775212747493,-4.94544757617055,-0.0551175550587702,0.956364662226025,0.999929747158873,8437,"12"
"5858","RASAL2",0.00582705632560643,-1.36813748122988,0.0551155027755623,0.95636628528044,0.999929747158873,9462,"1"
"5859","PRKCH",-0.00742063766888545,-2.27971850296086,-0.0550708746778512,0.956401579593906,0.999929747158873,5583,"14"
"5860","HELZ",0.00484459748082555,-1.9380161629249,0.0548961710694236,0.956539745514645,0.999929747158873,9931,"17"
"5861","TXNDC12",0.00666702321353885,1.90608916314902,0.0548498403734275,0.956576386791407,0.999929747158873,51060,"1"
"5862","SURF4",-0.00768264501276095,4.22889477448225,-0.0544423167184021,0.956898686673886,0.999929747158873,6836,"9"
"5863","S100A8",0.0107131235422343,-0.00771300892506584,0.0543764405205508,0.95695078714146,0.999929747158873,6279,"1"
"5864","TRNAU1AP",-0.00422314199672241,-0.40717728186163,-0.0539976763028759,0.957250349631589,0.999929747158873,54952,"1"
"5865","CES2",-0.00944846608511374,-1.86069344255999,-0.0535048980529155,0.957640094609605,0.999929747158873,8824,"16"
"5866","FAM3B",-0.0106690954372362,-0.440460109742734,-0.0534579855660146,0.957677198882353,0.999929747158873,54097,"21"
"5867","ATP1B2",0.0123819537059244,-1.95472510215673,0.0534319472658728,0.957697793274018,0.999929747158873,482,"17"
"5868","ACP1",-0.00668503921451302,2.94090069788189,-0.0533532362929789,0.95776004807798,0.999929747158873,52,"2"
"5869","SLC29A1",0.0060379440160364,0.530709050745554,0.0530163138859962,0.95802653287124,0.999929747158873,2030,"6"
"5870","IFT22",-0.00661635602345467,-1.50862510245472,-0.0525953466180623,0.958359498833485,0.999929747158873,64792,"7"
"5871","ABCC5",-0.0115006741131136,1.10618934518928,-0.0525461341717212,0.958398424136685,0.999929747158873,10057,"3"
"5872","WRN",0.00905106818230017,2.85263213437441,0.0519992925801242,0.958830963428924,0.999929747158873,7486,"8"
"5873","ANTXR1",0.00988539787504772,-2.42769667705359,0.0519387059049315,0.958878886895692,0.999929747158873,84168,"2"
"5874","MFSD10",0.00824009655792562,0.578712082145728,0.0518176840645717,0.958974614450704,0.999929747158873,10227,"4"
"5875","YPEL5",-0.00665793206546184,-1.68406775887135,-0.0518047437521586,0.958984850197345,0.999929747158873,51646,"2"
"5876","RPS15",-0.00567282289478754,2.48682839179875,-0.0517125449422707,0.959057779371847,0.999929747158873,6209,"19"
"5877","EIF6",-0.00567379551174962,2.9527903456169,-0.0515434262586558,0.959191553025975,0.999929747158873,3692,"20"
"5878","RPS10",-0.00627382323275594,2.92458590054932,-0.0514636730190517,0.959254638620788,0.999929747158873,6204,"6"
"5879","KRT14",0.0133275938368047,1.58991376147302,0.0510000428380318,0.95962137990548,0.999929747158873,3861,"17"
"5880","ZYX",0.00730020730330549,1.40140013199051,0.0507214889242767,0.959841726242744,0.999929747158873,7791,"7"
"5881","MYO7A",0.00831454246433158,-1.47431313102306,0.0503149685564987,0.96016330447176,0.999929747158873,4647,"11"
"5882","SSBP4",-0.0104118022874067,-2.27147640647027,-0.0502930464616595,0.960180646153477,0.999929747158873,170463,"19"
"5883","EEPD1",0.00454260004304485,-0.741620175836741,0.0500623878793567,0.960363112010765,0.999929747158873,80820,"7"
"5884","TM7SF2",-0.00542489790279999,1.23673966977667,-0.0496010904383852,0.960728034617095,0.999929747158873,7108,"11"
"5885","BCAS4",-0.00791954210005352,-3.00353774636108,-0.0495254183695915,0.96078789800575,0.999929747158873,55653,"20"
"5886","NEDD1",0.00514689474159347,-1.21412927653523,0.0494515409850673,0.960846341861025,0.999929747158873,121441,"12"
"5887","LRPPRC",-0.00329189354476478,3.67988476671923,-0.0494487192055363,0.960848574154407,0.999929747158873,10128,"2"
"5888","RALGAPA2",0.00465425030113231,-0.364448809704357,0.0493614379908595,0.960917621974107,0.999929747158873,57186,"20"
"5889","TMEM256",-0.00848056283493259,0.149309869620248,-0.0490623180234742,0.961154256902477,0.999929747158873,254863,"17"
"5890","VPS9D1",-0.0140310639090542,-5.21914517204458,-0.0487343872938601,0.961413688238814,0.999929747158873,9605,"16"
"5891","FAM174B",-0.00614623079537263,-0.82830078506686,-0.0486878477580493,0.96145050676929,0.999929747158873,400451,"15"
"5892","KIAA1217",-0.00668275705894061,0.239958985713473,-0.0485413173699809,0.961566430994608,0.999929747158873,56243,"10"
"5893","CHD8",0.00672839374582268,-1.65484665083567,0.0484396552629261,0.961646859185911,0.999929747158873,57680,"14"
"5894","RNASEH2B",-0.00623656926455896,-2.0244445039501,-0.0482843715915519,0.96176970992296,0.999929747158873,79621,"13"
"5895","COBLL1",-0.00372171731727511,0.307980814975579,-0.048268471941507,0.961782288786048,0.999929747158873,22837,"2"
"5896","ACOT11",-0.00937766827989472,-2.05637505736192,-0.0478437610287661,0.962118298616837,0.999929747158873,26027,"1"
"5897","FUCA2",0.00770421303584484,0.158649604199514,0.0477857605427503,0.96216418621965,0.999929747158873,2519,"6"
"5898","PDIA2",-0.0267566558360555,3.40244581295998,-0.0474331328848095,0.962443173553367,0.999929747158873,64714,"16"
"5899","ARL8B",0.00391370473720443,4.17876724737191,0.0473949370054528,0.962473393158014,0.999929747158873,55207,"3"
"5900","TIMM21",0.0036915039132509,-0.966318208681243,0.0470438610394414,0.962751158130781,0.999929747158873,29090,"18"
"5901","RPL27A",0.00528877093862778,3.96389082320881,0.0468040710335567,0.962940878374522,0.999929747158873,6157,"11"
"5902","RPL35A",-0.00386435298391419,4.18711004108178,-0.0467422489728108,0.962989791929919,0.999929747158873,6165,"3"
"5903","KATNB1",-0.00621469358040905,-1.71337498479969,-0.0461953746211531,0.963422484707053,0.999929747158873,10300,"16"
"5904","CAMLG",0.00472850605520742,-0.682314107134994,0.0461372461197406,0.963468477256547,0.999929747158873,819,"5"
"5905","ARID2",0.00484497324218447,-1.27219606439748,0.045917835403651,0.963642080985962,0.999929747158873,196528,"12"
"5906","TMEM120A",-0.00652514529592529,-0.434639868153798,-0.0458488538590739,0.963696661433538,0.999929747158873,83862,"7"
"5907","ND3",0.0159193205688895,-2.86549358460265,0.0457547343421698,0.963771132151071,0.999929747158873,4537,"MT"
"5908","FNDC3A",-0.00388288281687155,1.39541751888501,-0.045653220016416,0.963851454274949,0.999929747158873,22862,"13"
"5909","RRP12",0.00409774167168986,0.926342535071787,0.0456105154886617,0.963885243890046,0.999929747158873,23223,"10"
"5910","NDUFA3",-0.00784224574377657,-0.731901078569214,-0.0456097480457727,0.963885851123697,0.999929747158873,4696,"19"
"5911","LMNA",-0.00441179176409356,5.64422377611722,-0.0455732870465929,0.963914700651524,0.999929747158873,4000,"1"
"5912","MTCL1",0.00648958743022199,2.24913153399282,0.0454510957730535,0.96401138405933,0.999929747158873,23255,"18"
"5913","PREX1",0.00447435229410559,-0.532805784526115,0.0454187885154056,0.964036947153727,0.999929747158873,57580,"20"
"5914","FAM120C",0.00440011665121698,0.564861686155881,0.0449555484540572,0.964403489750861,0.999929747158873,54954,"X"
"5915","SHPRH",0.00746892002098809,-1.24363732988757,0.0449448772979884,0.964411933485782,0.999929747158873,257218,"6"
"5916","CCDC134",0.00437020167823809,-1.84208646123639,0.0444443424447094,0.964807994922523,0.999929747158873,79879,"22"
"5917","FHIP1B",0.00409963990958662,-0.369697758328119,0.0439435437401877,0.965204274212941,0.999929747158873,84067,"11"
"5918","ALDH4A1",0.00414808407641898,1.27599913649524,0.04388353615114,0.96525175849583,0.999929747158873,8659,"1"
"5919","CNDP2",0.00414556616570128,4.51596636055754,0.0438604894167088,0.965269995517642,0.999929747158873,55748,"18"
"5920","HDAC4",0.00482477536409509,-1.11717548689832,0.0435671298487696,0.965502134390943,0.999929747158873,9759,"2"
"5921","FAM76A",-0.00488012252600623,-2.37549051894972,-0.0428699091046306,0.966053865572596,0.999929747158873,199870,"1"
"5922","LSM8",0.00563142105907488,2.04004610545752,0.0424825534449626,0.966360398794734,0.999929747158873,51691,"7"
"5923","MRPL49",-0.00474884728047842,-0.39647873140733,-0.0421614988195341,0.966614468746082,0.999929747158873,740,"11"
"5924","DRAP1",0.00486698200163405,0.0437006266827911,0.0419505891189819,0.966781376281649,0.999929747158873,10589,"11"
"5925","DAAM1",-0.00652153973724712,-1.42909029567325,-0.0413995669629294,0.967217445644097,0.999929747158873,23002,"14"
"5926","ND2",0.0101342964097746,0.0994331142283626,0.0411697438686885,0.96739932668177,0.999929747158873,4536,"MT"
"5927","SCYL3",-0.00353159196786837,-0.405490389741183,-0.0406791755372033,0.967787566324348,0.999929747158873,57147,"1"
"5928","FBXL15",0.00465850760894138,-1.43685828516189,0.0406448513018417,0.967814731094213,0.999929747158873,79176,"10"
"5929","DNAJB9",-0.00456560119882227,-0.0994451068354328,-0.0400800860317617,0.968261701283497,0.999929747158873,4189,"7"
"5930","SCARB2",0.00370093032869434,4.19901437842752,0.0395681450248529,0.968666873953019,0.999929747158873,950,"4"
"5931","SLC9A7",0.00402191657101869,-0.801446694646945,0.0394358970450113,0.968771542208426,0.999929747158873,84679,"X"
"5932","ABCA8",0.0135467196913854,-4.81851667776236,0.0394288599834993,0.968777111738007,0.999929747158873,10351,"17"
"5933","TGFBI",0.0112760182382092,0.88959055844766,0.0393906353333499,0.968807364921779,0.999929747158873,7045,"5"
"5934","TRABD",-0.0036497983129985,0.345070852879297,-0.0390507799783113,0.969076348027234,0.999929747158873,80305,"22"
"5935","SEZ6L2",0.00482388608715328,0.0820111952086181,0.0389664464775675,0.969143095484237,0.999929747158873,26470,"16"
"5936","PLSCR3",0.00723792319300531,-1.51547534963932,0.0386462809376,0.96939649903557,0.999929747158873,57048,"17"
"5937","POF1B",-0.00883900620316114,0.169568783066282,-0.0384827949779524,0.969525895602594,0.999929747158873,79983,"X"
"5938","FAM110B",-0.00936283573171348,-6.85471459665142,-0.0384687846847354,0.969536984568455,0.999929747158873,90362,"8"
"5939","MRPS12",-0.00427061987650612,-0.39461454920024,-0.0383537431481583,0.969628038689013,0.999929747158873,6183,"19"
"5940","IFT140",0.00316301828362919,-0.725787875451593,0.0379535798884124,0.969944766753834,0.999929747158873,9742,"16"
"5941","DPH2",-0.00486497212477344,-1.51570473058847,-0.0378699800824328,0.970010936385791,0.999929747158873,1802,"1"
"5942","CHST9",-0.00624573192391908,-1.35611084443523,-0.0378644352103539,0.970015325185241,0.999929747158873,83539,"18"
"5943","TAP2",-0.00458951768102533,0.688231611797348,-0.0374935304226042,0.970308900691812,0.999929747158873,6891,"6"
"5944","PRXL2C",-0.00383492941865944,-0.00140452636515373,-0.0374470292493799,0.970345707215179,0.999929747158873,195827,"9"
"5945","CIAPIN1",0.00392101453945304,0.767809068350294,0.0369731860816544,0.970720766436623,0.999929747158873,57019,"16"
"5946","MRPL14",-0.00324455279008606,0.560887487237992,-0.0368210924984436,0.970841153910934,0.999929747158873,64928,"6"
"5947","RPL35",0.00549323702684834,3.97433860631931,0.0364776110031544,0.971113034265185,0.999929747158873,11224,"9"
"5948","TAMALIN",0.0076281132489564,-2.59106136349476,0.0362661433894325,0.971280421708528,0.999929747158873,160622,"12"
"5949","HLA-A",-0.00505064486569218,2.75332459454638,-0.0359899359746888,0.97149905600754,0.999929747158873,3105,"6"
"5950","TPMT",0.00351544889331867,0.518496013307661,0.0348494628528928,0.972401830580852,0.999929747158873,7172,"6"
"5951","RAPGEF4",0.00407376030036888,-1.46473792615537,0.0348268197410643,0.972419754770511,0.999929747158873,11069,"2"
"5952","TMEM184C",-0.00237877315294166,-1.55493589532881,-0.0345531377495133,0.972636401402267,0.999929747158873,55751,"4"
"5953","DGKZ",0.0036546799024833,0.0487203916933894,0.0342665394203842,0.97286327486504,0.999929747158873,8525,"11"
"5954","SLFN5",0.0081996829169122,-0.525949670798584,0.0341384672771474,0.972964658510519,0.999929747158873,162394,"17"
"5955","ATP8A1",-0.00507375877122418,2.46114958725216,-0.0340320178174155,0.97304892569372,0.999929747158873,10396,"4"
"5956","SLC9B2",0.00518029157056876,-3.21642550321127,0.0340116409316589,0.973065056415155,0.999929747158873,133308,"4"
"5957","FIBP",0.00304948735417349,-0.072185928083009,0.0335054876435583,0.973465740438691,0.999929747158873,9158,"11"
"5958","ASB9",0.00454430304719655,1.86959603183921,0.0327046605757306,0.974099710084951,0.999929747158873,140462,"X"
"5959","CPNE1",-0.00435558467873509,2.01537692120456,-0.0326848902673742,0.974115361341462,0.999929747158873,8904,"20"
"5960","TCF12",0.00689528610860002,-3.34045719485517,0.0326610329827922,0.974134248085557,0.999929747158873,6938,"15"
"5961","TMEM176B",-0.00423046845559871,-0.0956482751238239,-0.0325765060583142,0.974201164389146,0.999929747158873,28959,"7"
"5962","DDX21",0.00377357467493167,1.9879784196892,0.032560693198055,0.974213682766518,0.999929747158873,9188,"10"
"5963","PNLIPRP2",-0.0166527550011248,1.03710937207283,-0.0325588687313561,0.974215127120608,0.999929747158873,5408,"10"
"5964","SPINK1",0.0121992678357186,0.0973453807759572,0.0325190143325447,0.974246678205724,0.999929747158873,6690,"5"
"5965","PTCD1",0.00332241089856877,-2.18454857845065,0.0323422314136289,0.974386630463915,0.999929747158873,26024,"7"
"5966","SMARCAD1",-0.00357050104355672,-1.9089800375706,-0.0317215106636111,0.974878037772426,0.999929747158873,56916,"4"
"5967","RXRA",-0.0049695107765122,-1.70133122555285,-0.0315355768718468,0.975025238317461,0.999929747158873,6256,"9"
"5968","ATP6V1D",0.00311891611111292,2.72252281544653,0.0312460021063051,0.975254491383602,0.999929747158873,51382,"14"
"5969","FGFR1",-0.00546853315685158,-2.56639827876507,-0.0309825137841245,0.975463093963073,0.999929747158873,2260,"8"
"5970","FKBP11",-0.00607456901629178,3.13255954227162,-0.0309507489874235,0.975488242135642,0.999929747158873,51303,"12"
"5971","SNX14",-0.00275993645060479,-2.3534038430519,-0.0299817384951894,0.976255419328564,0.999929747158873,57231,"6"
"5972","CRTC2",-0.00432584169576056,-0.937011466118805,-0.0299486908036413,0.976281583989799,0.999929747158873,200186,"1"
"5973","PTRH2",0.00408459190616611,0.277421968981237,0.029653100287959,0.976515611372631,0.999929747158873,51651,"17"
"5974","NFS1",0.00205006175551525,0.485378817387242,0.0295226559550067,0.97661888851802,0.999929747158873,9054,"20"
"5975","ABHD17B",-0.00460263489215085,-1.15970828762472,-0.0295038629866974,0.976633767573953,0.999929747158873,51104,"9"
"5976","CLCN3",-0.00246879057972105,0.400917707311535,-0.0293934766156847,0.976721164528989,0.999929747158873,1182,"4"
"5977","PYROXD1",-0.00531737599204973,-2.32372088694786,-0.0291475042410816,0.976915910964222,0.999929747158873,79912,"12"
"5978","GSTZ1",0.00256586550074811,0.982324803525809,0.0289628592828914,0.977062102908969,0.999929747158873,2954,"14"
"5979","PSME2",0.00298184735134743,3.21492548753955,0.0284712997762999,0.977451297190695,0.999929747158873,5721,"14"
"5980","IP6K1",0.00254319153940252,-1.1013842825754,0.0281010502390193,0.977744447506691,0.999929747158873,9807,"3"
"5981","NDUFB8",-0.00310184164293004,1.58321281180317,-0.0279978158741962,0.977826185338819,0.999929747158873,4714,"10"
"5982","DGAT1",0.003109174344055,-1.72990537275206,0.0278864202765642,0.977914385259713,0.999929747158873,8694,"8"
"5983","FBL",-0.00273276164408554,3.24611351004998,-0.0277029612341026,0.978059643616234,0.999929747158873,2091,"19"
"5984","TAX1BP3",0.00569611822756694,-0.287029562833922,0.0273420123397365,0.97834543628421,0.999929747158873,30851,"17"
"5985","SLC38A4",0.00409308152777821,-1.56743890055036,0.0272330457266629,0.978431714608042,0.999929747158873,55089,"12"
"5986","CTPS1",0.00258068495293051,0.375906536270793,0.0271630074738562,0.97848717010997,0.999929747158873,1503,"1"
"5987","MCM2",0.00515330202628905,-1.84738342567407,0.0267762960780156,0.978793365796978,0.999929747158873,4171,"3"
"5988","MPC1",-0.00293990719114534,1.93398393591688,-0.026219466723146,0.979234265549496,0.999929747158873,51660,"6"
"5989","ASAP2",-0.00384379470290597,-3.75400281401075,-0.026172468010328,0.979271479626981,0.999929747158873,8853,"2"
"5990","USP40",-0.00320874618888745,-1.65434682637262,-0.0259190119776213,0.979472169602097,0.999929747158873,55230,"2"
"5991","TMEM177",-0.00290123640003551,0.388931673188083,-0.0256049373414608,0.979720860102669,0.999929747158873,80775,"2"
"5992","ACSF3",-0.00190536314129253,0.711117640577876,-0.0249478974571994,0.980241123887984,0.999929747158873,197322,"16"
"5993","SAMHD1",0.00334825138004158,2.19990172786233,0.024881362673566,0.980293808608188,0.999929747158873,25939,"20"
"5994","LRP1",0.00309309301612015,0.0096024333753942,0.0248808675694542,0.980294200650404,0.999929747158873,4035,"12"
"5995","MGST1",-0.00638149573416719,-0.623090669178809,-0.0248594557394297,0.980311155354359,0.999929747158873,4257,"12"
"5996","PRORP",-0.00251075530643274,-1.65525973276628,-0.0248130726909035,0.980347883253709,0.999929747158873,9692,"14"
"5997","GALNT10",0.00373458667567794,-1.85727298517189,0.0247585079100671,0.980391089822165,0.999929747158873,55568,"5"
"5998","ACSS2",-0.0020474767707232,0.366882435023761,-0.024757460790218,0.980391918973988,0.999929747158873,55902,"20"
"5999","GNL3",0.00229484620249354,0.363185812706407,0.0247570227936882,0.980392265797352,0.999929747158873,26354,"3"
"6000","TMEM65",0.00236167682662258,1.92410054587435,0.0247477862832524,0.980399579640714,0.999929747158873,157378,"8"
"6001","DNAJA4",-0.00297605324388089,-0.139370802000071,-0.0245981963570719,0.980518031246967,0.999929747158873,55466,"15"
"6002","RPL10",0.00259863844507713,4.01512938181768,0.0241893882084365,0.980841745043394,0.999929747158873,6134,"X"
"6003","MCEE",-0.00352155432369042,0.738586050325739,-0.024147957946077,0.980874551686563,0.999929747158873,84693,"2"
"6004","NOSIP",0.00273111436883522,-1.48613306858083,0.0241371238678833,0.980883130680469,0.999929747158873,51070,"19"
"6005","TC2N",-0.0049950882308511,-0.839447591728161,-0.0241315629801844,0.98088753408522,0.999929747158873,123036,"14"
"6006","CASD1",-0.00399170452300301,-0.626782138301682,-0.0240601777723665,0.980944060719161,0.999929747158873,64921,"7"
"6007","MAEA",0.00205806321544189,-1.62470015583227,0.0238562170685738,0.98110556828669,0.999929747158873,10296,"4"
"6008","RPS14",-0.00247179020294563,4.90425949925937,-0.023707898865536,0.981223015497936,0.999929747158873,6208,"5"
"6009","USP34",-0.00245118274695622,-1.66370710240663,-0.02363932304608,0.981277318071212,0.999929747158873,9736,"2"
"6010","SLC12A9",-0.00187418420473517,-0.357930207789664,-0.0235937011447145,0.981313444363309,0.999929747158873,56996,"7"
"6011","RBP1",-0.00305511251728685,2.04507647710611,-0.0227978828275941,0.981943629750308,0.999929747158873,5947,"3"
"6012","MYO9B",0.00253082678420125,-1.25289408221318,0.0227777439565501,0.981959577291134,0.999929747158873,4650,"19"
"6013","ERAL1",-0.00263180558823972,-0.99459773499838,-0.0226159438377399,0.982087703613896,0.999929747158873,26284,"17"
"6014","POMT2",0.00282714517799332,-0.145999130140496,0.0225786798817022,0.982117212274179,0.999929747158873,29954,"14"
"6015","UGGT2",0.00266207798904036,0.116818611226675,0.0217288230466652,0.982790205554514,0.999929747158873,55757,"13"
"6016","MRPS10",0.00205832546448337,-0.00622534327248036,0.0217083186368944,0.982806442955241,0.999929747158873,55173,"6"
"6017","MANF",0.00221242530128429,1.61420813025492,0.0213207260922511,0.983113378100637,0.999929747158873,7873,"3"
"6018","PJA2",-0.00290001956293895,-1.89249588988432,-0.0209590730736797,0.983399774049684,0.999929747158873,9867,"5"
"6019","ARSB",-0.00311584017326205,-0.0145180836532027,-0.020901854522307,0.983445086088765,0.999929747158873,411,"5"
"6020","PFKP",0.00274576926830727,1.7451448513424,0.0207796096939214,0.983541893382713,0.999929747158873,5214,"10"
"6021","TYW5",0.0031544698324113,-1.32629232754963,0.0206518504646693,0.983643067873965,0.999929747158873,129450,"2"
"6022","CASR",0.00318125792674429,1.37800619180182,0.0202244346945276,0.983981546958762,0.999929747158873,846,"3"
"6023","PEX3",-0.00172175225548846,0.365753130067925,-0.0201434149883856,0.984045708423628,0.999929747158873,8504,"6"
"6024","WIPI2",-0.00192169038539686,0.706127245423862,-0.0196293371922811,0.984452821557246,0.999929747158873,26100,"7"
"6025","RPL36",-0.00256082027063664,3.28427059256629,-0.0193728703196723,0.984655926708186,0.999929747158873,25873,"19"
"6026","KPNA1",0.00198334290176549,0.827524852094956,0.0192955944148112,0.984717124423665,0.999929747158873,3836,"3"
"6027","LAMA4",-0.00604320253815471,-2.46708726577338,-0.0191292183100725,0.984848884279896,0.999929747158873,3910,"6"
"6028","NDUFAF1",0.00184045255482013,0.496618288820995,0.0189041070838605,0.985027159501753,0.999929747158873,51103,"15"
"6029","PDCL",-0.00189649437864309,-0.323869024933924,-0.0188359024213938,0.985081173849801,0.999929747158873,5082,"9"
"6030","SYT16",-0.0036046844884865,-1.7645860613201,-0.0187895150834814,0.985117910115451,0.999929747158873,83851,"14"
"6031","ERCC3",-0.00218481691192118,-1.62001650920092,-0.0187109530015295,0.985180127115331,0.999929747158873,2071,"2"
"6032","TMCO3",0.00253157778662505,-1.55754446153214,0.0181614130143129,0.985615336232788,0.999929747158873,55002,"13"
"6033","MAPKAPK3",0.00321304581606974,-2.50707282066909,0.017606758928892,0.986054600001295,0.999929747158873,7867,"3"
"6034","POTEI",-0.00260143311986827,1.9701628864728,-0.0174866325756478,0.986149735836867,0.999929747158873,653269,"2"
"6035","EGFR",-0.00302128670925084,-0.670607070195644,-0.0173982905466585,0.986219699739808,0.999929747158873,1956,"7"
"6036","CHD1L",0.00216231618101687,-0.641205152627269,0.0173425116514864,0.986263874797717,0.999929747158873,9557,"1"
"6037","CPS1",0.00451355513020379,-3.47256574651294,0.0170204732219475,0.986518919540893,0.999929747158873,1373,"2"
"6038","UPRT",0.00135066757504285,-0.176022963431288,0.016939313901736,0.98658319550774,0.999929747158873,139596,"X"
"6039","PTRH1",0.00181763206837404,-0.382275047722457,0.0167678460981976,0.986718993627451,0.999929747158873,138428,"9"
"6040","H2BC5",0.00155034314663638,6.97444164491539,0.015888912282946,0.987415092974101,0.999929747158873,3017,"6"
"6041","COX7A2",-0.00338911562888122,0.563641979520204,-0.0157286582961316,0.987542012266177,0.999929747158873,1347,"6"
"6042","RPL13",0.0026090935577745,4.41012579124491,0.0153659229486056,0.987829295649708,0.999929747158873,6137,"16"
"6043","SPIN1",-0.00147331198172673,-1.27993920025761,-0.0153150057187949,0.987869621805751,0.999929747158873,10927,"9"
"6044","FDFT1",-0.00186930166666771,-0.689118044338263,-0.0151768473708179,0.987979042593289,0.999929747158873,2222,"8"
"6045","NUDT12",0.00140282489274202,0.807936815370983,0.0149270790091616,0.988176858605347,0.999929747158873,83594,"5"
"6046","POLR2K",0.00200974711659208,-1.56873139198005,0.0148648100852684,0.988226175579542,0.999929747158873,5440,"8"
"6047","PIP5K1A",-0.00220934346184687,-1.93602532642419,-0.01471198277181,0.988347214977338,0.999929747158873,8394,"1"
"6048","TRIM41",0.00289009862165246,-2.80921202442843,0.0143372281667002,0.988644022209998,0.999929747158873,90933,"5"
"6049","SIDT2",-0.00201423382697596,-0.0181121236941326,-0.0139913843857822,0.988917933404755,0.999929747158873,51092,"11"
"6050","TSEN54",0.00155996603758224,-2.43969833370978,0.0138912236045035,0.988997261845495,0.999929747158873,283989,"17"
"6051","SLC35A1",-0.00169061414558591,-2.2360401985177,-0.0135873027928512,0.989237971163922,0.999929747158873,10559,"6"
"6052","RBSN",-0.0011383567511779,-1.09143147015299,-0.0135259625972693,0.989286553538134,0.999929747158873,64145,"3"
"6053","MICAL2",0.00253790913633167,-0.944726237553876,0.0133860017940923,0.9893974047925,0.999929747158873,9645,"11"
"6054","MGST3",-0.00140031326195489,3.51881415171194,-0.0131652783728711,0.989572221799981,0.999929747158873,4259,"1"
"6055","PPHLN1",0.00167206546896659,0.0342180492377506,0.0131451400977682,0.989588171710252,0.999929747158873,51535,"12"
"6056","FTO",-0.00125990948454624,1.44385777596609,-0.0128743130355906,0.989802672493765,0.999929747158873,79068,"16"
"6057","DNAJC16",-0.00189297100956143,-2.1356752901085,-0.012514183153281,0.990087904196426,0.999929747158873,23341,"1"
"6058","COX7A1",0.00209678546217251,-0.468447568200793,0.012385847839243,0.990189549235577,0.999929747158873,1346,"19"
"6059","GTPBP3",0.00168140233805514,-1.80291377752354,0.0123420729012179,0.990224220208369,0.999929747158873,84705,"19"
"6060","TRIP6",0.00285797450682823,-1.0523290308317,0.0121977694450111,0.990338512709733,0.999929747158873,7205,"7"
"6061","MPZL1",-0.00162096437419756,-0.339719883609408,-0.012042792862576,0.990461258865565,0.999929747158873,9019,"1"
"6062","AJM1",-0.00163720620018015,-0.90331943044403,-0.0119486611894651,0.990535814122246,0.999929747158873,389813,"9"
"6063","WDR43",0.00097813640574905,0.267752802203229,0.011914790048632,0.990562641156189,0.999929747158873,23160,"2"
"6064","SERPINB12",0.00206056807557298,-0.905938201002594,0.0118678444305901,0.990599823615402,0.999929747158873,89777,"18"
"6065","SLIT1",-0.00159468715999761,-0.127047747784583,-0.0117912739297201,0.990660469992848,0.999929747158873,6585,"10"
"6066","BCAT1",0.0046813307320972,0.0381056454202467,0.011707985542766,0.990726437222959,0.999929747158873,586,"12"
"6067","LRRC41",0.00106491873681958,-0.281091925568963,0.0116924873209227,0.990738712348143,0.999929747158873,10489,"1"
"6068","REEP6",0.00316096913595248,-0.520371285307547,0.0115877225029912,0.990821689750081,0.999929747158873,92840,"19"
"6069","ACOT13",0.00131419000832245,2.14979506558409,0.011448990291086,0.990931570676082,0.999929747158873,55856,"6"
"6070","ATP13A3",0.00179024620444279,0.922530824373083,0.0114277352783216,0.990948405430329,0.999929747158873,79572,"3"
"6071","ENAH",-0.00120643844885393,0.408570057709326,-0.0111634222934442,0.991157751414415,0.999929747158873,55740,"1"
"6072","H1-5",-0.00255846873593013,0.951134102440104,-0.0108454081572826,0.991409631603597,0.999929747158873,3009,"6"
"6073","QPCTL",-0.00140369419377545,0.263071111946318,-0.0108138121248739,0.991434657001465,0.999929747158873,54814,"19"
"6074","TP53BP2",-0.000987850434002846,-1.08456743888705,-0.0105585029826404,0.991636872992099,0.999929747158873,7159,"1"
"6075","TTC33",0.00163095174839922,-3.13604260618732,0.0104420499559241,0.99172910906217,0.999929747158873,23548,"5"
"6076","B3GLCT",0.00201653881202546,-3.42052896132247,0.0100694216310709,0.992024248337076,0.999929747158873,145173,"13"
"6077","FAM89B",-0.00122329199498816,-3.5465272993212,-0.00976663976972308,0.992264066747308,0.999929747158873,23625,"11"
"6078","MVB12A",-0.00246273508656358,-3.93341415058797,-0.00957170497593949,0.992418465262144,0.999929747158873,93343,"19"
"6079","GSTM3",0.00118152751121947,4.67349461820356,0.0094274831881899,0.992532696624675,0.999929747158873,2947,"1"
"6080","RIF1",-0.000908665849382206,0.549678264086198,-0.00908855679432712,0.99280114506435,0.999929747158873,55183,"2"
"6081","NDUFA6",0.000917257153413065,1.62522089792938,0.00865908197815188,0.993141314078364,0.999929747158873,4700,"22"
"6082","SCRN2",-0.000929618662423026,0.461502059387747,-0.00853599742341777,0.993238804441825,0.999929747158873,90507,"17"
"6083","GRAMD4",0.00134719063719957,0.093112159533111,0.00853524103061497,0.993239403550704,0.999929747158873,23151,"22"
"6084","NECTIN2",-0.00113670144515154,0.481539076378717,-0.00840185815204009,0.993345050925132,0.999929747158873,5819,"19"
"6085","PPP1R16A",0.000754715839675124,-0.807786439550478,0.00833127266111746,0.993400958988152,0.999929747158873,84988,"8"
"6086","TBP",-0.000937197436310599,-1.32815085636974,-0.00832272750055645,0.993407727284743,0.999929747158873,6908,"6"
"6087","AIFM2",0.0011200535298691,0.247450120601202,0.00823854253612846,0.993474407018768,0.999929747158873,84883,"10"
"6088","MPHOSPH6",0.00120201568229372,-0.824009913061051,0.00822481348065968,0.993485281290134,0.999929747158873,10200,"16"
"6089","EI24",0.000881123125260452,1.02987561891686,0.00771023080390765,0.993892863875697,0.999929747158873,9538,"11"
"6090","DGKQ",-0.00100336139134249,-3.27814234305279,-0.00766475420322862,0.993928884350825,0.999929747158873,1609,"4"
"6091","RRBP1",-0.00134451253020007,3.95223927753749,-0.00755583743744277,0.994015153684436,0.999929747158873,6238,"20"
"6092","PTPRS",-0.00109335431806401,-1.3893037160644,-0.00719954780402181,0.994297359311961,0.999929747158873,5802,"19"
"6093","CACNA2D1",-0.000751812501372906,1.07975675542663,-0.00712987466920761,0.994352545262737,0.999929747158873,781,"7"
"6094","ZYG11B",-0.0007298403542082,-2.62515018654664,-0.0070989747564618,0.99437702014389,0.999929747158873,79699,"1"
"6095","USP9Y",-0.000775861273748069,-1.42937888290245,-0.0068024602303065,0.994611880559811,0.999929747158873,8287,"Y"
"6096","RANBP9",0.000587839961553205,-0.801688084122676,0.00661911969525896,0.994757099438637,0.999929747158873,10048,"6"
"6097","SLC43A2",-0.000975118253215113,0.458990907888081,-0.00654681330610448,0.994814371345018,0.999929747158873,124935,"17"
"6098","UBL3",-0.000758233437985867,-0.684858167999759,-0.00612168969867725,0.995151100640975,0.999929747158873,5412,"13"
"6099","CCP110",-0.000824479883331564,-1.46927135736655,-0.00606295660492921,0.995197621661467,0.999929747158873,9738,"16"
"6100","NCSTN",0.000712264050105826,2.48429983991411,0.00605808916833784,0.995201477037509,0.999929747158873,23385,"1"
"6101","UQCC2",0.000610340970959466,-0.690390571987577,0.0059047437025137,0.995322938244677,0.999929747158873,84300,"6"
"6102","TMEM41B",-0.000486950900170258,-0.109105833724165,-0.00581107424847057,0.995397131592812,0.999929747158873,440026,"11"
"6103","ZNHIT2",-0.0012136895100151,-0.566433184878174,-0.00578191064493993,0.9954202313985,0.999929747158873,741,"11"
"6104","AGO2",-0.000652783611469587,1.38565929063516,-0.00573354264320057,0.995458542565978,0.999929747158873,27161,"8"
"6105","HDLBP",-0.000564540046775086,2.74154659846953,-0.00572135569621053,0.995468195564531,0.999929747158873,3069,"2"
"6106","CHN1",-0.000754874694297358,-1.37798837113849,-0.00550163015331713,0.995642235197254,0.999929747158873,1123,"2"
"6107","YIF1B",0.00046706565338662,-0.305672684681114,0.00541789106063556,0.995708563095989,0.999929747158873,90522,"19"
"6108","MRPL41",0.000788270375099431,0.337809898421043,0.00526506576291837,0.995829612742021,0.999929747158873,64975,"9"
"6109","CSTA",0.00112446914861231,-0.16858745545688,0.00519371550262447,0.995886127789953,0.999929747158873,1475,"3"
"6110","SH3PXD2B",-0.000479787343026644,0.015471246976852,-0.0050798980574865,0.995976280250722,0.999929747158873,285590,"5"
"6111","MTMR1",0.00039574991331115,-1.18436069024518,0.00504488150287499,0.996004016155324,0.999929747158873,8776,"X"
"6112","DDX60",0.000516707430922358,-0.848986148307705,0.00502476071574937,0.996019953426091,0.999929747158873,55601,"4"
"6113","TTC9C",0.000499389757684099,-0.432342454276276,0.00442625940727032,0.996494015003312,0.999990705249492,283237,"11"
"6114","BLOC1S5",0.000481127124839165,-0.605756703710512,0.00439132657050428,0.996521684684842,0.999990705249492,63915,"6"
"6115","PPP1CC",0.000403148982561552,1.50722945148059,0.00396284891737847,0.996861074592623,0.999990705249492,5501,"12"
"6116","PFN1",0.000364987208850476,3.96116605748088,0.00296329299254169,0.99765280814303,0.999990705249492,5216,"17"
"6117","LRCH3",-0.000313784102452086,-1.78963600069539,-0.00281898105036569,0.997767115728997,0.999990705249492,84859,"3"
"6118","EED",0.00045610935015894,-1.99159741124149,0.00279145442213719,0.997788919213659,0.999990705249492,8726,"11"
"6119","NARS2",-0.000181084986643487,1.3681174516255,-0.0026619672511087,0.997891484342704,0.999990705249492,79731,"11"
"6120","PPP2R5C",-0.000231301541659151,-0.499111067434067,-0.00229914036913939,0.998178875055135,0.999990705249492,5527,"14"
"6121","ZNF483",0.000299093798319383,-1.28262061689051,0.0017346392553974,0.998626009923282,0.999990705249492,158399,"9"
"6122","ILRUN",0.000459022524288422,-4.60786117650373,0.00173217030050998,0.998627965555273,0.999990705249492,64771,"6"
"6123","TMCC1",-0.000188384343371428,-1.3900332141357,-0.00172755859482761,0.998631618436607,0.999990705249492,23023,"3"
"6124","RPIA",-0.00019961591603887,-0.22590178676049,-0.00160703895919112,0.998727080724449,0.999990705249492,22934,"2"
"6125","GPNMB",0.000373544231639933,-0.493953734507007,0.00137997984535764,0.99890693182058,0.999990705249492,10457,"7"
"6126","TARBP2",0.000123595039582369,-0.556838865788695,0.00124258191861337,0.999015763277937,0.999990705249492,6895,"12"
"6127","DECR2",-0.000205693067230867,-0.627132060082917,-0.00109375697363044,0.999133645978154,0.999990705249492,26063,"16"
"6128","SDE2",-7.95928691039172e-05,-0.506990859005379,-0.000654743479592182,0.999481384132688,0.999990705249492,163859,"1"
"6129","MBIP",0.000113198898589073,-0.916952688642418,0.000638947895075579,0.999493895657976,0.999990705249492,51562,"14"
"6130","BAHD1",5.03082266380961e-05,-1.75208145916329,0.000456087718493282,0.999638737392547,0.999990705249492,22893,"15"
"6131","SLC39A10",8.04609597204742e-05,-1.57185280899104,0.00033542078504851,0.999734316482396,0.999990705249492,57181,"2"
"6132","CDC34",3.16444475787769e-05,0.0083482878879556,0.000288833436167206,0.999771217863871,0.999990705249492,997,"19"
"6133","DCUN1D4",-3.526193615766e-05,-1.55495734734146,-0.00028385163219788,0.999775163901896,0.999990705249492,23142,"4"
"6134","NUB1",-1.57152167011843e-05,-0.236728349374135,-0.000173263021533636,0.999862760056219,0.999990705249492,51667,"7"
"6135","VAMP5",-1.26535820887952e-05,-2.0034108748128,-9.93394561917535e-05,0.999921314188628,0.999990705249492,10791,"2"
"6136","S100A4",2.77220523692279e-06,-1.14870801362118,1.17344594054834e-05,0.999990705249492,0.999990705249492,6275,"1"
