"","Row.names","logFC","AveExpr","t","P.Value","adj.P.Val","common_name"
"1",100,0.0724577241766855,-1.62451531622842,0.295869464442161,0.768618579674972,0.88619618676494,"ADA"
"2",1000,-0.267142265098998,-0.0755568066365997,-1.66618635558405,0.102254166467985,0.29844796660984,"CDH2"
"3",10000,-0.312212173044864,0.320337976414417,-2.51534696318496,0.0153280481606234,0.0930599007021826,"AKT3"
"4",10001,0.137419226417186,-2.30380607813101,0.783977349990864,0.436942983186632,0.667485323743044,"MED6"
"5",10005,0.335445512427409,-0.552731537616895,3.14111323035343,0.00289422312964604,0.0334552571935356,"ACOT8"
"6",10007,-0.203778525535864,3.0358823755672,-2.84479939419031,0.00653633889804454,0.0553456968343758,"GNPDA1"
"7",10009,-0.101089804296243,-3.43655288107114,-0.67864530227119,0.500653727769429,0.714219331406648,"ZBTB33"
"8",10010,0.176564814909245,-0.512897610996615,1.8833708572436,0.0657766506708369,0.22580373703445,"TANK"
"9",10011,0.160235438228774,-0.740364753288143,1.77592867598421,0.082146522674815,0.256791215369806,"SRA1"
"10",100131017,-0.0544907005961164,-1.77627527084837,-0.354633811650705,0.724432607472063,0.860903648531175,"ZNF316"
"11",100131187,0.179592674022741,0.892439529569454,0.679467312588953,0.500137562310944,0.714083358330908,"TSTD1"
"12",100131755,-0.02440704648374,-2.37832001135248,-0.234360894308838,0.815711430973621,0.907693394364772,"ARMCX4"
"13",100131801,-0.119922901201095,-1.85267526105361,-0.971938200663463,0.33600169861747,0.589858301182813,"PET100"
"14",100132916,-0.178057193673752,-1.95009103535056,-0.636812075687263,0.527302545087355,0.734085511849895,"SHISAL2B"
"15",100137047,0.0517115867111113,-1.15875176327314,0.427767169069448,0.670752601543661,0.828128339725916,"JMJD7"
"16",10014,0.0401170180845047,-1.48570424746617,0.356465539049335,0.72306951403599,0.859647145885755,"HDAC5"
"17",10016,0.14864289060806,1.93036823931688,1.9864457928095,0.0527661821268868,0.200668417530874,"PDCD6"
"18",10020,-0.116090131187871,1.64764250253487,-1.24968018289749,0.21753501559981,0.458982737224504,"GNE"
"19",10026,0.283803976726043,0.486975290644879,3.43445857953975,0.00124106546041515,0.0209852886942926,"PIGK"
"20",100287932,0.272356987615831,0.178193002741429,2.31444858681836,0.0250111833634802,0.127861218050293,"TIMM23"
"21",100288695,0.167211268060012,-6.57770604227387,0.47286977208367,0.638470425820433,0.808900130411006,"LIMS4"
"22",100293534,-0.00615983989965663,0.886157274892617,-0.0354990318727808,0.971830486735304,0.985966202905999,"C4B_2"
"23",1003,-0.0229849116504355,-0.566793506430349,-0.148272403071581,0.8827550477338,0.943747042785269,"CDH5"
"24",100302736,-0.270050877372556,3.09473243897281,-3.36655693674909,0.00151482067970621,0.0235989069341033,"TMED7-TICAM2"
"25",1004,0.0161507737721647,-1.77019798586118,0.0683639037458756,0.945782744726358,0.976373814617883,"CDH6"
"26",10040,-0.244785292839062,1.37742759173321,-2.77263322410478,0.00791756950206961,0.061311856294036,"TOM1L1"
"27",10042,0.133054058832941,-4.86000391422983,0.567854612436765,0.572806502738473,0.764156990612638,"HMGXB4"
"28",10043,-0.00940264685983982,1.53530833609243,-0.102106544147102,0.919101658853685,0.962375636650276,"TOM1"
"29",10048,0.0263498768386554,-0.81794944196648,0.39127490150526,0.697342623611451,0.846408745051827,"RANBP9"
"30",100505876,0.0378671357963754,-0.794423203331228,0.208753961934389,0.835532366171128,0.919580000638047,"CEBPZOS"
"31",100506658,0.714940069024012,0.0558215696104052,3.23971141080752,0.00218661968375987,0.0284353212265214,"OCLN"
"32",100526664,-0.111819287000332,-1.55670669052512,-0.467711949111018,0.642128041764011,0.809857134807496,"LY75-CD302"
"33",100526737,0.100448491812527,2.73878601399898,1.03982805185425,0.303680506439649,0.557413561162251,"RBM14-RBM4"
"34",100527963,0.50748114728502,-5.26175261226462,1.7570522744368,0.0853490296613941,0.263517275684928,"PMF1-BGLAP"
"35",100528030,0.0130474964315868,-4.33833854248757,0.0421815370270432,0.966530680768032,0.983841678035519,"POC1B-GALNT4"
"36",100528062,-0.113341901182714,-1.69130376133138,-0.600521270040785,0.551011731716593,0.750579229755093,"ARMCX5-GPRASP2"
"37",100529261,-0.0614325594739756,-0.0157497576914002,-0.794102769111174,0.431082575997628,0.663956746212916,"CHURC1-FNTB"
"38",10053,-0.00455888556977979,1.59201851554291,-0.0651545077456081,0.948324249805905,0.976373814617883,"AP1M2"
"39",100532731,-0.215358012104954,-0.185217234996959,-1.8634905545406,0.0685776977904514,0.231974931233054,"COMMD3-BMI1"
"40",100534599,0.0723591012391249,-0.843316945797365,0.85581782159886,0.396392405809998,0.638825062696193,"ISY1-RAB43"
"41",10055,0.0246417165899411,1.43439090685883,0.447028207295381,0.656885126026594,0.819001563569494,"SAE1"
"42",10057,0.224631897964615,1.18043890526021,0.831156502250951,0.410041195387988,0.647666715720914,"ABCC5"
"43",10058,-0.329426256879464,0.415923592983793,-3.64291041713612,0.000665231533111836,0.0146350937284604,"ABCB6"
"44",10059,-0.228406370361851,2.24384748870541,-2.71947188589708,0.00910247219080301,0.066276363353676,"DNM1L"
"45",10063,0.350232344691988,2.18855565676614,1.76214924358148,0.0844741940353092,0.261473829041214,"COX17"
"46",10067,-0.00805342222214267,1.70145520228654,-0.0638422055870025,0.949363613314379,0.976373814617883,"SCAMP3"
"47",10072,0.162833677198111,2.14180592095736,2.00943650758859,0.0501874723000033,0.194968800618621,"DPP3"
"48",10073,0.0978747889796018,-0.682573173977395,0.84104951983902,0.40453161470425,0.643768486143295,"SNUPN"
"49",10078,-0.0237339459945423,-0.487704179488207,-0.240375134778395,0.811073211885425,0.904993160253179,"TSSC4"
"50",10079,-0.126278699574678,3.11536089341329,-1.10427649899057,0.275032280122834,0.529668638040101,"ATP9A"
"51",10081,-0.0436890261742113,-2.23307937814855,-0.318488308539824,0.751509849965396,0.876971904802136,"PDCD7"
"52",10084,0.0740988482814317,0.796467244348467,0.47562278810622,0.636521854945614,0.807225443317392,"PQBP1"
"53",10085,-0.097275304950396,1.67261052023971,-0.699630158935981,0.487568379936762,0.70533104590889,"EDIL3"
"54",100885850,-0.106580902492249,0.61455209179901,-1.49635601918996,0.141172067740183,0.358415914745818,"PTGES3L-AARSD1"
"55",1009,-0.151104194506148,-3.64813566968279,-0.616958179704329,0.540206556178042,0.743116952447518,"CDH11"
"56",10095,0.248051349918197,2.49555931918377,3.40198490043393,0.00136552469625289,0.0222914643234048,"ARPC1B"
"57",10099,-0.385071333452048,2.03836575718007,-1.83480028931181,0.072797880851825,0.238693051639157,"TSPAN3"
"58",100996928,-0.277619963849685,1.58452124841194,-2.25737097704898,0.0286182875589053,0.136699649055689,"FMC1-LUC7L2"
"59",10101,0.287177524260724,-0.0417957958444859,2.56321799750848,0.0135930153174661,0.0864131683232126,"NUBP2"
"60",10102,0.0781605076806349,1.30590438132701,0.77755943508943,0.440681946815631,0.670045753754189,"TSFM"
"61",10105,0.330194443916355,1.2054548794724,2.59266666092483,0.0126166021402447,0.0822961784663357,"PPIF"
"62",10106,0.0718869985385511,-1.34502669861438,0.343656841711371,0.73261995831436,0.865605472490646,"CTDSP2"
"63",10110,0.308203014462782,-2.44096467507363,1.15803607704788,0.252635203669421,0.503536331071633,"SGK2"
"64",1012,-0.808505080991758,-1.84907822762077,-2.22105630649966,0.0311472148209537,0.144217479480597,"CDH13"
"65",10120,-0.127686690063556,0.205416422418849,-1.20692191412415,0.233434595270653,0.479446454589575,"ACTR1B"
"66",10128,-0.302405227987637,3.62084474168489,-4.45050086251193,5.15880086497729e-05,0.00333312839044533,"LRPPRC"
"67",10129,-0.127377338649327,-1.30808913684788,-1.32920721204053,0.190124790287827,0.42209085597121,"FRY"
"68",10130,-0.0253481373035607,3.81048879016503,-0.25510007784755,0.799746416532753,0.899385032004038,"PDIA6"
"69",10133,0.02590388489802,-0.0606754990875075,0.287968660572831,0.774622697604067,0.887783653531628,"OPTN"
"70",10135,0.402209363051807,3.19905900836414,2.8221796658661,0.00694317027654117,0.0575130622907013,"NAMPT"
"71",10136,-0.36055138582204,3.23549256495459,-0.647847693848599,0.520200737370592,0.729172898639803,"CELA3A"
"72",10147,0.0305697594872699,0.090323347656567,0.430175370101418,0.66901228577057,0.826878966338822,"SUGP2"
"73",10149,0.424397330608656,-1.95765892035396,1.94587891691541,0.0575953486032977,0.210044275923462,"ADGRG2"
"74",10150,-0.075416313123285,2.02099905394318,-0.900841054690953,0.372214796940678,0.621418570407543,"MBNL2"
"75",10152,-0.172787968238439,-0.227179480778168,-1.68946096605508,0.0976812894215491,0.289323938966453,"ABI2"
"76",10154,-0.0919813957328537,-1.32837189814722,-0.735912061797357,0.465400576005302,0.687847034799072,"PLXNC1"
"77",10156,-0.44767907316466,0.348057332895383,-2.45581128705947,0.0177654038576447,0.103495432591948,"RASA4"
"78",10157,-0.408692236062909,-0.385718382697473,-3.73528275858002,0.00050193286146867,0.0124228383213496,"AASS"
"79",10159,-0.222666571971725,1.82910871373067,-1.5353187083833,0.131336007232777,0.345595586058541,"ATP6AP2"
"80",10160,0.363956749758601,-0.146838879141943,3.06675317786883,0.00356503547739149,0.038598802232045,"FARP1"
"81",10162,-0.104101173234549,1.77891684653576,-1.2564656870493,0.215087479730907,0.455478726403971,"LPCAT3"
"82",10166,0.16796124869239,-0.72149670162961,0.748188649735011,0.45803258756208,0.683067978549066,"SLC25A15"
"83",1017,0.300268928225341,-1.52952163407335,1.8366061530968,0.0725259252467811,0.238055684045317,"CDK2"
"84",10171,0.156046131652754,-0.805087280433035,1.7226809549189,0.0914477141007361,0.275658710272543,"RCL1"
"85",10174,0.0180641467956147,0.707353621042985,0.165393257446792,0.869335926051012,0.938277459838423,"SORBS3"
"86",10179,0.129732516410693,-0.727763233737906,1.23061328203471,0.224522961585167,0.468748958574747,"RBM7"
"87",10180,0.11371569057796,-0.574766365675203,1.44591315783773,0.154763584102121,0.378633075180884,"RBM6"
"88",10188,-0.319167400909773,-1.72365099136888,-2.34677824699426,0.0231533565873074,0.12180712920555,"TNK2"
"89",10189,0.154031871239067,2.50681139052199,1.65029583400772,0.105476119289141,0.304378194732838,"ALYREF"
"90",1019,-0.170418689094732,0.884525892099821,-1.62676389687193,0.110399644000387,0.311698718893458,"CDK4"
"91",10190,-0.0669398882597797,0.0506672788676682,-0.580857537413689,0.564080668666109,0.75861681513422,"TXNDC9"
"92",101928527,0.0373944750888373,-1.19880116340954,0.222839683135253,0.824615155259613,0.912674906289903,"PIGBOS1"
"93",10193,0.0584638425448698,-1.3330402186169,0.396141574789536,0.693773378383695,0.844079483948289,"RNF41"
"94",10195,0.121850437529203,-1.11322492635207,0.907641312701597,0.368646701324273,0.618745816988895,"ALG3"
"95",10196,-0.00174012692733738,-3.17705485249528,-0.00978686356506312,0.992232300533109,0.997274026106192,"PRMT3"
"96",10197,0.170936627536832,1.12164800117774,2.17078982393205,0.0349735329067763,0.154882788587152,"PSME3"
"97",10199,-0.0634925508914698,-0.486763875693452,-0.523136645758047,0.603309571135413,0.787370285830055,"MPHOSPH10"
"98",102,0.390707922851455,1.54205063868271,4.4561866954517,5.06340313587383e-05,0.003306294515744,"ADAM10"
"99",1020,-0.0821783147632701,0.536776479360104,-1.11061140005154,0.272322552890926,0.526627545571677,"CDK5"
"100",10200,0.308711780888179,-0.781050310742843,2.65974655805013,0.0106271458989045,0.0732092273035643,"MPHOSPH6"
"101",10201,0.315199377256185,-3.41395966796531,1.34444678858769,0.185185439506127,0.415341744224208,"NME6"
"102",10202,-0.0715668186885148,-1.64709722209966,-0.237147333424727,0.81356167275502,0.906451542452408,"DHRS2"
"103",10204,0.436903672041681,2.77767853175181,2.72575516862564,0.00895436807512951,0.0657779995099046,"NUTF2"
"104",10209,0.349048113315232,-0.105326793795588,2.68125109097083,0.0100530358993783,0.0701996977820072,"EIF1"
"105",1021,-0.0133877474129441,-0.00407441878282078,-0.14861160834692,0.882488831721843,0.943678823886528,"CDK6"
"106",102157402,0.0474021343383237,-0.632803536756707,0.274748828035109,0.784699945228749,0.891855946444575,"AK6"
"107",10216,0.465144887117413,0.387698590986486,1.36322414519399,0.179234862451762,0.409705781374109,"PRG4"
"108",1022,0.172983759712964,-1.17910547276666,1.65668605034439,0.104170586783916,0.30222537977356,"CDK7"
"109",10226,0.641483710291729,1.83792558690696,4.8500000573992,1.365557562478e-05,0.00186262051521999,"PLIN3"
"110",10227,0.0696909379675941,0.645124922085708,0.503620906034197,0.616854053908759,0.794796513831338,"MFSD10"
"111",102288414,0.360940438903604,-0.454926613852364,2.79165061192463,0.00752951080452733,0.0598775041535392,"C11orf98"
"112",10229,-0.0814844377104454,0.521118847993157,-0.791502505008482,0.432583056591044,0.66446316350246,"COQ7"
"113",10237,-0.371042200710433,-0.0700051183480976,-2.73516717242043,0.00873666606990648,0.0650007955601042,"SLC35B1"
"114",10239,-0.402906347091775,1.17468995501313,-3.27854020116505,0.00195569278218689,0.0268463619075711,"AP3S2"
"115",10241,-0.0348150014052395,-1.93661994285887,-0.246440244744108,0.806402682376013,0.902406502173923,"CALCOCO2"
"116",10244,0.0113379239016373,-0.0881347407643659,0.119538141109811,0.905352854731527,0.9555903152547,"RABEPK"
"117",10247,0.426515113896321,0.341884571458414,2.29393810158907,0.0262577898192254,0.130713960997896,"RIDA"
"118",10248,0.272883171185681,-0.860166538331138,2.68615361099873,0.0099262050857137,0.0697105798811335,"POP7"
"119",10250,0.0593274592138846,0.755493181179828,0.585566817445866,0.560936794537782,0.756876246399847,"SRRM1"
"120",10254,0.0979578715451926,0.283575265229349,1.41691557674045,0.163029081240502,0.388912748019512,"STAM2"
"121",10257,-0.119191308947174,-0.936524172807902,-0.892868840244516,0.376425843833915,0.6249666836496,"ABCC4"
"122",1026,0.0990220278205389,-1.56076424076418,0.638571856976673,0.526166652754614,0.733169333622661,"CDKN1A"
"123",10260,0.163771790799397,-0.616315336763656,1.9400830840175,0.058315354761968,0.211423300371506,"DENND4A"
"124",10262,0.117206486881458,0.502264000622522,1.43264813184072,0.158503000693583,0.383190851677988,"SF3B4"
"125",1027,-0.0447797116922648,-2.78931251321727,-0.263164724335033,0.793561091021503,0.896040834564015,"CDKN1B"
"126",10270,0.0559368612565597,-0.412732281307049,0.692760371444396,0.491831034241057,0.708159862247853,"AKAP8"
"127",102724560,0.036135746995029,-1.34055266922339,0.16317259239861,0.871074354279657,0.93899223185265,"LOC102724560"
"128",102724594,-0.0601883918544956,2.36868402547214,-0.624881746339185,0.535037156009614,0.739572022823778,"LOC102724594"
"129",10277,-0.00835607975766034,-0.391364432268755,-0.111655864600785,0.911566467659772,0.958541173851834,"UBE4B"
"130",1028,-0.470844022380354,-2.11750325997389,-2.16424551622598,0.0355009971572981,0.156316442289452,"CDKN1C"
"131",10280,-0.00779156616354209,-0.0351924408192611,-0.0884414683485255,0.929897394355066,0.968825818225313,"SIGMAR1"
"132",102800317,0.272058060772534,-0.867025396562969,1.8202300724138,0.0750237479754218,0.242621583284056,"TPTEP2-CSNK1E"
"133",10282,0.13236468664931,-0.242358356653369,0.897621902746894,0.373911563677272,0.623152098249008,"BET1"
"134",10283,0.104300928360219,-1.05269165250622,1.14353535364479,0.258543239037167,0.510105561301874,"CWC27"
"135",10285,-0.172167626939065,-0.0919076323750935,-1.33802132483592,0.18725594784419,0.418655627412928,"SMNDC1"
"136",10286,0.126018062986695,0.718230825146105,2.21831718545242,0.0313457596232634,0.144629866943442,"BCAS2"
"137",1029,0.605197103181036,-1.31708957604565,3.20862678806223,0.0023898309059101,0.0298753199602366,"CDKN2A"
"138",10295,-0.0193434196102539,0.806505152672476,-0.25172980376753,0.802335178974041,0.900148994925021,"BCKDK"
"139",10296,-0.0587721827557177,-1.66453986870491,-0.625202686757149,0.534828315383548,0.739530569908588,"MAEA"
"140",10300,-0.0234306631354018,-1.64735048828917,-0.15469910299466,0.877713585177426,0.941113006538405,"KATNB1"
"141",1031,0.154078953582188,-0.318352298996231,1.3781593921214,0.174607479693102,0.403209813959964,"CDKN2C"
"142",10311,-0.122684506458121,-0.777484228837908,-1.10370931128645,0.27527581546887,0.529668638040101,"VPS26C"
"143",10312,0.613586166456902,-1.24406605281655,3.70318424713531,0.00055374259320914,0.0132226980200379,"TCIRG1"
"144",10314,-5.26276428853834e-05,2.15789087214378,-0.000573725983318633,0.999544634154196,0.999733741883347,"LANCL1"
"145",10317,0.386160266579646,-0.472536077456925,2.62871185712271,0.011508817874761,0.0771191311302215,"B3GALT5"
"146",10319,0.142330024614122,-0.0264791807875864,0.596349744168769,0.553771333140465,0.752090626511343,"LAMC3"
"147",10322,-0.105194436944482,-0.140582626838832,-0.954268205815876,0.344776084774114,0.597558135232828,"SMYD5"
"148",10325,0.0535990661459915,-3.64250588937944,0.263777460811434,0.793091683475108,0.895840403601437,"RRAGB"
"149",10327,-0.140330525166104,5.13804455987795,-2.27586875857603,0.0274016126574157,0.133062577920267,"AKR1A1"
"150",10328,0.0193044119810999,1.41875973523804,0.18775501279093,0.851867955906988,0.929723597680848,"EMC8"
"151",10330,-0.0781802001282141,3.45532337513269,-0.63057257460491,0.531340355240315,0.737032113099447,"CNPY2"
"152",10331,0.234335018943176,-2.66576563778846,1.00630659694525,0.31936376402205,0.573173913323784,"B3GNT3"
"153",10342,0.097461341185364,3.13300441420516,1.09530068360456,0.27890407719932,0.533822148603168,"TFG"
"154",10346,0.349753228698773,-1.26200315157481,1.99416864343314,0.0518874964937743,0.19818634317286,"TRIM22"
"155",10347,-0.107814199428356,-0.231831569868629,-0.938785335226315,0.352587289031838,0.604219697480142,"ABCA7"
"156",10351,0.118560621422897,-4.66637565307675,0.636979968459527,0.527194119064003,0.734085511849895,"ABCA8"
"157",10352,-0.112253416476641,0.281594256984782,-1.33525190431651,0.188153772059743,0.41950158114882,"WARS2"
"158",10360,0.340879952220257,-1.98622682500921,2.2564048238658,0.0286831346711232,0.136796488431511,"NPM3"
"159",10361,0.0900711046094297,0.324210346054441,0.740509750429187,0.462633267691744,0.686349914873296,"NPM2"
"160",10362,-0.0808737985809699,-0.272964253669188,-0.450941325093595,0.654082416552154,0.816671658420895,"HMG20B"
"161",10363,0.0458085957440586,-0.696135272866761,0.403507414829227,0.688384560833619,0.841141604948081,"HMG20A"
"162",10367,0.0865169957428811,-0.38848389483651,1.16722985625286,0.248940017176167,0.499181256265049,"MICU1"
"163",10376,-0.0147309006872844,-1.52455805156183,-0.0365610345988971,0.970988134465433,0.985966202905999,"TUBA1B"
"164",10379,0.262225275853185,-2.93509073904863,1.46045476156067,0.150744117230941,0.372490898375007,"IRF9"
"165",10381,0.098478966594906,4.00359450257185,0.802916329700836,0.426019938302228,0.65983103237423,"TUBB3"
"166",10382,0.699748704076725,-2.06301909749738,2.33797490959492,0.0236465899588849,0.123630978848071,"TUBB4A"
"167",10383,0.140380287963807,5.6226886022287,1.5482241999962,0.128201580127047,0.340208084228194,"TUBB4B"
"168",10384,0.135879409516907,-2.09821493495044,0.994526200043776,0.325002989415402,0.578558105867674,"BTN3A3"
"169",10389,-0.0621793029019264,-1.37720531171602,-0.382531837116949,0.703772180376886,0.849376504191179,"SCML2"
"170",10390,-0.159308490627682,2.04492404232366,-1.98041930196923,0.0534607450892147,0.202307061256227,"CEPT1"
"171",10391,-0.100200374295807,0.577132000096547,-0.715766812274326,0.477637113462344,0.698097859004593,"CORO2B"
"172",103910,0.285555539861097,3.90712980777977,2.37506902684629,0.021630087740285,0.117451437677445,"MYL12B"
"173",10393,-0.272877701949558,-1.69729983387735,-2.12846344343434,0.0385105635076683,0.164723232620257,"ANAPC10"
"174",10396,-0.471505809911866,2.42690922553309,-3.17113868849524,0.00265863203302397,0.0315641845622846,"ATP8A1"
"175",10397,0.350226966856915,1.20859773423675,2.41172945159536,0.0197902682592557,0.111238705655047,"NDRG1"
"176",10398,0.000817397974531842,1.64577736559581,0.00383701547450335,0.996954571401622,0.998489874213744,"MYL9"
"177",10399,0.162335898312111,4.16662468068147,1.8429398326962,0.0715788725773587,0.23697471406679,"RACK1"
"178",104,-0.115979122905603,-2.58000650281485,-0.796125208805506,0.429917684643599,0.663523949796935,"ADARB1"
"179",10402,-0.470158886677583,-0.0406874301203727,-2.40009506854734,0.020358279204038,0.113187606661581,"ST3GAL6"
"180",10404,-0.101672191813916,3.54760982920895,-0.763501327179471,0.448937770175068,0.676688079255194,"CPQ"
"181",10409,-0.073639017337884,-2.95452947801149,-0.243944063744508,0.808324052234528,0.904226905889472,"BASP1"
"182",1041,-0.295953625109898,-2.117839492735,-1.11480754462408,0.270538081217763,0.525518543544223,"CDSN"
"183",10410,0.558148061709954,-3.04158680916798,2.70502523602898,0.00945159121757455,0.0678524758987984,"IFITM3"
"184",10412,0.333630844879045,-1.05554328368349,2.70624064696074,0.00942175152031758,0.067747779054514,"NSA2"
"185",10413,0.674615729568173,-1.10669342966273,2.94655265161838,0.00496550082155177,0.0470343272263654,"YAP1"
"186",10417,0.148856326209753,-1.05829858484936,0.706246847748238,0.483482298125746,0.702726579658022,"SPON2"
"187",10422,-0.0670424617995383,-0.822644159230629,-0.764164017870874,0.44854657239158,0.67651084784607,"UBAC1"
"188",10423,-0.24355671091117,2.34937930796018,-2.59477543911771,0.0125492013371384,0.0822059741807423,"CDIPT"
"189",10425,-0.00485836438326981,-0.622670072461711,-0.0648146963349791,0.948593377041975,0.976373814617883,"ARIH2"
"190",10428,-0.109075280198599,-0.508533254082874,-0.82553537958895,0.413192095651538,0.650267033892196,"CFDP1"
"191",10434,0.129042508455255,2.78548971465309,1.08659136115753,0.282697334151332,0.537711880080841,"LYPLA1"
"192",10436,0.180674236371129,0.975976267319187,1.89144009009614,0.0646678081955907,0.223623102368753,"EMG1"
"193",10437,0.503167416111385,0.0135448474010666,2.10347547075992,0.0407427990702977,0.171596478372348,"IFI30"
"194",10438,0.113283847514061,-1.96588397937032,0.83292166627707,0.409054787194936,0.647517277819199,"C1D"
"195",10444,0.186614141386178,-2.68419079701591,1.11752238095589,0.269387973076011,0.524089818935199,"ZER1"
"196",10445,0.252796791193589,-1.68474233256077,1.45877452135836,0.151204318351808,0.373177364713871,"MCRS1"
"197",10447,-0.165146681515333,2.51451717716239,-1.79155926870705,0.0795713528905683,0.251627493066619,"FAM3C"
"198",10449,-0.018915182473104,3.78185059505898,-0.269186083020348,0.7889515984797,0.893465850824427,"ACAA2"
"199",10450,-0.0601928432722637,0.223668836491315,-0.90968118606277,0.367580674922685,0.617970469097628,"PPIE"
"200",10451,-0.0663296743231996,-2.46557426024929,-0.320376182912184,0.750087422807262,0.876111088092863,"VAV3"
"201",10452,-0.126238490378781,1.49630212416168,-1.39379276064704,0.169862947092862,0.397220108164595,"TOMM40"
"202",10457,-0.329639003376521,-0.0639184413335487,-0.851763243097375,0.398616775013269,0.639575599650138,"GPNMB"
"203",10458,-0.197594765657902,-0.181206501395892,-1.91853405253275,0.0610603911787332,0.217017186482377,"BAIAP2"
"204",10463,-0.340547390846242,1.39242137193028,-4.07129584381161,0.000175714916673871,0.00702351133941402,"SLC30A9"
"205",10464,0.0450446845272994,-0.679386538362993,0.548470161717764,0.585936230586399,0.774435095464969,"PIBF1"
"206",1047,-0.65579582814221,-0.229456027965356,-5.13019851186932,5.27818797036308e-06,0.00129590071048354,"CLGN"
"207",10471,-0.0631764652301867,-1.6803356420769,-0.340840592072243,0.734725619205107,0.866758764305391,"PFDN6"
"208",10473,-0.0651697820163942,-0.00207386331323702,-0.321089125518653,0.749550480792164,0.876111088092863,"HMGN4"
"209",10475,0.162815162233835,-2.47260651025471,0.853051179740748,0.397909365119451,0.639172465290986,"TRIM38"
"210",10476,-0.100147301398712,3.431733318344,-1.14691921071069,0.257155789003951,0.509004267302887,"ATP5PD"
"211",10479,-0.0399332886894468,-1.2661369810644,-0.275633482115882,0.784024403441448,0.891855946444575,"SLC9A6"
"212",10486,-0.193097779921627,0.136601762178565,-2.26226089948722,0.028292075469684,0.135563434217736,"CAP2"
"213",10489,0.143407948345908,-0.307731816577555,1.79423102761784,0.0791380222368741,0.25112552499581,"LRRC41"
"214",10490,-0.124168352652823,0.85772963493621,-1.4908921752046,0.142596964339441,0.360337656284681,"VTI1B"
"215",10491,-0.0707590599998431,-0.693799306922662,-0.553578769992689,0.582462043265971,0.771837655778611,"CRTAP"
"216",10493,-0.37892799671595,6.52839656568569,-3.13059741246282,0.00298128402351353,0.033950132349399,"VAT1"
"217",10497,0.166512530776667,-1.47545280605755,1.05501059545792,0.296753840326737,0.550408431679636,"UNC13B"
"218",10498,0.305186217117398,0.0836505969548254,3.77203043845223,0.000448338244539169,0.0116113930167992,"CARM1"
"219",10499,0.0309957391993099,-1.94667288745056,0.246766000563305,0.806152029014173,0.902298824898303,"NCOA2"
"220",1051,0.276930987539805,-0.478781087321349,1.2464817140092,0.218695846007407,0.460898444190334,"CEBPB"
"221",10514,0.0999397056235909,0.872751030479906,1.17763218801471,0.244806288423473,0.495097528284441,"MYBBP1A"
"222",10519,0.257078599870893,-0.77953568895272,1.63078829660681,0.109544589765666,0.310426912272234,"CIB1"
"223",1052,0.123115472469029,-2.81537688712465,0.736291589266085,0.465171782870156,0.687770624662633,"CEBPD"
"224",10525,-0.476653918898892,4.49192074404155,-4.54528276410772,3.77554148182003e-05,0.00271887465934835,"HYOU1"
"225",10529,-0.118378484308303,0.930822937246924,-0.68060799073686,0.499421778420394,0.713624673626514,"NEBL"
"226",10531,-0.018965297020118,1.70158503294811,-0.192642731927571,0.848059542162575,0.926720575003362,"PITRM1"
"227",10534,0.0300286711505368,0.58225660516513,0.20715212224006,0.836775996610503,0.919891339730523,"ZNRD2"
"228",10535,0.222282957048711,-1.67718135400456,1.49627101757683,0.141194148233201,0.358415914745818,"RNASEH2A"
"229",10536,0.0717658335870714,-2.70447590477499,0.37197272252287,0.711566432210198,0.853841855179222,"P3H3"
"230",10540,0.0325426291828914,2.73400178097771,0.432367042154638,0.667430040018359,0.82594467452272,"DCTN2"
"231",10541,-0.0172246846214472,3.70788623730398,-0.252073745553991,0.802070888556278,0.900148994925021,"ANP32B"
"232",10542,0.595142782606674,-1.42695313204026,2.50596603549219,0.0156907588647488,0.094757075881649,"LAMTOR5"
"233",10544,0.0816686024564547,-0.177911313683934,0.435594024397583,0.665103143106553,0.824174787341182,"PROCR"
"234",10548,-0.0791115697165933,0.666629047941107,-0.707290169201989,0.482839758140098,0.702291572384816,"TM9SF1"
"235",10549,0.0923935674542045,2.84118819331944,0.643462959793317,0.523016364518814,0.730954699356063,"PRDX4"
"236",10551,1.14565742686613,1.41340171508626,2.70869033363669,0.0093618722414518,0.0676037315506249,"AGR2"
"237",10553,0.124227194153453,0.922744689431609,1.3539262739328,0.182162786550659,0.412132393604109,"HTATIP2"
"238",10554,-0.215697769290115,0.815444491618875,-2.26744025671675,0.0279501633965053,0.134449923924569,"AGPAT1"
"239",10555,0.0782386755844501,0.162619926844013,0.480166625090952,0.633311422886097,0.804650282275898,"AGPAT2"
"240",10556,0.0463138862417452,-0.625091479334265,0.514362824829146,0.609381797775912,0.78998622574782,"RPP30"
"241",10558,0.192160019654415,1.03357058261543,2.45232181236924,0.0179185868930197,0.104053251040071,"SPTLC1"
"242",10559,-0.257946048158162,-2.23955080163452,-1.72261626537349,0.091459524553908,0.275658710272543,"SLC35A1"
"243",10562,1.58535945568445,0.120540758277073,3.03697576755587,0.00387254914350681,0.0404935377220524,"OLFM4"
"244",10567,0.0235323462573344,-0.00449210456034918,0.207788102372609,0.836282186111639,0.919838162282208,"RABAC1"
"245",10569,0.294031139078646,-2.65333289207195,1.89511142700402,0.064168598519511,0.222644808988858,"SLU7"
"246",10570,-0.0327828398182058,-0.250322015795297,-0.186337454815698,0.852973160275989,0.929972480523267,"DPYSL4"
"247",10573,-0.165536405592257,0.0863127382767542,-2.74329251795416,0.00855266006142513,0.0643712333039117,"MRPL28"
"248",10577,0.452777755584959,0.518665067404668,3.82979111571475,0.000375063440566026,0.0105120520465492,"NPC2"
"249",10579,-0.0570514868554772,-0.312978432806931,-0.508650491240257,0.61335022713264,0.792911477283097,"TACC2"
"250",10580,0.402226806886098,0.288724982680118,3.52469443950525,0.000949461338832962,0.0178219990757086,"SORBS1"
"251",10585,0.00735736517727137,-1.13758836195083,0.0677152900762382,0.946296333699173,0.976373814617883,"POMT1"
"252",10587,-0.0866588491720592,1.40367109592222,-0.762397262241125,0.449589962283663,0.676700144310232,"TXNRD2"
"253",10588,-0.134049138208201,1.74919784673613,-1.38084522524599,0.173785176964251,0.402677771312409,"MTHFS"
"254",10589,0.0584468991444786,0.0247055485903676,0.650620704136833,0.518424238302815,0.728333251248038,"DRAP1"
"255",10590,-0.515291068249638,5.57823013012764,-3.59272190554273,0.000774202269895444,0.0158931556274857,"SCGN"
"256",10591,0.218090494923109,1.34737996977071,2.22062143122618,0.0311786621551434,0.144217479480597,"DNPH1"
"257",1060,0.110527955092797,-0.766193835521729,1.1107040621075,0.272283057461155,0.526627545571677,"CENPC"
"258",10602,-0.0446393974413182,-4.12083722015742,-0.206900453177279,0.836971424867646,0.919891339730523,"CDC42EP3"
"259",10605,0.174125182635009,0.608405875191376,2.3748441221944,0.0216418338242408,0.117451437677445,"PAIP1"
"260",10607,0.179888650026986,-0.112711232487232,1.92966202382046,0.0596293572842352,0.214163250445076,"TBL3"
"261",10609,-0.0846871290818147,-1.1649350499663,-0.517977846788642,0.606876498953293,0.788609737401607,"P3H4"
"262",10611,0.191095940775357,1.95237570657614,2.2870360826156,0.0266895787899809,0.131582839046508,"PDLIM5"
"263",10612,-0.0905470466217091,-0.142793662592545,-1.29628081217217,0.20113755572011,0.43671111319775,"TRIM3"
"264",10613,-0.158850289870528,0.480376834234544,-1.80594420423322,0.0772615744386099,0.246985588812548,"ERLIN1"
"265",10614,0.140356385060453,-1.54211865927527,1.07427204584765,0.288124262922247,0.542899769802579,"HEXIM1"
"266",10617,0.0909902143430585,-0.476050134244887,1.1003101286804,0.276738516345922,0.531678451292401,"STAMBP"
"267",10618,-0.128711570649135,0.850451804325548,-1.65489992989572,0.104534153949549,0.302655960821854,"TGOLN2"
"268",10625,0.575162744018812,-0.796966838555338,3.68689510070564,0.000581962905719656,0.0134795785483292,"IVNS1ABP"
"269",10628,0.56353513567877,-3.10544152547008,2.38914211110467,0.0209063851091821,0.114985118100502,"TXNIP"
"270",10629,0.131682690876199,-1.11852582213079,1.43543798374099,0.157710734020554,0.382166792506182,"TAF6L"
"271",10632,0.00602882796472404,3.99213495734127,0.0361270673022955,0.971332341784089,0.985966202905999,"ATP5MG"
"272",10636,-0.263252285938216,-5.07557705214625,-0.841608412595919,0.404221727626232,0.643609069823557,"RGS14"
"273",10641,0.0191272221561051,-0.988333289208606,0.145449758203282,0.8849708506798,0.945180282142441,"NPRL2"
"274",10644,0.392636645936194,-0.542929486290408,1.99429890645989,0.0518727844636093,0.19818634317286,"IGF2BP2"
"275",10653,0.35926733929086,0.588526252562412,2.20965088840326,0.0319813329109537,0.146275276756657,"SPINT2"
"276",10656,-0.159025208843004,0.156864578213394,-2.00282768934164,0.0509173390910939,0.196683843512357,"KHDRBS3"
"277",10659,-0.666079947695781,-0.0849198352603615,-3.98801887002693,0.000228708175802582,0.00815271543224326,"CELF2"
"278",1066,1.28936683294064,0.0801659445008858,3.69949959291678,0.000560008694434651,0.0132226980200379,"CES1"
"279",10667,-0.203155807594828,-0.842060311242674,-2.43800365883114,0.0185597076437467,0.106464745435709,"FARS2"
"280",10671,0.0626476464086503,-0.0676924992123778,0.760572734381183,0.450668959559842,0.677825551036097,"DCTN6"
"281",10678,0.309433194293963,-2.07250101128118,1.96286888443514,0.0555285001986744,0.205705968023266,"B3GNT2"
"282",10682,0.248169664852684,0.54656000745779,1.76703117715222,0.0836432979547789,0.259687689856567,"EBP"
"283",10687,-0.404576942399347,-0.843088460670667,-3.01494846933703,0.00411583620596837,0.0421325541059041,"PNMA2"
"284",1069,0.142456971484191,-0.370363696896333,1.07926318037613,0.285916883701622,0.540275395416173,"CETN2"
"285",10693,0.142985857605392,-2.91647417783286,0.660132307961624,0.512355400758486,0.72278498043107,"CCT6B"
"286",10695,-0.043839953196623,0.132653795373843,-0.381413538499793,0.704596155781814,0.849668213003689,"CNPY3"
"287",107080638,0.150018897714459,-2.66214663823498,0.594634597778171,0.554907981468372,0.752546440621491,"TBC1D7-LOC100130357"
"288",10714,0.139664426036848,-1.64632451001948,1.04727053080278,0.300271320418783,0.554616965820401,"POLD3"
"289",10715,0.68094305429693,-4.04734046224159,2.06826483539834,0.0440799328612276,0.179008622488426,"CERS1"
"290",10717,-0.221347467463085,-1.54038190173756,-1.89873224372471,0.0636794772350787,0.221898592186768,"AP4B1"
"291",1072,0.196966505518505,4.60234438372786,2.72555675829745,0.00895901068593683,0.0657779995099046,"CFL1"
"292",10723,0.407199559881498,0.100651522216041,3.51846563629996,0.000967280156399321,0.0180460960485685,"SLC12A7"
"293",10724,0.358322979118508,-0.152679276668918,3.54516839120331,0.000893074779642621,0.0172436291950162,"OGA"
"294",10725,-0.13652350683517,-2.47149746294709,-1.06321832832014,0.293055005853661,0.547571271211499,"NFAT5"
"295",10726,0.088305200527508,3.00385208823389,1.32177451102638,0.192569864003913,0.424871971695189,"NUDC"
"296",10728,0.0271981874521681,1.55486820464433,0.289578930298424,0.773397850734319,0.887477286933492,"PTGES3"
"297",1073,-0.0831839244473303,0.475612465880881,-0.745200890399694,0.459819497261775,0.684279051290352,"CFL2"
"298",10741,0.105235605895207,1.27295916948022,1.23093895972335,0.224402228157121,0.468656303650361,"RBBP9"
"299",10743,0.217958561111181,-0.984939450452442,2.01123915894225,0.0499899677204817,0.194324523032499,"RAI1"
"300",10746,-0.0860440140993686,-0.867254013091054,-0.649879096119602,0.518899024328922,0.728333457884959,"MAP3K2"
"301",1075,0.464005457591561,0.555450001575226,2.79544756700088,0.00745417029422188,0.0595751266483514,"CTSC"
"302",10755,0.257117708888088,-0.0192135217462328,2.85310974602423,0.00639250972734489,0.054772494312864,"GIPC1"
"303",10758,0.102070790195472,-1.66610969600163,0.900747681306646,0.372263943204388,0.621418570407543,"TRAF3IP2"
"304",10763,-0.191319026018665,0.796230938237711,-0.944279721214053,0.349802206346029,0.602065672033434,"NES"
"305",10765,0.0668143139216095,-0.633243529855154,0.558905523863056,0.57885010342669,0.769043708838317,"KDM5B"
"306",10771,0.0983910819702718,-2.05885915333594,0.785363000941751,0.43613820836269,0.667252323761263,"ZMYND11"
"307",10785,0.19424504626704,-1.4926507437025,1.270793987463,0.20998662779853,0.44831232049648,"WDR4"
"308",10788,0.661815668079707,0.985794545475514,2.20680041697335,0.0321928590038658,0.146587365404843,"IQGAP2"
"309",10791,0.0490125293303434,-2.02604754825704,0.274959210092851,0.784539277559279,0.891855946444575,"VAMP5"
"310",10797,0.00436201964213841,-0.351751219331745,0.0271844153104058,0.978426463532049,0.989374886018859,"MTHFD2"
"311",10799,0.20617326324194,-2.79714288173547,1.02331761231321,0.311337887999839,0.564284985886805,"RPP40"
"312",1080,0.787394694452658,-1.14138834170769,2.97892855220916,0.00454471605775079,0.0446539337387375,"CFTR"
"313",10801,0.463753338652969,2.17288900213892,3.7998364792056,0.000411490704604178,0.0110293884055041,"SEPTIN9"
"314",10802,0.0480897854297154,0.649864803278094,0.603376278464104,0.549127080813967,0.749631561680368,"SEC24A"
"315",10807,-0.0849547044433425,-2.31240513732293,-0.594223807520841,0.555180391724337,0.752749556970174,"ENTR1"
"316",10808,-0.185045666294663,2.21419432868837,-2.27719820544069,0.0273159689140917,0.132856907444291,"HSPH1"
"317",10809,0.0921075029750358,2.86854836229644,0.705408691840001,0.483998831526683,0.703172553300217,"STARD10"
"318",10810,-0.164763232995318,-1.95388790701082,-1.30023158864419,0.199791333915166,0.434710814452779,"WASF3"
"319",10813,0.26555276056064,-1.20653373234127,2.49764067209508,0.0160191615329487,0.0960211069230852,"UTP14A"
"320",10814,-0.188378864712906,0.117561044290039,-0.865735406946434,0.390984221550018,0.635880289899751,"CPLX2"
"321",10815,0.739038884744729,-2.78775301190193,3.53628849140397,0.000917125934773443,0.0175320177866165,"CPLX1"
"322",10840,0.657540172643259,-0.730408270020741,1.60626259408695,0.114840287837609,0.319388167986971,"ALDH1L1"
"323",10841,-1.10803241351269,0.123494271416614,-3.54562076559081,0.000891865809534375,0.0172436291950162,"FTCD"
"324",10845,0.0751468149144535,0.75902656192147,1.14372444808405,0.258465565529098,0.510105561301874,"CLPX"
"325",10848,0.643881366253114,-0.206370671044788,3.99714887708053,0.000222217162857328,0.00807082216342178,"PPP1R13L"
"326",10849,-0.0604273273383023,-0.937665731238038,-0.522975838806554,0.603420610238653,0.787370285830055,"POLR1G"
"327",10857,-0.0497306686275105,3.5809106620466,-0.58568525770001,0.560857837810922,0.756876246399847,"PGRMC1"
"328",10867,-0.135824567296006,-1.92627231119428,-0.62814921292536,0.532912952417736,0.738045961629075,"TSPAN9"
"329",10868,0.343904392661144,-2.64340199741432,1.51444672628263,0.136534715429404,0.352121883741882,"USP20"
"330",10873,-0.134653847582309,-0.133422525740182,-1.13335958843329,0.262747736853865,0.516078594818888,"ME3"
"331",10882,-0.0447920421289516,-3.36689283739997,-0.132435138079058,0.895199187860006,0.950645781156526,"C1QL1"
"332",10884,-0.200699918413602,0.745559222404799,-2.52381295825937,0.0150072675641302,0.0919307468150011,"MRPS30"
"333",10898,-0.202479664363933,-2.31790155780362,-1.05800894570735,0.295398908182197,0.549820052868345,"CPSF4"
"334",10899,0.0664279797618577,-1.39101820346101,0.490844479588837,0.625795095849705,0.798239879120011,"JTB"
"335",10900,-0.302129723972139,0.18273705933666,-2.89331576618554,0.00573723724206523,0.05178700322323,"RUNDC3A"
"336",10901,-0.0277086132670561,1.32670772386885,-0.173070658702617,0.863330812330651,0.93483022922514,"DHRS4"
"337",10902,0.131030056792383,0.71595238698823,0.925106802204105,0.359583582436004,0.610377220407133,"BRD8"
"338",10905,-0.348516078148791,0.221958359470943,-4.37882767861582,6.52279978077282e-05,0.00389920920141977,"MAN1A2"
"339",10906,0.118790942749045,-0.995321022628725,1.1261482469686,0.265756718531653,0.519991947193907,"TRAFD1"
"340",10908,0.0742734362123355,0.739363566609291,1.02846127287623,0.30893833907687,0.561855859334467,"PNPLA6"
"341",10916,0.290011765362123,0.41765460943622,2.50214681010585,0.0158406462150202,0.0953234181056801,"MAGED2"
"342",10919,0.0371239823949578,-1.46990517474757,0.316370531519841,0.75310653539548,0.878314253136511,"EHMT2"
"343",10920,0.049641217886549,0.983634631962684,0.576749750613847,0.566830122184608,0.760384691191891,"COPS8"
"344",10923,0.423046296409719,1.62525259883482,2.8825157157231,0.00590683281842186,0.0523932656639789,"SUB1"
"345",10924,-0.0209802915042148,0.282246889668891,-0.0850774945558275,0.932557136817848,0.969487356637592,"SMPDL3A"
"346",10927,0.0925878269497449,-1.17525974939085,0.931128912310674,0.356492376121948,0.607091539179121,"SPIN1"
"347",10928,0.0794109157447542,-1.1092607010944,1.02707793534428,0.30958243108906,0.562360746381963,"RALBP1"
"348",10929,0.272165306509874,-3.29485436911906,1.36678337231916,0.178123656265502,0.408108623425775,"SRSF8"
"349",10930,-0.481551495850557,1.14763169235871,-1.84877790568412,0.070715206615623,0.236153394018876,"APOBEC2"
"350",10933,-0.0947729328541674,0.074552096486358,-1.29434483277161,0.201799725640002,0.437220866917873,"MORF4L1"
"351",10935,-0.21074747290706,5.78162643081357,-2.49427960944371,0.0161534993766371,0.0964495906359907,"PRDX3"
"352",10944,0.230783032506465,0.465296094498133,0.988166579580747,0.32807493935665,0.582001149644831,"C11orf58"
"353",10947,0.0181582522401724,-1.45299925339367,0.174292502065611,0.862375851702069,0.93483022922514,"AP3M2"
"354",10948,-0.341507309352273,-2.46852278022587,-1.21457568005853,0.230527716488902,0.475663772696529,"STARD3"
"355",10949,0.181957364173569,2.98610811341676,1.64832720780235,0.105881001512968,0.305403001544454,"HNRNPA0"
"356",10951,-0.0373471520942694,1.88721760277723,-0.434492740917633,0.665896878693138,0.824712478090896,"CBX1"
"357",10952,0.326069379032429,3.56197824402134,1.93005221631832,0.0595797045956619,0.214110203049281,"SEC61B"
"358",10953,0.0456861424849921,1.78377339085817,0.498555739944729,0.620391789125914,0.796274302412765,"TOMM34"
"359",10954,0.309237665254616,1.02243275186057,2.77324039234566,0.00790489954991762,0.061311856294036,"PDIA5"
"360",10959,-0.197216064754592,3.22433801673961,-2.09105573904756,0.0418937967440255,0.174690301912247,"TMED2"
"361",10960,0.11869448058437,3.18107728673765,1.39419021416873,0.169743637429893,0.397211760024659,"LMAN2"
"362",10961,0.128285819434956,4.68367360915034,1.10732216334363,0.273727148266656,0.528478156877432,"ERP29"
"363",10963,0.0345123617952234,4.29278513046542,0.456935976417704,0.649798595735968,0.813806117246965,"STIP1"
"364",10969,0.119494149736753,0.215222719756311,1.59834257601958,0.116594159772016,0.322367095802088,"EBNA1BP2"
"365",10971,-0.0712164252326639,5.08489944096672,-0.968952928657652,0.337473595742028,0.590749651990429,"YWHAQ"
"366",10972,-0.189318104810196,4.76745245187818,-2.34591261131794,0.0232014445782245,0.121926769538649,"TMED10"
"367",10978,0.0385396193686639,-0.143108630772822,0.464009388693476,0.644759214216576,0.811468537392115,"CLP1"
"368",10979,-0.0736683733742658,1.47889213465388,-0.540834040557114,0.591147713838585,0.779329441565528,"FERMT2"
"369",10981,0.410127847239301,-0.162869421411515,3.22136185613943,0.00230450944174343,0.0292253697384735,"RAB32"
"370",10982,-0.153584817213365,1.25906618991702,-1.65659801502329,0.104188482176744,0.30222537977356,"MAPRE2"
"371",10985,0.0934165266886442,1.99187218526911,1.20830216527786,0.23290840714338,0.478925227151111,"GCN1"
"372",11000,0.117175884953895,-0.134323269692645,1.0842860680504,0.28370739290487,0.538465051839855,"SLC27A3"
"373",11001,-0.475365931283805,-0.612904220399417,-4.62755225376379,2.8745878048641e-05,0.00267336665852361,"SLC27A2"
"374",11011,0.0820053617179286,-1.08451885668392,0.716671949670894,0.477083449551257,0.697721756813346,"TLK2"
"375",11017,-0.0881109191419331,-0.323011737276174,-0.967952145847954,0.337967990146351,0.590992728013551,"SNRNP27"
"376",11018,-0.0906823406873827,1.79488594921208,-1.35877892226508,0.180630139830808,0.41071155313991,"TMED1"
"377",11019,-0.277537995402726,-2.34875437673689,-1.29831515083572,0.200443507210834,0.435666518151594,"LIAS"
"378",11020,-0.0878901245106975,0.444519628388623,-0.943070832239637,0.350413748208214,0.602644882740828,"IFT27"
"379",11022,0.332064114496729,-1.36726600608934,2.76487724387145,0.0080810747411298,0.0618834464025294,"TDRKH"
"380",11030,0.848066543560398,-1.8446966455336,4.13993743745098,0.000141176189157406,0.00637161359594233,"RBPMS"
"381",11034,0.115581700385159,3.91869469110408,1.81037874930227,0.0765609888709302,0.245523171206776,"DSTN"
"382",11035,0.405419539643403,-1.02466037423452,2.85206004451688,0.00641051366380998,0.054772494312864,"RIPK3"
"383",1104,0.478828616680266,1.64198781104009,3.64907639415279,0.000652905312693436,0.0145177202539198,"RCC1"
"384",11041,-0.258667324054881,1.54541266159675,-1.83759345782343,0.0723776043887466,0.237976462996028,"B4GAT1"
"385",11047,-0.0303515996045269,1.99656954192422,-0.419948044992981,0.676415722435579,0.8321987781739,"ADRM1"
"386",1105,-0.0405185114600028,-2.60401715376568,-0.231040243861783,0.818275206227727,0.90889851896956,"CHD1"
"387",11054,0.386501207127884,0.0974355624248807,3.36185566232856,0.00153576063191614,0.0238323999220013,"OGFR"
"388",11056,0.404132858814084,-1.208680068837,2.82658291591505,0.00686218043442157,0.0570732567838477,"DDX52"
"389",1106,0.100382091013753,-0.316573352615796,1.31343596679083,0.195341224546654,0.42799620158744,"CHD2"
"390",11060,0.447986697414044,-3.61594954974549,1.75582566040837,0.0855606882134557,0.263640313380618,"WWP2"
"391",11068,-0.00623071274700537,-0.394306530334833,-0.0532625961307218,0.957745917859516,0.980030944798118,"CYB561D2"
"392",11069,-0.0872613026170272,-1.54244028103945,-0.77692489068469,0.441052646573461,0.670174595079784,"RAPGEF4"
"393",1107,0.0782177774920303,-0.906968390477381,0.843012662725406,0.403443765556697,0.642799863673814,"CHD3"
"394",11075,0.151841874014558,-0.0156240338853487,1.07911657935074,0.285981550946097,0.540275395416173,"STMN2"
"395",11076,-0.34457769511142,1.32240607542125,-2.19901126374292,0.0327771922077289,0.14847705222955,"TPPP"
"396",11078,0.2704826887412,0.0780649229203696,2.53582746602679,0.0145624997482834,0.0900917806479989,"TRIOBP"
"397",11080,-0.31037138940205,-0.544007340376792,-2.9622856810529,0.00475667517887482,0.0456908798872201,"DNAJB4"
"398",11094,-0.387143579984099,1.24427901126791,-2.95289870121496,0.00488026055088008,0.0465863752119781,"CACFD1"
"399",11097,0.0601648885680365,-1.09779170379595,0.49415498851785,0.623472846574367,0.796633144177119,"NUP42"
"400",11112,-0.367547178166725,3.41331482358168,-4.03181329680174,0.000199158368354898,0.00764021290601477,"HIBADH"
"401",11116,0.255251580225657,-3.00710976924299,1.34575345025182,0.184766533460363,0.415010911662617,"CEP43"
"402",11120,-0.28233976223016,-0.339754255477626,-2.38777140639726,0.0209759037075419,0.115000179578859,"BTN2A1"
"403",11123,-0.244369989098416,-0.843384505792415,-1.69486354381495,0.0966442811269168,0.28726518041502,"RCAN3"
"404",11127,-0.188621028188553,0.356482307902817,-2.82931264425749,0.00681241258089196,0.0568193476444976,"KIF3A"
"405",11129,0.0841831785282019,-2.21589627484484,0.547155226691384,0.58683207537278,0.775452159017896,"CLASRP"
"406",1113,-0.215400114059864,3.18226348739005,-0.948291349071187,0.347777850859344,0.601554236474214,"CHGA"
"407",11133,0.139672944038408,-2.6283249387511,1.05248222782657,0.297899719216786,0.551472392389637,"KPTN"
"408",11135,0.897077693057387,-1.21620111276868,3.85324149644249,0.000348735689061204,0.00995599841608218,"CDC42EP1"
"409",11137,0.412825603237978,-1.96933488995954,1.58300461259037,0.120052419628396,0.327794373522729,"PWP1"
"410",11138,-0.19070858982269,-1.39396423793689,-1.86558296817167,0.0682781992564362,0.231286747812365,"TBC1D8"
"411",1114,0.236201926600509,2.37624713332446,1.11946575609941,0.268566814169399,0.523487807358454,"CHGB"
"412",11142,0.354660848146947,-2.17953203836696,1.63703293028083,0.108228507983397,0.308873618510695,"PKIG"
"413",11143,0.0651667125614305,-0.85904891293302,0.863076193634257,0.392429768875796,0.63721389191723,"KAT7"
"414",11146,-0.186308517045977,-1.06185909157232,-2.03377381586138,0.0475771803895753,0.18828416069066,"GLMN"
"415",11151,0.18494959078216,-1.30462966175546,0.910739504346054,0.367028385103664,0.617255612224894,"CORO1A"
"416",11152,0.0207056226600075,-0.760672926151257,0.28500004022646,0.776882285401839,0.888428659072784,"WDR45"
"417",11153,-0.230902136007762,-0.49069153311387,-2.6565066865249,0.0107162032860234,0.0734642652138134,"FICD"
"418",11154,-0.154875590749037,-2.62525327934921,-0.731866568138296,0.467843354961645,0.68929969101166,"AP4S1"
"419",11157,0.277709442183572,1.69148917838333,1.77106197272742,0.0829624202433657,0.258357856648289,"LSM6"
"420",11160,0.0378273320454441,2.35021852805847,0.378747803040037,0.706561742091508,0.851035316514458,"ERLIN2"
"421",11161,0.190430461935075,1.33374680691716,1.58350615972224,0.119938038900284,0.327732334699014,"ERG28"
"422",11162,-0.0953447543782253,-1.17230477273934,-0.282662595496255,0.77866282183911,0.88919672566483,"NUDT6"
"423",11163,0.405798253713519,-0.881799823600455,4.16342569935446,0.000130947867640869,0.00604329332014777,"NUDT4"
"424",11165,-0.305237004175428,1.18626505691264,-3.88218764233201,0.0003186898030791,0.00938094773406625,"NUDT3"
"425",11168,-0.258792989378505,1.42229457371398,-2.32542210156577,0.0243661662463724,0.126284703069127,"PSIP1"
"426",11176,0.109372158166659,-1.15027908267835,1.21007044429662,0.232235561699322,0.478022091787538,"BAZ2A"
"427",11187,0.455006558723533,0.776721381886748,3.60741979238387,0.000740634699685838,0.0155512741818017,"PKP3"
"428",11188,-0.340082022699823,2.1282970932344,-2.39855560722094,0.0204345274748993,0.113241712804874,"NISCH"
"429",11189,-0.28066632773945,0.771402780471496,-2.32493256735933,0.0243946208031523,0.126284703069127,"CELF3"
"430",1119,0.238791946634161,-1.2566415571682,1.62987888475877,0.109737336406962,0.310501944892936,"CHKA"
"431",11190,0.135478023298035,-2.36925157426968,0.533560025020131,0.596132425868629,0.782854264009766,"CEP250"
"432",11193,0.0740572707167004,-3.22954439904164,0.441212088517929,0.661060038752299,0.821567621810525,"WBP4"
"433",11194,-0.174345760744294,0.368355832409003,-1.74256329683149,0.0878772505017154,0.267953583497034,"ABCB8"
"434",112,0.026153778813057,-1.00042828697193,0.180920065106873,0.857199574074391,0.931747853836885,"ADCY6"
"435",1120,-0.0411804199423604,0.0340787721319686,-0.495087757483515,0.622819225082911,0.796430084074772,"CHKB"
"436",11201,-0.171904440664297,-3.35915222372967,-0.812239973687672,0.420703447720916,0.656566936717767,"POLI"
"437",1121,-0.161320136714538,0.903797259110065,-1.82490045992043,0.074304096790627,0.241056314006802,"CHM"
"438",11214,0.351832472486937,-0.529406655359495,3.42466502349612,0.00127741490005031,0.0213064474361652,"AKAP13"
"439",11215,-0.134092239432277,-3.04773456414402,-0.565580954905984,0.574339044084884,0.765203614628396,"AKAP11"
"440",11216,-0.0609953448551841,-1.31810165103495,-0.669089004383985,0.506675747885015,0.71930709763568,"AKAP10"
"441",11222,-0.269204405312437,0.709997655915508,-3.46087725570374,0.0011478600202831,0.020138613489639,"MRPL3"
"442",11224,0.107785057558782,3.99228940659762,1.17391556011985,0.24627747684232,0.496747710169874,"RPL35"
"443",1123,-0.411450904409247,-1.35147471390586,-3.30056510387575,0.00183517215822683,0.0262570785715532,"CHN1"
"444",11230,-0.384172195356633,2.11532786701277,-2.92238014447824,0.00530306869473875,0.049084416672442,"PRAF2"
"445",11232,-0.243474354923709,0.116265801086111,-0.970752371120905,0.336585864240788,0.590429805047476,"POLG2"
"446",11234,-0.508322425981814,-3.29400527550837,-2.81773694420852,0.00702578302045791,0.0580088243714024,"HPS5"
"447",11238,0.155430836965962,-2.45776968849438,0.829016852919396,0.411238827390228,0.648890468514452,"CA5B"
"448",11244,0.178153630190891,-2.56993010884724,0.835191549442083,0.407788475700944,0.646990130615866,"ZHX1"
"449",112464,-0.0990693195519356,0.193553501470359,-0.487833885246672,0.62791029316146,0.799761232718682,"CAVIN3"
"450",112483,0.388806593894184,-0.73827091585529,1.43744738744975,0.157142020434862,0.381541820185593,"SAT2"
"451",112487,0.0931883164500422,-2.82110107883762,0.50569698681941,0.615406668560817,0.794529883368491,"DTD2"
"452",11252,0.181944369193881,1.71047013307014,2.31293293822109,0.0251014610216035,0.127861218050293,"PACSIN2"
"453",11253,-0.156649224611109,0.788006455894423,-1.53844112160341,0.130572082692838,0.344266084007147,"MAN1B1"
"454",112574,0.0870602869953345,0.0243538433018444,0.907760055024733,0.368584592895433,0.618745816988895,"SNX18"
"455",11258,-0.0656350815023146,2.56968749717129,-0.718014473784844,0.476262908313539,0.696967680492094,"DCTN3"
"456",11259,0.423947946696647,-2.82529578578343,1.94918173773277,0.0571884656482327,0.209679279582874,"FILIP1L"
"457",11261,0.113366963827943,-0.204641680192191,1.44163233979286,0.155962719604471,0.380182356208197,"CHP1"
"458",112616,0.276930357928336,0.201087431826047,1.3013834388233,0.199400123677664,0.434013460685639,"CMTM7"
"459",11266,0.0193630851021811,-1.24889631010298,0.192122347678413,0.848464842866877,0.926998434588268,"DUSP12"
"460",11270,0.0651766275219527,3.5081161306401,0.510939663160731,0.611758497432958,0.791534855174841,"NRM"
"461",112724,-0.106880932047486,0.0285557113247478,-0.762992463876368,0.449238296539061,0.676688079255194,"RDH13"
"462",11273,0.179068175104854,2.46632551103124,2.47510362541314,0.0169396665704962,0.0998805700381419,"ATXN2L"
"463",112752,0.188660799982938,-2.51925250803415,1.16626509267717,0.249325936545773,0.499628664223948,"IFT43"
"464",11276,0.0397997029776587,2.56413914647887,0.540121011025527,0.5916354612378,0.779451646000933,"SYNRG"
"465",11277,0.38805876300102,-1.41009616410454,2.37118152408168,0.0218339279907196,0.118179721035354,"TREX1"
"466",112812,0.116560681344046,-1.01608861447936,0.851482815358101,0.398770905809886,0.639575599650138,"FDX2"
"467",112817,0.774773374023554,0.796249106003691,2.258530832031,0.0285406114738995,0.136434792232706,"HOGA1"
"468",112840,0.16987608500594,-1.75589386616991,1.41320161665519,0.164112082134585,0.389980627232707,"WDR89"
"469",11285,-0.0811988917871829,1.58136152418174,-0.796756940534178,0.429554204728118,0.663271627778179,"B4GALT7"
"470",112869,-0.425504672539031,-1.9474672723758,-2.49660712872253,0.0160603628102076,0.0960804161101896,"SGF29"
"471",112936,-0.0603991376788768,1.97809800728996,-0.712477783125341,0.479652031161468,0.699616032411451,"VPS26B"
"472",112939,-0.219542990294699,-0.405220732929678,-2.11197566656625,0.0399710706663583,0.169435381042892,"NACC1"
"473",112942,0.179329544339909,-1.6984369101835,1.05639532714584,0.296127558272066,0.550041108065761,"CFAP36"
"474",112950,0.0883184728801316,-2.42236542788177,0.448787185305268,0.655624666151098,0.817765535630043,"MED8"
"475",112970,0.0259549687020054,-0.326845804296266,0.310895609845153,0.757239357215838,0.880375213937194,"KTI12"
"476",1130,-0.0671707424813424,-1.90031809129837,-0.522860120745065,0.603500520795615,0.787370285830055,"LYST"
"477",113146,-0.318585952800552,-0.710555827399793,-2.78845386313018,0.00759348728411955,0.0601638096374301,"AHNAK2"
"478",113178,0.14190387983897,0.0293346581024054,0.773561746392812,0.443020465443547,0.671587951813408,"SCAMP4"
"479",11320,-0.376289005164809,-0.804883517028047,-3.52738641799456,0.000941857805286688,0.0177880714118452,"MGAT4A"
"480",113201,-0.261705269039527,2.41833940190141,-2.68775387603591,0.00988512477265675,0.0695813025855128,"GOLM2"
"481",11321,-0.0949174534732182,-0.911096495883336,-1.10828611229299,0.273314987048157,0.528047652030716,"GPN1"
"482",113230,0.440342315217538,-2.1035642120701,2.78485859220243,0.00766603978629772,0.0604032762622534,"MISP3"
"483",113235,-0.0902358853780623,-1.96353215659619,-0.580090843715152,0.564593334301277,0.759139953108705,"SLC46A1"
"484",113246,0.421015115014936,-1.86221760252857,1.87959315286618,0.0663012999075747,0.227350490967985,"C12orf57"
"485",113251,0.0536853724116313,-0.282361414956425,0.631342126105757,0.530841476960604,0.736673069315891,"LARP4"
"486",11328,0.0705556732440205,0.914470956278288,0.748524082735911,0.457832224127122,0.683067978549066,"FKBP9"
"487",11330,-0.200384304797316,0.630529790044684,-0.422187100751791,0.674792103214401,0.8307007480004,"CTRC"
"488",11331,-0.10852523891031,4.63544924487808,-1.37752194561187,0.174803081614119,0.403209813959964,"PHB2"
"489",11332,0.0492771216746948,0.0837549277062111,0.574018257905505,0.568662047001365,0.761905192723793,"ACOT7"
"490",11333,0.0113996346458481,0.829578188322903,0.11677864236148,0.907527512960149,0.956785275601064,"PDAP1"
"491",11334,-0.526913113870756,-0.190461027218611,-2.29560117564915,0.0261546838623974,0.130548460557422,"TUSC2"
"492",11335,0.219218026580871,0.425471723662774,2.17400510719981,0.0347169224282535,0.154446334899886,"CBX3"
"493",11337,0.0359731326465019,0.0854307314649301,0.320352425057747,0.750105317831423,0.876111088092863,"GABARAP"
"494",11340,0.281867318141368,-0.324313855981288,3.19818434009946,0.00246200931789327,0.0301632997868841,"EXOSC8"
"495",11342,0.0626590770972255,-2.03035731877342,0.313700838504403,0.755120887446704,0.87899336376785,"RNF13"
"496",11344,0.292619726268139,0.281986903972836,4.28870156271786,8.74455468936786e-05,0.00470825234064385,"TWF2"
"497",113444,0.118136891071141,-2.74671181520462,0.576299317750755,0.567132012017829,0.760554138030465,"SMIM12"
"498",11345,-0.0206163139660777,0.569740494684489,-0.173542739721545,0.862961821718729,0.93483022922514,"GABARAPL2"
"499",11346,0.299209968471357,0.80451500911162,2.44985323119485,0.0180276740077662,0.104489011387789,"SYNPO"
"500",113612,-0.87831758888954,-0.15945764793823,-5.95811306438503,3.00065424626191e-07,0.000176110169240805,"CYP2U1"
"501",113655,0.0186930905665232,-1.4771229464971,0.126947993872569,0.899517094110276,0.953252058641035,"MFSD3"
"502",113675,-0.0189814012363942,1.9964094752557,-0.151126421434916,0.880515578426389,0.943182182244288,"SDSL"
"503",113828,0.324098600701693,-2.03373679792397,2.11661521686384,0.039555269406793,0.168111212005642,"FAM83F"
"504",114034,0.17452383980374,-1.21068147066416,1.99729938121487,0.0515349032425703,0.197706877173997,"TOE1"
"505",114049,0.105092122303959,-1.02163138009527,0.818064560560196,0.417402664659202,0.652909672700863,"BUD23"
"506",114088,-0.348169758075841,-2.06316083051059,-2.20499571494317,0.0323274198385377,0.146927021046893,"TRIM9"
"507",114112,-0.184371654382615,-1.07696000203678,-1.31076478341596,0.196235358476924,0.429562279005477,"TXNRD3"
"508",114134,-0.222497339012929,1.28961174020056,-1.59854070182375,0.116550021954853,0.322367095802088,"SLC2A13"
"509",114294,0.297974915417743,0.171133475643843,3.28463068358718,0.00192163613421953,0.0267514525461453,"LACTB"
"510",114569,-0.0565346997834966,2.32432203918865,-0.493978660486702,0.623596439765213,0.796633144177119,"MAL2"
"511",114757,0.36062307085426,-0.201158561134001,1.26145365500617,0.213301415646273,0.453339366079233,"CYGB"
"512",114787,-0.308778817227704,0.405204375779194,-1.91759084144993,0.0611830244474892,0.217201506106818,"GPRIN1"
"513",114789,-0.255312069512048,1.09529123709834,-3.01377093568585,0.00412923649025987,0.0421325541059041,"SLC25A25"
"514",114790,-0.0359814784958966,-0.000255384328979561,-0.405199813875881,0.687148698901239,0.84078658685659,"STK11IP"
"515",114791,0.218865495089307,-4.46402478642256,0.908554364598125,0.368169300354412,0.618389771111912,"TUBGCP5"
"516",114793,-0.130729802585383,-1.07288846173252,-0.754700843468299,0.454151756752874,0.679732622031003,"FMNL2"
"517",114801,-0.18506997413972,-1.03277704503173,-1.1854128896915,0.241747009063617,0.491501537473495,"TMEM200A"
"518",114818,0.0944589585906721,-1.29377093443516,0.878868235045537,0.383894260294955,0.629821661315326,"KLHL29"
"519",114823,-0.00676623189331682,-3.76455105684968,-0.0295313471699258,0.976564470538696,0.988688382863726,"LENG8"
"520",114876,0.0795061640609931,-1.60200993235361,0.45175477686731,0.653500423994641,0.816371829700543,"OSBPL1A"
"521",114880,-0.0768121502757964,-1.58977306351898,-0.631598997208706,0.530675009364275,0.736608595087725,"OSBPL6"
"522",114881,0.111555433598369,-2.94257544558616,0.702677468352859,0.485684153501083,0.704259233212768,"OSBPL7"
"523",114882,-0.03870270830376,-0.217564979929456,-0.514316016329136,0.609414268314749,0.78998622574782,"OSBPL8"
"524",114883,0.101625168689577,-0.427453879586387,1.42596981163994,0.1604121476947,0.385956385624674,"OSBPL9"
"525",114884,0.137658062000037,-0.930161288464929,1.56147316722728,0.125046439958017,0.335895629245201,"OSBPL10"
"526",114885,0.328937365042359,-1.62179637763667,2.5582492158698,0.0137643961487629,0.0871887136853529,"OSBPL11"
"527",114908,0.0511850289648171,0.151721582550185,0.183128816578674,0.855475883935327,0.931005043441571,"TMEM123"
"528",114971,-0.096811190428471,-0.37722349171891,-1.03251747130172,0.307055015843077,0.560702308185499,"PTPMT1"
"529",114984,0.236370608498231,0.138513519999555,1.26281718836134,0.212815096716012,0.452586435850536,"FLYWCH2"
"530",114990,0.347430186775154,-2.63242141014947,1.75483553831645,0.0857318579760542,0.263770498374446,"VASN"
"531",114991,-0.234348156496226,0.673647115997773,-1.88648085748527,0.0653473860286797,0.224959201034232,"ZNF618"
"532",115,-0.0572396674452085,-6.7957816971327,-0.143843033279424,0.886232560832125,0.946033992763058,"ADCY9"
"533",115024,0.11369041345527,-2.05704608593396,0.85557205094276,0.396527016756963,0.638825062696193,"NT5C3B"
"534",115098,0.29271097621022,1.30122058251824,3.41444828230407,0.00131641424457618,0.0216942073816972,"CCDC124"
"535",1152,0.648536393037385,3.97755156974068,3.60327919337085,0.00074994740270663,0.0155512741818017,"CKB"
"536",115207,0.523880266501256,3.22849224657352,3.0001066153834,0.00428775116131221,0.0432737113341971,"KCTD12"
"537",115209,-0.256527501541559,-1.54151304278781,-1.73531478613736,0.0891652676751124,0.270804756551133,"OMA1"
"538",115294,0.204237366838693,-0.724980768303923,1.82341453543287,0.0745324262112482,0.241414264952317,"PCMTD1"
"539",1153,0.149161660854114,2.4344707614343,0.944555619198484,0.349662735561607,0.602065672033434,"CIRBP"
"540",115416,0.0765470876773153,-2.82499240070178,0.503704123682395,0.616796007280647,0.794796513831338,"MALSU1"
"541",115426,0.191791520580896,-1.45416242612824,2.1572555672768,0.0360721011669652,0.157924790986329,"UHRF2"
"542",1155,-0.032835118381449,2.83647556348891,-0.336005740435216,0.738345348688507,0.869358095194717,"TBCB"
"543",115548,0.147627621652001,-0.433913789132962,1.67701315034359,0.100105554864876,0.293766559106276,"FCHO2"
"544",115677,0.170709777896082,-1.69982330295099,0.778217502117232,0.440297699918554,0.670045753754189,"NOSTRIN"
"545",115704,-0.11992210504,-1.10983570115638,-1.32349272100748,0.192002530166742,0.424234243011485,"EVI5L"
"546",115708,0.122288453568304,-0.602358833174198,1.39012280870682,0.170967678758307,0.398405319748856,"TRMT61A"
"547",115752,-0.0819315181543181,-2.48941117634398,-0.435342203497775,0.665284605596394,0.824174787341182,"DIS3L"
"548",115817,-0.0662167286871476,0.439632433835295,-0.430794411160717,0.66856522399132,0.826878966338822,"DHRS1"
"549",115825,0.115265352722599,-1.10646265773548,0.808777062971728,0.422673347310498,0.657301496273584,"WDFY2"
"550",115827,-0.150715124302368,1.79867678540184,-0.958833474156906,0.342494783866448,0.595124358675734,"RAB3C"
"551",1159,-0.11842986495714,2.82541484071054,-1.14692023472338,0.257155369946439,0.509004267302887,"CKMT1B"
"552",115939,-0.0736580874650996,-2.33512222280828,-0.398357054247596,0.692150846428462,0.84304574694919,"TSR3"
"553",116,-0.580115132719883,-0.423959469394079,-2.08373874072826,0.04258510748709,0.175446834484172,"ADCYAP1"
"554",1160,0.595225127669171,-1.50486912685893,4.16082725694785,0.000132042970110093,0.00604835634728171,"CKMT2"
"555",116064,-0.0621684711534811,-1.97770477442252,-0.307686793444212,0.759664919370864,0.882108073230867,"LRRC58"
"556",116092,0.0673589250688114,-2.47621468476232,0.366101550347487,0.715913819072812,0.856299413758001,"DNTTIP1"
"557",116113,0.182914148571256,-0.376099946215152,1.53786984226608,0.130711584525211,0.344485919199547,"FOXP4"
"558",116143,-0.0845929641002543,-0.855396397561549,-0.943393857700555,0.350250270542198,0.602532556218613,"DNAAF10"
"559",116151,0.0699787610405309,-1.75607434188402,0.623876588638258,0.535691501248537,0.739724282264009,"FAM210B"
"560",116224,-0.0540980735348382,-1.99618930129458,-0.299270589981041,0.766038315211435,0.885185399647915,"PABIR1"
"561",116228,0.209584665847589,0.055369998851925,1.84796703680489,0.0708346341914936,0.236188585066506,"COX20"
"562",116236,0.0439769249591321,0.308382514223564,0.303582225678786,0.762771140855047,0.883310001205232,"ABHD15"
"563",116442,-0.482171347837465,0.771328437991971,-4.09580387245202,0.000162533563800289,0.00682241678508181,"RAB39B"
"564",116496,0.16061626409184,0.246940116811461,0.591811610222183,0.556781368224764,0.753921032023738,"NIBAN1"
"565",116540,-0.103309524133727,0.565878580796763,-0.81165106619774,0.42103805861405,0.656628436754416,"MRPL53"
"566",116541,0.000656576409423515,0.865995638116145,0.00499050506840611,0.99603905675607,0.997990161666464,"MRPL54"
"567",116835,-0.544717384026777,-0.231680840255667,-2.54466234912015,0.0142431254300541,0.0890267860383625,"HSPA12B"
"568",116840,0.0870045831273074,-1.11412085678534,0.612468004591689,0.543147387129056,0.745493816415688,"CNTROB"
"569",116841,-0.0120298720461731,-3.45699519268966,-0.102750346457923,0.91859340276605,0.962375636650276,"SNAP47"
"570",116843,-0.155519036351407,-1.12383804739211,-1.40026759929744,0.167927360598636,0.395373279384131,"SLC18B1"
"571",116966,-0.543984012602412,-1.85185724820277,-3.24308577478595,0.00216557074164082,0.0283417339279133,"WDR17"
"572",116983,0.35965831052273,-4.32636853467886,1.59671555542572,0.116957134683931,0.323225075502013,"ACAP3"
"573",116985,0.0311562376475906,-0.294364263975461,0.39213882583982,0.696708509166901,0.846231106030514,"ARAP1"
"574",116987,0.100840929329054,-0.372231021337696,1.11605560272913,0.270008925608652,0.524965088814035,"AGAP1"
"575",117143,0.132620949379004,-2.11117749601696,0.980278105391695,0.331912308751543,0.585017327173107,"TADA1"
"576",117145,-0.150879319305565,-2.69776832297018,-0.857592824829443,0.395421064850868,0.638825062696193,"THEM4"
"577",117159,-0.423810105932608,0.326489028586077,-2.50007224989605,0.0159226066810378,0.0955927271193744,"DCD"
"578",117177,0.196091285820291,-0.636669739079036,1.89024091077712,0.0648315812421891,0.223937110672232,"RAB3IP"
"579",117178,0.01208069127696,-1.7906194096918,0.092314290803833,0.926836330300644,0.96747498459323,"SSX2IP"
"580",117246,0.154538750739129,-0.215339128730403,1.74024154188753,0.0882881168628372,0.268805784377031,"FTSJ3"
"581",117247,0.307764374796191,-1.68842104459006,1.01374893930887,0.315835394388539,0.569338517109208,"SLC16A10"
"582",1174,-0.147219032585355,1.35388816453179,-1.64385533904436,0.106805445713578,0.306787713724821,"AP1S1"
"583",1175,0.0133755902983599,3.19895594526154,0.137725086297162,0.891039487170872,0.948787520470574,"AP2S1"
"584",1176,0.151110408379275,0.371246855397134,1.82952785787509,0.0735968184783048,0.239842358516245,"AP3S1"
"585",118,0.189130306679598,1.29221366972308,1.87095865857397,0.0675138302206432,0.229736729457163,"ADD1"
"586",1182,-0.225424775895364,0.368765168993615,-2.73214806316132,0.00880596154656725,0.0653579104870977,"CLCN3"
"587",1183,-0.364973301658975,-1.8088226423168,-2.24473717943795,0.0294766220524909,0.139093694623651,"CLCN4"
"588",118426,-0.111405128371258,-0.250902858393412,-1.19987564771105,0.236134371848458,0.482809052100546,"BORCS5"
"589",118487,-0.0965056182756325,-2.1703402747576,-0.454379677840208,0.651623895355852,0.815259982173352,"CHCHD1"
"590",1185,-0.277434361463335,-1.45044221056665,-2.14495073130235,0.0370971024643775,0.160693023942378,"CLCN6"
"591",1186,-0.0695547305108352,0.206025214113733,-0.72689318691186,0.470856437508869,0.69207778099364,"CLCN7"
"592",118788,1.15999801303852,-1.46047519820026,3.47565328039558,0.0010986800139061,0.0195469505082772,"PIK3AP1"
"593",118813,0.0796900259909178,-0.906145509641445,0.777266326684787,0.440853157337382,0.670123001420716,"ZFYVE27"
"594",118881,0.0707938810220863,1.40333010040739,0.510923543690771,0.611769699184352,0.791534855174841,"COMTD1"
"595",118924,-0.0601171351502634,-2.08996784149456,-0.342239003339889,0.733679793032717,0.865869179406457,"FRA10AC1"
"596",118932,1.02802655905771,-3.51162563346565,1.92724197876211,0.0599381039606623,0.214849326568444,"ANKRD22"
"597",118980,-0.0345228589376645,-0.76646330993877,-0.161752835527346,0.872186136003142,0.939206754874962,"SFXN2"
"598",118987,-0.227970236616543,-0.506353372914807,-3.06527422323696,0.00357975173166184,0.0386840072692612,"PDZD8"
"599",119032,-0.0730380517101074,-0.326809902124301,-0.466835262579565,0.642750629679684,0.810389557432449,"BORCS7"
"600",1191,0.317333163285752,4.91859922337806,1.79199892193004,0.0794999093445543,0.251531156472615,"CLU"
"601",1192,0.241698530880044,4.7592356506269,3.3192817403024,0.00173832043142102,0.0254649422626783,"CLIC1"
"602",1193,-0.46567837883504,-0.16944283644355,-2.04736560852418,0.0461712741410073,0.184264811883942,"CLIC2"
"603",119559,0.15634688820744,-0.985673737284185,1.84792260202956,0.0708411836278002,0.236188585066506,"SFXN4"
"604",12,1.52271004175926,4.27090156868058,3.54992832761498,0.000880431972696864,0.0171558458679789,"SERPINA3"
"605",120,0.204260634152494,0.926605712865139,1.89024127897433,0.0648315309030155,0.223937110672232,"ADD3"
"606",1200,-0.233759819916029,4.95207581533434,-1.84424628255493,0.0713848298708977,0.236971382232326,"TPP1"
"607",120071,-0.30523504333671,-2.09002684788978,-1.7904205897196,0.0797566383426164,0.251953806560463,"LARGE2"
"608",120103,-0.0405310361876592,-1.97605368433651,-0.20775590100202,0.836307187456226,0.919838162282208,"SLC36A4"
"609",1203,0.0337486023838825,-0.412566654994654,0.242558320537944,0.809391207636553,0.904383176055764,"CLN5"
"610",120534,0.150870486860422,-0.795647236779523,1.06906700277715,0.29043884656924,0.54508215329279,"ARL14EP"
"611",1207,0.0242388049984241,-0.147421519415817,0.379253569128552,0.706188658545697,0.850919903053296,"CLNS1A"
"612",1208,0.0137902903190798,-0.318362070732549,0.042570523894683,0.966222225094911,0.983743064301061,"CLPS"
"613",1211,-0.0568669048495738,2.15626542339825,-0.625337679948615,0.534740486015437,0.739530569908588,"CLTA"
"614",1212,0.0215275076007346,2.00042367759329,0.197491617054295,0.844285000172171,0.925066285443911,"CLTB"
"615",121214,-0.40049525738619,1.19019125579879,-2.61537930399808,0.0119077580691387,0.0791015357449928,"SDR9C7"
"616",121260,0.00500150983866665,-0.487381436783778,0.0664080944877756,0.94733147451324,0.976373814617883,"SLC15A4"
"617",121391,-0.381391419432178,-1.58563196357808,-1.66146986445987,0.103201937833075,0.300072711709814,"KRT74"
"618",121441,0.186746206068883,-1.20247764222927,1.68184954020703,0.0991578301917111,0.292329856732336,"NEDD1"
"619",121457,-0.127560718895157,-0.797444175332738,-0.954859439838069,0.34448007791434,0.597293423231136,"IKBIP"
"620",1215,0.374053446474731,-0.494620894522508,1.31510461159719,0.194784239681549,0.42699487970191,"CMA1"
"621",121504,-0.0256765002528994,8.15679126483129,-0.305188309753029,0.76155522888787,0.883040426904673,"H4C16"
"622",121506,0.140624611312172,1.2935676734357,0.282851739534226,0.778518697618419,0.88919672566483,"ERP27"
"623",121512,-0.129712811151375,0.288033636222582,-1.53713617359304,0.130890915464942,0.344662565046681,"FGD4"
"624",121551,0.138960793546239,-1.63763098923948,1.15687985346016,0.253102693593513,0.50387213926726,"ABTB3"
"625",122553,-0.130577496491102,0.802380226497386,-1.52573853072478,0.13370220702949,0.348857496262584,"TRAPPC6B"
"626",122622,-0.275346980660588,-1.50438631715902,-1.97535950866884,0.0540499639610942,0.203947750390445,"ADSS1"
"627",122830,-0.00325087854605122,-0.859434120003191,-0.0381208771059357,0.969750969761789,0.98550662228973,"NAA30"
"628",122961,0.130270066618728,-0.588452424075961,1.10601327105607,0.274287500280779,0.528927639561239,"ISCA2"
"629",123,0.632959989559134,-1.67277730499565,2.11763255554357,0.0394646024298281,0.167868142560142,"PLIN2"
"630",123016,-0.227486347872152,-1.12661818994069,-1.90960053099475,0.0622303665191389,0.2188172579634,"TTC8"
"631",123036,0.173981923362915,-1.01508219443672,1.0182326144041,0.313722506012261,0.566861566648001,"TC2N"
"632",123096,-0.472178898212619,-0.0101000062374923,-3.55583049533685,0.000864992868270021,0.0171036863434889,"SLC25A29"
"633",123169,0.0106193969161004,-0.374437985865622,0.135522599412803,0.89277102287582,0.949515479114532,"LEO1"
"634",123207,0.207759753836752,-0.795545965761392,1.55883599798334,0.125669433863012,0.336397289599289,"C15orf40"
"635",123228,-0.146720661502505,-1.80424521468935,-0.94021010779211,0.351863690579213,0.603953952118347,"SENP8"
"636",123263,-0.266552620338328,-1.22026118964816,-2.71691877797456,0.00916329385749756,0.0665612990500828,"MTFMT"
"637",123283,-0.216874268616191,-0.74347102334734,-2.28182535139111,0.0270197404576489,0.13238231709953,"TARS3"
"638",123803,0.0806887681399515,-2.78694860953882,0.427682755477832,0.670813637197337,0.828128339725916,"NTAN1"
"639",123879,0.074553104313521,-1.25524033301287,0.606443461643289,0.547106031464768,0.748496012781717,"DCUN1D3"
"640",124044,0.1285054880551,-2.25316067904731,0.718251231795669,0.476118286304078,0.696967680492094,"SPATA2L"
"641",124045,-0.0673015599963831,-2.75519527951119,-0.396686062235594,0.693374482083997,0.843761413765181,"SPATA33"
"642",124245,0.0590037691480312,-0.171315645814974,0.803665484407401,0.425591269408366,0.659333470880503,"ZC3H18"
"643",124446,-0.0309163940600508,-2.40298979117257,-0.223527991975481,0.824082555224732,0.912674906289903,"TMEM219"
"644",124454,-0.174286645744999,-0.122141113645812,-1.5833548083804,0.119972546169925,0.327732334699014,"EARS2"
"645",124540,-0.026401240520767,-1.00238976058124,-0.21812004913061,0.828269348333837,0.915031904260816,"MSI2"
"646",124565,-0.346904468384651,0.953093444852226,-3.28809217100843,0.00190253139423876,0.0267514525461453,"SLC38A10"
"647",124641,0.359066113749799,-2.13671651810591,2.22821895462305,0.030633284410071,0.142672559873434,"OVCA2"
"648",124801,-0.000979780035163191,0.727201430152478,-0.0135077932582602,0.989279207768999,0.995803149928982,"LSM12"
"649",124808,0.0126429486719259,0.244528640737978,0.144808112021676,0.885474679181448,0.945553858875388,"CCDC43"
"650",124935,-0.38978920470399,0.528572702837191,-3.69699731953842,0.000564302819679609,0.0132226980200379,"SLC43A2"
"651",124936,0.0886374028133663,-0.78725374917597,0.597416638313042,0.55306488341023,0.751874253460021,"CYB5D2"
"652",124944,0.463260275367726,0.789515181936565,4.61728689546416,2.97430451781301e-05,0.00268960161457382,"BACC1"
"653",124995,-0.0483470571735166,0.712868967200749,-0.462824421755902,0.645602267050048,0.811831034793197,"MRPL10"
"654",125,0.349341654279354,3.14395006472011,1.56949868476729,0.123165797359622,0.333329657933579,"ADH1B"
"655",125228,-0.1651593185583,-0.711476047392397,-1.64654332962074,0.106248984626962,0.305965350517214,"FAM210A"
"656",125476,-0.0905861225434035,-3.39804096968089,-0.505323261772793,0.61566710548811,0.794529883368491,"INO80C"
"657",125950,0.120183603609981,0.627239533365235,1.43399917386377,0.158118942197601,0.382702707889935,"RAVER1"
"658",125988,0.0615909178122398,-1.43700305448665,0.253764891531438,0.800771725128133,0.899549203666999,"MICOS13"
"659",126,0.636887706547622,0.53314283463525,1.93113331865867,0.0594423172224973,0.213842615372671,"ADH1C"
"660",126003,-0.275563851611322,0.663691615896061,-3.1283401787851,0.00300029032574422,0.0341033000359593,"TRAPPC5"
"661",126119,-0.0686582439290677,-2.99587195301743,-0.293157881398696,0.770677620798945,0.886344245168433,"JOSD2"
"662",126133,0.0961094925970563,0.796485722388041,1.05356269218284,0.297409670368178,0.551344172974895,"ALDH16A1"
"663",126208,0.164316199053872,-1.33865429839534,1.56797103236916,0.123522010037757,0.333999161943504,"ZNF787"
"664",126299,0.250092921425542,-1.00773109572019,1.3625430135623,0.179448119709031,0.409766576924864,"ZNF428"
"665",126306,0.107022855949,-1.48398805149768,0.613558939291064,0.542432125783844,0.745176452117554,"JSRP1"
"666",126308,0.0411266698677843,-0.287220537987986,0.473136549595842,0.638281488981469,0.808900130411006,"MOB3A"
"667",126328,0.184469405075888,2.19030017980585,1.55079220009373,0.127585090440173,0.33901181174103,"NDUFA11"
"668",126353,0.658546836459667,-0.469891421932466,3.52882591436253,0.000937815835269606,0.0177880714118452,"MISP"
"669",126382,0.264007615532132,-1.1986456429713,2.52126580230138,0.015103133028321,0.0920586201865289,"NR2C2AP"
"670",126393,-0.300813452914166,1.27807625585538,-1.61788178940775,0.112306057184615,0.315164285682083,"HSPB6"
"671",1264,-0.0707658520925279,-0.846000339020072,-0.246756344733158,0.806159458413538,0.902298824898303,"CNN1"
"672",126432,0.00745333137900417,-5.72229210064483,0.0385748374305945,0.969390932199697,0.98550662228973,"RINL"
"673",1265,0.294561061633087,-0.278571523224261,2.08299683604838,0.042655755400875,0.175483261830141,"CNN2"
"674",126526,0.0146625331950698,-1.12127495229681,0.172051306202797,0.864127669169546,0.934957805986722,"C19orf47"
"675",1266,0.57830620019489,1.17698585247683,4.5419419274802,3.81745005586617e-05,0.00271887465934835,"CNN3"
"676",126695,0.508650689008934,-2.28961432752438,2.28821466099386,0.026615402158674,0.131459005369976,"KDF1"
"677",1267,-0.432976663735849,2.94467464150887,-6.19178508648912,1.32302399876645e-07,9.02302367158717e-05,"CNP"
"678",126789,0.111538980080949,-1.43440468648254,0.865559307349994,0.39107984593867,0.635880289899751,"PUSL1"
"679",126792,-0.163604865129121,-0.868309659380317,-1.59210749143225,0.117990125943986,0.325201343980326,"B3GALT6"
"680",1272,-0.118547618221767,1.27318113433429,-0.810560793676551,0.421657964930459,0.656628436754416,"CNTN1"
"681",127262,-0.515236740180657,-0.545032550644942,-4.1752531190502,0.000126073774074836,0.00593593816364197,"TPRG1L"
"682",127281,0.181237700383966,0.383478024364867,1.39471735452639,0.169585497713215,0.39714451925361,"PRXL2B"
"683",127435,0.297787303201882,-2.04288178188844,1.14883206038805,0.256373844550705,0.508652489126168,"PODN"
"684",127687,-0.0324424253441673,-0.883981590226637,-0.296822845504898,0.767895028722252,0.88619618676494,"C1orf122"
"685",127700,-0.125091853405579,-0.0675177334765597,-1.1801376651655,0.243818118900508,0.49423897417811,"OSCP1"
"686",127733,0.0232804342353181,-2.6905519459024,0.150522299757612,0.880989534388308,0.943225843725002,"UBXN10"
"687",1278,0.51346555119076,-2.87481952727705,0.859145910749451,0.394572383004199,0.638825062696193,"COL1A2"
"688",127829,-0.0364599908850483,1.63901974824775,-0.374467513433594,0.709722046850742,0.853286385397442,"ARL8A"
"689",128061,0.10354241547687,-1.37720001517299,0.591545463372016,0.55695815212234,0.753994075369855,"C1orf131"
"690",128077,0.0690691766927596,-0.385309208881795,0.267250607973753,0.790432427979783,0.894028958858022,"LIX1L"
"691",1282,0.303166274507839,-0.983979821446149,1.9685098996126,0.0548565115083815,0.205209071595927,"COL4A1"
"692",128308,-0.320001559927581,-0.514967719026713,-2.48421642735881,0.0165618426751721,0.0980294988815876,"MRPL55"
"693",128387,-0.0636019562735207,0.0868483309406218,-0.779991725373363,0.439262715175343,0.669695614939457,"TATDN3"
"694",1284,0.328896857700785,-0.283511252980041,1.45121521795705,0.153288410256581,0.376203223572528,"COL4A2"
"695",128486,-0.247160377298704,-0.0275494715508083,-2.80233122046977,0.00731935812714203,0.0590987205440856,"FITM2"
"696",128637,0.101135962334536,-1.91738905191552,0.793760642257296,0.431279821953551,0.663956746212916,"TBC1D20"
"697",128866,-0.0182155357595426,1.92842157793381,-0.176551915268859,0.860610501429589,0.933375900916702,"CHMP4B"
"698",128989,-0.307572235771199,1.99484409889902,-2.99857321787268,0.0043058904960096,0.0433271407614867,"TANGO2"
"699",129049,-0.353418342684896,0.606699755147525,-3.17007459566289,0.002666662896771,0.0315984109273753,"SGSM1"
"700",1291,-0.283233590464764,4.69927948170143,-1.39667076703506,0.1690004764688,0.396076718047154,"COL6A1"
"701",1292,-0.274636340806538,5.00170594404134,-1.36396956134865,0.179001701070382,0.409705781374109,"COL6A2"
"702",129285,-0.101772977397734,1.42822556793062,-1.46753805728686,0.148816172615138,0.370110886349965,"PPP1R21"
"703",1293,-0.175623146524958,4.60966798268607,-0.849597975418987,0.39980782607396,0.640234916890678,"COL6A3"
"704",129450,-0.0571121872749547,-1.41666900148246,-0.364146894862548,0.717363289310055,0.856899394884365,"TYW5"
"705",129607,0.200413910785103,-0.524109901543833,1.30946398964175,0.196671895993837,0.430053306519229,"CMPK2"
"706",129685,0.18144173583211,-2.20418683415946,1.83809887310408,0.0723017760475591,0.237971588322402,"TAF8"
"707",129804,-0.0171763174811367,-0.429407475407085,-0.0920512408905669,0.92704420911125,0.96747498459323,"FBLN7"
"708",129831,-0.0425909485741301,0.341749652396177,-0.464675799641632,0.644285298467605,0.811302620868143,"RBM45"
"709",129880,-0.173094030659758,-0.908516810603321,-1.79994782705083,0.0782174676252637,0.248755863359517,"BBS5"
"710",13,0.353623418219991,-1.33522770703179,0.896769344098391,0.374361760366307,0.623563768013132,"AADAC"
"711",130026,0.00952743714101345,-1.42366982277257,0.0795096230619979,0.936961095040448,0.971464054283491,"ICA1L"
"712",130355,-0.0674647457603608,-1.34642238838907,-0.608465858512073,0.545775500899211,0.747594292461361,"C2orf76"
"713",130507,0.0324232887761804,2.76330981110775,0.382601877770507,0.703720585537998,0.849376504191179,"UBR3"
"714",130535,0.107511133084627,-0.748009157345823,1.11477841723839,0.27055043949165,0.525518543544223,"KCTD18"
"715",130589,0.41889497427934,0.837579952440483,2.49696057582281,0.0160462621589634,0.0960804161101896,"GALM"
"716",1306,0.146163750944745,-0.980343181738078,1.02743821487974,0.30941459422806,0.562288697529688,"COL15A1"
"717",130916,-0.149639724545794,-0.89635301654722,-1.16945941409034,0.24804981098184,0.498209993392191,"MTERF4"
"718",131034,0.0467624600158274,-2.23506114982259,0.269415547381693,0.788776087626019,0.893431929479333,"CPNE4"
"719",131076,0.156408981627492,-0.645613147302048,1.37667189992203,0.175064182589464,0.403508806884766,"MIX23"
"720",131118,-0.0185183482358583,0.884711509002545,-0.14605944936572,0.884492158111803,0.944833426120823,"DNAJC19"
"721",1312,0.0304520565325062,1.23971774048012,0.265751801278714,0.791579700000293,0.894659488115925,"COMT"
"722",131474,0.425199890754622,-2.51264501370494,2.15463863556562,0.0362879839586983,0.15830536285607,"CHCHD4"
"723",131544,-0.245210268084923,-1.66753785446782,-1.78433779967535,0.080752566742827,0.253663896963906,"CRYBG3"
"724",131870,-0.0638808473271399,1.37600170670026,-0.50198317964767,0.617996916099074,0.795376227049747,"NUDT16"
"725",131873,0.275357009303935,-0.214586597893348,0.799119583897761,0.428196442894815,0.661865969903897,"COL6A6"
"726",132001,0.00318251081145693,-0.628831314266638,0.0254946266687132,0.979767172376097,0.990090698723162,"TAMM41"
"727",132158,-0.0440408614213736,-1.11844396862465,-0.264841729665791,0.792276548183489,0.895084382983665,"GLYCTK"
"728",132299,0.0166292663778667,1.37358562325554,0.184881439456867,0.854108658197161,0.9305740279749,"OCIAD2"
"729",132321,0.41773196234603,-1.82718604343253,1.47768675026054,0.146087797735741,0.365769807823302,"C4orf33"
"730",132660,-0.0505330853258323,-3.61714300553982,-0.26751477113103,0.790230270936987,0.894028958858022,"LIN54"
"731",1327,0.0241725136908375,4.33825257030696,0.287295044416164,0.775135253676992,0.887783653531628,"COX4I1"
"732",132720,-0.00152399992273355,-0.636945561288541,-0.0128138954887305,0.989829905185224,0.996159363506625,"FAM241A"
"733",132789,-0.376805731092932,1.77604870991342,-4.01142579355391,0.000212422992419887,0.00790213531801979,"GNPDA2"
"734",132864,-0.0443435820786777,-2.70098207342255,-0.182943297980271,0.855620633765706,0.931005043441571,"CPEB2"
"735",1329,0.182676465875692,2.81142483757592,1.33573867881734,0.187995726672496,0.41950158114882,"COX5B"
"736",133308,0.0879064284838504,-3.27308455086818,0.586938053441341,0.560023017157878,0.756466666587454,"SLC9B2"
"737",133619,-0.1175017313763,1.53528190846375,-1.48980020518787,0.142883096552804,0.36046709685208,"PRRC1"
"738",133686,0.103633565441153,0.322846169061799,0.863334835485121,0.392289024640539,0.63721389191723,"NADK2"
"739",133746,0.141263427419418,-2.76596759593488,0.895911007147338,0.374815357555748,0.62398065220428,"JMY"
"740",1340,0.248335564798979,2.12846618592742,1.33564633184784,0.188025702009574,0.41950158114882,"COX6B1"
"741",134147,0.0212211835283038,2.86394119459707,0.259130572733824,0.796653508638431,0.897386536249347,"CMBL"
"742",134218,0.398071801574292,-2.49320903061871,2.32002044016211,0.0246817908806737,0.126988124413726,"DNAJC21"
"743",134492,0.127201642629762,2.01338261597108,1.68916267412792,0.0977388118968263,0.289323938966453,"NUDCD2"
"744",1345,0.00345856969421776,3.734941937529,0.034383942003475,0.972714981191892,0.986208015081228,"COX6C"
"745",134549,0.259384302696182,-2.39420043014269,1.25746449030835,0.214728946154713,0.455112662809954,"SHROOM1"
"746",134553,0.0421157732326682,-1.50386745131966,0.245123302734152,0.807416214520392,0.903375997944981,"C5orf24"
"747",1346,-0.12302973202124,-0.365700337205927,-0.597587796514213,0.552951592529686,0.751874253460021,"COX7A1"
"748",1347,0.228916039520422,0.686231231753417,1.24637327305724,0.218735283142138,0.460898444190334,"COX7A2"
"749",134957,-0.146093045701821,2.77307877761226,-1.26816738941684,0.210914868578774,0.449824691916787,"STXBP5"
"750",1350,-0.210094122046924,0.294178719511476,-0.784404360388325,0.436694884996964,0.667272393356079,"COX7C"
"751",1351,-0.0281908130602507,0.234747330841206,-0.149500892617665,0.881790966304834,0.943261232342117,"COX8A"
"752",135112,0.275075447676286,-0.986315561922721,3.38159222132535,0.00144965821971334,0.0229832176380735,"NCOA7"
"753",135114,-0.168834232023497,0.780877188779941,-1.9628405122899,0.0555318978518332,0.205705968023266,"HINT3"
"754",135293,0.0776960224333818,-0.551137428983661,0.781199824716016,0.438558801835866,0.669038183516924,"PM20D2"
"755",135295,0.00198707273005994,-1.21258048457475,0.0180982303888131,0.985636249103716,0.994137142405084,"SRSF12"
"756",1355,-0.196705092138958,0.0336445819301559,-2.01636265452911,0.049432286946997,0.193544650380984,"COX15"
"757",1356,0.193232673299197,-1.98331516622989,0.842903782671707,0.403504052579864,0.642799863673814,"CP"
"758",1357,-0.533654988385345,4.48423651779756,-0.892917412886796,0.37640009550303,0.6249666836496,"CPA1"
"759",1358,0.0288611875219376,2.39967899198018,0.0564181834613892,0.955245174079062,0.979501316153906,"CPA2"
"760",1359,0.0241607995864346,0.323991586289375,0.0426938273365621,0.966124450011039,0.983743064301061,"CPA3"
"761",1360,-0.300935083143922,4.87791447640617,-0.567584663464239,0.572988354953886,0.764233490375261,"CPB1"
"762",1362,-0.348363854111272,2.22849339638635,-3.59361272248258,0.000772126986094102,0.0158931556274857,"CPD"
"763",1363,-0.347015432053917,5.92957782214036,-2.0629238263844,0.0446063963432005,0.179654895508245,"CPE"
"764",136319,0.173508382320658,0.456483716861052,1.35756341570845,0.181013111392129,0.411198548380787,"MTPN"
"765",1365,0.371519081479894,-0.0854414194935863,3.49229258424729,0.00104570515409693,0.0188819699832404,"CLDN3"
"766",136647,-0.107882554496018,-2.93765823389909,-0.468283166029385,0.6417225257716,0.809857134807496,"MPLKIP"
"767",1371,0.19761706903243,0.0726885607845947,2.31027395414258,0.0252605433246125,0.128139847046671,"CPOX"
"768",1373,0.114008960652072,-3.27759342888312,0.257801742994173,0.797672860214412,0.898205102916173,"CPS1"
"769",1374,0.107375660662353,1.5797497864518,1.09402677960052,0.279456672126299,0.53452946510166,"CPT1A"
"770",137492,0.0383743629503777,-1.04650349650316,0.38775203923547,0.699930634638795,0.847745199938259,"VPS37A"
"771",1376,-0.402304844599049,2.23064929762445,-3.8001727304663,0.000411063487966237,0.0110293884055041,"CPT2"
"772",137682,0.0478954457950569,-2.16637598497747,0.229902521193166,0.819154070952269,0.909216580018992,"NDUFAF6"
"773",137695,-0.142330944393326,-0.408615559299319,-1.8126566715993,0.0762031968948769,0.244950262957349,"TMEM68"
"774",137872,-0.247012612811117,-2.87804564325836,-1.27803390796667,0.207443837779939,0.445922549878642,"ADHFE1"
"775",137964,0.0139369921997017,-1.14102879374154,0.110680927825764,0.912335408088223,0.958769670978571,"GPAT4"
"776",137994,-0.097133356428543,-4.03013336353821,-0.437879839981966,0.663456908149904,0.823021155353962,"LETM2"
"777",138046,-0.542211886266891,-2.06924553643021,-2.17362997053552,0.0347467762063854,0.154446334899886,"RALYL"
"778",1382,0.406011634055866,-0.739475847001645,1.56690189124015,0.123771801879166,0.334232872826362,"CRABP2"
"779",138311,-0.21092449551201,-2.09057464255591,-1.55132038471445,0.12745858669947,0.338822349571827,"DIPK1B"
"780",1384,0.324520759224938,1.03821297038243,2.37619050570408,0.0215716017272733,0.117451437677445,"CRAT"
"781",138428,-0.0526756593941367,-0.360585234767899,-0.622284977028866,0.536728470832646,0.740702477270057,"PTRH1"
"782",1385,0.130886586240266,0.410997172150578,1.54115951036546,0.129909905942641,0.343490272268068,"CREB1"
"783",1386,0.1935755009708,-2.89983067793942,1.0618899622326,0.293651462166608,0.548431246965337,"ATF2"
"784",1387,0.125893570407046,-1.02833291550541,1.32815697017128,0.190468841424492,0.422209371131647,"CREBBP"
"785",1392,0.280306319375098,-2.27198991164933,0.704274962984586,0.484698009875245,0.703660450476409,"CRH"
"786",139596,0.0321213093823115,-0.1506000815818,0.461393815399831,0.646620708014364,0.812195584755543,"UPRT"
"787",1397,0.163104940368195,2.53804783782141,1.07596104205326,0.287375963735113,0.542075496437039,"CRIP2"
"788",139735,0.127419202811572,-4.45150389710968,0.524601092304194,0.602298790116745,0.787370285830055,"ZFP92"
"789",1398,0.168182021519108,1.35541491522188,2.28942264452972,0.0265395655306543,0.131459005369976,"CRK"
"790",139818,0.386555255918087,-3.32540280622227,1.91049443218899,0.062112441807584,0.218683660388912,"DOCK11"
"791",1399,-0.262752388980034,2.58119303382306,-3.2708095161029,0.0019997446239432,0.0271273614697133,"CRKL"
"792",1400,-0.273994637361056,3.84037004815553,-2.48907184552937,0.0163636661098945,0.0971375073332036,"CRMP1"
"793",140462,-1.07496871509936,1.85454379942297,-6.34949576217605,7.60376783646734e-08,9.00474732340181e-05,"ASB9"
"794",140465,0.0721432959434221,-1.5715812998937,0.708317101584952,0.482207779206025,0.701538598901773,"MYL6B"
"795",140467,-0.0499293592655476,-3.19784983681464,-0.268871848573801,0.789191965523626,0.893573193946508,"ZNF358"
"796",140576,0.900989860609308,-1.35588365418076,4.12463447874005,0.000148253214965652,0.00649984452470838,"S100A16"
"797",140606,0.529921154708774,-3.36547699812577,2.45566177284426,0.0177719429703345,0.103495432591948,"SELENOM"
"798",140707,-0.0396311168356657,0.491852634387652,-0.328909265778902,0.743669132904172,0.872611112413469,"BRI3BP"
"799",140710,0.499132816512779,-3.9225839388775,2.0823871396143,0.042713890294646,0.17548718783704,"MTCL2"
"800",140733,-0.368981747856425,-0.582778751532051,-2.89530571466324,0.00570648713442213,0.0516613835266711,"MACROD2"
"801",140735,0.0888181396672758,2.81794808151702,0.861570711228512,0.393249628964234,0.63721389191723,"DYNLL2"
"802",140739,0.149249254765409,-1.52536927479298,1.33211290809412,0.189175367747151,0.421473106073325,"UBE2F"
"803",140775,-0.155487673093501,-1.52200948991087,-1.85160552127099,0.0703000777300052,0.235116171453197,"SMCR8"
"804",1408,-0.0652474018876933,-1.19365061860829,-0.234876295881181,0.81531368644544,0.907415305059313,"CRY2"
"805",140809,0.119084886861942,0.258613800038067,0.855857086000738,0.396370902957494,0.638825062696193,"SRXN1"
"806",140823,-0.132525266315991,-1.31076231704604,-0.831686480128688,0.409744880229536,0.647638377616665,"ROMO1"
"807",140890,0.170922114969937,-0.463361438068146,1.732561500947,0.0896586043863542,0.271777015643412,"SREK1"
"808",140901,0.40377860283065,-5.14182473180403,1.2075484205817,0.233195646808338,0.479355284698452,"STK35"
"809",141,0.0955514820760111,-1.31758554996766,0.926944609198256,0.358638381696504,0.609278269264638,"ADPRH"
"810",1410,0.524081581835939,0.679975184774122,2.36788220746715,0.0220082779040986,0.118186185280278,"CRYAB"
"811",1412,0.553482847014399,0.170710877216444,2.73314434255159,0.00878303884728438,0.0652666978748565,"CRYBA2"
"812",1421,0.0484514887769538,-0.874500582656422,0.315426268352302,0.753818808869671,0.87852031100687,"CRYGD"
"813",1429,0.0140012968390559,4.67491034063003,0.12612405504033,0.900165730849504,0.953493213220672,"CRYZ"
"814",143,0.655594216971795,-0.268376253764977,4.56962644828998,3.48347226942504e-05,0.00271887465934835,"PARP4"
"815",143187,-0.11391024745121,0.113202986150122,-1.29400017838354,0.201917780771194,0.437322278889764,"VTI1A"
"816",143282,0.382657717732102,-4.81561113712615,0.963835056748346,0.34000691044635,0.592887050090823,"FGFBP3"
"817",143384,0.222178765977718,-1.48981635474271,1.61363377985203,0.11322725236514,0.316767946680597,"CACUL1"
"818",143684,-0.061001188279729,-1.19157880762306,-0.437119865003177,0.664004053491351,0.823531396308327,"FAM76B"
"819",143872,0.501913302458459,-4.52736332947069,1.98187376352368,0.0532923987464373,0.202043695803355,"ARHGAP42"
"820",143884,-0.0638696619123214,-3.15393554648117,-0.374056468714865,0.710025809602596,0.853286385397442,"CWF19L2"
"821",143888,-0.026591134779536,-0.225345877493004,-0.173268269308297,0.863176351073242,0.93483022922514,"POGLUT3"
"822",144100,0.474147633782172,-1.01377664612441,2.17476316934334,0.0346566640009845,0.154446334899886,"PLEKHA7"
"823",144108,0.413306791933895,-3.02137114712267,1.68025867579352,0.0994687526548985,0.292965068999888,"SPTY2D1"
"824",144363,-0.319206060796214,-2.39666424607696,-1.8437587539798,0.0714571888056359,0.23697471406679,"ETFRF1"
"825",144402,0.118451933640773,-1.42851568770576,1.03947223355265,0.303844158687974,0.557547218543134,"CPNE8"
"826",144501,0.592986677810692,0.45614994204897,2.00814287495009,0.0503296226193032,0.195150488715908,"KRT80"
"827",144568,-0.268836363604103,-0.336708985224584,-1.67165358558745,0.101164490591919,0.296112371603813,"A2ML1"
"828",144577,-0.172613926893213,-1.07690676341348,-1.99997864682317,0.0512348008819936,0.197289339908204,"KICS2"
"829",145173,-0.283217455354627,-3.50172833892964,-1.19587816579991,0.237676101710204,0.485637787049677,"B3GLCT"
"830",1452,0.304618977484293,0.733164987500741,4.66843255347649,2.50899062055522e-05,0.00252462039819147,"CSNK1A1"
"831",145226,-0.100859908602721,-2.20314229404591,-0.693555143706903,0.491336830301018,0.707940249856256,"RDH12"
"832",145482,-0.155907856579709,1.43616939268587,-1.89648977701356,0.0639820269028026,0.22232425689911,"PTGR2"
"833",1455,-0.176119791900826,-1.76059328322388,-0.971380219431689,0.336276488487302,0.590070064704133,"CSNK1G2"
"834",145553,-0.0704312691538351,1.69184331599183,-0.672454003002522,0.504550779951434,0.717752712862234,"MDP1"
"835",145567,-0.338025527981207,0.0937635411624142,-4.33149221296805,7.61046670576457e-05,0.00424664042181663,"TTC7B"
"836",1456,0.0804123513391539,-1.31447438243699,0.834189439887339,0.408347230316761,0.647216250262037,"CSNK1G3"
"837",146206,0.0313975686783492,1.59265506336497,0.237608995326858,0.813205636631698,0.906451542452408,"CARMIL2"
"838",146223,0.0424939403861607,-0.119616522505038,0.471304108183913,0.639579746271997,0.809431027343819,"CMTM4"
"839",146330,0.0551316024382511,-2.0468474237582,0.457871556317046,0.649131095161706,0.813172125538494,"FBXL16"
"840",1464,-0.158715218844338,-1.42891364125828,-0.91967420167645,0.362387048874376,0.613439521784589,"CSPG4"
"841",146456,-0.37999051043604,-0.515350943081188,-1.47574492115625,0.14660676137598,0.366431409397999,"TMED6"
"842",1465,0.143887764389976,2.73020772317465,1.55949323876294,0.125513937062266,0.336153929752411,"CSRP1"
"843",1466,0.00656717045484478,0.144249732992509,0.042505822371947,0.966273531226963,0.983743064301061,"CSRP2"
"844",146691,-0.26194354859861,1.65882692932092,-2.86932887334558,0.00612022688093693,0.0534723263793524,"TOM1L2"
"845",146705,0.409064702607768,-5.69308468220074,2.06621180151992,0.0442816568380524,0.179253159943349,"TEPSIN"
"846",1468,-0.0160628485036778,1.56866733213562,-0.199870342710346,0.842434659010646,0.923555068590301,"SLC25A10"
"847",147007,0.170251733903582,-0.523813283441995,1.71862519222598,0.0921906298985176,0.277113656374682,"TMEM199"
"848",147015,0.0935493650284072,-0.398751647246861,1.00476242907496,0.320099166061951,0.573990266225023,"DHRS13"
"849",1471,0.11602377395573,4.11531425725435,0.630612636106289,0.531314378460798,0.737032113099447,"CST3"
"850",147179,0.0683393710181419,-0.518202311701762,0.398972710715348,0.691700221642381,0.84304574694919,"WIPF2"
"851",147339,0.0574001452719379,-2.64003963668678,0.299286841209102,0.766025992614371,0.885185399647915,"ARK2N"
"852",147407,-0.267984554012697,-0.455455973548886,-1.76424723561747,0.0841162790907248,0.260760465181247,"SLC25A52"
"853",1475,0.190290960167054,-0.00462873317361565,0.867869333812443,0.389826636083415,0.634551386056327,"CSTA"
"854",1476,0.247711264368847,4.20289636867469,1.61040095756615,0.113932408912061,0.317726999501241,"CSTB"
"855",147700,0.598524566202452,-2.11715455267515,3.77361189425568,0.000446160001668345,0.0116113930167992,"KLC3"
"856",147798,0.150178498557256,-0.373579480379731,1.38283632141599,0.173177506109491,0.401724691043104,"TMC4"
"857",1478,0.14379907612969,0.702660324066696,1.6208564729937,0.111664623887068,0.313970435830885,"CSTF2"
"858",147808,-0.125501782536917,0.261711966277465,-0.895318788188825,0.375128526164882,0.624298600666574,"ZNF784"
"859",147965,0.254990404004403,-0.617332795289476,2.6906692728592,0.00981068519496002,0.0692704428681338,"FAM98C"
"860",147991,-0.0785953395087103,-0.760866213036462,-0.366306290340305,0.715762055603999,0.856299413758001,"DPY19L3"
"861",148398,-0.664877719445596,-0.0247207837419735,-1.98259605989744,0.0532089666071077,0.201852062444022,"SAMD11"
"862",148534,0.411197302638711,-1.45279767678971,3.03271290295035,0.0039185540835229,0.0408151713873213,"TLCD4"
"863",1486,-0.0990166727803474,1.20022790514047,-0.698462802417325,0.488291262348731,0.705871824846093,"CTBS"
"864",1488,0.16822455920741,0.442412023664105,2.14258673505376,0.0372969290502568,0.160883802882039,"CTBP2"
"865",148867,-0.0724844459469556,2.35875010028806,-0.827638708795101,0.412011353131375,0.649608447346617,"SLC30A7"
"866",149041,-0.0536860496213305,-2.05923666919526,-0.273135147233111,0.785932619075516,0.891940599109743,"RC3H1"
"867",1491,0.233931675672951,-0.671192510611785,0.83475516573741,0.408031736007497,0.646990130615866,"CTH"
"868",149175,-0.125920281795153,-0.952355961869301,-0.945129275990018,0.349372859599159,0.602065672033434,"MANEAL"
"869",1495,0.242102540177199,3.39967589126288,3.00482176462105,0.0042324201013858,0.0429773439641693,"CTNNA1"
"870",1496,-0.664363798954378,0.911746239400211,-5.32432387843219,2.71273779606254e-06,0.000876357083801678,"CTNNA2"
"871",149951,0.00840965219452794,-0.435800844029087,0.0825835519398967,0.934529488234752,0.970141511380641,"COMMD7"
"872",149986,0.155151336659324,-1.08604163856234,1.09000706993399,0.281205377670601,0.536036834826755,"LSM14B"
"873",150,-0.130398176710707,-2.28531835857952,-0.771631603492425,0.444152151873412,0.672532448946176,"ADRA2A"
"874",1500,0.309690484385692,2.31164855992658,3.57282461059256,0.000821971889798115,0.0167616726231921,"CTNND1"
"875",1501,0.277001902209047,-2.99155013179288,1.73581430966664,0.089076004706892,0.270667582619259,"CTNND2"
"876",150274,-0.110688322985417,-1.08394963179325,-1.00483783497167,0.320063227876766,0.573990266225023,"HSCB"
"877",150275,-0.0685490553399453,-0.998599890857579,-0.241424666701329,0.81026450216737,0.904383176055764,"CCDC117"
"878",1503,0.201158326019088,0.387609838578089,2.7523010231034,0.00835283636878953,0.0631400364921554,"CTPS1"
"879",150472,0.135684952026055,-1.6756078675062,0.972150221125897,0.335897323681695,0.589858301182813,"ZNG1B"
"880",1506,-0.483563208647297,0.158763912107722,-0.911246560491736,0.366763963965972,0.617255612224894,"CTRL"
"881",150684,0.0856010506714863,-0.784481454679871,0.829861172384706,0.410765978349291,0.648311024712767,"COMMD1"
"882",1508,0.331400293735601,4.15345447839063,2.79630233202607,0.00743730620274911,0.0595751266483514,"CTSB"
"883",150864,0.403393025543598,-3.16573252685235,2.31393552293318,0.0250417108313005,0.127861218050293,"FAM117B"
"884",1509,0.0731217050007666,5.02165185857657,0.666498442568017,0.508314966933579,0.719897846570906,"CTSD"
"885",1511,0.466375937598836,-0.648980863865563,0.877005161304756,0.384895099484196,0.630164342660442,"CTSG"
"886",151188,0.442228237341977,-1.52220731513524,2.06721019835367,0.0441834576523242,0.179008622488426,"ARL6IP6"
"887",1512,0.63540537108512,-0.289734215810739,3.02347778963412,0.00401998142591159,0.0415330236241587,"CTSH"
"888",151393,0.035691582120283,-1.79264075333628,0.318114682325768,0.751791463732426,0.877113857515611,"RMDN2"
"889",1514,0.228862255406944,-0.804309787225214,1.76242778138485,0.0844266027487455,0.261458369158325,"CTSL"
"890",151525,-0.0137465121518732,-2.93739992566972,-0.0583341322759162,0.95372704071198,0.978778749466806,"WDSUB1"
"891",151613,0.422593205484821,-1.88445493138092,0.889607492214756,0.378157247524141,0.626114615889848,"TTC14"
"892",151636,0.154915875517619,0.399803770427811,1.50970724228104,0.137737745852656,0.353735729591711,"DTX3L"
"893",151742,-0.356482175899863,0.677825813872982,-2.99977948490558,0.00429161494504459,0.0432737113341971,"PPM1L"
"894",151903,0.242104630233561,-1.70507391909874,1.70210604298292,0.0952683762066569,0.283725033069607,"CCDC12"
"895",151987,0.109707381629402,0.123051796966603,1.18950833536579,0.240147923491556,0.489282633573191,"PPP4R2"
"896",1520,0.903826255891274,0.438656742320282,4.17115127190057,0.000127743834558854,0.0059400883069867,"CTSS"
"897",152007,0.0915120163855366,0.862285583690519,0.79862784947357,0.428478819860156,0.662135698968186,"GLIPR2"
"898",152100,-0.0347569629840487,2.01453769562426,-0.273477817096557,0.785670810727578,0.891940599109743,"CMC1"
"899",152137,0.174005006553457,-0.0922760981275011,1.25897354723364,0.214188093736758,0.454380106295999,"CCDC50"
"900",152185,0.170072172039363,-2.71817910750168,1.20314154849692,0.234880221770198,0.481367212429206,"SPICE1"
"901",1522,0.404268233554777,4.15525192819113,2.39911318335165,0.0204068815512313,0.113241712804874,"CTSZ"
"902",152273,-0.43157744475662,-4.68345605964684,-1.54884388691207,0.128052596025039,0.340106808481909,"FGD5"
"903",1523,-0.057387734792278,-0.726543820321177,-0.712748112844353,0.479486242101987,0.699616032411451,"CUX1"
"904",152330,-0.265926690467396,-1.1387008981686,-2.22588861815652,0.0307996589179847,0.143218413968629,"CNTN4"
"905",152404,-0.0988858651840316,-1.990534450782,-0.689323026156904,0.493971604546801,0.709903467269554,"IGSF11"
"906",152485,-0.720935545587653,-1.49420497490319,-3.51183397297637,0.000986602362108803,0.0182953634399512,"ZNF827"
"907",1525,0.312999011013845,-1.23854309463319,2.32953504357159,0.0241282679693174,0.12550788880989,"CXADR"
"908",152503,-0.124451626531061,-1.96671529161694,-0.632311559964501,0.530213369905373,0.736300829067688,"SH3D19"
"909",152518,0.0987154043184699,-0.902288817058844,0.878719112247421,0.383974308179285,0.629821661315326,"NFXL1"
"910",1528,0.456501181160749,2.87244701442974,2.70082017588716,0.00955550223958349,0.0681996194727482,"CYB5A"
"911",152926,-0.670588559550618,-0.982913471398211,-5.28080641499254,3.1506711728726e-06,0.000883962106570739,"PPM1K"
"912",153090,0.45095459105002,-0.81579239715405,2.71385388449099,0.0092368017489095,0.066857888130668,"DAB2IP"
"913",153241,-0.263973616024003,-1.8938061359389,-1.71001435456052,0.0937845109993326,0.28094159517516,"CEP120"
"914",153364,-0.278284080766336,-0.179352781647903,-2.59919551604085,0.0124089927194424,0.0817236022660275,"MBLAC2"
"915",1534,-0.304382018178162,1.82097402771733,-2.447616976571,0.01812701220426,0.104669427008229,"CYB561"
"916",153443,0.448539604271589,-2.54100862429039,2.09677482980604,0.0413602991755573,0.173287384982298,"SRFBP1"
"917",1535,0.134673320026656,-1.08707715749693,1.08541054409924,0.28321439178365,0.538143955681051,"CYBA"
"918",153527,0.104070294568076,-0.530069692179789,1.10117560999324,0.276365573754198,0.531598837888833,"ZMAT2"
"919",153572,0.602211954699658,-4.40358869087271,2.04774529250081,0.0461325241144264,0.184229949911743,"IRX2"
"920",1537,0.0507388262434065,2.73057149562775,0.583583906253243,0.56225950160719,0.757452964043143,"CYC1"
"921",153830,-0.249225027359769,-3.31097153631451,-1.2534178900143,0.21618427774756,0.457249861066342,"RNF145"
"922",1540,-0.11411511183971,-0.11502732347534,-1.30431556813456,0.198406872169469,0.432772345904833,"CYLD"
"923",154796,-0.0708347156493434,-2.08623591618433,-0.346157115451096,0.730752285156403,0.86543143976624,"AMOT"
"924",154807,-0.0677611544714324,-0.281904669427644,-0.584172152285547,0.561866948133049,0.757452934767793,"VKORC1L1"
"925",154810,-0.500630606830046,-4.95497255742088,-2.14460289785045,0.0371264453983019,0.160706714989264,"AMOTL1"
"926",155435,0.183047409356328,-0.996198422979901,2.10543197331211,0.0405640240139676,0.171121635324902,"RBM33"
"927",155465,0.606545852168685,-1.95690457199271,2.58556862328025,0.0128459059992679,0.0834372180142928,"AGR3"
"928",157,0.204977825638003,-2.26418218593609,1.33534009831551,0.188125129832873,0.41950158114882,"GRK3"
"929",157378,-0.26221563444991,1.85829647907299,-2.1851199704965,0.0338425854295596,0.151754644784202,"TMEM65"
"930",157506,0.0308686396865278,-0.514313402520398,0.273351397123994,0.785767395839229,0.891940599109743,"RDH10"
"931",157567,-0.607369029823504,-1.1539887011591,-3.25421345084829,0.00209750709312472,0.0278386982598919,"ANKRD46"
"932",157638,0.118279090234636,0.385417634005194,1.13755148956547,0.261009831861699,0.513816019232555,"LRATD2"
"933",157680,0.012191532200913,-1.84298706606629,0.0825207774578602,0.934579139262582,0.970141511380641,"VPS13B"
"934",157695,0.169252754802955,-1.21700021580326,0.972532946697245,0.335708967349229,0.589785466040101,"TDRP"
"935",157922,0.207012752418092,-1.06999647050086,2.26646192741825,0.0280144643119012,0.134548342681103,"CAMSAP1"
"936",158158,0.109728784980249,-2.42636981027057,0.438716605179949,0.662854691697641,0.822703498059415,"RASEF"
"937",158219,-0.331432711791715,0.168949657157806,-2.33621045405728,0.0237465730433259,0.123942572567971,"TTC39B"
"938",158399,-0.144762352297993,-1.16579459847257,-0.869430200182087,0.388981280325324,0.633811281825547,"ZNF483"
"939",158471,-0.201646887513186,2.07346755090395,-1.06906875183616,0.290438066633734,0.54508215329279,"PRUNE2"
"940",158584,0.196671593615386,-4.12027603721022,0.675904356901815,0.502376955110236,0.715782207629208,"FAAH2"
"941",158747,0.0725522817825119,-1.09689072757839,0.696403347705839,0.489568026966943,0.706718849840803,"MOSPD2"
"942",159013,0.207454944948507,-1.636813168924,1.51280317676144,0.136950949036276,0.352352145477282,"CXorf38"
"943",159195,0.389146486547529,-0.43999083774727,2.01328480043395,0.0497666549772389,0.194020743391481,"USP54"
"944",1593,-0.304748336533779,1.93410983629504,-2.62897388987395,0.0115011013203251,0.0771191311302215,"CYP27A1"
"945",1595,0.291770243532867,1.76664705817149,2.81469273023254,0.00708291513751967,0.0581993749854026,"CYP51A1"
"946",1601,-0.0598572324282558,-1.84103984680392,-0.277616696122487,0.782510587393453,0.89114848541252,"DAB2"
"947",1602,0.0644392372152148,-0.175818003903368,0.498257583630319,0.620600318457333,0.796274302412765,"DACH1"
"948",1603,-0.0785662618823268,4.15675210915767,-0.682946857412624,0.497955879584167,0.713124869082506,"DAD1"
"949",1604,0.0822147107407942,-0.600663327059826,0.672410025546994,0.504578520039189,0.717752712862234,"CD55"
"950",160418,0.172401415915049,-0.141540582935358,1.51367876631217,0.136729077946452,0.352327069872091,"TMTC3"
"951",160428,0.308647860881084,1.37502824688824,1.28312077562255,0.205671072329025,0.443106016832417,"ALDH1L2"
"952",1605,0.1189137543227,-0.407675524553923,1.38258727553798,0.173253423662989,0.40174896654455,"DAG1"
"953",160518,0.210387575427501,-2.83543266849061,1.25679050884601,0.2149708318638,0.455468058674492,"DENND5B"
"954",1606,0.170999243107248,-1.19209816585401,1.63282782741538,0.109113322329208,0.309606767227659,"DGKA"
"955",160622,-0.0713955585022856,-2.45642001917017,-0.336433363634909,0.738024955389078,0.869147577931343,"TAMALIN"
"956",160760,0.0250849588385647,-2.52614081103807,0.150280014788614,0.881179628340207,0.943261232342117,"PPTC7"
"957",160897,-0.00236286973176392,-0.985694038307552,-0.0215633289013426,0.98288655658606,0.992488596679949,"GPR180"
"958",1609,0.180314782499764,-3.14266781995987,1.07203974642939,0.289115347662839,0.543853070135013,"DGKQ"
"959",1611,0.347220184828958,-1.35420816950056,1.34435606452727,0.185214551858268,0.415341744224208,"DAP"
"960",1612,0.335092672855912,-1.06585684810848,3.35349566523301,0.00157367784466403,0.0243305657696419,"DAPK1"
"961",161253,0.0292424598721811,-0.883191033886156,0.241655801785177,0.810086430637524,0.904383176055764,"REM2"
"962",161291,0.281380320175684,-1.84443722951588,1.93658430598624,0.0587537253069017,0.212488633475628,"TMEM30B"
"963",1613,0.361479281939263,-0.498502280532699,3.01350594746261,0.00413225766890751,0.0421325541059041,"DAPK3"
"964",161424,0.13736053025439,-1.30294272292978,1.23973059146695,0.221161112693092,0.463902092700991,"NOP9"
"965",161436,-0.144600536026253,-0.77644559796436,-1.16408085773915,0.250201255782504,0.50024773962829,"EML5"
"966",1616,0.374960691926227,-2.43168724552929,2.46825492977703,0.0172287365555477,0.101196157873638,"DAXX"
"967",161823,-0.768298097901414,-2.5030072996548,-4.35297160905444,7.09660043906293e-05,0.00410933334858191,"MAPDA"
"968",1622,0.299226019674633,2.65246147509103,1.43872849514207,0.156780271633811,0.381266762000132,"DBI"
"969",162394,0.126308992110552,-0.762955023835761,0.592244262812696,0.556494045713818,0.753698246379395,"SLFN5"
"970",162427,0.450542718928637,-0.567911991070646,4.07039775174101,0.000176217130379563,0.00702351133941402,"RETREG3"
"971",1627,0.603431823483262,1.16304284220887,4.80218962338913,1.60380111309499e-05,0.00200900637391368,"DBN1"
"972",1629,-0.172497260036624,2.16655410288336,-2.03040830191244,0.0479309851222769,0.189312066081314,"DBT"
"973",163033,0.232887670874299,-2.61826284351722,1.61425298431964,0.113092594593399,0.316767946680597,"ZNF579"
"974",163126,-0.10165060800542,-2.23379049660875,-0.610899827432085,0.544176396439758,0.7462365329194,"EID2"
"975",1632,-0.0862342515016534,3.51573992978479,-0.916635406510766,0.363961348137102,0.615160667194912,"ECI1"
"976",1633,0.0305504523716393,-1.03291966579114,0.296418752653177,0.768201682089684,0.88619618676494,"DCK"
"977",1635,0.136354386947848,-0.539559568457515,1.34438991957679,0.185203687737114,0.415341744224208,"DCTD"
"978",1636,-0.293102992536068,0.105213617495264,-1.90153480324071,0.0633030756832164,0.221156488619607,"ACE"
"979",163782,0.326711702226589,-2.31486291442403,1.86984676319367,0.0676713319902833,0.229992600086578,"KANK4"
"980",163859,0.0639184223825986,-0.37561830730355,0.666644861565164,0.508222241532552,0.719897846570906,"SDE2"
"981",163882,-0.280283080672793,-2.77670046421608,-1.58844366262003,0.1188167072433,0.326494743260068,"CNST"
"982",1641,-0.450391769544819,-2.03326127759094,-2.13903208247818,0.0375991800518558,0.161613282323733,"DCX"
"983",164284,0.165955633887204,1.10563158564744,0.856713803800138,0.395901908835754,0.638825062696193,"APCDD1L"
"984",1643,0.233274806323601,-0.109174832496689,1.79313854116195,0.0793149719458983,0.251251320266169,"DDB2"
"985",1644,-0.00304429723661415,1.43107245781508,-0.0153966133247256,0.987780212810106,0.995402223974459,"DDC"
"986",1646,0.880290075547813,-0.763402273162862,2.50112731036823,0.0158808760423714,0.095471907098997,"AKR1C2"
"987",164832,-0.312814442577547,-1.56891776132349,-1.5424222012994,0.129603241115244,0.343121425980707,"LONRF2"
"988",1650,-0.0794655522569325,4.24145184734967,-0.840209366963006,0.404997726765807,0.644176223604178,"DDOST"
"989",1652,0.534808062303276,2.66532242336017,3.6078492221245,0.000739675225842731,0.0155512741818017,"DDT"
"990",165324,0.570633676026696,-6.27820514948268,1.81542670569165,0.0757700060989826,0.244006451959893,"UBXN2A"
"991",1659,0.0556906283764386,-0.745868012725874,0.553599696123036,0.582447832556923,0.771837655778611,"DHX8"
"992",166,0.103602923107284,-0.200557516662622,0.779246198467534,0.43969743906462,0.670025541454479,"TLE5"
"993",1666,-0.173992931130019,3.70943050585002,-1.72769590611714,0.0905359704436793,0.273748663341529,"DECR1"
"994",166614,-0.0880336342647559,-1.53223047431829,-0.634552838148427,0.528762713294157,0.734768869029351,"DCLK2"
"995",166785,-0.0366931668724363,0.00641289187769326,-0.45146282763707,0.653709277122543,0.816371829700543,"MMAA"
"996",166929,-0.201152107882556,-1.60168296596686,-1.36021455806529,0.180178611865468,0.410197416364339,"SGMS2"
"997",1674,0.361343335337713,-3.83531632242269,1.57872678964385,0.121031587105075,0.329150146943266,"DES"
"998",1676,0.0244127647214334,0.382857701697824,0.295799137467819,0.768671961279984,0.88619618676494,"DFFA"
"999",1678,-0.270468004457962,-2.37809780768548,-1.85672219783904,0.0695541297507152,0.233930547073912,"TIMM8A"
"1000",168620,-0.352740912055324,-1.7774675160089,-1.16008247998045,0.251809314581989,0.502361142512535,"BHLHA15"
"1001",1687,0.0224227351777602,-2.54064834919946,0.0957997450650261,0.924082394262774,0.965614187263348,"GSDME"
"1002",168850,0.218465122772637,0.355227576126221,1.02989712175027,0.308270764754045,0.561473576872502,"ZNF800"
"1003",169026,-0.341341524029844,0.675965633034944,-2.40285593210763,0.0202221769456181,0.112793204023383,"SLC30A8"
"1004",169714,-0.271988769025964,-0.144203572164545,-2.81963668321495,0.00699034641315229,0.0578258036171546,"QSOX2"
"1005",170302,0.300643113766251,-0.949832856311336,2.58167753247104,0.0129732168976788,0.0838206371767922,"ARX"
"1006",170394,0.0163686518702844,-2.95568093680225,0.0890266463097143,0.929434802131223,0.968733369923832,"PWWP2B"
"1007",170463,0.287060470146544,-2.13330451745155,1.3969480269211,0.16891756754007,0.396076718047154,"SSBP4"
"1008",170575,-0.267180915767592,-0.588400437651403,-1.26265354537653,0.212873418100439,0.452586435850536,"GIMAP1"
"1009",170622,0.167257363574203,-2.89558123112713,0.894936220951625,0.375330918469291,0.624298600666574,"COMMD6"
"1010",170954,0.627320402811156,-1.16762356813009,3.39203772199672,0.00140596604573853,0.0226504451148112,"PPP1R18"
"1011",171017,-0.0509494573765563,-2.0976527496453,-0.469539186154707,0.640831244884677,0.809695218479097,"ZNF384"
"1012",171024,0.165127602803096,-1.7793326118406,0.867828035380234,0.38984901870616,0.634551386056327,"SYNPO2"
"1013",171425,0.0240005762012337,0.329445115180824,0.237290726321957,0.813451083127517,0.906451542452408,"CLYBL"
"1014",171568,0.346911904475547,-4.8689599066965,1.04158910369365,0.302871431954878,0.557150811584288,"POLR3H"
"1015",1716,-0.428164607793456,1.97150109863894,-4.81421496985267,1.54028802916444e-05,0.00196964331729402,"DGUOK"
"1016",1717,0.0192555721341936,1.61429181154849,0.166952737931037,0.868115489245598,0.937619720744234,"DHCR7"
"1017",1723,-0.334049362772053,1.1016440186686,-3.3315152095651,0.00167765820324089,0.025115770857299,"DHODH"
"1018",1725,-0.004407830206554,-1.03926996617192,-0.0359988046835963,0.971434076157845,0.985966202905999,"DHPS"
"1019",1727,-0.0563053722857303,3.75105989768454,-0.825290400632974,0.413329753421419,0.650267033892196,"CYB5R3"
"1020",1728,-0.0592683260918954,-0.205423901557343,-0.172274661927115,0.863953053418077,0.934933681572665,"NQO1"
"1021",1729,0.165427938257249,1.47330688389453,1.45254897804209,0.15291906503148,0.375597127316217,"DIAPH1"
"1022",1737,-0.298530169270575,3.15612228955063,-3.45438068596858,0.00117014095817187,0.0202796599450781,"DLAT"
"1023",1741,0.0375617295199577,-0.310933829550271,0.365686477450437,0.716221527292038,0.856299413758001,"DLG3"
"1024",1742,-0.0447643893005354,-1.80339202225856,-0.287994449001126,0.774603077142578,0.887783653531628,"DLG4"
"1025",175,0.357863056297969,2.08766533940413,2.65676404346565,0.010709104124456,0.0734642652138134,"AGA"
"1026",1755,0.302976560059322,-1.40043651659351,1.21660405125929,0.229761815532471,0.475423459078047,"DMBT1"
"1027",1756,0.176003763075326,-1.74103893280532,1.14459850650977,0.258106749183839,0.509899976340652,"DMD"
"1028",1757,0.163391148320895,2.00123930900457,0.891119431581074,0.377353951836346,0.625492453786522,"SARDH"
"1029",1759,-0.160269484625519,2.51127778938353,-1.61339441153249,0.113279342470534,0.316769295710314,"DNM1"
"1030",1762,-0.0918667244814437,-2.78197139998752,-0.53934604262477,0.592165794099832,0.779581178624141,"DMWD"
"1031",1777,-0.0286527868069057,-0.204875880957552,-0.328455603541859,0.74400990445753,0.872611112413469,"DNASE2"
"1032",1780,-0.255721844360489,1.13442932557877,-1.9629385398012,0.0555201595085832,0.205705968023266,"DYNC1I1"
"1033",1783,-0.0527422937144648,1.78995824343581,-0.755346411114656,0.45376808644319,0.679324027948367,"DYNC1LI2"
"1034",1786,0.0462995943452725,-0.689437447742973,0.496717242395975,0.621678127869206,0.796355004564666,"DNMT1"
"1035",1788,0.430792930372029,-3.00320298491696,1.87807556725581,0.066513062065495,0.227568101983282,"DNMT3A"
"1036",1796,-0.716027644985313,-3.93266727642802,-1.6775339052147,0.100003152600154,0.293693469215189,"DOK1"
"1037",1797,-0.119125688980084,-0.6295544009354,-0.81035463936955,0.42177524204839,0.656628436754416,"DXO"
"1038",1798,0.0397829839182567,-0.662609809070079,0.359148801492927,0.721074381375978,0.858969051320561,"DPAGT1"
"1039",18,-0.346541188385922,4.24309227049725,-3.97152132494401,0.000240905538649884,0.00815271543224326,"ABAT"
"1040",1800,0.808710985557036,0.598671932389022,2.0343902610887,0.0475126216801679,0.188149981853465,"DPEP1"
"1041",1801,0.0471531978466389,-3.11529741593751,0.203865030317154,0.83932933209635,0.921610633346582,"DPH1"
"1042",1802,0.0583765912381824,-1.52375216049148,0.426856290237971,0.671411335205511,0.828578034482422,"DPH2"
"1043",1803,0.247505465752855,2.5079283388312,1.45511392433914,0.152210743097452,0.374606872947939,"DPP4"
"1044",1804,-0.214707284902975,0.0608280841481246,-1.61591611797796,0.112731558978438,0.315957218725869,"DPP6"
"1045",1806,0.552538101580992,-1.92849118702953,3.63841358737943,0.000674361408155546,0.0147303570222731,"DPYD"
"1046",1808,-0.0869616753636162,4.51174844191922,-1.12357787330633,0.266835120515264,0.521533685609428,"DPYSL2"
"1047",1809,0.117032589285775,2.1248435278502,0.817212693583809,0.417884430681852,0.653496722426804,"DPYSL3"
"1048",1810,0.149955731966737,-0.582210778770708,1.14771425539769,0.256830579426076,0.508852839418095,"DR1"
"1049",1820,0.322924139743448,-1.82951806689122,2.09927299636171,0.0411291300520101,0.172735500831153,"ARID3A"
"1050",1822,-0.127515653203085,-0.730765950016252,-1.33119749640516,0.189474084376469,0.42178273671364,"ATN1"
"1051",1823,-0.271474248443314,-1.13832441244585,-1.29194171422229,0.202623952304774,0.43823319917079,"DSC1"
"1052",1824,0.193541585958857,1.89913214076426,1.94726425421496,0.0574243839978512,0.209679279582874,"DSC2"
"1053",1827,-0.0558577698877656,-1.43506793610167,-0.32928991496636,0.743383245572039,0.872611112413469,"RCAN1"
"1054",1828,-0.428244366755334,-1.31666832327253,-1.92583433654708,0.0601183178000335,0.214913357400469,"DSG1"
"1055",1829,0.491394018662393,1.64650040288938,3.48060523650429,0.00108265254929739,0.0193741147159982,"DSG2"
"1056",183,0.724218046424331,0.534525610772148,2.36688093116205,0.0220614361845086,0.11826471205285,"AGT"
"1057",1832,0.423849639739441,2.32898653835747,2.35919014876632,0.0224735999604821,0.119502633801262,"DSP"
"1058",1836,-0.211233954975713,-2.20736551158592,-1.34814782145881,0.184000793943941,0.414931409684004,"SLC26A2"
"1059",1837,0.239472511095044,-0.246910596607439,2.56693751920654,0.0134659985821884,0.0858300096546965,"DTNA"
"1060",1841,0.00937224869272985,0.353331861151137,0.110973199124574,0.912104882454729,0.958769670978571,"DTYMK"
"1061",1845,-0.000870552075777242,2.03048914134358,-0.0115290769888793,0.990849587445582,0.996695307725497,"DUSP3"
"1062",1854,-0.179845694801467,1.5048855954265,-1.92236451466029,0.0605645233081253,0.216005255122181,"DUT"
"1063",1855,0.198887311426664,-2.17966577389748,1.50837031415048,0.138078620723433,0.354169065608203,"DVL1"
"1064",1859,-0.0767040948565632,-1.46390427535845,-0.789470735055109,0.433757656348475,0.665102296944027,"DYRK1A"
"1065",1874,-0.241183614240472,-2.89004540438401,-0.824721505307735,0.413649533289109,0.650520326755969,"E2F4"
"1066",1890,0.866078341960971,1.477136477909,4.47072050091508,4.82732137006898e-05,0.00322066288798733,"TYMP"
"1067",1891,0.0305670457056468,3.49842937735183,0.38749991833576,0.700115989375997,0.847763255630276,"ECH1"
"1068",1892,-0.196620829014243,3.44665954476728,-1.44690819132716,0.154485894507237,0.378234711003359,"ECHS1"
"1069",1893,-0.269424975645161,-1.97530830193183,-1.62453041583321,0.110876528346124,0.312372290008732,"ECM1"
"1070",190,-0.277207029557237,-0.894648578007286,-1.93113407324283,0.0594422214241131,0.213842615372671,"NR0B1"
"1071",1908,-0.0514262093958933,1.72336355525186,-0.278983934395802,0.781467448864337,0.89090044723476,"EDN3"
"1072",1911,0.251300147450413,-5.22187500038223,1.02629673762631,0.309946566562352,0.562855628863822,"PHC1"
"1073",1912,-0.0686503221967227,-0.37456501414658,-0.732159096614257,0.467666472819515,0.68929969101166,"PHC2"
"1074",1917,-0.408132667935727,4.17631490625075,-3.11720794363574,0.00309570496660883,0.0350494224746771,"EEF1A2"
"1075",1933,-0.0043005058147374,3.23328557680539,-0.0477282194539847,0.962132828584919,0.981807365229299,"EEF1B2"
"1076",1936,0.0763380463265007,4.20869121589269,1.11259884422711,0.271476329747287,0.526317660135454,"EEF1D"
"1077",1939,0.225858948584057,-0.778991039977879,1.9565515313936,0.0562894463198474,0.207604599115108,"EIF2D"
"1078",1947,0.645656025972011,-3.55204974632733,3.03227977630541,0.00392325694338866,0.0408151713873213,"EFNB1"
"1079",1954,-0.00404067414613518,-2.49267107482454,-0.0280329120632958,0.977753274345079,0.98903256393047,"MEGF8"
"1080",1956,0.493480770053166,-0.793852826809456,2.81064661080536,0.00715951657869275,0.0584262704955842,"EGFR"
"1081",195827,-0.379933420367689,-0.0538647730500521,-3.1758340940336,0.00262346664584667,0.0312070509151296,"PRXL2C"
"1082",196,0.103822932217142,-2.46185185232345,0.626226386790189,0.534162462387042,0.739276030243892,"AHR"
"1083",196074,-0.209188698753317,-1.15179536642191,-2.13268524040349,0.0381441997928392,0.163612228042241,"METTL15"
"1084",1962,0.117720717258586,0.725046531524015,1.74937275522222,0.0866813905486108,0.265626747472478,"EHHADH"
"1085",196374,-0.327890926946174,-1.03235055972661,-1.07108741921779,0.289538877304353,0.544301548993979,"KRT78"
"1086",1964,0.118670813319254,2.62147164719325,1.85284406010032,0.0701188956410894,0.234886603748351,"EIF1AX"
"1087",196403,0.00736308811833752,-1.45677319380946,0.0517439696392175,0.958949555402252,0.980447342431541,"DTX3"
"1088",196463,0.146382104625801,1.61215506808359,1.25044802884473,0.217257020513689,0.458591896729768,"PLBD2"
"1089",196513,0.180117440992337,-4.07469317145439,0.733429647676953,0.466898657163294,0.68929969101166,"DCP1B"
"1090",196527,0.614002690917399,-1.77158982962308,3.29584890042008,0.0018603715555809,0.0264941081395721,"ANO6"
"1091",196528,0.0114665654387485,-1.24273843976378,0.0910696014928117,0.927820008393338,0.96770759753922,"ARID2"
"1092",1969,0.0661703103336935,-2.98394016010233,0.187298095306057,0.852224160661801,0.929781709588008,"EPHA2"
"1093",197,-1.42946367739191,3.99835147287601,-2.9209287923634,0.00532400227965163,0.049084416672442,"AHSG"
"1094",197257,0.0768260489086341,-1.30083538344596,0.503695306075693,0.616802157689946,0.794796513831338,"LDHD"
"1095",197258,0.0469987410571283,0.866887126006871,0.587042112434755,0.559953703736264,0.756466666587454,"FCSK"
"1096",197259,-0.0869602244669361,2.66193776844814,-0.703379224798084,0.485250816852935,0.703839982961837,"MLKL"
"1097",1973,0.129274356053977,4.62658851220146,1.77545455439523,0.0822257123831274,0.256845507688364,"EIF4A1"
"1098",197322,-0.164281273575125,0.733803224962955,-1.82543079767207,0.0742227472123186,0.2409197368531,"ACSF3"
"1099",197370,-0.0609395398264165,-1.94076629652392,-0.273782165504733,0.785438301900549,0.891940599109743,"NSMCE1"
"1100",1974,-0.275248863088574,4.21102757661104,-3.68560319803455,0.000584259245628078,0.0134808472548022,"EIF4A2"
"1101",1975,0.0185073133668117,2.34747792803865,0.184046937167467,0.854759599527657,0.930728121678333,"EIF4B"
"1102",1978,0.0181228893096299,-3.49354347095689,0.0799923407159116,0.936579204351039,0.971429780086291,"EIF4EBP1"
"1103",1984,0.249686258176157,3.86994252396854,2.80302621753285,0.00730587318835397,0.0590987205440856,"EIF5A"
"1104",1992,0.348955655337145,3.98434408628989,2.81707307750723,0.00703820558371683,0.0580088243714024,"SERPINB1"
"1105",1996,-0.406909154107328,0.837538768810535,-3.41575451983068,0.00131136561989265,0.0216942073816972,"ELAVL4"
"1106",1997,0.233942367941217,-0.60954677271464,2.16612263196189,0.0353489920102281,0.155870770803721,"ELF1"
"1107",199731,0.367296326647713,-0.675737438661316,3.38476491630608,0.00143625257314024,0.0229575997237885,"CADM4"
"1108",1998,0.0219640560043093,-3.96538581435159,0.116165397345302,0.908010886276099,0.957130485997372,"ELF2"
"1109",199857,-0.0514547233205877,-0.0442638301814412,-0.439146065186139,0.662545698371517,0.822622310889282,"ALG14"
"1110",199870,0.0947506854108426,-2.38323785977083,0.560559804479948,0.577730589911904,0.768554477867201,"FAM76A"
"1111",199953,0.00190883227082023,-0.335860865122769,0.0220681303700711,0.982485993389245,0.992348038081815,"TMEM201"
"1112",2,-2.31760147460921,1.34643382425797,-3.43574203325415,0.00123637549500442,0.0209852886942926,"A2M"
"1113",20,-0.412955827019976,-1.08089814278402,-2.76838952573881,0.0080066491250204,0.0616622488448873,"ABCA2"
"1114",200014,-0.16875733709973,-0.0583234833082289,-1.86113383597519,0.0689163609456539,0.232678010717505,"CC2D1B"
"1115",200185,-0.111858426347907,1.6756687203352,-0.994169233746894,0.325174905145775,0.578696308432811,"KRTCAP2"
"1116",200186,-0.0686100894454241,-0.709650839178949,-0.404278034291035,0.687821714943105,0.841005913609717,"CRTC2"
"1117",200558,0.395889242162332,-3.29481080755125,1.6943243048373,0.0967473765759544,0.287432428568833,"APLF"
"1118",200576,0.152665863384636,-1.77283320775378,1.51502261592217,0.136389108266043,0.351894218804949,"PIKFYVE"
"1119",200728,-0.315515136076904,0.0166667380027242,-2.23514798074671,0.0301432805001809,0.140913523008462,"TMEM17"
"1120",200734,-0.560011637715355,-4.97676640550466,-2.0748359388406,0.0434396498944491,0.177400246874337,"SPRED2"
"1121",200879,0.276072758261538,-2.64853785630288,1.39804452879185,0.168589989412513,0.396021949871414,"LIPH"
"1122",2009,-0.232611629977688,0.168418259791764,-2.29721954260496,0.0260546963651682,0.130337185239937,"EML1"
"1123",200916,0.361618062579115,-0.993669653246654,1.6696748801604,0.101557760183015,0.297059392657736,"RPL22L1"
"1124",200933,-0.210550732592445,-1.40654101952797,-1.58412479586706,0.11979707665186,0.327732334699014,"FBXO45"
"1125",201161,0.521069697076821,1.05222004544178,3.97198055928262,0.000240557644978737,0.00815271543224326,"CENPV"
"1126",201163,0.0552884968528196,-1.73916316408975,0.488407535411797,0.627507011352628,0.799592699954833,"FLCN"
"1127",201229,-0.327474434025293,-1.54681420049366,-2.05288961534961,0.0456102800136842,0.182738837287202,"LYRM9"
"1128",201266,0.370360740119973,-1.36733339265265,2.83959551817577,0.00662792623566316,0.0558055023792874,"SLC39A11"
"1129",201292,0.0678765443674196,-0.854692090899709,0.723272368420698,0.473057014633408,0.694043513262385,"TRIM65"
"1130",201294,0.143089525072342,-2.06854451489393,0.495758841827433,0.62234916408161,0.796355004564666,"UNC13D"
"1131",201475,-0.396292499495312,1.17431493110018,-4.01794947239821,0.000208088062880752,0.00782478412367408,"RAB12"
"1132",201562,0.0440456306444164,-2.00516272463362,0.223227132130769,0.824315344472174,0.912674906289903,"HACD2"
"1133",201627,-0.311343620761159,-2.48543112624295,-1.59614534492782,0.117084560396476,0.32343160743185,"DENND6A"
"1134",2017,0.156007970628553,1.97300814784778,1.40378747545149,0.166882323024656,0.393970653355899,"CTTN"
"1135",201931,-0.0802431920542851,0.0740704221541668,-1.00060914891888,0.322082809532517,0.576181580064144,"TMEM192"
"1136",201965,-0.0472010229646558,-0.0472747102230108,-0.600103512548356,0.551287777275447,0.750622088934493,"RWDD4"
"1137",202,0.448396179781359,-2.37672177041391,2.30275960805582,0.0257149907583042,0.12908145982992,"CRYBG1"
"1138",2021,0.206497280672274,-0.741305263413669,1.0737774702954,0.288343637920562,0.542899769802579,"ENDOG"
"1139",2022,0.278153866211125,0.0585649417119123,1.02550030579909,0.310318103356926,0.56336365525135,"ENG"
"1140",2023,0.0302743058169721,6.08223830708852,0.37148822758718,0.711924819148574,0.853841855179222,"ENO1"
"1141",2026,-0.425744748277442,4.39338620894625,-3.11438280075775,0.00312036945752264,0.0351428031748146,"ENO2"
"1142",2027,0.270669460501183,-0.911671753370222,0.861859627269505,0.393092207241887,0.63721389191723,"ENO3"
"1143",2028,-0.320703926484634,-0.520651972701897,-1.52267056033024,0.134467116111325,0.350025088503525,"ENPEP"
"1144",2029,0.0597452032682808,-2.78863065555437,0.319266803570112,0.750923183625248,0.876767453127595,"ENSA"
"1145",202915,0.0230089231909805,-2.05986071425811,0.143251054629583,0.886697498107024,0.946365717854445,"TMEM184A"
"1146",2030,-0.350621399464489,0.474744774272214,-2.6816032823971,0.010043875117715,0.0701996977820072,"SLC29A1"
"1147",203054,-0.154941002714972,-2.08795844583041,-1.21415479388448,0.2306868749405,0.475663772696529,"ADCK5"
"1148",203069,-0.110652169363395,-0.511091719268779,-0.657221388987996,0.514208632842797,0.724636368348221,"R3HCC1"
"1149",203111,-0.556591448125994,0.274334874717135,-4.34306336812708,7.32929281431457e-05,0.00416548141613545,"ERICH5"
"1150",203190,0.00863528561034263,0.05631317673362,0.0506127161259074,0.959846230625286,0.980615206987018,"LGI3"
"1151",203228,-0.272176223111029,-1.54851861335693,-2.28353900236111,0.0269107610949981,0.132036971703516,"C9orf72"
"1152",2033,0.0879119300443407,-1.26262811775587,0.861761801503038,0.393145505168551,0.63721389191723,"EP300"
"1153",203547,-0.111829378799623,2.22317185556472,-0.962854736617634,0.34049359455968,0.593355477909008,"VMA21"
"1154",2036,-0.354546647015587,1.22500648372813,-3.1327467291698,0.00296329176256091,0.0338709214871487,"EPB41L1"
"1155",2037,0.0463249953226545,1.39579038057072,0.345270341137681,0.731414506674888,0.865586332116195,"EPB41L2"
"1156",2039,-0.265174699494426,0.183210838086825,-2.07683864472879,0.0432461263675003,0.177081203231299,"DMTN"
"1157",2040,-0.0683622164577238,2.26272227540359,-0.383767887528533,0.702861861481706,0.849245296412345,"STOM"
"1158",205,0.424970795888797,0.384378359093808,3.25987732509398,0.00206364546395534,0.0277169712423586,"AK4"
"1159",205147,0.370967982112431,-2.22165292719662,2.28811565063584,0.026621626535497,0.131459005369976,"AMER3"
"1160",2052,0.0806726236428963,4.6834144023927,0.489739170887178,0.626571300905096,0.79856616381966,"EPHX1"
"1161",2053,0.0576067370122906,2.85430345143636,0.493309374181831,0.624065660545621,0.796890973771903,"EPHX2"
"1162",2054,-0.121796002172497,-1.64259247299036,-0.825196492270504,0.413382529528731,0.650267033892196,"STX2"
"1163",205428,0.198854008465845,-1.98448560309331,1.6112928701608,0.113737505802224,0.317577081804014,"DIPK2A"
"1164",2059,0.382664926406023,-1.25867931554762,2.30979723176056,0.0252891597584678,0.128167146482975,"EPS8"
"1165",2063,-0.071503919898126,-1.80895649203089,-0.487997603173959,0.627795186121646,0.799761232718682,"NR2F6"
"1166",206358,-0.215081449921889,-4.99530309684505,-0.794198832950876,0.431027202143533,0.663956746212916,"SLC36A1"
"1167",207,-0.250973091874853,0.204900887355309,-3.30070284998015,0.00183444104436938,0.0262570785715532,"AKT1"
"1168",207063,0.0455967291039847,-1.32123738895019,0.22130142226538,0.825805732542396,0.913461089627902,"DHRSX"
"1169",2071,0.102799831543142,-1.57765257339608,0.917363805369995,0.363583587249533,0.614786792985574,"ERCC3"
"1170",2072,-0.0297259107559487,-1.35223838692777,-0.262159469767722,0.794331367453973,0.896565450892183,"ERCC4"
"1171",2073,0.142766152479067,-1.52138724544944,1.28746449185156,0.204166304542496,0.440637404107538,"ERCC5"
"1172",2074,0.142284406554706,-2.11602803351393,0.788845355353278,0.434119581245598,0.665324841369659,"ERCC6"
"1173",2077,0.330999729986631,-2.31843310654376,2.7024580780052,0.00951490381103801,0.0680681531712778,"ERF"
"1174",2079,0.458991337739017,2.39614818633564,2.94094700966196,0.00504194916843512,0.0473203119202673,"ERH"
"1175",208,0.0430150918652243,-1.41469542145706,0.284771127244517,0.777056605442568,0.888428659072784,"AKT2"
"1176",2081,-0.299428847515222,-2.49164418583155,-1.73069341564599,0.0899946194644981,0.27238016482894,"ERN1"
"1177",2091,0.199476255811035,3.25058396709516,2.48352372746147,0.0165902921669334,0.0981032883628488,"FBL"
"1178",2098,-0.112184586733574,4.67874951854291,-1.32327766306824,0.192073470402235,0.424234243011485,"ESD"
"1179",21,-0.354586774095338,-0.544839390513658,-3.49222887468037,0.00104590325893032,0.0188819699832404,"ABCA3"
"1180",210,0.089131466814516,1.28788619590872,1.0524197717974,0.297928063402417,0.551472392389637,"ALAD"
"1181",2101,0.40647994618287,-5.71414873963823,1.49918120378253,0.140439738862977,0.357633196252693,"ESRRA"
"1182",211,0.45004989219886,-3.19903646784963,2.43061279019826,0.0188986867226333,0.107320611960678,"ALAS1"
"1183",2110,-0.378003269401846,2.95842132508396,-5.53798539474854,1.29681475191511e-06,0.000497490559203436,"ETFDH"
"1184",2117,-0.0735792768140424,-3.86173130298137,-0.346943942229903,0.730164875333296,0.865370149603354,"ETV3"
"1185",2120,0.379475837341208,-2.97882974452947,1.55562219907063,0.126432018879779,0.337408579080037,"ETV6"
"1186",2125,0.838711434892975,-1.00411063546826,2.46126625307466,0.0175283093169956,0.102456819854652,"EVPL"
"1187",213,-1.04512000156291,7.08670534910243,-3.9452311268571,0.000261654081935005,0.0085376485871898,"ALB"
"1188",2130,0.123876155225466,4.03927433368429,1.3531747165702,0.182401043724232,0.412456752119181,"EWSR1"
"1189",2131,-0.331004004253406,-1.3971089136418,-2.28073970681211,0.0270889850565346,0.13238231709953,"EXT1"
"1190",2132,0.0990312324898013,-3.74934827159911,0.470294282019655,0.640295680415004,0.809695218479097,"EXT2"
"1191",2135,0.0219643665072391,-1.63219351397539,0.136989420838747,0.891617788285599,0.948912726422434,"EXTL2"
"1192",2137,-0.0256385454880734,-1.64078613440904,-0.211467922195958,0.833426281356289,0.918249957810968,"EXTL3"
"1193",214,-0.177976206442626,1.85942183364274,-0.908432348884851,0.368233074847514,0.618389771111912,"ALCAM"
"1194",2140,0.282678147065319,-1.92141678937558,2.09647671256968,0.0413879612877238,0.173287384982298,"EYA3"
"1195",215,0.323507008387738,-0.957730233107629,3.22830892534797,0.00225918737146675,0.028889358512631,"ABCD1"
"1196",2159,-0.0022045321421067,2.2812850404564,-0.0102958965361351,0.991828302256728,0.99718953632298,"F10"
"1197",216,0.167817694375814,6.71287312707065,1.21996662729889,0.228496243831558,0.473820927242602,"ALDH1A1"
"1198",2162,0.631342062532234,-0.122271601552166,2.98578187475514,0.00446002637600445,0.0445132388551468,"F13A1"
"1199",2166,0.123663525933824,-0.287872162634008,1.09033811345928,0.28106107393874,0.535928198768558,"FAAH"
"1200",2167,-0.395276872598306,1.5612317959564,-1.53458169194023,0.131516845013093,0.345595586058541,"FABP4"
"1201",217,0.16895334409354,2.82488408625005,1.49411696928625,0.141754610396243,0.359096078667826,"ALDH2"
"1202",2171,0.0662290212319849,3.48750124784855,0.365670335756454,0.71623349466171,0.856299413758001,"FABP5"
"1203",2180,-0.249413799132039,2.22351159366531,-2.59972831791568,0.0123921887985993,0.0817005959675646,"ACSL1"
"1204",2182,0.35930780942466,-0.11003488670795,4.11091613311793,0.000154889340039108,0.00669514626169046,"ACSL4"
"1205",2184,0.145910678135172,2.01251297610082,0.811361235734275,0.421202796320903,0.656628436754416,"FAH"
"1206",2185,0.154708411774759,-3.33364306372143,0.550569508254797,0.584507337122226,0.773379184146632,"PTK2B"
"1207",219,0.555646229513406,2.18329539161055,2.83492474773787,0.0067111432021173,0.056351569048695,"ALDH1B1"
"1208",2191,0.519501233089382,1.27031895960137,3.43853456621897,0.00122622934727516,0.0209072103710414,"FAP"
"1209",2194,-0.087479953367577,2.8556291491447,-0.934563851946379,0.354736950854445,0.60557904224852,"FASN"
"1210",219402,0.107664312355454,-0.991334294552294,0.68031960529286,0.499602689364541,0.713624673626514,"MTIF3"
"1211",2195,0.149915391349159,0.231073997796705,0.891584326457426,0.377107170801736,0.625252245916006,"FAT1"
"1212",219738,0.238960293042473,-1.01476525138779,1.40699645679733,0.165933990048735,0.392546966998023,"FAM241B"
"1213",219771,-0.0546127753474506,-1.52734140033147,-0.327776514522423,0.744520103569459,0.872611112413469,"CCNY"
"1214",219899,-0.0878634430623382,-1.58308791128162,-0.931349310196597,0.356379572501793,0.607091539179121,"TBCEL"
"1215",219927,-0.0205074975448878,1.13575315060205,-0.265713608514681,0.791608941016225,0.894659488115925,"MRPL21"
"1216",219988,0.0623276922683716,0.190840111168452,0.692463925545184,0.492015440184391,0.708159862247853,"PATL1"
"1217",22,-0.306871053795742,1.5602429144115,-3.9872501527617,0.000229262998777354,0.00815271543224326,"ABCB7"
"1218",220,1.04320293147374,0.562803577648406,3.25319193432478,0.00210366994008412,0.0278386982598919,"ALDH1A3"
"1219",2200,0.186022417410241,0.311786080949743,0.574364150880147,0.568429906268944,0.761855549577147,"FBN1"
"1220",2203,0.357778079628463,1.27624806473658,2.20901991174709,0.032028049842989,0.146379873370265,"FBP1"
"1221",221035,0.0961184457742836,-0.790561052437026,0.915267986052907,0.364671200893068,0.615947119174918,"REEP3"
"1222",221037,-0.0504877121079104,-2.50655617445763,-0.277338109588157,0.782723185390801,0.891180655152799,"JMJD1C"
"1223",221078,0.0914074532768394,-2.21202296471025,0.385419657157017,0.701646062409802,0.848444352062917,"NSUN6"
"1224",221120,0.13243697594717,-2.00123083371978,0.873203607768083,0.3869423862184,0.63250201386441,"ALKBH3"
"1225",221154,0.126454901053664,-2.03902779883271,1.21645779043111,0.229816980202342,0.475423459078047,"MICU2"
"1226",221184,0.160539859533434,-2.16033083265835,0.760051133641096,0.450977703971889,0.677988863198984,"CPNE2"
"1227",221656,-0.0670293984305412,-1.72322654318148,-0.535101474425213,0.595074457611799,0.781799447949748,"KDM1B"
"1228",2217,-0.141962056917211,-1.13417926777859,-0.840434559896016,0.404872758512128,0.644144373184925,"FCGRT"
"1229",221830,0.00971140031592754,-1.71214629636423,0.0657464252039955,0.947855471649224,0.976373814617883,"POLR1F"
"1230",221927,0.12965252160824,-1.6089940760453,1.13175786875558,0.263413960007079,0.516925781482376,"BRAT1"
"1231",221935,-0.0613961271240323,-0.0659482222058836,-0.443681419938977,0.659286169940427,0.820997872001286,"SDK1"
"1232",221955,-0.227112000977558,-1.8899949962549,-1.83019624348679,0.0734951295068623,0.239842358516245,"DAGLB"
"1233",222068,-0.21952918524643,4.53218927564263,-2.18543282126602,0.0338182589902611,0.151754644784202,"TMED4"
"1234",222166,-0.13153582250272,-0.972978455853262,-0.890711577042614,0.377570538605604,0.625682496209826,"MTURN"
"1235",222194,-0.112494448310982,-1.3864300391097,-0.306422266649995,0.760621454135878,0.882884736287068,"RSBN1L"
"1236",2222,0.614912186453072,-0.698985258817946,3.86677826850732,0.000334359200465822,0.00971999610978916,"FDFT1"
"1237",222223,-0.156728510082075,-2.33756526248959,-0.832984784794866,0.409019542334096,0.647517277819199,"ELAPOR2"
"1238",222229,0.00489251708701277,-0.360490086296959,0.0751850647709026,0.940383024205123,0.973860469473772,"LRWD1"
"1239",2224,0.0363403416696606,2.07256655115735,0.357475156917198,0.72231858652685,0.85931591076573,"FDPS"
"1240",223,-0.324512608067852,4.33849919862786,-3.71201269571698,0.000539001841822041,0.0130766533798565,"ALDH9A1"
"1241",2230,0.221895677525617,0.310480753456972,2.15787985020823,0.0360207683651707,0.157924790986329,"FDX1"
"1242",223082,-0.154742208438701,0.73631135091794,-1.67667741240988,0.100171620757484,0.293766559106276,"ZNRF2"
"1243",2232,0.199451718150096,0.795241386473158,1.92698639818709,0.0599707903613717,0.214849326568444,"FDXR"
"1244",2235,-0.20135252150037,0.898609875920412,-1.94126737633031,0.0581676082410191,0.211137066459713,"FECH"
"1245",2237,-0.0384459314098083,0.5630325946767,-0.514670474884164,0.609168404091129,0.78998622574782,"FEN1"
"1246",224,0.398163480386169,1.92361020036002,2.77732951584052,0.00782005739046075,0.060913086627726,"ALDH3A2"
"1247",2241,-0.0953893080214403,-1.48212877420174,-1.16763068139076,0.248779808104099,0.499023026844105,"FER"
"1248",2243,1.81490891511491,-2.20217676573743,4.17373962797944,0.00012668750398128,0.00593593816364197,"FGA"
"1249",2244,0.339681991275116,-0.854685705488743,1.33164465670205,0.189328122499169,0.421660383127685,"FGB"
"1250",2247,0.0736358655161244,-0.890376279012725,0.356431037986066,0.72309517989706,0.859647145885755,"FGF2"
"1251",2260,-0.125074556190961,-2.58046459045843,-0.624422652614316,0.535335968751363,0.739572022823778,"FGFR1"
"1252",2266,1.24981254887436,-1.87373015227659,3.50491869492344,0.0010071432522724,0.018620015910988,"FGG"
"1253",2267,0.328674877512077,-2.11887835246053,1.2967089221367,0.200991348799,0.436548088792733,"FGL1"
"1254",2272,0.231506240769694,-1.38811431092485,2.00891535031298,0.0502446976505147,0.195067649701998,"FHIT"
"1255",2273,-0.199663428048511,2.02409330273876,-2.11392676958324,0.0397957469200686,0.168808773044493,"FHL1"
"1256",22794,-0.0545912900863295,-2.23407901876085,-0.295926777465016,0.768575077131301,0.88619618676494,"CASC3"
"1257",22795,0.494171048472224,-1.03896929924826,1.60794940155275,0.114469527544464,0.318501341825893,"NID2"
"1258",2280,0.34295963592784,3.37756038330713,2.54772725087227,0.014133829528907,0.0886143469340459,"FKBP1A"
"1259",22800,0.254751226456603,-0.385726429850023,2.47000507494416,0.0171544447960844,0.100953003028155,"RRAS2"
"1260",22818,0.150635819495076,2.79270831961579,1.18506667726614,0.241882542906051,0.49161425442296,"COPZ1"
"1261",22824,-0.0973529265169004,1.51289573284445,-1.15774559018428,0.2527525962906,0.503536331071633,"HSPA4L"
"1262",22826,-0.0470678615034319,1.59125264185347,-0.610075044828929,0.544718004826046,0.746645626088046,"DNAJC8"
"1263",22828,0.172751378989593,-0.036643338546418,1.95507517599928,0.0564685639889661,0.207920843289906,"SCAF8"
"1264",22834,-0.0241026694965036,-3.42369734612287,-0.111935335544397,0.911346062416127,0.958506191074398,"ZNF652"
"1265",22836,0.0600631034622507,0.0285229186769369,0.471015168153853,0.639784560090502,0.80952332093084,"RHOBTB3"
"1266",22837,-0.0552596804422261,0.169827658609025,-0.643899558398099,0.522735644196795,0.730954699356063,"COBLL1"
"1267",22841,-0.226043355154752,-1.74890304732744,-1.46248115940718,0.150190573042132,0.371458976589394,"RAB11FIP2"
"1268",22843,-0.879076497928237,-0.125882183155046,-5.60122777732895,1.04135487923818e-06,0.000456559732054568,"PPM1E"
"1269",22848,0.123082951064639,0.97360013429744,1.63263379307161,0.1091542919975,0.309606767227659,"AAK1"
"1270",22849,-0.339334019337887,-2.75838730646215,-1.72596587683644,0.0908496424698872,0.274561844155671,"CPEB3"
"1271",22853,0.0936477745727836,-0.66278531387056,1.04519756007889,0.30121823349821,0.555719121494443,"LMTK2"
"1272",22859,-0.143185551949341,-2.16063634354019,-0.900011885304297,0.372651368180757,0.621682156423441,"ADGRL1"
"1273",2286,-0.047679503890905,3.67907600879031,-0.330868100021318,0.742198336356268,0.872054630274651,"FKBP2"
"1274",22862,-0.112790274247855,1.29366606759469,-1.4686400075904,0.148517995232479,0.369858547678018,"FNDC3A"
"1275",22864,0.0766984193701397,-1.18694960518429,0.450355590336056,0.654501621050466,0.817028869230783,"R3HDM2"
"1276",22866,-0.0587406004709772,-2.42764852259505,-0.255984762241933,0.79906725077619,0.898950657123214,"CNKSR2"
"1277",22868,-0.000487065917385232,-1.8888655902545,-0.00443225313692487,0.996482135857454,0.998271152259353,"FASTKD2"
"1278",22870,0.0728591317363243,-0.560768452240824,0.999455223427116,0.322635400892874,0.576181580064144,"PPP6R1"
"1279",22874,-0.146776400876446,1.6036854547814,-1.63478689023239,0.108700375566992,0.309269376790223,"PLEKHA6"
"1280",22875,-0.0832364771400353,1.8701424910936,-0.75723297970576,0.452647952875928,0.678640238092928,"ENPP4"
"1281",22876,-0.861773802329812,3.74385573761408,-3.29038289074011,0.00188998747376854,0.0267514525461453,"INPP5F"
"1282",22879,0.19852324100384,-1.40757957983175,1.1447275579822,0.258053801494047,0.509899976340652,"MON1B"
"1283",22880,0.169876478526031,-1.36939259301666,1.62516328807293,0.110741229805461,0.312232277696793,"MORC2"
"1284",22887,0.1731025174942,-2.16910028186038,1.22399854416228,0.226985514606315,0.472443909343358,"FOXJ3"
"1285",22888,-0.277609413483876,-4.95491345571576,-1.00656539743122,0.319240623313481,0.573120487247192,"UBOX5"
"1286",22889,0.0412896186271949,-1.3458215382879,0.346741414068399,0.73031605824368,0.865382232721951,"KHDC4"
"1287",2289,-0.0954975090949208,2.70043467437004,-0.726451380677764,0.47112463565323,0.692140501110465,"FKBP5"
"1288",22890,0.368327755355891,-1.92515923700069,1.26708243833424,0.211299183136542,0.450487803435947,"ZBTB1"
"1289",22893,-0.0720570185978688,-1.70063843885692,-0.581772607634747,0.563469090940888,0.758292760402362,"BAHD1"
"1290",22895,-0.0543874173974057,-1.6134127858425,-0.29656961186197,0.7680871953948,0.88619618676494,"RPH3A"
"1291",229,1.39314470549612,1.39043799655615,6.2354694821517,1.13493882922697e-07,9.00474732340181e-05,"ALDOB"
"1292",22902,-0.416372515987207,1.44092650545664,-4.14459577922672,0.000139087813204674,0.00632385924037252,"RUFY3"
"1293",22905,-0.108203399462091,-1.32765425008988,-1.14374570554567,0.258456834736833,0.510105561301874,"EPN2"
"1294",22906,0.307715395991771,-3.22545376473201,1.41321550754416,0.164108021119209,0.389980627232707,"TRAK1"
"1295",22911,-0.200182668754928,-0.798842894761468,-2.72672648905103,0.00893167208043494,0.0657345362466543,"WDR47"
"1296",22915,0.0383635329096365,0.342590833147638,0.261929796546985,0.794507383662394,0.896565450892183,"MMRN1"
"1297",22916,0.0650188547828149,0.979680770319794,0.810638645240389,0.421613681845195,0.656628436754416,"NCBP2"
"1298",22919,0.0531738038200551,3.09396572298051,0.525574544424875,0.601627336055861,0.786704002707899,"MAPRE1"
"1299",22920,-0.0963190624732976,0.0688959502633905,-1.44096569452522,0.15615011198539,0.380488045798462,"KIFAP3"
"1300",22921,0.0947466354317222,-0.672819343038327,0.756746203205359,0.452936817798441,0.678741745030965,"MSRB2"
"1301",22924,-0.283378939976935,1.78278234011436,-2.37217903838413,0.0217814597460183,0.118000529497847,"MAPRE3"
"1302",22926,-0.444066043435579,-3.36820962232742,-2.86780169611904,0.00614539772722274,0.0535801864342233,"ATF6"
"1303",22927,-0.308047959291606,0.0401570462479081,-2.05956598794003,0.044940173252986,0.180643604077818,"HABP4"
"1304",22928,0.331609493100608,-0.339118120098989,3.61611188932993,0.000721444198348037,0.0154833024107002,"SEPHS2"
"1305",22930,-0.102937993768892,1.00608293711651,-1.3910462047751,0.170689196009803,0.39838391451732,"RAB3GAP1"
"1306",22934,0.0732861170612027,-0.271491829053868,0.60079752521531,0.550829226519476,0.750497179217879,"RPIA"
"1307",22936,0.0762644919158304,-2.17726783374316,0.300079774031363,0.765424820511548,0.885112575037657,"ELL2"
"1308",22937,-0.163182521141751,-2.122812801864,-1.34785542279851,0.184094175261735,0.414931409684004,"SCAP"
"1309",22944,0.224680131578279,-2.43063428523823,1.46668567081188,0.149047143683794,0.370417947144502,"KIN"
"1310",22949,-0.0438623868909915,2.17595037493718,-0.342282267290767,0.733647445453711,0.865869179406457,"PTGR1"
"1311",22954,0.244372069633405,-2.10838217902981,2.26499460381361,0.0281111510995275,0.134907150468256,"TRIM32"
"1312",22976,0.208546065013305,-2.39683831227517,1.74460199338793,0.087517788245559,0.267356583193358,"PAXIP1"
"1313",22977,0.599956239018113,0.736293460760052,1.47931122208918,0.145654764685084,0.365506519066659,"AKR7A3"
"1314",22979,0.148213067600968,-1.77255619521656,1.43808651701499,0.156961466697339,0.381405179171919,"EFR3B"
"1315",22980,0.116090677500242,-0.341244397659452,1.13171523074454,0.263431711384306,0.516925781482376,"TCF25"
"1316",22982,0.0803649782318958,-2.28937942780988,0.774542170216622,0.44244627272661,0.671380771816052,"DIP2C"
"1317",22992,0.114446604172192,-0.228476738329581,1.27841248888433,0.207311510206099,0.445922549878642,"KDM2A"
"1318",22994,0.263375895570992,-2.61045744597845,1.22850386162305,0.225306114169997,0.469904494996753,"CEP131"
"1319",22996,0.0838002561149075,-0.269484501386589,0.838474438497924,0.405961303150243,0.645320161493508,"TTC39A"
"1320",22998,0.170036062750003,0.501346950559493,1.315963159649,0.194498129595656,0.426741788081288,"LIMCH1"
"1321",230,-0.339932676841934,1.6199446980271,-3.28204580595355,0.00193602102455652,0.02676418254218,"ALDOC"
"1322",23001,0.00548593253740171,-1.26459778990996,0.0633368261471431,0.949763905421106,0.976373814617883,"WDFY3"
"1323",23002,0.192890750357362,-1.4488137963484,1.07914898968526,0.28596725353088,0.540275395416173,"DAAM1"
"1324",23005,0.0205110173625429,-2.10332310779971,0.164009598837662,0.870419035147803,0.938729014418648,"MAPKBP1"
"1325",23007,-0.559761186032049,0.394906355867743,-2.79157464713375,0.00753102528617339,0.0598775041535392,"PLCH1"
"1326",23014,-0.141931232691868,-0.72419968425657,-0.896462247384497,0.374524008598068,0.623664776119084,"FBXO21"
"1327",23016,0.16543536537341,-1.98069423764744,1.33552215214317,0.188066015820193,0.41950158114882,"EXOSC7"
"1328",23022,0.151971650672452,2.26264504753942,1.07551071416716,0.287575346263965,0.542118389240853,"PALLD"
"1329",23023,-0.128140354623875,-1.4395949162028,-0.929469713547924,0.357342329228382,0.607578960387633,"TMCC1"
"1330",23024,0.190427618403654,-3.59506237091047,0.826693733100378,0.412541576977963,0.649610107616916,"PDZRN3"
"1331",23028,0.00670738676945781,0.423787725139253,0.0927946707754183,0.926456716732007,0.967436428598343,"KDM1A"
"1332",23029,0.0455500219033436,-0.725460880642382,0.523800895870602,0.602850999079082,0.787370285830055,"RBM34"
"1333",23031,-0.141637638376149,-2.28274928995466,-0.656988301028428,0.514357183329424,0.724636368348221,"MAST3"
"1334",23033,0.0877333904084414,-1.15694511832146,0.621618893589915,0.537162747672631,0.741088996451924,"DOP1A"
"1335",23034,0.102145157175297,-1.70718850063904,0.52165762416951,0.604331210257937,0.787370285830055,"SAMD4A"
"1336",23037,-0.370702641053494,-0.246141174902036,-1.40301245036331,0.167111990950172,0.394361168955078,"PDZD2"
"1337",23038,0.369051842946378,-3.72694289531824,1.77440862116644,0.082400634254134,0.257065793758907,"WDTC1"
"1338",23041,-0.245052826251144,1.34144401443328,-3.11663895902185,0.00310065760895238,0.0350494224746771,"MON2"
"1339",23043,-0.0773056411305788,-0.878896935302171,-0.770670238651899,0.444716456505692,0.672995465984205,"TNIK"
"1340",23048,0.0376608623736359,-1.43335789037081,0.327469241378616,0.744750995705022,0.872629277322685,"FNBP1"
"1341",23049,0.125714127784716,-1.42498361427255,1.05770120681475,0.295537775922761,0.549820052868345,"SMG1"
"1342",2305,-0.277318217307366,1.78255874601585,-1.01035638062333,0.317440497920499,0.571057964899185,"FOXM1"
"1343",23051,0.0939701958851762,-2.31297887537176,0.735078043991798,0.465903579311468,0.688424691818437,"ZHX3"
"1344",23052,-0.158783010556651,2.16071702762368,-1.91788711941644,0.0611444806888537,0.217190290780199,"ENDOD1"
"1345",23053,-0.079848823771857,-0.497173577854471,-0.823490812163339,0.414341830982127,0.651108591543343,"ZSWIM8"
"1346",23054,0.0517824219409539,-1.88112731897696,0.441847469373185,0.66060341835548,0.821567621810525,"NCOA6"
"1347",23060,0.264075581168993,-1.41947080862107,1.6305157808264,0.109602319531876,0.310437831230681,"ZNF609"
"1348",23062,-0.103386791947681,0.813127349436154,-1.11185072428745,0.271794649353896,0.526627545571677,"GGA2"
"1349",23063,0.222866672324981,-0.391009618867698,2.34938365962715,0.0230091584417293,0.121331799411799,"WAPL"
"1350",23064,-0.117816266387873,-2.22591578947221,-0.531431426437319,0.597594833899475,0.784024006617806,"SETX"
"1351",23066,-0.322678574580786,1.09280556581066,-2.34859794456419,0.0230525593478269,0.121456316975933,"CAND2"
"1352",23067,0.294366258377503,-3.16771563907112,1.72049139109806,0.0918481692722644,0.276490467382618,"SETD1B"
"1353",23071,-0.227252012536903,3.88761111301216,-2.88026570086715,0.00594274696929013,0.0524842890611551,"ERP44"
"1354",23074,-0.00587061189138538,-1.4063896888993,-0.0588787756318741,0.953295515017271,0.978685533908119,"BLTP3B"
"1355",23075,0.112706657262345,0.461156247082703,1.51623778867894,0.136082271384155,0.351894218804949,"SWAP70"
"1356",23076,0.221661417654692,-0.0760344575799258,2.36814123460723,0.0219945447471108,0.118186185280278,"RRP1B"
"1357",23077,-0.152367213722336,-0.0152209706867973,-1.96676778681349,0.0550632909902911,0.205458042613013,"MYCBP2"
"1358",23078,-0.251277696251343,0.885473333954765,-2.43136828668128,0.0188637816648418,0.107320611960678,"VWA8"
"1359",2308,0.835747822039899,-5.41652174241771,2.53303677790364,0.0146647265339106,0.090282940286001,"FOXO1"
"1360",23089,0.0271480547070581,0.50787890506951,0.136476216232781,0.892021249830147,0.948912726422434,"PEG10"
"1361",2309,0.593843129270601,-4.16515464669768,2.35325556369081,0.0227963518640633,0.120624144604845,"FOXO3"
"1362",23092,0.141811190699296,-2.05019739437155,0.968838739121289,0.337529982002352,0.590749651990429,"ARHGAP26"
"1363",23094,0.0925297223951098,0.700121793172342,0.85569995854313,0.396456956984377,0.638825062696193,"SIPA1L3"
"1364",23095,0.298966902576246,-2.07299986728911,2.00084965101993,0.0511375660738473,0.197038531425784,"KIF1B"
"1365",23097,0.15692785945892,-1.74389843013567,0.978386173951612,0.332837076386354,0.585910732296573,"CDK19"
"1366",23098,-0.326664452276053,1.14956886936231,-3.13531878954062,0.00294189497754182,0.03368908838088,"SARM1"
"1367",231,-0.254402861822988,4.1282989232296,-3.18167322591172,0.00258034727236804,0.0310552383486177,"AKR1B1"
"1368",23102,-0.126325849917509,-1.37287356435759,-0.938897415169744,0.35253033186853,0.604219697480142,"TBC1D2B"
"1369",23105,-0.0504409508132794,0.0666722593232377,-0.197288282730895,0.844443209296252,0.925074499136248,"FSTL4"
"1370",23108,-0.326603621473865,1.73070302125387,-2.41426261019892,0.019668503529611,0.110757132719956,"RAP1GAP2"
"1371",23111,0.280353214648758,0.00199072810199719,2.53054017351486,0.0147567332030123,0.0906674958959856,"SPART"
"1372",23112,0.159476456717848,-1.29520008246762,1.270060254827,0.210245621563169,0.448553223898064,"TNRC6B"
"1373",23113,-0.0723989636208349,-1.10485322443501,-0.681479528266963,0.498875260747921,0.713616252923032,"CUL9"
"1374",23114,-0.11244877994878,-0.233817089854861,-0.923112828014698,0.360610925967733,0.611613667750745,"NFASC"
"1375",23118,0.224405803514784,-2.03073332032364,1.56189224179305,0.12494766865245,0.335783183094895,"TAB2"
"1376",2312,-0.212009412846528,-1.09226929141527,-1.1509539278959,0.255508451601337,0.507543972792559,"FLG"
"1377",23130,-0.13983588321118,-1.53650137280897,-1.56230746293884,0.124849867461278,0.335783183094895,"ATG2A"
"1378",23131,0.0793259337001027,-1.51920775294158,0.73297818596704,0.46717140049703,0.68929969101166,"GPATCH8"
"1379",23133,0.172628362184985,-1.15486763696069,1.33454980221168,0.188381907894836,0.419857716288492,"PHF8"
"1380",23136,-0.232862203272308,2.60362075271978,-1.75882592711467,0.0850437492485491,0.262706861040561,"EPB41L3"
"1381",23137,-0.0326844284972709,-1.29338012526809,-0.22886827665816,0.819953204682236,0.909414798192489,"SMC5"
"1382",2314,0.270160840570418,1.44886937819832,3.4097227042409,0.00133483362174328,0.0219069753215515,"FLII"
"1383",23140,-0.0939880407958484,1.63546252152169,-1.51910669104263,0.135360041384717,0.351009689066072,"ZZEF1"
"1384",23141,0.0971761260673589,-0.220302524872438,1.17732193292287,0.244928855700105,0.495146822347267,"ANKLE2"
"1385",23142,-0.0919497843527612,-1.47239603014997,-1.02057067226225,0.312624534103669,0.565210424249873,"DCUN1D4"
"1386",23143,0.210014194012499,-0.633545322399474,2.02274572344282,0.0487450441582997,0.191856989014413,"LRCH1"
"1387",23148,0.125790882734874,-2.03846716391309,0.706290863072615,0.483455181175241,0.702726579658022,"NACAD"
"1388",23151,0.295977109853268,0.0817273827547546,2.00536460356984,0.0506360889430786,0.195843928123892,"GRAMD4"
"1389",23152,0.0652772262220851,-1.17406266786105,0.517058973887284,0.607512850300408,0.788687367839236,"CIC"
"1390",23154,-0.164992034640505,-0.240722583953099,-2.03259777660672,0.0477005549825737,0.188650777373091,"NCDN"
"1391",23157,0.180119598275769,-0.16130748150437,1.55856995058526,0.125732422116256,0.336419183500253,"SEPTIN6"
"1392",23158,-0.181013235750286,-1.30892956672879,-1.60371295614551,0.115402547860071,0.320237191996777,"TBC1D9"
"1393",2316,0.441945935784248,4.19678084212385,2.83969529017865,0.0066261591289874,0.0558055023792874,"FLNA"
"1394",23160,0.0315117777514765,0.293060657068318,0.363559574219723,0.717799021105846,0.857001072406281,"WDR43"
"1395",23161,-0.157973399574497,-1.55898259615453,-1.69358879928728,0.0968881419252376,0.287711376457237,"SNX13"
"1396",23162,0.0316079907494715,-3.14347083068893,0.152631308470748,0.879335130863707,0.942276367535166,"MAPK8IP3"
"1397",23163,0.137829568942847,-1.47023761881767,1.64094527024098,0.107410564801671,0.307646312063769,"GGA3"
"1398",2317,0.312448613597735,4.19818850526302,3.17828863980826,0.00260525879108408,0.0311716929038481,"FLNB"
"1399",23170,0.213237948239198,1.3738394254745,2.54359255865496,0.0142814554222287,0.0890849322984146,"TTLL12"
"1400",23175,-0.106237817628706,-0.696531382492513,-0.838551156293157,0.405918664383473,0.645320161493508,"LPIN1"
"1401",23177,0.0513627868091602,-2.97986248325339,0.286115092161277,0.776033325600071,0.888176869761931,"CEP68"
"1402",2318,0.393482768476204,-1.29444520428445,1.93553181015753,0.058886146227117,0.212488633475628,"FLNC"
"1403",23180,-0.118660429859196,-1.22465415795428,-0.722647072822884,0.47343763278423,0.694043513262385,"RFTN1"
"1404",23181,-0.381624260536616,-0.511467102965471,-3.69568704964764,0.000566563958825344,0.0132226980200379,"DIP2A"
"1405",23186,0.13395682140516,-1.55355156044301,1.34056917869465,0.186432839890511,0.417332155816177,"RCOR1"
"1406",23187,0.232238258137878,-0.594060044018726,1.5556966807455,0.126414303537684,0.337408579080037,"PHLDB1"
"1407",23189,0.452430372759143,-1.53953285467441,3.1038278487564,0.00321416237601953,0.035870052116378,"KANK1"
"1408",2319,0.261572700853635,1.17299019547277,2.64423955103556,0.0110596389717272,0.0753042122071477,"FLOT2"
"1409",23192,0.0625635676616767,-2.40897695892545,0.313743215986399,0.755088899079957,0.87899336376785,"ATG4B"
"1410",23195,0.0347397182345114,-0.774771979478267,0.367084633966553,0.715185214396799,0.855879673614262,"MDN1"
"1411",23198,0.396448113915853,-1.07517897211397,2.86632763411125,0.00616978430906783,0.0535887852652043,"PSME4"
"1412",23199,0.0516761301514825,-1.43635128875496,0.469209871701276,0.641064877171396,0.809695218479097,"GSE1"
"1413",23201,0.109292935496329,-0.943560303490473,0.677653429770609,0.501276942642154,0.714712630415225,"FAM168A"
"1414",23204,0.0943186662871186,0.756990130933286,0.958397916571019,0.342712004798519,0.595124358675734,"ARL6IP1"
"1415",23207,-0.192411862566998,-1.48017165695903,-1.60801942962448,0.114454156410384,0.318501341825893,"PLEKHM2"
"1416",23210,0.0198305305807431,-1.86551094002339,0.112371130262945,0.911002386207181,0.958473199612561,"JMJD6"
"1417",23211,0.250402494351962,-1.56482062033135,2.75440773911329,0.00830673166531441,0.0628689506309493,"ZC3H4"
"1418",23212,0.105167350781359,0.391507837752907,1.22992572936684,0.224778004581192,0.469121860632219,"RRS1"
"1419",23214,0.037388865230785,-1.699443736619,0.304639211396869,0.761970864530321,0.883115023883518,"XPO6"
"1420",23215,0.151105884746648,0.755696963749884,1.58893072134441,0.118706554732466,0.326443025514281,"PRRC2C"
"1421",23216,-0.169707803647617,-1.17087256284227,-1.08967074928713,0.281352034855287,0.536149888215384,"TBC1D1"
"1422",23218,0.433867502553815,-1.49047562277622,4.57517723789028,3.42003918390729e-05,0.00271887465934835,"NBEAL2"
"1423",23219,-0.00630154713462794,-1.27606628269404,-0.0552145297972572,0.956198994792337,0.97985634091143,"FBXO28"
"1424",23223,0.0394133669016046,0.851564605238293,0.435281353312351,0.66532845735998,0.824174787341182,"RRP12"
"1425",23225,0.0654799890999964,1.111497844182,0.777540210705328,0.440693174960192,0.670045753754189,"NUP210"
"1426",23228,-0.238661841183387,-0.786780603923921,-3.16052376552406,0.00273977521293126,0.0322778123934205,"PLCL2"
"1427",23229,-0.0391469729886265,-1.48213763752486,-0.15622863393286,0.876514481063433,0.94073192599534,"ARHGEF9"
"1428",23232,-0.0789728609596336,-1.69538214808593,-0.617411478818882,0.539910126207832,0.742982646639193,"TBC1D12"
"1429",23234,0.16831019298226,-0.622885879203911,1.8597234678948,0.0691197097303524,0.232980108909886,"DNAJC9"
"1430",23235,-0.0150064930609042,-2.1044317877692,-0.118529239092906,0.906147848828162,0.955823250748798,"SIK2"
"1431",23236,-0.0966671998051378,-1.14157966284044,-0.830573941614462,0.410367061607389,0.648014670477528,"PLCB1"
"1432",23242,0.241331634839487,-1.10965447571159,2.39812082995131,0.0204561081243182,0.113241712804874,"COBL"
"1433",23243,0.113352265276144,-1.48743638763956,0.965742734308062,0.339061155215676,0.592247402024422,"ANKRD28"
"1434",23246,0.213181530055348,-0.330140729322744,2.78615822016971,0.00763973966684031,0.0602734216903159,"BOP1"
"1435",23248,0.257689560832008,-0.410158370850327,3.21606625907154,0.00233963297977054,0.0294622260798353,"RPRD2"
"1436",23250,-0.16103090060487,-1.37470159501635,-0.996815224759376,0.323902040752695,0.577691012212988,"ATP11A"
"1437",23253,0.234834732194965,-5.10289483923294,0.887543152411612,0.379255787762886,0.62702290578624,"ANKRD12"
"1438",23255,-0.0657781360846799,2.35662158894643,-0.478070187163322,0.634791773440006,0.805863889426009,"MTCL1"
"1439",23259,-0.199251793468008,-0.49286905382062,-2.87311126297972,0.00605829755517782,0.0531226148481164,"DDHD2"
"1440",23263,-0.0243379411579116,-0.425271675527721,-0.214107717203882,0.831378932615088,0.916981830798097,"MCF2L"
"1441",23266,0.159594293003591,-4.23664225366553,0.611548519062399,0.543750615537152,0.745985980815162,"ADGRL2"
"1442",23269,0.243073749717055,-3.10334372087129,0.922042831679285,0.361162996615265,0.612380793708425,"MGA"
"1443",23270,-0.670616921825216,-3.43787311480313,-2.20308846320862,0.0324701670053941,0.147412636892832,"TSPYL4"
"1444",23271,-0.0900791218868204,-2.7635957057925,-0.669442666798175,0.506452185020732,0.71930709763568,"CAMSAP2"
"1445",23274,-0.0091595054215623,-2.24735770629154,-0.0637924631334913,0.949403011863525,0.976373814617883,"CLEC16A"
"1446",23275,-0.156405408223941,0.272962551857262,-1.67963380313806,0.0995910986204087,0.293184730614901,"POFUT2"
"1447",23277,0.139696779455595,0.297352484109383,1.46449795509724,0.149641241021401,0.37090351757597,"CLUH"
"1448",2328,-0.232702171670952,-1.9674223969076,-0.898680105727555,0.373353256699304,0.622390627273311,"FMO3"
"1449",23281,-0.526651440340182,-0.663209377131874,-3.80938739377461,0.000399520911053923,0.0109221584302541,"MTUS2"
"1450",23286,0.527160885255445,-2.0617502126826,2.83502682870447,0.00670931416297104,0.056351569048695,"WWC1"
"1451",23287,-0.152407029771039,-2.7708115474599,-1.3419519124437,0.185987291069927,0.416638683425989,"AGTPBP1"
"1452",23293,0.0539885122487003,-1.60764828063379,0.359525455972457,0.720794477272958,0.858915570725085,"SMG6"
"1453",23295,0.0154983766730801,-2.16355056439469,0.0828071471243691,0.934352639358212,0.970141511380641,"MGRN1"
"1454",23299,0.00742891811503799,-1.89462700060243,0.0665174134095873,0.947244903607867,0.976373814617883,"BICD2"
"1455",2330,-0.0541329413861955,-1.53624952734491,-0.210738995405384,0.833991821972194,0.918407879995441,"FMO5"
"1456",23304,0.193993776802488,-1.93483698428751,1.91666244972597,0.0613039364073283,0.217379296168793,"UBR2"
"1457",23305,0.0594762895815564,-1.39357943184439,0.440206753223514,0.661782795102298,0.821939052273959,"ACSL6"
"1458",23306,-0.133424785314973,-1.87997296064295,-1.02323357068424,0.311377198957088,0.564284985886805,"NEMP1"
"1459",23307,0.0391083972488134,0.0489918353198512,0.579039202792949,0.565296911858415,0.759600427740362,"FKBP15"
"1460",23309,-0.0375901297053474,-1.44068910839836,-0.426417656934715,0.671728641089421,0.828578034482422,"SIN3B"
"1461",23312,-0.236049083488355,0.783890322829555,-2.60512955377758,0.0122230104137648,0.0807587060491798,"DMXL2"
"1462",23313,0.272195046997142,-0.877202280160826,2.87780414627681,0.00598227011057932,0.0527574338200228,"KIAA0930"
"1463",23315,-0.221644142485159,-1.34282431868024,-1.39099591285939,0.170704354283178,0.39838391451732,"SLC9A8"
"1464",23318,0.0593002956375903,-2.47663165315683,0.45883854741369,0.648441489312274,0.812953084348765,"TUT4"
"1465",23321,-0.322410030640086,-0.221849229638297,-3.93669630458573,0.000268753941271715,0.00863194374728665,"TRIM2"
"1466",23324,0.215128132736962,-0.928175407148533,1.0706519122905,0.28973270441859,0.544346293150079,"MAN2B2"
"1467",23327,0.0698022259719344,0.535296481258372,0.791218786184111,0.432746964909037,0.664548629124762,"NEDD4L"
"1468",23329,-0.208565797533188,-2.42815255608247,-1.41401796758315,0.163873553694165,0.389822463070811,"TBC1D30"
"1469",23331,-0.0704523129994521,-1.88729707250409,-0.568382610756287,0.572450896265585,0.76404225480911,"TTC28"
"1470",23333,0.243806136510109,-1.19370487728694,2.02586639267834,0.048412075174692,0.19084991485052,"DPY19L1"
"1471",23334,-0.0316599775994971,-0.663325701254264,-0.429403963655588,0.66956955291353,0.827258034577948,"SZT2"
"1472",23335,-0.270479345304088,0.877069729057777,-3.0440611024361,0.00379720206272999,0.0399096340086244,"WDR7"
"1473",23336,-0.230886857101248,-1.24642111890609,-1.48582556168151,0.143928424934303,0.361642376268868,"SYNM"
"1474",23338,-0.0429097230804545,-3.25443331196811,-0.236907114248215,0.813746946795566,0.90649342276428,"JADE2"
"1475",23341,0.172830365312414,-2.30896788977142,0.732201141435926,0.467641052871708,0.68929969101166,"DNAJC16"
"1476",23344,0.0838124721685793,3.05468871151456,0.945469880304594,0.349200822476186,0.602065672033434,"ESYT1"
"1477",23348,-0.0633508685127283,0.136359116165378,-0.789695746535909,0.433627479889949,0.665068833474389,"DOCK9"
"1478",2335,0.980675392892697,-2.70302061654621,2.08793053393642,0.0421878585647602,0.175202351739173,"FN1"
"1479",23351,0.207303756387008,-1.88424046482882,1.6646036089525,0.102571417091231,0.298947463488117,"KHNYN"
"1480",23354,-0.350709796960857,-4.26353778996316,-1.20681777139189,0.233474332480978,0.479446454589575,"HAUS5"
"1481",23357,-0.2383629362532,-1.43469608957013,-1.99633649430046,0.0516431255692432,0.197745168274494,"ANGEL1"
"1482",23360,0.221221048783885,-1.85481572485223,1.57946160460273,0.120862935338668,0.328837188434728,"FNBP4"
"1483",23361,-0.0463638374750261,-2.09123624377456,-0.310528333100078,0.757516859285877,0.880375213937194,"ZNF629"
"1484",23362,0.000492595347282965,-3.86746482560125,0.00205353942320561,0.998370108510247,0.99920880619439,"PSD3"
"1485",23363,0.167327108016641,-1.52966194494504,1.07575813791963,0.287465787559133,0.542078342254365,"OBSL1"
"1486",23368,0.154041052067925,-3.4019203257475,1.11136290461717,0.272002355064256,0.526627545571677,"PPP1R13B"
"1487",23370,0.275414973920604,0.15635367930136,2.82301573097553,0.00692772456907161,0.0574626667634615,"ARHGEF18"
"1488",23371,-0.327617041245352,0.10180719763964,-2.68156137959607,0.0100449646411112,0.0701996977820072,"TNS2"
"1489",23373,-0.191646638766818,-0.320056437685632,-1.58424912401995,0.119768763438951,0.327732334699014,"CRTC1"
"1490",23378,0.369023210231952,-1.47493745384985,2.89792014233329,0.00566632016523123,0.0514495165298658,"RRP8"
"1491",23380,-0.149860592041704,0.166288913510293,-1.77951506460094,0.081549574109755,0.255383309125345,"SRGAP2"
"1492",23381,-0.0950805564314492,-2.01511255695914,-0.705377187037374,0.484018253126982,0.703172553300217,"SMG5"
"1493",23382,-0.239733829747015,0.305563349283405,-2.8635864205798,0.00621537356002688,0.0538841284059957,"AHCYL2"
"1494",23385,-0.108362258720312,2.54956688615116,-0.877879362091444,0.384425275889385,0.629859128951544,"NCSTN"
"1495",23386,0.0930721167150742,-0.413582502404551,1.06656143648398,0.291557614927842,0.546270036760408,"NUDCD3"
"1496",23387,-0.107006920027516,0.0588342421235521,-1.04136528473267,0.302974178282939,0.557150811584288,"SIK3"
"1497",2339,0.0763412253589981,0.119794193409228,1.03506062704514,0.30587821895532,0.560047493467837,"FNTA"
"1498",23390,-0.311134338817969,-0.339569303133526,-2.73785411633153,0.0086754176628002,0.0648595780928961,"ZDHHC17"
"1499",23395,-0.110799686116169,1.32673189975126,-1.32939515464442,0.190063271591546,0.42209085597121,"LARS2"
"1500",23399,-0.0295142567472497,-1.64902079705597,-0.18369909541822,0.855030958556172,0.930858464636003,"CTDNEP1"
"1501",23400,0.242436769638011,-1.04609022920365,2.12784951302596,0.0385640959979003,0.164769955560708,"ATP13A2"
"1502",23404,0.210332470962815,0.513802456229589,2.71887178455131,0.00911673464873404,0.0663015607511014,"EXOSC2"
"1503",23406,0.115514004905541,2.55686943889198,0.921338631187904,0.361526631093361,0.612519393411395,"COTL1"
"1504",23408,0.344191622696799,-0.691903119645633,4.11355008372738,0.000153593215746922,0.00668620679613196,"SIRT5"
"1505",23410,-0.117553897918303,0.333552034406522,-1.14712215000932,0.257072749550663,0.509004267302887,"SIRT3"
"1506",23411,0.0579552343439207,-1.57557242598854,0.314913037728914,0.75420603802169,0.878594925294579,"SIRT1"
"1507",23412,0.153946519845435,-0.689916109633206,1.4299995763753,0.15925801517976,0.384247522473808,"COMMD3"
"1508",23417,-0.0879246614291919,0.887470855116403,-1.00790651004947,0.318603017719833,0.572310600750464,"MLYCD"
"1509",23423,-0.0350814918404787,0.856875289478687,-0.280776339932625,0.780100542269425,0.890449179095543,"TMED3"
"1510",23424,0.239288804699142,-2.0401142455601,1.87412271588902,0.067067338149291,0.229081425464857,"TDRD7"
"1511",23426,0.131872386142286,-1.47689499593439,1.00918467598615,0.31799614021618,0.571722410265645,"GRIP1"
"1512",23428,-0.514429086834872,1.87560402990483,-3.39337878348085,0.00140044812814172,0.0226209226592997,"SLC7A8"
"1513",23429,0.32559830636045,-0.944264614371757,1.16304633712514,0.250616605721669,0.5005807764138,"RYBP"
"1514",23431,-0.0475428476578181,-3.42131904526661,-0.203642922540649,0.839501923459196,0.921635272078796,"AP4E1"
"1515",23436,-0.296193645595604,1.10004327195501,-0.703331381781284,0.485280353192326,0.703839982961837,"CELA3B"
"1516",23438,-0.290400752563536,0.577282154316981,-4.09202270513573,0.000164502718180532,0.00682241678508181,"HARS2"
"1517",23443,0.154822644968293,-0.369220656693365,1.49479767582661,0.141577306992777,0.359091533190771,"SLC35A3"
"1518",23446,-0.0341623807008277,-0.661939737234691,-0.316077266119665,0.75332772720351,0.878405317168531,"SLC44A1"
"1519",23452,0.181111087018748,-2.46243710519986,0.51073823194054,0.611898482861619,0.791534855174841,"ANGPTL2"
"1520",23456,0.0430194361068765,1.09284958586785,0.521099917043283,0.604716656263385,0.787370285830055,"ABCB10"
"1521",23457,-0.0372818126515808,-4.22806420054569,-0.153831531233193,0.878393863024395,0.941432081586125,"ABCB9"
"1522",23461,-0.32771185666423,-1.30140345743061,-2.62561358818844,0.0116004182673935,0.0776481650220955,"ABCA5"
"1523",23463,-0.0817595370104221,-0.148069936206342,-0.712273790695674,0.479777157939912,0.699616032411451,"ICMT"
"1524",23464,-0.462381841479363,-1.27649153121604,-2.25026822256833,0.0290980724938303,0.13823836607363,"GCAT"
"1525",23466,0.189803151263242,-1.18055685375597,1.41386405714479,0.163918503940333,0.389822463070811,"CBX6"
"1526",23467,0.0926674104466421,-1.15560962407126,0.85471216687245,0.39699820752209,0.638825062696193,"NPTXR"
"1527",23468,0.0596947172175557,-0.487704787219719,0.648847409698796,0.519559907136855,0.728927705144233,"CBX5"
"1528",23469,0.148344961734161,-1.24925169051911,1.70767617189796,0.0942212283018488,0.281854270314408,"PHF3"
"1529",23471,0.0225363228121322,-0.473937617563128,0.168185820400937,0.867150718261185,0.937072378289992,"TRAM1"
"1530",23473,-0.193466438300105,0.333372580468119,-2.79438857661968,0.00747511271612297,0.0596648138511869,"CAPN7"
"1531",23474,0.0430578706049962,1.69278106633884,0.513926970384726,0.609684175893894,0.790002421709251,"ETHE1"
"1532",23475,0.202433206694608,-0.235172482571595,1.19040125440199,0.239800302708996,0.489001414627182,"QPRT"
"1533",23478,0.000707757989035329,1.99481349761605,0.00790119717341656,0.993728892508297,0.997792890923593,"SEC11A"
"1534",23479,-0.109392909385486,0.0525276488466606,-0.971820385883492,0.336059706620446,0.589858301182813,"ISCU"
"1535",23480,0.375149478817677,0.224897386152291,2.05884890701742,0.0450117336685383,0.180694585518305,"SEC61G"
"1536",23481,-0.000872735467321251,0.975760735803476,-0.0106127733205942,0.991576811430529,0.997100011232076,"PES1"
"1537",23492,-0.278900605818426,-1.16663948469991,-1.95634040971819,0.0563150305517522,0.207604599115108,"CBX7"
"1538",23498,0.346595062761642,0.0731312589527996,3.05670498291175,0.00366614748797118,0.039271925447063,"HAAO"
"1539",23499,0.13530923568817,1.34689225242358,1.37194545907084,0.17652144106238,0.40564904726353,"MACF1"
"1540",23503,0.225786597798745,-2.41056291343668,1.00127496721016,0.321764252859282,0.575966457874095,"ZFYVE26"
"1541",23504,-0.383360912264899,-0.715344327537912,-1.80343282559071,0.0776607160450963,0.24775544443077,"RIMBP2"
"1542",23505,0.0278009171896288,-0.213868542312258,0.299794440076043,0.765641133308058,0.885185399647915,"TMEM131"
"1543",23506,0.231912412875012,-2.91384811655069,1.16550403724947,0.249630673994404,0.499749862027936,"BICRAL"
"1544",23508,0.219321093779344,-1.23393015507634,1.95733201438728,0.0561949521723032,0.20741107422345,"TTC9"
"1545",23510,0.0664870286281802,-4.52672629397846,0.218619631520704,0.827882361871096,0.914769025592221,"KCTD2"
"1546",23512,0.0196932202096209,-2.05794676539037,0.162311694801847,0.871748473846411,0.939064958313315,"SUZ12"
"1547",23515,0.216262864823936,-1.31461718002509,1.58703742901957,0.119135203023939,0.326889528905203,"MORC3"
"1548",23516,-0.234443773350033,-0.0933614900216569,-2.3231768324601,0.0244969187707598,0.126354695306658,"SLC39A14"
"1549",23521,0.0557626105891567,4.55851834555697,0.661094506459449,0.511743609701986,0.722420026759612,"RPL13A"
"1550",23523,-0.0556157455528559,-2.98261729443011,-0.391396503296421,0.697253355539763,0.846408745051827,"CABIN1"
"1551",23524,0.125032532233661,1.82193535472713,1.21498871148089,0.230371606629435,0.475663772696529,"SRRM2"
"1552",23527,0.0232545052448072,0.881594365286626,0.301559702515956,0.764303184077386,0.88431535228407,"ACAP2"
"1553",23528,-0.12673940633239,-4.69683995951292,-0.520361754418006,0.605226994679011,0.787370285830055,"ZNF281"
"1554",23530,-0.197924782693184,2.89421946175913,-2.47752383137605,0.0168385691519525,0.0993799398602735,"NNT"
"1555",23536,-0.00420994558749532,-1.89820300850008,-0.0281740927041922,0.977641264551571,0.98903256393047,"ADAT1"
"1556",2354,-0.0492746299029583,-2.69259375831937,-0.181378877785068,0.856841462594462,0.931672789619983,"FOSB"
"1557",23541,0.513780096873976,-0.540023893740614,3.31602584779259,0.00175481264636824,0.0254883678573658,"SEC14L2"
"1558",23543,0.0518460793137442,0.292770522671613,0.598943297669567,0.552054791193864,0.751333106063844,"RBFOX2"
"1559",23544,0.0760363356909702,-0.497618453388533,0.710807910356938,0.480676853394641,0.700141083563434,"SEZ6L"
"1560",23545,-0.110815564824444,-0.588905091307214,-0.956946385997834,0.34343656681865,0.59598915666748,"ATP6V0A2"
"1561",23548,-0.155629975720887,-3.44820018877861,-0.461152672779605,0.646792443513375,0.812195584755543,"TTC33"
"1562",23550,0.00341724614175187,-2.17861711749977,0.0139592142688179,0.988920949761289,0.995803149928982,"PSD4"
"1563",23556,-0.264235273792578,-3.06895222001567,-0.755603254056886,0.453615493391957,0.679261258462999,"PIGN"
"1564",23557,0.117826910210266,0.40769080619112,1.14562649442556,0.257685198298308,0.509723411909446,"SNAPIN"
"1565",23558,0.247276966233542,1.48050706761555,2.50684204285338,0.0156565615046018,0.0946797778475326,"WBP2"
"1566",2356,0.475347723432169,-3.02713038049647,2.24028244686897,0.0297846786875442,0.13998342862492,"FPGS"
"1567",23564,0.226051704424224,1.97981071155471,2.07356806194598,0.0435625559409496,0.177783888540923,"DDAH2"
"1568",23567,-0.104843983755273,-0.746958906808178,-1.27783271726721,0.207514186850031,0.445922549878642,"ZNF346"
"1569",23568,-0.197473873498576,-3.25792492905194,-1.01268757452459,0.316336960289005,0.5699079137816,"ARL2BP"
"1570",23576,0.0567321771080191,4.70008104080354,0.622233675071182,0.536761912495473,0.740702477270057,"DDAH1"
"1571",23580,0.0951251989731203,-0.559424094570379,0.981996884602261,0.331073663793099,0.584710611242327,"CDC42EP4"
"1572",23581,-0.331780868600418,-0.739320892464256,-1.57286866107673,0.122382924626494,0.331649620908352,"CASP14"
"1573",23582,0.0486305035889218,-3.37683939716763,0.267530293427513,0.790218392588979,0.894028958858022,"CCNDBP1"
"1574",23583,0.00200774427816408,-2.3254217780903,0.00797666184395526,0.993668998184604,0.997792890923593,"SMUG1"
"1575",23586,0.183789723643137,0.0484421294049707,1.89193051998365,0.0646009312748986,0.223566707056768,"RIGI"
"1576",23587,-0.000665214420443094,-1.04003687178397,-0.00553325478953206,0.995608282814623,0.997990161666464,"ELP5"
"1577",23589,0.722793526105563,0.317055590271005,4.78258149912439,1.71292570313244e-05,0.00206399396261187,"CARHSP1"
"1578",23593,0.0181914154955636,1.96455902965426,0.251517576561491,0.802498269426102,0.900148994925021,"HEBP2"
"1579",23595,-0.0607362233318677,-0.703668471697494,-0.657135942102783,0.514263086763903,0.724636368348221,"ORC3"
"1580",23597,0.372764637987231,1.21899059485997,3.38585437189106,0.00143167652354211,0.0229442049647558,"ACOT9"
"1581",23598,0.222814920691666,-2.4531259957388,1.22583934344471,0.226298229414125,0.471493052323115,"PATZ1"
"1582",23600,-0.595373963612313,1.14426200717469,-3.75736655894666,0.000469029248021163,0.0119456494786469,"AMACR"
"1583",23603,0.183373742366172,1.19452770275413,1.93895527404856,0.0584563537019611,0.211809385491521,"CORO1C"
"1584",23607,0.176804205760321,1.88427811393024,2.12772254454515,0.03857517532433,0.164769955560708,"CD2AP"
"1585",23609,-0.0423804234981356,-0.560602312519371,-0.507427377866916,0.614201466763807,0.793844725836228,"MKRN2"
"1586",23621,-0.0686596956826009,-1.17913275450114,-0.515781492517444,0.608398060537968,0.789348291794388,"BACE1"
"1587",23623,0.263999955488865,-1.67062889665106,1.37801699224561,0.17465116079017,0.403209813959964,"RUSC1"
"1588",23625,0.274871868171388,-3.39917337675263,1.75539449897,0.0856351912324276,0.263737483083111,"FAM89B"
"1589",23633,0.0800830039296663,0.884293988409117,1.13119908262822,0.263646665607082,0.517017007506795,"KPNA6"
"1590",23635,0.133610484049324,-0.4383444250316,0.858784224300109,0.394769924493575,0.638825062696193,"SSBP2"
"1591",23646,0.0841312167004089,4.03960265606011,0.535868217031282,0.594548536173186,0.781610390882633,"PLD3"
"1592",23648,0.710381870900059,-1.7332011514182,2.23925782268027,0.0298559368776188,0.14004602814347,"SSBP3"
"1593",23658,0.726815270933405,-6.17758965994705,2.28717873663613,0.0266805907327323,0.131582839046508,"LSM5"
"1594",23659,0.0897405031598764,-1.35018642789877,0.584266932450817,0.561803711393836,0.757452934767793,"PLA2G15"
"1595",23670,0.14777352760922,-0.705298579795698,1.32850138697962,0.190355961047683,0.422209371131647,"CEMIP2"
"1596",23673,-0.198254346294018,2.06205531316657,-2.02289092717451,0.0487295073289592,0.191856989014413,"STX12"
"1597",23677,0.36670411615403,0.510654238015026,3.08042100374755,0.00343169580724444,0.0375467894204391,"SH3BP4"
"1598",23683,-0.0267731522516415,-1.55918300252884,-0.149158554631107,0.882059604701636,0.943384187778122,"PRKD3"
"1599",23705,-0.27547858563939,0.849363012143344,-1.50159790185514,0.139815690726858,0.356686911754553,"CADM1"
"1600",23710,-0.08422919491061,-0.641400289447692,-0.662020726235179,0.511155066659537,0.721921260735443,"GABARAPL1"
"1601",23729,-0.0593220595461504,0.689362420332058,-0.351460850501902,0.726795922042397,0.86287686063757,"SHPK"
"1602",23731,-0.218528184549065,1.02123780555827,-2.33899890060709,0.0235887383368205,0.123433653803414,"TMEM245"
"1603",23753,-0.0201579187384442,0.251059377774891,-0.17759635863078,0.85979468739574,0.93306573395245,"SDF2L1"
"1604",23759,0.289693122710249,-1.97882580570607,2.94213571818582,0.00502564672924361,0.0472785833689439,"PPIL2"
"1605",23761,0.0234446445224072,-1.39968074622269,0.230403375443143,0.818767143549488,0.909115905771845,"PISD"
"1606",23764,-0.271193711662788,-1.57826113333003,-0.933361923724222,0.355350554570906,0.606209478587054,"MAFF"
"1607",23770,0.0524691091424125,0.739640557232449,0.51939857652159,0.605893199646103,0.787750997548777,"FKBP8"
"1608",23774,-0.118668481836156,-1.00718078635718,-1.56420006162446,0.12440486461787,0.335352243752518,"BRD1"
"1609",23780,-3.34801269579188e-05,2.00946278521105,-0.000266841618536521,0.999788208015346,0.999788208015346,"APOL2"
"1610",23786,-0.0707545121913271,1.16606335429084,-0.842355214945013,0.403807879889591,0.643116960758254,"BCL2L13"
"1611",23787,-0.151111960919104,3.15564889372338,-1.8037478034517,0.077610560742089,0.247724192321863,"MTCH1"
"1612",23788,-0.257179811165116,3.06759518715364,-3.45358354104429,0.0011729031085863,0.0202796599450781,"MTCH2"
"1613",2395,0.112917036374094,-0.742114622851449,0.650106384983292,0.518753486746534,0.728333457884959,"FXN"
"1614",240,-0.142260275906341,0.157624712254639,-1.05719762110972,0.295765117179437,0.549820052868345,"ALOX5"
"1615",24139,-0.215914368486149,2.34857685196004,-2.54142061702297,0.0143595637737543,0.0893904690094362,"EML2"
"1616",24142,-0.12365562585402,-1.48834262414448,-0.945871455197416,0.348998060802248,0.602065672033434,"NAA80"
"1617",24149,0.0882204330924612,-1.25511956262846,0.858280966289247,0.395044890464307,0.638825062696193,"ZNF318"
"1618",2444,0.104359883596155,-1.34019724521499,0.831306452290831,0.409957343710285,0.647666715720914,"FRK"
"1619",245812,-0.058069897983723,-0.49795016307993,-0.637348461131677,0.5269561857428,0.733936253253757,"CNPY4"
"1620",246269,-0.236812496712823,-1.44866306135878,-1.70472579970436,0.0947746871371387,0.282803611885152,"AFG1L"
"1621",2483,0.050222067842507,-0.409804384607055,0.634092729178748,0.529060346498579,0.734865898802507,"FRG1"
"1622",249,-0.138448291723176,-0.957562322569773,-0.578895917826444,0.565392807204593,0.759600427740362,"ALPL"
"1623",2495,-0.0213014217754965,3.45250187899095,-0.119924412291215,0.905048506824538,0.955580763761747,"FTH1"
"1624",25,0.189738197706688,-2.31799390860572,1.17250831152113,0.246836187034558,0.496747710169874,"ABL1"
"1625",2512,0.119066617821984,4.01512950340298,0.587924180406196,0.559366333017155,0.756253425563721,"FTL"
"1626",2517,-0.211982297539066,2.82504378178012,-1.27053237273062,0.210078945511305,0.448353465767869,"FUCA1"
"1627",2519,0.23270837964657,0.318859884664401,1.25308791811536,0.216303272164633,0.457343949206516,"FUCA2"
"1628",2521,0.235546202231534,3.11896028649838,3.11461356087558,0.00311834793008456,0.0351428031748146,"FUS"
"1629",252839,0.0268857144168094,0.255527226766927,0.156710043075607,0.876137131809514,0.94073192599534,"TMEM9"
"1630",252969,0.106417329803457,-1.00573750613637,1.04122213922646,0.303039903191762,0.557150811584288,"NEIL2"
"1631",252983,0.0337918322823252,-2.901312967227,0.194775639560064,0.846398763667966,0.926555307899764,"STXBP4"
"1632",2530,-0.148168601658012,-0.304199005256517,-1.37528441603156,0.175491008630021,0.404189047268695,"FUT8"
"1633",2531,0.149850469984807,-0.709818004079191,1.64364035394778,0.106850054114854,0.306787713724821,"KDSR"
"1634",253143,0.275605561701954,-1.0614226654936,1.84448373647168,0.0713496094307233,0.236971382232326,"PRR14L"
"1635",253260,0.0848917477246081,1.82075884817789,1.20690171760793,0.233442301165441,0.479446454589575,"RICTOR"
"1636",253461,0.468671422897058,-3.97121634162666,1.44013361882976,0.156384253668096,0.380854257124293,"ZBTB38"
"1637",253512,-0.0190963078207569,-1.90628944174635,-0.142751694251541,0.887089724719,0.946455193868455,"SLC25A30"
"1638",253558,-0.127298373518006,1.56215238571835,-1.42362830487449,0.16108574977871,0.386379184111654,"LCLAT1"
"1639",253635,-0.224359817615098,-1.2079533818547,-2.27994451398542,0.0271398042712167,0.132516110691277,"GPATCH11"
"1640",253725,0.0284997284302015,-2.13047664973554,0.139699337202402,0.889487839738695,0.948189711760352,"WASHC2C"
"1641",253738,-0.0650224935994235,-4.35692981089724,-0.230463957039747,0.818720345235254,0.909115905771845,"EBF3"
"1642",253782,-0.0657570666268895,0.284413412345491,-0.601380078739794,0.550444469018754,0.750352265899811,"CERS6"
"1643",253832,0.057752781615964,0.140279089581696,0.441318396670792,0.660983630665329,0.821567621810525,"ZDHHC20"
"1644",2539,0.153844401285612,2.41863172945661,2.01512704793423,0.0495662849045973,0.193567153509435,"G6PD"
"1645",253943,-0.0179236129608387,1.47923121749307,-0.276387527132656,0.783448730206386,0.89167593287721,"YTHDF3"
"1646",253959,-0.13753058886915,-0.256302766434574,-1.7324039219059,0.0896869080411735,0.271777015643412,"RALGAPA1"
"1647",254042,-0.169245967204402,-1.5965950038448,-1.24175515643889,0.220419666281693,0.463075726557996,"METAP1D"
"1648",254048,-0.233846041218517,-1.82706288359776,-1.03171847148096,0.307425375647532,0.560737211573333,"UBN2"
"1649",254102,0.160372433441136,-1.61535607055191,1.02735971118112,0.309451160028557,0.562288697529688,"EHBP1L1"
"1650",2542,-0.439041380127089,2.75809697697345,-3.78401468070855,0.00043208342080123,0.0114455167428378,"SLC37A4"
"1651",254225,-0.11114191051647,-1.42050503096563,-0.571608203516078,0.570280814244002,0.762776996694201,"RNF169"
"1652",254295,0.515263335976753,-0.907625848010453,1.66905299239754,0.101681620067433,0.297059392657736,"PHYHD1"
"1653",254428,-0.158795767683101,0.577169431707993,-1.22084724779689,0.228165652862521,0.473305144864551,"SLC41A1"
"1654",254531,0.113445632420762,-2.42787562791495,0.903243815248256,0.370951552498685,0.620100417254549,"LPCAT4"
"1655",254552,0.242985975769202,-2.32275043604299,1.7241081397299,0.0911874727375421,0.275311710606509,"NUDT8"
"1656",2548,0.00650121409157212,3.63867641061553,0.0521832026878664,0.958601416703144,0.980447342431541,"GAA"
"1657",254827,-0.0717796039478469,-1.78946731269997,-0.40711431040928,0.685751691245029,0.839813224433756,"NAALADL2"
"1658",254863,0.284452210242528,0.286835021654849,1.9115919028124,0.061967922841266,0.218441125741699,"TMEM256"
"1659",2551,0.00236282570621843,-0.32767295436867,0.0299581353350377,0.97622588207061,0.988688382863726,"GABPA"
"1660",2553,0.187729955858988,-0.803145286153673,1.82453765081148,0.0743597921049744,0.241109563624053,"GABPB1"
"1661",255374,-0.211805989828527,-1.40248086804152,-2.14089545172552,0.0374404712427327,0.161156811001328,"MBLAC1"
"1662",255743,0.367154831935976,-2.53385183786276,1.42075919360006,0.161914135752561,0.387251788371101,"NPNT"
"1663",256281,0.234242498811751,0.381490304146771,1.84512545664708,0.0712544995558232,0.236923140993306,"NUDT14"
"1664",256471,0.129170283577222,-3.22253202286053,0.87497695396665,0.38598651761889,0.631277709870703,"MFSD8"
"1665",256586,-0.346507957651912,1.90501468505518,-2.26866374268238,0.0278699342386355,0.134172226094068,"LYSMD2"
"1666",256643,0.228502783228815,-1.44172510504413,0.742817700811292,0.461247710124373,0.68512445797071,"BCLAF3"
"1667",256691,0.0215364645684055,-0.692124862512014,0.165109514170971,0.86955801587274,0.938352162698115,"MAMDC2"
"1668",256714,0.0613008754253006,0.206626056152188,0.388427827039569,0.699433898631236,0.847745199938259,"MAP7D2"
"1669",256949,-0.0708099384429679,-1.16078151236704,-0.228872325117484,0.819950076166791,0.909414798192489,"KANK3"
"1670",257194,-0.301863647562419,-0.271650014328489,-1.85263358653064,0.0701496572695735,0.234886603748351,"NEGR1"
"1671",2572,-0.565828951270481,2.30648939159444,-3.55413718931404,0.00086939559126239,0.0171036863434889,"GAD2"
"1672",257218,0.186892886179839,-1.33473007862035,1.00042978367533,0.322168662030199,0.576181580064144,"SHPRH"
"1673",257364,0.0655808563378073,-1.85248288404211,0.35838076996161,0.721645249836664,0.859088158164748,"SNX33"
"1674",257397,-0.0505789194306585,-3.3178315175033,-0.350177078127908,0.727752877645367,0.86351192015992,"TAB3"
"1675",25764,0.11678117445497,-1.86570046889894,0.852055474530081,0.398456195972735,0.639575599650138,"HYPK"
"1676",25766,-0.227411972425273,-1.09824133787214,-2.13955174996962,0.0375548591173198,0.161535897170364,"PRPF40B"
"1677",25771,-0.0739310708933503,-0.496224255167841,-0.807879003720761,0.42318512321204,0.657930670282548,"TBC1D22A"
"1678",25777,0.21464004338545,0.8564089513837,2.88280767457744,0.00590218746582611,0.0523932656639789,"SUN2"
"1679",25782,-0.0692019804623716,1.50881206509824,-0.972511635147081,0.3357194538691,0.589785466040101,"RAB3GAP2"
"1680",25792,0.152008530878367,-0.758825058193807,1.34678491485403,0.184436364838132,0.414981820885798,"CIZ1"
"1681",25797,-0.160456415160046,3.83930743362582,-0.906986323627648,0.368989415513685,0.618902029603431,"QPCT"
"1682",25800,0.0961338344166829,-2.74506342605358,0.480801396285181,0.632863492335408,0.804247643054811,"SLC39A6"
"1683",25801,0.210723694313686,0.658651170659638,1.93470260846338,0.0589906531137375,0.21271929287416,"GCA"
"1684",258010,-0.217505956410657,0.156922241222341,-0.97348370835224,0.33524135880358,0.589532393273972,"SVIP"
"1685",25802,-0.0769181184124648,-1.19822781488478,-0.303397058102889,0.762911363874557,0.883310001205232,"LMOD1"
"1686",25804,0.232626614710801,0.233296890742293,2.20815334555251,0.0320923079520405,0.146455454430948,"LSM4"
"1687",2581,0.169216874159474,0.897721674585773,0.90225224492569,0.371472534652038,0.620603815376758,"GALC"
"1688",25816,-0.0506575911344953,-1.05486132482618,-0.371482209826694,0.711929270974047,0.853841855179222,"TNFAIP8"
"1689",25819,-0.0643771000258044,-2.58437623404311,-0.292256935798651,0.771362124076996,0.886389643969886,"NOCT"
"1690",2582,0.41454332255827,0.906189379897975,3.449454351014,0.00118731072573826,0.0204229167337951,"GALE"
"1691",25821,-0.167644067909246,-0.831437188335186,-1.96129012229606,0.0557178338093717,0.206145909537025,"MTO1"
"1692",25824,-0.0094318935592872,4.67073665657765,-0.0959000098833671,0.92400318649394,0.965614187263348,"PRDX5"
"1693",25828,-0.160099172196666,-0.739232992799079,-1.66261027202159,0.102972116677703,0.299688407855733,"TXN2"
"1694",25831,0.164710273462237,0.207256258828501,1.85761070642102,0.0694252818521258,0.233778754595275,"HECTD1"
"1695",25837,-0.301664639127961,1.25970781010093,-2.29286467014206,0.0263245318632836,0.13083398913104,"RAB26"
"1696",2584,0.432527952557854,0.646924189887392,2.31882581063475,0.0247520857866292,0.127033025959821,"GALK1"
"1697",25840,0.0182845609747844,2.63702998183091,0.142193818115422,0.887527946746357,0.946758174683549,"TMT1A"
"1698",25842,0.0171288768818929,-2.75030158863838,0.0880684176388311,0.930192309474919,0.96886482191703,"ASF1A"
"1699",25843,0.153536076029441,-0.14760933602901,1.46391603998059,0.149799579679184,0.37090351757597,"MOB4"
"1700",25844,-0.102453636644545,0.796678658264871,-0.885283253794481,0.380460714809079,0.627254329169521,"YIPF3"
"1701",25851,-0.0602471481003929,-0.324620243227851,-0.781894271044081,0.438154477445878,0.668670358668025,"TECPR1"
"1702",25864,0.240097101697141,-1.71796304404998,1.69058071999471,0.0974656056011205,0.288867159430071,"ABHD14A"
"1703",25865,0.468497094204361,-1.67832929115424,3.64674941226388,0.000657531155195454,0.0145177202539198,"PRKD2"
"1704",25870,0.443275532545531,2.45866621130687,3.55878861173193,0.000857352658732378,0.0171036863434889,"SUMF2"
"1705",25871,-0.052214768920997,-1.44338670369505,-0.239249670064348,0.811940662294567,0.905686487303027,"NEPRO"
"1706",25873,0.0223609197777024,3.23918899651847,0.24313255646937,0.808948946297679,0.904363477840615,"RPL36"
"1707",25874,-0.135642276495476,1.53767985795142,-1.43999069185156,0.156424500197189,0.380854257124293,"MPC2"
"1708",25875,-0.460409400721188,1.16278800838942,-4.97517918378659,8.94518891390317e-06,0.00155659504757202,"LETMD1"
"1709",2588,0.201887906267893,0.307027987426584,1.95752662268055,0.0561714119146977,0.20741107422345,"GALNS"
"1710",25880,-0.0864759711779881,-1.3213421810723,-0.542705014810307,0.589868782884291,0.778292044140967,"TMEM186"
"1711",2589,0.125973591529154,-0.0927398706395619,1.29084953110199,0.202999386941035,0.43873599895918,"GALNT1"
"1712",25896,0.0273238326271328,-0.761932167638344,0.305956886763115,0.760973579839263,0.882902445453116,"INTS7"
"1713",2590,0.162214514325757,1.67549144517122,2.14256923563129,0.037298411779267,0.160883802882039,"GALNT2"
"1714",25902,0.00421945574334898,0.466083046757863,0.0575026367951885,0.954385868807784,0.978973931364843,"MTHFD1L"
"1715",2591,0.299922629280287,0.0402920600029205,2.07513288567973,0.0434109080405218,0.177400246874337,"GALNT3"
"1716",25911,0.144680658852406,0.206500202665977,2.00765669445496,0.050383136304651,0.195234653180522,"DPCD"
"1717",25912,0.417599406653848,-1.91180072221477,2.20586107333813,0.0322628357199713,0.146797098331493,"C1orf43"
"1718",25913,0.069902535879673,-4.1972793544592,0.288648918469003,0.774105190651463,0.887783653531628,"POT1"
"1719",25915,0.0117475406789617,0.377713149342228,0.117330346347554,0.90709267783547,0.956655473634728,"NDUFAF3"
"1720",2592,0.0939823295724374,0.266290458038463,1.15343816112309,0.254497934082347,0.506191937588285,"GALT"
"1721",25921,0.0709166037944469,-1.4126110840261,0.624416065165507,0.535340256990233,0.739572022823778,"ZDHHC5"
"1722",259217,-0.131776903457953,-0.133644348100924,-0.844641382975288,0.402542605635758,0.6421607951955,"HSPA12A"
"1723",25926,0.0794774443840097,0.0735949047610506,0.844056687285727,0.402865970458936,0.642450331690556,"NOL11"
"1724",25927,-0.418834462427724,0.30885003732798,-3.39450531843549,0.00139582882291165,0.0226209226592997,"CNRIP1"
"1725",2593,0.111802885387944,1.09251856898849,0.747597769071526,0.458385660407469,0.68323729567291,"GAMT"
"1726",259307,-0.294697122436462,-1.8493699819475,-2.88753024029712,0.00582751706501871,0.0520659384935733,"IL4I1"
"1727",25932,0.149586787797214,0.933281841563604,0.96061395093241,0.341607770668408,0.594833615989415,"CLIC4"
"1728",25934,-0.362472256285252,2.60215259566707,-3.38154286351905,0.00144986770885207,0.0229832176380735,"NIPSNAP3A"
"1729",25938,0.291724957306869,-2.09662437339531,1.40690996737263,0.165959494845205,0.392546966998023,"HEATR5A"
"1730",25939,0.308201722322096,2.05067712873636,2.42194480815777,0.0193033498015708,0.109101253298381,"SAMHD1"
"1731",25940,-0.139599473543121,1.4844298979449,-2.1691764989569,0.035102920083372,0.155120031297147,"FAM98A"
"1732",25945,-0.3050746959172,-1.16506236499224,-2.29549184471929,0.0261614509726244,0.130548460557422,"NECTIN3"
"1733",25948,-0.440339599595144,-3.18756406006721,-2.9616557495708,0.00476487629185084,0.0456981416865319,"KBTBD2"
"1734",25949,0.230109003418719,-2.04033412328009,0.967778133364087,0.338054002615767,0.590992728013551,"SYF2"
"1735",25953,-0.0108764136407022,-2.72210330147755,-0.0676977630193588,0.946310212393813,0.976373814617883,"PNKD"
"1736",25957,0.149858137849703,-2.38799938057745,0.843828524725132,0.40299219888094,0.64248470564447,"PNISR"
"1737",25959,0.13170662700705,0.318604314195184,0.750642189744665,0.456568192714206,0.682018877313165,"KANK2"
"1738",2596,0.106688570595724,-2.73542173438382,0.482359221470588,0.63176479150265,0.803341032542847,"GAP43"
"1739",25962,0.173102059989952,-0.527855830231679,2.29332211398826,0.0262960712068459,0.13079844819094,"VIRMA"
"1740",25966,0.369876041493885,-3.46416045831382,1.42577077206804,0.160469321621728,0.385956385624674,"C2CD2"
"1741",25970,-0.029541184645552,-1.32666252289984,-0.274851049829518,0.784621877799818,0.891855946444575,"SH2B1"
"1742",25973,-0.244237356928641,-0.0308501291480654,-3.10520727925337,0.00320175572833218,0.0357966787987303,"PARS2"
"1743",25977,-0.0730473642776346,1.50974057327443,-0.795695226817914,0.430165189055483,0.663535406995125,"NECAP1"
"1744",25978,0.223017554875417,1.21740125101429,1.5410163968386,0.129944700004166,0.343490272268068,"CHMP2B"
"1745",25979,0.253910727406081,0.186694320387893,2.30880500364744,0.0253488135258841,0.128167146482975,"DHRS7B"
"1746",25980,0.102131850837997,-0.0384935308605491,0.970378706064742,0.336770079418575,0.590429805047476,"AAR2"
"1747",25983,-0.0991971330478505,-1.35837930665766,-1.03093925049474,0.307786861174532,0.560925105074014,"NGDN"
"1748",25984,0.878767397438508,-3.1398965280666,2.72377067462077,0.00900090326714882,0.0659732707412156,"KRT23"
"1749",25989,-0.114847631021726,-1.39521663637054,-0.945869476039215,0.348999059922085,0.602065672033434,"ULK3"
"1750",25994,0.639254794591583,1.24048127339673,4.34792575199028,7.21418591899293e-05,0.00413838067016622,"HIGD1A"
"1751",25998,-0.164437343787216,-2.49150030932355,-0.634399301502344,0.528862022606009,0.734768869029351,"IBTK"
"1752",25999,0.237161526163983,-3.55980367817854,0.951346703691222,0.34624121884938,0.599500310662199,"CLIP3"
"1753",26000,0.166597486717739,-1.59003878152836,2.05922369604416,0.0449743195942833,0.180662548213162,"TBC1D10B"
"1754",26003,-0.209457031464311,2.50073593058381,-2.67509693629227,0.0102143543102246,0.0710030654090128,"GORASP2"
"1755",26009,0.0469400452572541,-2.61891636389472,0.257044071162194,0.798254233380641,0.898530072343732,"ZZZ3"
"1756",26010,0.703198019123465,-0.334122104163565,4.32326070545353,7.81686328873299e-05,0.00432251413209397,"SPATS2L"
"1757",26015,-0.0392734568488577,-0.396659091056563,-0.509012672043585,0.613098266421456,0.79275271946385,"RPAP1"
"1758",26017,0.331069437291276,-2.28815370789085,2.07061945431461,0.0438495619014106,0.178598945554651,"FAM32A"
"1759",26018,-0.00618402816922314,-2.56714381728432,-0.0349948895373002,0.972230370414037,0.986099678516009,"LRIG1"
"1760",26020,0.30335926049153,-1.68621831285581,2.06432998209368,0.0444672634237701,0.179447773106575,"LRP10"
"1761",26024,-0.0935202409449789,-2.20009151810265,-0.959913003779951,0.341956793344052,0.595103713508872,"PTCD1"
"1762",26027,-0.0478447891105804,-2.04177868523852,-0.235927850968502,0.814502335145162,0.907005684528484,"ACOT11"
"1763",260293,0.271995033683559,-2.43450819890449,1.23204334045361,0.223993174699451,0.468280008959546,"CYP4X1"
"1764",26030,0.241067235983059,0.0913250027888537,2.63562106246069,0.0113069273259309,0.0765181035574021,"PLEKHG3"
"1765",26035,-0.231188381634842,0.144034635648916,-2.20734399721996,0.032152426133059,0.146587365404843,"GLCE"
"1766",26036,-0.0946251399926847,-3.33411318693473,-0.577890879610017,0.56606566884677,0.759718872192673,"ZNF451"
"1767",26039,-0.0406934239623515,-2.18770439529232,-0.2809162826495,0.779993849988723,0.890449179095543,"SS18L1"
"1768",260425,0.334922603465157,-3.2544746653342,1.1404919840334,0.259795647702022,0.512082750672772,"MAGI3"
"1769",26049,-0.205074400395051,1.75076608016727,-1.8723075276282,0.0673231785808702,0.229572038960767,"FAM169A"
"1770",26052,-0.0201599806058392,-3.14339883416345,-0.098685137031757,0.921803289604465,0.964381897322687,"DNM3"
"1771",26056,0.192772855240099,-1.24829389209413,1.85594379630632,0.0696671767916591,0.234054258974933,"RAB11FIP5"
"1772",26058,0.167680603308042,0.794485860985832,1.83114298054456,0.0733512947335193,0.239739215694537,"GIGYF2"
"1773",26061,0.177346665893937,-0.32298282372734,1.45305220556651,0.152779892751954,0.375513290672066,"HACL1"
"1774",26063,0.23202333288763,-0.619455651337947,1.27696654843551,0.207817258519902,0.446290797431307,"DECR2"
"1775",26064,0.256823979993733,0.0191877063675694,2.57151561666416,0.0133111483890088,0.085171115976914,"RAI14"
"1776",26065,0.0581912464029776,0.604390841186372,0.371457444589267,0.711947591935288,0.853841855179222,"LSM14A"
"1777",26086,-0.231206777256146,-0.267102818260361,-1.62699667870755,0.110350037640743,0.311698718893458,"GPSM1"
"1778",26093,0.014652345468672,0.0693036004354211,0.110402727762157,0.912554842268081,0.958769670978571,"CCDC9"
"1779",26097,0.127807261791281,1.35827602266139,1.02895723924006,0.308707636280395,0.561831314396618,"CHTOP"
"1780",26099,0.337290770782183,-1.29744895096954,2.1163770282945,0.0395765235171315,0.168111212005642,"SZRD1"
"1781",26100,0.0330349812007309,0.724418426061072,0.303580500238548,0.762772447453003,0.883310001205232,"WIPI2"
"1782",26115,-0.185678203626933,-1.52872069805196,-1.45651683587771,0.151824414099804,0.374152811423706,"TANC2"
"1783",26119,-0.145409707280267,-0.349017936706554,-1.46220473457716,0.150265988737613,0.371458976589394,"LDLRAP1"
"1784",26122,-0.191722173788069,-3.08412893447019,-1.12114919641774,0.267856923824749,0.522435906716336,"EPC2"
"1785",26123,-0.377154469662306,-2.54214300328654,-2.38649804188679,0.0210406715901523,0.115207530972663,"TCTN3"
"1786",26127,-0.0051728711866621,-0.912149850790118,-0.0532436778685849,0.957760911546971,0.980030944798118,"FGFR1OP2"
"1787",26128,-0.0502784320523764,1.38359859849893,-0.738755373198421,0.463688093103,0.686970194416175,"KIFBP"
"1788",26135,0.111948714300475,2.54789209815169,0.74491406078864,0.459991254997856,0.684279051290352,"SERBP1"
"1789",26136,0.337489376430294,1.52034979212836,3.87937502642888,0.000321495977379799,0.00939686813884383,"TES"
"1790",26137,0.272891998236947,-1.00973651259083,3.27787484284571,0.00195944775985567,0.0268463619075711,"ZBTB20"
"1791",26145,0.00681402646077361,-0.392183014497902,0.103523311172527,0.917983223501966,0.962189382830442,"IRF2BP1"
"1792",26156,0.185326803459216,1.09208910541936,2.46550907690475,0.0173458818675706,0.101689611177792,"RSL1D1"
"1793",26160,0.260905844329808,-3.08458329901982,1.39712754908309,0.168863901884753,0.396076718047154,"IFT172"
"1794",2620,0.374220549924994,-0.138515607242079,2.04269039312463,0.0466507427736723,0.185695369095202,"GAS2"
"1795",26205,-0.00427786348340053,-0.790209153309809,-0.0387934930048901,0.969217517971598,0.98550662228973,"GMEB2"
"1796",26207,-0.0561331657949928,1.58535404019948,-0.511975475854572,0.611038886399778,0.791089787960733,"PITPNC1"
"1797",26225,-0.173686573917765,-2.53612512485051,-1.27770291418952,0.207559583741167,0.445922549878642,"ARL5A"
"1798",26227,0.615759201191834,2.49302620948426,1.92147349762958,0.0606795605126003,0.216164331065781,"PHGDH"
"1799",26229,-0.159130838593785,1.03042422503436,-1.38834431279789,0.171505036232859,0.39895638852443,"B3GAT3"
"1800",26232,0.182318256480802,-0.781502667937409,1.97480821165675,0.0541144997201073,0.203947750390445,"FBXO2"
"1801",26235,0.277660538004273,-6.15222949096399,0.850106469696555,0.399527919867824,0.640120692286271,"FBXL4"
"1802",26259,-0.211539436471673,-2.31438188966158,-1.50765321511381,0.138261734763087,0.354361524148404,"FBXW8"
"1803",26263,0.0254033731936945,1.6614219885284,0.305641717386018,0.761212079071015,0.882902445453116,"FBXO22"
"1804",26268,0.19748812401662,-1.42653451433786,1.32962065060014,0.189989480633538,0.42209085597121,"FBXO9"
"1805",2627,0.381292886509154,-1.37571318807299,2.04862829590897,0.0460425152432706,0.184110070725208,"GATA6"
"1806",26270,0.523646434421625,-2.65347328937626,2.79735756240209,0.00741653571793804,0.0595751266483514,"FBXO6"
"1807",26273,-0.0475377796505231,-0.424221316320234,-0.459746775040889,0.647794073578956,0.812888676059332,"FBXO3"
"1808",26275,-0.102563955633066,2.20716094927523,-0.983016202834211,0.330576975819102,0.584581238138188,"HIBCH"
"1809",26277,-0.00928158989454975,-2.47295076095984,-0.0627991581443966,0.950189786447569,0.976373814617883,"TINF2"
"1810",2628,0.380601342701648,4.28239606730804,0.89967852059831,0.372826982371242,0.621682156423441,"GATM"
"1811",26284,0.080054599807756,-0.960623682246211,0.620860120765986,0.537657678592623,0.741360208498475,"ERAL1"
"1812",26286,-0.0527495892964462,1.38823723623053,-0.643431206577693,0.523036784036297,0.730954699356063,"ARFGAP3"
"1813",2629,0.0681574041121911,2.325414670716,0.555979812081294,0.58083261234871,0.771010072360809,"GBA1"
"1814",26297,0.145121633416683,-2.93642632544921,0.738036814883972,0.464120527499075,0.687207001713023,"SERGEF"
"1815",2631,-0.33594849745243,3.64889299822714,-3.45666095530366,0.00116227389392348,0.0202671510252907,"NIPSNAP2"
"1816",2633,0.733790071632372,-0.602310303024863,3.94373008208038,0.000262889472626079,0.0085376485871898,"GBP1"
"1817",26353,-0.703208400273325,-0.847837557388927,-2.46349136103426,0.0174324217358581,0.102099431884253,"HSPB8"
"1818",26354,0.0495043903068744,0.304774768607679,0.491595353291324,0.625268037337757,0.797733363786979,"GNL3"
"1819",26355,0.081245650723252,1.50802435144247,0.650186473809035,0.5187022094626,0.728333457884959,"FAM162A"
"1820",2638,0.125203120215571,3.00926477251798,0.497856047508135,0.620881200936379,0.796274302412765,"GC"
"1821",2639,-0.448203584179514,2.05479178761076,-5.06151090565604,6.6711986844027e-06,0.00132089733951174,"GCDH"
"1822",2641,1.00368576830348,5.26365612818592,3.28204690073937,0.00193601491052213,0.02676418254218,"GCG"
"1823",2643,0.169353948302718,1.24660097600453,0.801522361843667,0.426818262967482,0.660400932214369,"GCH1"
"1824",2644,0.561442577802597,-0.780869763924099,3.37996558233236,0.00145657733157553,0.0229832176380735,"GCHFR"
"1825",2645,-0.530228057792857,-1.118968257305,-3.9562557806763,0.000252751038062469,0.00834078425606148,"GCK"
"1826",2647,0.0387505204111212,0.0886546678716204,0.370260164095689,0.712833527057858,0.854398006069348,"BLOC1S1"
"1827",26470,-0.33464412606476,0.0624648839785009,-2.94859443362849,0.00493792517460324,0.0468524178231016,"SEZ6L2"
"1828",26472,0.598997784512106,-1.44365375727959,2.86908044092323,0.00612431499587565,0.0534723263793524,"PPP1R14B"
"1829",2650,-0.120292867574624,-0.561963956683255,-0.835852234473723,0.407420349298618,0.646990130615866,"GCNT1"
"1830",26503,-0.181692763407663,-0.234628475238294,-1.23800324366423,0.221795167592605,0.464634381803211,"SLC17A5"
"1831",26504,0.227316775278238,-2.41142532264521,1.64059520359534,0.10748354600009,0.307711756226003,"CNNM4"
"1832",26509,0.649527391538245,0.769126882827895,3.52840625260956,0.000938992491022255,0.0177880714118452,"MYOF"
"1833",26517,0.276584853403148,-1.08711390357831,1.35831196602654,0.180777190960615,0.410814660539153,"TIMM13"
"1834",26519,0.158998613869981,0.449995842584443,0.921304788978556,0.361544112468146,0.612519393411395,"TIMM10"
"1835",26520,0.274743229288684,-0.910210340693483,1.32587161217484,0.19121914127626,0.423261981320793,"TIMM9"
"1836",26521,-0.040925613408898,-3.22574537199347,-0.191430406616434,0.849003824424117,0.927422223583419,"TIMM8B"
"1837",26528,0.17773580658237,0.737786281491262,1.81202338289294,0.0763025257045374,0.244950262957349,"DAZAP1"
"1838",2653,-0.149307390929878,-1.73654207976246,-0.85028351131788,0.39943049393491,0.640120692286271,"GCSH"
"1839",26574,-0.134329376620786,-1.65062172318706,-1.01454871836054,0.3154578014071,0.569106208640841,"AATF"
"1840",26578,0.241078326673969,0.118882189074045,2.22324948469007,0.0309890460782435,0.143881062653751,"OSTF1"
"1841",26580,0.112999346645866,0.367769699362432,0.973369006175916,0.335297749253737,0.589532393273972,"BSCL2"
"1842",26589,-0.268803470572771,0.881988331918772,-3.86547471472547,0.000335718340709564,0.00971999610978916,"MRPL46"
"1843",26608,0.154489844863211,1.14926708239107,1.14967234074499,0.256030889590255,0.508252781469917,"TBL2"
"1844",26610,-0.141622820392738,-0.301713305805358,-1.37047046579422,0.176978116413195,0.406257053496163,"ELP4"
"1845",2664,-0.197780229254751,4.10504005000715,-2.16209144502683,0.0356761382882294,0.156833549096209,"GDI1"
"1846",266812,-0.3434550442287,-0.952547112280884,-2.36492337922707,0.0221656965819102,0.118513105940562,"NAP1L5"
"1847",267,0.0419373748876144,-0.557308837615276,0.363362019153488,0.717945608043014,0.857001072406281,"AMFR"
"1848",2671,0.0992940465872725,-1.85446087487203,0.905345377856161,0.369848915703061,0.618902029603431,"GFER"
"1849",2673,-0.126387340184793,3.79432251993778,-1.44432573252179,0.155207405437343,0.379287767346156,"GFPT1"
"1850",26751,0.40441698363987,-2.66404120248371,1.39677052252647,0.168970642991422,0.396076718047154,"SH3YL1"
"1851",2677,0.208171615755751,-0.271049181456778,2.1788791921399,0.0343310871089112,0.153589076293365,"GGCX"
"1852",2678,0.814390355379579,0.277091352233576,2.63991608120024,0.0111830650610809,0.0759310324611887,"GGT1"
"1853",2686,-0.154529080363597,0.192129413912969,-1.49686331006737,0.14104034796446,0.358415914745818,"GGT7"
"1854",2687,-0.0443530409197062,0.607322726461102,-0.132573551930227,0.895090309022074,0.950645781156526,"GGT5"
"1855",26873,0.44238958928048,-0.165373705654056,3.42776554478203,0.00126579883519741,0.0212862280834019,"OPLAH"
"1856",26953,-0.212066014935986,1.03541728605239,-2.04379113658556,0.0465374681285489,0.185364684862448,"RANBP6"
"1857",26960,-0.369031152307432,1.03671735100378,-3.61430600715227,0.000725391613181837,0.0155137760338332,"NBEA"
"1858",26973,-0.0857481608335509,1.21806681770734,-1.01802128528211,0.313821876828177,0.566874243664318,"CHORDC1"
"1859",26984,-0.125756813147659,-0.929856618148999,-1.08766561069165,0.282227514249129,0.536984650483929,"SEC22A"
"1860",26993,-0.0785267955494535,-0.627872622994054,-1.15300075979655,0.254675648493419,0.506381318578751,"AKAP8L"
"1861",26994,0.00356777849307699,-0.942197418316619,0.031961443419443,0.97463663611707,0.987344392224225,"RNF11"
"1862",26995,-0.134823603462633,-1.94700471792258,-1.04033687149482,0.303446588974629,0.557150811584288,"TRUB2"
"1863",26999,-0.185781960371256,0.48922924348937,-1.8963388206582,0.0640024375921681,0.22232425689911,"CYFIP2"
"1864",27,0.133045970665972,-2.68203633723695,0.988953567535763,0.327693742401778,0.5818293870009,"ABL2"
"1865",27010,-0.0511880944501674,0.0052548789745968,-0.44268981366733,0.659998263354125,0.821384700013711,"TPK1"
"1866",27020,0.101828634489177,1.59040861377496,1.30341303385991,0.198712204962638,0.433005118931539,"NPTN"
"1867",27032,-0.0384718510881296,0.64800004701281,-0.517343425904117,0.607315824583566,0.788609737401607,"ATP2C1"
"1868",27034,-0.245298968962963,0.952983463022553,-3.60346597053547,0.000749524913765485,0.0155512741818017,"ACAD8"
"1869",27037,-0.184218488626055,-1.4104729192394,-1.41535065057806,0.163484738207983,0.389243337129789,"TRMT2A"
"1870",27042,0.0878868480314763,-1.36713613204199,0.695129948962169,0.490358400849999,0.706862344860802,"UTP25"
"1871",27067,-0.0527518865157094,-0.41609297809759,-0.487567500894598,0.628097603023037,0.799761232718682,"STAU2"
"1872",27069,-0.347531695563249,2.93185618722422,-3.86064998015902,0.000340795345979523,0.00982066588555077,"GHITM"
"1873",27072,-0.169693569653467,-0.669456826381821,-2.18506484597383,0.0338468733642184,0.151754644784202,"VPS41"
"1874",27077,0.117295582787715,-0.622383528293453,0.827376079351917,0.412158672092117,0.649610107616916,"B9D1"
"1875",27079,0.270569452056083,-1.982453404065,1.90141392937624,0.0633192705842355,0.221156488619607,"RPUSD2"
"1876",27086,0.468990921820606,-2.70533850026163,2.90733136899995,0.00552389786979799,0.0503799184618426,"FOXP1"
"1877",27089,0.0799616582861915,1.95836090862757,0.88179664428327,0.382324450604117,0.628470133317641,"UQCRQ"
"1878",27090,-0.266092800260136,-3.29808545544278,-1.51557872883008,0.136248618812393,0.351894218804949,"ST6GALNAC4"
"1879",271,-0.421611755208038,3.48220022403887,-3.59803111759762,0.000761912197508257,0.0157461854151706,"AMPD2"
"1880",27101,0.124551752954996,1.48711691796157,1.36269548870253,0.179400363974604,0.409766576924864,"CACYBP"
"1881",27109,-0.23444921342167,-0.145022995144553,-2.13176031543563,0.0382242013739902,0.163726551314412,"DMAC2L"
"1882",27125,-0.0350186065975011,-2.0657046444333,-0.32718832021556,0.744962107065961,0.872629277322685,"AFF4"
"1883",27134,1.05032625724079,-1.86578595347208,3.78361973000316,0.000432609951830949,0.0114455167428378,"TJP3"
"1884",27146,0.0699063253587342,-3.87932739127079,0.278269381541589,0.78201256863041,0.89090044723476,"FAM184B"
"1885",27161,-0.0438307060766903,1.38825509495598,-0.790050492595307,0.433422295103805,0.665026769095723,"AGO2"
"1886",27163,0.11203466556503,0.703966050606504,0.86211840987178,0.392951237782867,0.63721389191723,"NAAA"
"1887",27165,-0.539844382222284,-2.07846906371039,-3.05133463659381,0.00372128457973438,0.039449472798635,"GLS2"
"1888",2717,0.18558447010912,-0.444141497307628,2.72736507286912,0.0089167797402292,0.0657345362466543,"GLA"
"1889",272,-0.0504463561417269,1.17809658564772,-0.520042624143443,0.605447691224895,0.787370285830055,"AMPD3"
"1890",2720,0.160039989413542,1.76401167452424,1.56293983243522,0.12470103747541,0.335783183094895,"GLB1"
"1891",27232,0.275533042087464,0.450552790039108,0.566411057386067,0.57377928781268,0.764955966245489,"GNMT"
"1892",27238,0.161962156340731,-0.664596283391748,1.48124074652959,0.145141732326726,0.364517165720722,"GPKOW"
"1893",27241,-0.305502637719283,-2.12327832134167,-2.07503062065539,0.0434208045276908,0.177400246874337,"BBS9"
"1894",27242,0.372354268620512,-3.43941325083978,1.94192234281679,0.0580860357079746,0.210965732056537,"TNFRSF21"
"1895",27243,0.128652879106597,2.00643958687865,1.39694037303682,0.168919855855804,0.396076718047154,"CHMP2A"
"1896",27244,0.538236743535816,-1.61035469433637,3.05449445434462,0.00368874944668544,0.0393468822241782,"SESN1"
"1897",27246,-0.128200429666516,-3.4605287777556,-0.699623602147602,0.48757243854536,0.70533104590889,"RNF115"
"1898",27247,-0.403819651101394,0.935944327943728,-3.2932988533203,0.00187413307187271,0.0266283073961914,"NFU1"
"1899",27248,-0.18753656150992,0.598778472083997,-2.16487874042582,0.0354496557196059,0.156202431304337,"ERLEC1"
"1900",27250,0.362776358839051,1.60048743529783,2.10428087178235,0.0406691224386449,0.171447165884892,"PDCD4"
"1901",27253,-0.076792606530419,-3.95516693437607,-0.296181326433456,0.768381874850314,0.88619618676494,"PCDH17"
"1902",27257,0.363307831606964,-3.82955700536871,1.17695803933762,0.245072669646627,0.495146822347267,"LSM1"
"1903",27258,0.198336793137057,1.63272778193894,1.0548749595583,0.296815234418312,0.550408431679636,"LSM3"
"1904",27291,0.101414003871968,-1.39038865436512,0.578045708312734,0.56596198695553,0.759718872192673,"R3HCC1L"
"1905",27292,0.0983324413020239,-0.947745896673153,1.12119447700164,0.267837847836542,0.522435906716336,"DIMT1"
"1906",27293,0.593047419566693,0.496131992550211,3.7485675886596,0.000481882614264714,0.012171997886242,"SMPDL3B"
"1907",27295,0.982009341842976,-1.49318100924874,4.38133443234173,6.46964005212429e-05,0.00389920920141977,"PDLIM3"
"1908",273,-0.594451172690364,0.629206227847397,-3.97042367701258,0.000241739036928686,0.00815271543224326,"AMPH"
"1909",2730,0.0861154658280516,2.35655647523692,0.944310123184709,0.349786835884569,0.602065672033434,"GCLM"
"1910",27309,0.369125772232199,-5.50175930868319,1.24500124514502,0.219234709053969,0.461317327450552,"ZNF330"
"1911",27314,-0.0782954432071028,-1.48618613257358,-0.500029912288833,0.619361221804799,0.796274302412765,"RAB30"
"1912",27316,0.133331073297952,4.30717519681366,1.79003862849028,0.0798188719258574,0.252015423815427,"RBMX"
"1913",27324,0.177777859477179,-2.39739789741272,0.878788039605575,0.383937307233741,0.629821661315326,"TOX3"
"1914",27333,-0.145030559774911,0.0889810298770002,-1.46636360604547,0.149134486993976,0.370417947144502,"GOLIM4"
"1915",27335,0.0587234252813551,1.37576704233378,0.520756377296957,0.604954142198547,0.787370285830055,"EIF3K"
"1916",27336,0.328320042021603,1.66475635161401,3.61178533579306,0.000730936077301913,0.0155512741818017,"HTATSF1"
"1917",27338,-0.279120415003783,-3.37656455584337,-1.26114581205501,0.213411325595101,0.453415962790838,"UBE2S"
"1918",2734,-0.122577445648087,1.85876134942894,-1.14479806736705,0.25802487593992,0.509899976340652,"GLG1"
"1919",27341,0.0491399456085331,-2.6561245859516,0.328305419030576,0.7441227280015,0.872611112413469,"RRP7A"
"1920",27344,-0.0759252742747951,3.12209482981077,-0.278848471814248,0.781570782377215,0.89090044723476,"PCSK1N"
"1921",27346,0.420840327464566,1.77662654590027,1.17257863534098,0.246808245124579,0.496747710169874,"TMEM97"
"1922",27348,0.271098715245588,0.33013876351963,3.69852473954395,0.000561677884700783,0.0132226980200379,"TOR1B"
"1923",27351,-0.107612294790146,-1.46516745850219,-0.712346101423803,0.479732801209599,0.699616032411451,"DESI1"
"1924",27352,-0.0927837423071634,0.0930892470358031,-1.13838931727935,0.260663465633855,0.5132987975812,"SGSM3"
"1925",274,-0.194394377167272,0.618190205117505,-2.23573212778161,0.0301022903719264,0.140830288629539,"BIN1"
"1926",27430,0.229640204832596,1.93158614677376,2.77219208544199,0.00792678663295227,0.061311856294036,"MAT2B"
"1927",27436,0.184044151456765,2.10685687976912,1.53747020855224,0.13080924276209,0.344595335653951,"EML4"
"1928",2744,0.26567201687228,3.06100940839128,2.31610234914527,0.0249130101032108,0.127642784652344,"GLS"
"1929",27445,-0.260884649604495,4.67513073229801,-2.7081071758397,0.00937609489793297,0.0676268748337398,"PCLO"
"1930",2745,0.746860114860438,-0.00557459540119151,3.53733570895184,0.000914257678507473,0.0175320177866165,"GLRX"
"1931",2747,0.231228822868395,-2.83317090877922,1.17991303745689,0.243906594761279,0.494255093643028,"GLUD2"
"1932",275,-0.0551155361615807,0.0115235737030142,-0.595575224859466,0.554284470790272,0.752199443225888,"AMT"
"1933",2752,0.581229393855978,1.1409043246891,3.13840109705589,0.00291644504944957,0.0335240590014389,"GLUL"
"1934",2760,0.141554959094989,1.00005706750216,1.06481794337044,0.29233786887434,0.547063975350824,"GM2A"
"1935",2762,0.284909529179627,1.54707443711294,2.78830689482196,0.00759644061078662,0.0601638096374301,"GMDS"
"1936",2764,0.0535773967854309,1.51453335416957,0.643220215576488,0.523172476592427,0.730954699356063,"GMFB"
"1937",2766,0.00674170772339644,-1.4201797775075,0.0456403792823225,0.963788102711369,0.982776740904122,"GMPR"
"1938",2768,-0.25331317796608,-1.6735838555159,-2.09558044881161,0.0414712224135384,0.173517629975664,"GNA12"
"1939",2770,-0.0907269053759638,1.47456285782793,-1.02442682089288,0.310819365721066,0.564072833985945,"GNAI1"
"1940",2771,-0.11192344992745,2.1444090506879,-1.21110098630721,0.231844088667381,0.477394426720045,"GNAI2"
"1941",2773,0.0341220255649586,1.61394483930048,0.362799598059039,0.718362986219334,0.857101175153713,"GNAI3"
"1942",2775,-0.215645579902007,3.61041096850259,-2.07776812039515,0.043156565820521,0.176950568474521,"GNAO1"
"1943",2778,-0.378859662254388,2.25805521333614,-2.53904335444414,0.0144455013728816,0.0897434083266674,"GNAS"
"1944",2781,-0.15994023466803,1.33033418458321,-1.39330401048135,0.1700097515667,0.397228722922119,"GNAZ"
"1945",2782,0.0374202786962679,4.79711188086613,0.469739292433961,0.640689297325634,0.809695218479097,"GNB1"
"1946",2783,0.218287385109529,1.34082792420521,2.23726776714942,0.0299947688012829,0.140540374734561,"GNB2"
"1947",2786,0.15617545111907,-2.81998290454989,0.650858389315796,0.518272118544489,0.728286232515127,"GNG4"
"1948",2787,-0.0493219822555591,-0.16260175053999,-0.287118503071077,0.775269601121318,0.887783653531628,"GNG5"
"1949",2788,-0.317931126429947,0.133485952575326,-1.55688480221212,0.126131980368172,0.337047494775725,"GNG7"
"1950",279,-1.59075741286019,0.987378605758373,-2.27341585321676,0.027560257725294,0.133355277848381,"AMY2A"
"1951",2799,0.0343962469461907,2.40658736447128,0.256310572213371,0.798817168319543,0.898834056671926,"GNS"
"1952",280,-0.207399487488734,-3.87212939558142,-0.75417281300473,0.454465713249893,0.680036701103813,"AMY2B"
"1953",2800,0.124803437143963,-0.692675821691434,1.36702012703579,0.178049928481126,0.40809203174651,"GOLGA1"
"1954",280636,0.054043108189723,1.32814510298381,0.360172535649984,0.720313701598753,0.858835567290821,"SELENOH"
"1955",2810,0.663865504542208,-0.784278440135163,1.32566073271397,0.191288487485155,0.423261981320793,"SFN"
"1956",2813,0.0447347003698313,0.816009733215407,0.104634016055878,0.917106519105376,0.961761657325392,"GP2"
"1957",2819,-0.644997241798198,3.90851683956219,-4.20871467936357,0.000113220187281694,0.00547201188610265,"GPD1"
"1958",2820,-0.281194663128738,3.09895219165201,-3.23505408168385,0.0022159895429619,0.0285460545087728,"GPD2"
"1959",2823,-0.102547916156218,-1.60366367242939,-0.762806706469665,0.449348031163766,0.676688079255194,"GPM6A"
"1960",282974,-0.188508955458808,-0.766068940304713,-1.46413237719856,0.149740699095539,0.37090351757597,"STK32C"
"1961",282991,-0.433808212874934,-0.200203303069105,-2.0840344345145,0.0425569784943763,0.175446834484172,"BLOC1S2"
"1962",283,-0.073209298457012,-0.456697001508649,-0.253959497987927,0.800622261960242,0.899549203666999,"ANG"
"1963",283149,0.169012335906512,-1.90640805709424,0.948552414981603,0.347646378182088,0.601554236474214,"BCL9L"
"1964",283209,0.340654418500017,0.955437031796267,2.45131374478491,0.0179630613422962,0.104212921095477,"PGM2L1"
"1965",283219,-0.0980922705267616,-0.529114740355516,-1.05610519997067,0.296258700434247,0.550041108065761,"KCTD21"
"1966",283237,0.241018591427733,-0.332384283122835,2.06887215558473,0.0440204132814075,0.179008622488426,"TTC9C"
"1967",283358,0.166001003190361,-1.3996922720365,1.33777363663582,0.187336113259622,0.418655627412928,"B4GALNT3"
"1968",283377,-0.291260272864305,2.02093688727324,-2.89371249984529,0.00573109435432628,0.05178700322323,"SPRYD4"
"1969",283459,0.0639828939383806,-1.95329821198777,0.343417245968247,0.732799019353496,0.865605472490646,"GATC"
"1970",283464,-0.0412951208808718,-2.02707024692219,-0.333223005211852,0.740431434216495,0.870812060398706,"GXYLT1"
"1971",283489,0.0853776418752972,-1.01500374601349,0.847689658332868,0.400859364736429,0.641584036702008,"CHAMP1"
"1972",283578,-0.0307770331629167,0.875202891989902,-0.298290325072449,0.766781720159396,0.885667253387708,"TMED8"
"1973",283635,-0.223332315315261,-0.396903413816894,-1.75506804508399,0.0856916371729249,0.263770498374446,"FAM177A1"
"1974",283638,0.016997305580899,-0.996725615058999,0.190164711760946,0.849989914886138,0.928334181062476,"CEP170B"
"1975",283820,0.00522483002180341,2.76330375329537,0.072910545803505,0.942183261738734,0.974738051669029,"NOMO2"
"1976",283899,0.24917019927756,-2.10397929741345,1.37044960564821,0.176984581467699,0.406257053496163,"INO80E"
"1977",283927,-0.305944149391034,-3.81250641469782,-1.20495496566361,0.234185949750205,0.480373537996318,"NUDT7"
"1978",283989,0.0521194360347725,-2.45366666232666,0.373898298806074,0.710142710108085,0.853286385397442,"TSEN54"
"1979",284004,-0.422470901578692,-1.58006251433387,-3.23314457457451,0.00222813865980527,0.028551806041513,"HEXD"
"1980",284098,-0.466513364612576,-0.222814252213687,-3.32125891370949,0.00172837722322435,0.0254632291627887,"PIGW"
"1981",284106,0.458072962485158,-1.28452610623895,3.20198709363035,0.00243548960075092,0.0299658200680702,"CISD3"
"1982",284110,0.0488966340204259,-0.284374003381049,0.215442480185491,0.830344177316041,0.916244823481941,"GSDMA"
"1983",284114,0.0906601790942951,-1.98846256361974,0.69186522912671,0.492387979548484,0.70845696635457,"TMEM102"
"1984",284119,-0.241377876394522,1.63099264076577,-1.21107791151128,0.231852848819233,0.477394426720045,"CAVIN1"
"1985",284129,-0.0765909300288976,-0.818457570221536,-0.871291145333421,0.387974909536163,0.632843474550351,"SLC26A11"
"1986",284161,-0.164164048556164,-0.224054758252421,-1.84607986727582,0.0711132438955924,0.236709919214288,"GDPD1"
"1987",284273,-0.0620681935408515,0.277392037777227,-0.723080364900775,0.473173868909552,0.694043513262385,"PTGR3"
"1988",284352,-0.227787739655969,-1.4289958366611,-2.01317984875931,0.0497780910027153,0.194020743391481,"PPP1R37"
"1989",284361,-0.0069236700228325,-0.0915438312153319,-0.0588308771383348,0.953333464847938,0.978685533908119,"EMC10"
"1990",284439,-0.176654765898292,-0.890363967620444,-1.17809470334241,0.244623652715073,0.495069486513156,"SLC25A42"
"1991",284695,0.0851673471744703,1.29405052010287,1.08797523563726,0.282092202156956,0.536984650483929,"ZNF326"
"1992",28511,0.0716573913073015,-0.872748622589463,0.697612178579419,0.488818384254533,0.706134912345099,"NKIRAS2"
"1993",28512,-0.182098433255804,-1.02195035088111,-1.11281954601902,0.271382473082233,0.526317660135454,"NKIRAS1"
"1994",285148,0.0770193158817076,1.50876954581895,0.7641918653275,0.44853013792919,0.67651084784607,"IAH1"
"1995",285172,-0.352054444579592,-1.62441210469828,-2.87632425850211,0.0060061488934942,0.0528162491522456,"HYCC2"
"1996",285203,0.240942290487617,-0.542674569580097,1.89655544144198,0.0639731501983153,0.22232425689911,"EOGT"
"1997",285237,0.0675091375557315,-2.46347697811148,0.494894112603966,0.622954893136223,0.796437645088552,"C3orf38"
"1998",285315,0.0113750549035617,-0.930109046125334,0.0857538867285908,0.932022280604626,0.969487356637592,"C3orf33"
"1999",285362,0.171179198692296,-1.23317955011214,1.18662075196583,0.241274591821721,0.490866239510017,"SUMF1"
"2000",285367,0.0492024356296863,-2.34758561612198,0.272015775078668,0.786788021340886,0.892167905965335,"RPUSD3"
"2001",285440,0.130350082826681,0.235860532571374,0.917708956685526,0.363404673905201,0.614653592843793,"CYP4V2"
"2002",285513,-0.269308603381472,-0.0828369074320768,-2.15610514462801,0.0361668653203708,0.158226813497103,"GPRIN3"
"2003",285521,-0.0903394894820175,-1.24645026973347,-0.806001240952928,0.424256410307209,0.658931323556173,"COX18"
"2004",285590,0.411895611174944,0.00950666679662206,3.960700865179,0.000249244880317446,0.00826954094804587,"SH3PXD2B"
"2005",285598,-0.179121471418227,-0.19812306852206,-1.17874362392127,0.24436757662579,0.494896049710115,"ARL10"
"2006",285605,-0.143690139078738,-1.16881707029276,-1.16186388600246,0.251091956323042,0.501204041597018,"DTWD2"
"2007",285636,0.277589791768779,-1.9857535719752,1.67669981708815,0.100167210889554,0.293766559106276,"RIMOC1"
"2008",285855,0.0738430439403344,-0.325752737955902,0.788551501480743,0.434289704942215,0.665419423099181,"RPL7L1"
"2009",285966,-0.946387152045368,1.62891378956874,-5.45218284980988,1.74527465158845e-06,0.000630146812438231,"TCAF2"
"2010",286,-0.224916452346526,-2.82103431495081,-1.02427021677717,0.310892537858334,0.564072833985945,"ANK1"
"2011",286077,0.516870218968177,-1.59925204685211,2.13344648185504,0.0380784662832408,0.163558870571401,"FAM83H"
"2012",286097,-0.11990604406505,-2.39662607362771,-0.778057066323475,0.440391360477903,0.670045753754189,"MICU3"
"2013",286144,-0.0749344860166152,0.992644578725237,-0.426294099270724,0.671818033196276,0.828578034482422,"TRIQK"
"2014",286148,-0.363468896326987,-1.87988647757896,-1.74784100745467,0.0869492039193055,0.266314477872603,"DPY19L4"
"2015",286205,-0.295595137593924,-0.57193838881499,-2.93558794020253,0.00511605984864758,0.0477966139284609,"SCAI"
"2016",286262,0.907024356392147,-1.66265662562014,4.28360635027995,8.89010222682004e-05,0.00473842884984715,"TPRN"
"2017",2863,0.404973417895098,-3.34949701687777,1.61049571472383,0.113911689453074,0.317726999501241,"GPR39"
"2018",286319,0.00522988975941008,-3.3382338783343,0.0269968755894214,0.978575257904936,0.989374886018859,"TUSC1"
"2019",286887,0.100847545346553,1.8333512391342,0.274467771643615,0.78491460128602,0.891855946444575,"KRT6C"
"2020",287,0.079397760506605,-1.59890925918986,0.654901733545688,0.515688009246149,0.725984633200198,"ANK2"
"2021",2874,-0.148972090596873,-1.43053979076024,-1.05266719306673,0.297815788040018,0.551472392389637,"GPS2"
"2022",2875,0.129367189015491,-2.82124881313655,0.446582344178669,0.657204785792492,0.81907065486179,"GPT"
"2023",2877,0.466568558290905,-1.173473854672,2.68174776740915,0.0100401191655686,0.0701996977820072,"GPX2"
"2024",2878,0.0852473772552754,0.939314738986279,0.430134454654812,0.669041838534838,0.826878966338822,"GPX3"
"2025",2879,-0.127294920053427,1.432770895188,-1.27566927564852,0.208271792407137,0.446558186365746,"GPX4"
"2026",288,0.386754540002638,0.357880860298184,2.42121891220379,0.0193375900919193,0.109194229976266,"ANK3"
"2027",2882,-0.0107596879053564,-1.69750109534503,-0.0668298710599127,0.946997468365678,0.976373814617883,"GPX7"
"2028",2887,0.251790300200992,-0.84707811073624,2.30526309565276,0.0255627825543484,0.128689469903151,"GRB10"
"2029",2888,0.565976444153488,-1.86811181480906,1.86256103617475,0.0687111017417754,0.232112681613108,"GRB14"
"2030",2889,0.035014886938421,-1.85445146784521,0.311298797114509,0.756934759526589,0.880270093591172,"RAPGEF1"
"2031",2891,-0.204025336681181,-2.25445376805412,-1.42410346461893,0.160948878348341,0.386337651395647,"GRIA2"
"2032",2893,-0.057660585205999,-2.71610179959839,-0.338783634980146,0.736264872693464,0.867740742817297,"GRIA4"
"2033",28956,0.213880454712359,-0.447447076784546,1.44305980513984,0.155562054654653,0.379658008536883,"LAMTOR2"
"2034",28957,-0.129525869165055,1.38631309443476,-1.47641016945297,0.146428806792584,0.366251025302723,"MRPS28"
"2035",28958,-0.0918270945289004,0.891026550440242,-0.467667720046542,0.642159445276651,0.809857134807496,"COA3"
"2036",28959,0.33138463436309,0.0369211983690001,2.29743171610507,0.0260416129661064,0.130337185239937,"TMEM176B"
"2037",2896,0.180295521194627,0.992223928043202,1.4687724220378,0.148482196833211,0.369858547678018,"GRN"
"2038",28960,0.0448563286601993,2.86379476152986,0.562252831386852,0.57658594515412,0.767198034111422,"DCPS"
"2039",28965,-0.361589909522294,-1.33680210995471,-1.95259728103767,0.0567702928774145,0.20853145283158,"SLC27A6"
"2040",28969,-0.0173670123759453,1.31349796345608,-0.219337744197512,0.827326173042413,0.914319058360521,"BZW2"
"2041",28970,0.343869016415894,1.72382254524093,2.08405010085337,0.0425554886267792,0.175446834484172,"C11orf54"
"2042",28971,0.67258751105768,-0.0653240209430097,3.27096081088303,0.00199887355823485,0.0271273614697133,"AAMDC"
"2043",28972,0.105702705531406,0.845087036155216,0.705124469059266,0.484174060632028,0.703232461940225,"SPCS1"
"2044",28973,-0.082994724069062,-0.00897188329290795,-0.872604524964807,0.387265640089984,0.63250201386441,"MRPS18B"
"2045",28974,0.441385197238243,-0.773254515383322,1.95915194458812,0.0559751399279863,0.20684853032991,"C19orf53"
"2046",28976,-0.115753187137285,2.33397806988269,-1.70302193260054,0.0950955371716681,0.283347770465873,"ACAD9"
"2047",28977,-0.0766584168987825,-2.15306197491794,-0.460885454365729,0.646982772189793,0.812268409838607,"MRPL42"
"2048",28981,0.00537865723592845,0.233760337000698,0.0624935701400048,0.950431845961702,0.976373814617883,"IFT81"
"2049",28982,-0.0699798067032731,-1.3294996988289,-0.505246056533159,0.615720913555495,0.794529883368491,"FLVCR1"
"2050",28987,0.136680657474969,-0.103295107389633,1.74390988677153,0.0876396827773626,0.267451648163705,"NOB1"
"2051",28989,0.148294900108651,0.738140216507046,1.96394056875607,0.0554002934449632,0.205705968023266,"NTMT1"
"2052",28991,0.033284405870014,0.0785792030091369,0.301007370614043,0.76472173638544,0.884632871830726,"COMMD5"
"2053",28992,0.139400232525192,0.553703632676849,1.56312051004098,0.124658540708505,0.335783183094895,"MACROD1"
"2054",28998,-0.149176357018132,0.37869206555217,-1.71955002035509,0.0920207853917108,0.27673864808149,"MRPL13"
"2055",29,-0.189867090889974,0.885857892192824,-2.43877067929436,0.0185248448006774,0.106458517944893,"ABR"
"2056",290,0.905311173044456,1.20422204415087,3.05933798667745,0.00363939536195871,0.0391219067105124,"ANPEP"
"2057",29058,0.114728069205453,0.915778238282491,0.730707498182505,0.46854458148173,0.689836085664394,"TMEM230"
"2058",29066,-0.00179114836932892,-1.22011309489065,-0.0163752452855024,0.987003573473177,0.995109713202753,"ZC3H7A"
"2059",29071,-0.0831320005061562,0.224236991998253,-0.98354265006427,0.330320646342878,0.584464723912536,"C1GALT1C1"
"2060",29072,0.445783782260614,-2.81861688024554,2.57081110497854,0.0133348716933552,0.085171115976914,"SETD2"
"2061",29074,-0.163135661979862,0.0456957476266908,-1.97384940911907,0.0542268967968582,0.203948953761713,"MRPL18"
"2062",29078,-0.0539450419382724,0.507836214464518,-0.609131596502543,0.545337875815546,0.747328395122979,"NDUFAF4"
"2063",29079,-0.116246859298719,-1.62826870926704,-0.646056595263964,0.521349904308457,0.730270587093863,"MED4"
"2064",2908,-0.0069624704621587,-1.197099843606,-0.063459724744135,0.949666560842353,0.976373814617883,"NR3C1"
"2065",29080,-0.0454431485561781,-0.957235915278816,-0.36425246943946,0.717284973837441,0.856899394884365,"CCDC59"
"2066",29081,0.092603443360844,-2.60915185116659,0.492099206803205,0.62491447973409,0.797488216995158,"METTL5"
"2067",29082,0.266433941028587,-1.10201193164331,1.89948207665005,0.0635785834769653,0.221730309875916,"CHMP4A"
"2068",29083,-0.0350961040375433,-2.21478262962734,-0.223762558920507,0.823901070951811,0.912670054773906,"GTPBP8"
"2069",29085,0.281022815302572,0.548825135513207,2.46244696061084,0.0174773693128585,0.102265102804886,"PHPT1"
"2070",29086,0.233656545885458,0.582715979609248,3.09702269065822,0.00327603232731538,0.0361659827788882,"BABAM1"
"2071",29088,-0.215447218872569,1.05486752900406,-3.15653430033066,0.00277087073572038,0.0323954372873365,"MRPL15"
"2072",29090,-0.00698537224030038,-0.949223734160343,-0.0872996109450213,0.930800120513772,0.969069072539765,"TIMM21"
"2073",29091,0.368353295068429,-0.440927422513892,4.04121166011089,0.000193317252202148,0.00751000818997965,"STXBP6"
"2074",29094,0.121794567721696,-0.414172956089535,1.08203659835011,0.284695420772045,0.539326131775472,"LGALSL"
"2075",29097,-0.265917396894656,-1.47420487487079,-1.39876359455724,0.168375436896345,0.395924287934588,"CNIH4"
"2076",29098,0.0927057619773346,-2.61394696794664,0.822909678115743,0.414668980017577,0.651289201470801,"RANGRF"
"2077",29099,0.109386246019809,-0.35816250978392,1.11026904424352,0.272468510592682,0.526743848194608,"COMMD9"
"2078",291,-0.133887648292304,3.39331550270491,-1.15877279286175,0.25233765516474,0.503199651527346,"SLC25A4"
"2079",29101,-0.0358357113399553,-0.00279234696028508,-0.451613515892459,0.653601475043194,0.816371829700543,"SSU72"
"2080",29104,-0.203482046620452,-1.31852599464329,-1.31933683295744,0.193376938140594,0.425429263909307,"N6AMT1"
"2081",29106,-0.0329102084545725,2.28964908448752,-0.17913874809261,0.858590210589308,0.932583031781485,"SCG3"
"2082",29108,0.533452742146655,-0.830877524837028,2.85581856675491,0.00634626604400705,0.0545891866453056,"PYCARD"
"2083",29109,-0.300624141204723,-1.91232214055157,-1.53966287244119,0.130274140899437,0.343779223964501,"FHOD1"
"2084",29114,-0.539598079361328,3.00673865373741,-3.26460911463231,0.00203575356822111,0.0274023144775025,"TAGLN3"
"2085",29115,0.0866126398879603,-0.645924851746033,0.980165482555485,0.331967310287379,0.585017327173107,"SAP30BP"
"2086",29117,-0.124397278657329,-3.11872614236641,-0.65266668182246,0.51711558199056,0.726993917145684,"BRD7"
"2087",29123,-0.3846163637297,-1.45682940792173,-1.95465032344243,0.0565201995049069,0.207986201775251,"ANKRD11"
"2088",292,0.122720482509571,4.42604559235345,1.68739287446322,0.0980806738736705,0.289989969285448,"SLC25A5"
"2089",2926,-0.222631165995545,2.01579261212395,-2.69753811629858,0.00963733408786227,0.068487711977199,"GRSF1"
"2090",293,0.0772780929586734,5.36295766534099,0.985714419541517,0.329264605916241,0.583393458255102,"SLC25A6"
"2091",2931,-0.00490609203713616,0.340554833704269,-0.0668600945025145,0.946973534698091,0.976373814617883,"GSK3A"
"2092",2932,-0.0120804509781789,1.52443240156551,-0.177946943164221,0.859520880609866,0.932933539378135,"GSK3B"
"2093",2934,-0.379734195549989,5.87843352454283,-2.71484837596851,0.00921289074580472,0.0668424626450938,"GSN"
"2094",2938,0.626853740324977,2.84140980129028,1.72294434747379,0.0913996392425887,0.275658710272543,"GSTA1"
"2095",2939,0.423906225927989,3.99603074736507,1.22084835643237,0.228165236894843,0.473305144864551,"GSTA2"
"2096",2941,-0.0613833837526163,-1.07576797346075,-0.390465054219155,0.697937244022828,0.846628222097256,"GSTA4"
"2097",2944,0.116387751105465,2.21590597709912,0.543943974148782,0.589022599348761,0.777844387866328,"GSTM1"
"2098",2946,-0.0891654945999023,2.48518921350157,-0.60314706914274,0.549278265472912,0.749631561680368,"GSTM2"
"2099",2947,0.0403398499913337,4.72274569771001,0.311807853123894,0.756550236350823,0.88007453676704,"GSTM3"
"2100",2948,0.335798837542585,-1.30394074839436,2.00857410115227,0.0502821988628382,0.195089846156827,"GSTM4"
"2101",2950,0.729348693568904,3.51568044998294,3.92125925915269,0.00028207138308187,0.00887873922746931,"GSTP1"
"2102",2952,-0.171949286389903,1.94009059366591,-0.585667941498522,0.560869381095428,0.756876246399847,"GSTT1"
"2103",2953,0.560903808266604,-0.660355322734221,1.32029683394532,0.193058792544785,0.425154545185157,"GSTT2"
"2104",2954,0.0109916077912044,0.987167329083544,0.102421736957193,0.918852822504498,0.962375636650276,"GSTZ1"
"2105",2957,-0.0517065688913649,-2.44128582139816,-0.343320441392414,0.732871370171061,0.865605472490646,"GTF2A1"
"2106",2958,0.283267338382823,-0.828976780705129,1.58490555057588,0.119619365254609,0.327632157042743,"GTF2A2"
"2107",2959,0.0833150245946076,-0.817264278260717,1.17306981396838,0.246613147845544,0.496747710169874,"GTF2B"
"2108",2960,-0.118921232632797,-1.71183010982518,-0.953350650031817,0.345235799094664,0.598096905120815,"GTF2E1"
"2109",2961,0.255720081242984,-2.4262299259045,1.51553693025938,0.136259174276417,0.351894218804949,"GTF2E2"
"2110",2962,0.362866603777354,-0.550223272382193,2.56062870453816,0.0136820798181341,0.0868465418032131,"GTF2F1"
"2111",2963,0.180439172094822,-0.16280898722158,2.19008088758049,0.0334586506494099,0.150674393019866,"GTF2F2"
"2112",2966,0.0096842270966162,-1.55272704340576,0.0917506742506395,0.927281742320295,0.96747498459323,"GTF2H2"
"2113",2967,-0.0308845779060007,-2.60847894298327,-0.21301932310919,0.83222291745358,0.917582947248083,"GTF2H3"
"2114",2968,0.0425234749925789,-1.95316480977246,0.347415437245323,0.729812956379974,0.865120109358879,"GTF2H4"
"2115",2972,-0.0495065513272446,-1.73504626696233,-0.406618193014369,0.686113601852912,0.840057599920514,"BRF1"
"2116",29761,0.115874849182543,-1.07403859609308,1.32881842312222,0.190252099441829,0.422186329130133,"USP25"
"2117",29763,0.0699925331214164,-0.139457644176592,0.64439201650403,0.522419103678415,0.730934228032394,"PACSIN3"
"2118",29766,0.365855926827726,0.648716154033195,3.0847534965312,0.00339041616431064,0.0372945778074171,"TMOD3"
"2119",29767,-0.302480912460379,0.251541491443948,-3.22281879485737,0.00229493389419952,0.0291641909784609,"TMOD2"
"2120",2977,-0.309142419081842,-2.1443720528693,-1.27351100588201,0.209029646447813,0.447202499092602,"GUCY1A2"
"2121",29777,-0.0341405399080539,-1.53145073032324,-0.247893940802732,0.805284292396747,0.901812623012449,"ABT1"
"2122",29780,-0.171981509354688,-1.22804729197525,-1.35469674850756,0.181918779578837,0.41190082528402,"PARVB"
"2123",29796,0.210863941554289,2.26964670855316,1.50179311706529,0.13976537783279,0.356686911754553,"UQCR10"
"2124",29803,-0.0646421350971738,-0.938940524032185,-0.540315327483282,0.591502520280992,0.779451646000933,"REPIN1"
"2125",2982,-0.11123080107029,-0.266534778665605,-1.21732322815475,0.229490707548135,0.475146488002738,"GUCY1A1"
"2126",2983,-0.0904383395184081,-0.221689226581987,-1.05767313673175,0.295550444843626,0.549820052868345,"GUCY1B1"
"2127",29843,0.0956433608635783,-1.23143259165908,0.758675688447059,0.45179244566597,0.67818587221759,"SENP1"
"2128",29855,-0.270476564020971,-3.67426482382017,-1.14877025592736,0.256399082629727,0.508652489126168,"UBN1"
"2129",29880,0.11906344589437,1.40088663793174,1.08133547751383,0.285003862395654,0.539326131775472,"ALG5"
"2130",29882,-0.126701379834012,-1.12717626806959,-1.24017215518485,0.220999243920701,0.463758413396672,"ANAPC2"
"2131",29883,-0.0047701058032823,-0.897895511424896,-0.0626961927481178,0.950271345906365,0.976373814617883,"CNOT7"
"2132",29886,-0.0901687607949162,-2.45583165840943,-0.656773369770079,0.514494182675391,0.724636368348221,"SNX8"
"2133",29889,0.135404978143655,-0.88562429736668,1.41080218965823,0.164814729836705,0.390742685105328,"GNL2"
"2134",2990,0.530817034269789,0.0837534619323987,4.68664256272319,2.36120493874053e-05,0.00245645354474397,"GUSB"
"2135",29914,-0.1925235058507,-0.278893912721578,-1.60893129569993,0.114254155128444,0.318334999627049,"UBIAD1"
"2136",29915,-0.0624870269384608,-0.809922318492895,-0.629314656043966,0.532156355829539,0.737497338469567,"HCFC2"
"2137",29916,0.141837716167786,-2.97877615460171,0.867837218381025,0.389844041700731,0.634551386056327,"SNX11"
"2138",2992,-0.374600736863061,2.79014325732981,-2.59677104679079,0.0124857207367669,0.0820528414157121,"GYG1"
"2139",29920,-0.338132248936183,0.996384025888413,-3.52205812764446,0.000956964456372845,0.0179080726622455,"PYCR2"
"2140",29922,-0.0398755689571608,0.0397911707722519,-0.495513659764345,0.62252088344221,0.796380404870422,"NME7"
"2141",29925,-0.227693083407266,3.21798862785233,-3.31328708431929,0.00176880022221668,0.0256058862357688,"GMPPB"
"2142",29926,-0.204303586201134,2.13007163411696,-2.87125743812491,0.00608857723699107,0.0533119644517136,"GMPPA"
"2143",29927,-0.0258034000708034,3.69333110877455,-0.286969095055396,0.775383305604926,0.887783653531628,"SEC61A1"
"2144",29928,-0.0802059820671003,0.359339384926102,-0.911038071640455,0.366872672510404,0.617255612224894,"TIMM22"
"2145",29929,0.13209075270376,-0.494647821789562,1.13699849363334,0.261238625665855,0.514101533932997,"ALG6"
"2146",29934,0.0420665927986821,1.69132193639832,0.492054334320024,0.624945963464762,0.797488216995158,"SNX12"
"2147",29937,0.211929479761122,2.55603117507486,1.33982652479266,0.186672475830927,0.417716243766032,"NENF"
"2148",29952,0.246148612994707,4.45969484096691,1.10429705213385,0.2750234579988,0.529668638040101,"DPP7"
"2149",29954,-0.107068556852641,-0.157408858219961,-0.930859294086823,0.356630403171546,0.607091539179121,"POMT2"
"2150",29956,0.0613792519695089,0.263100038067274,0.746984880650435,0.458752050030843,0.683285630451181,"CERS2"
"2151",29957,-0.219786644759878,3.14745929391758,-2.07548764553191,0.0433765921240813,0.177400246874337,"SLC25A24"
"2152",29958,0.0212592379853827,-2.35997610867276,0.127000931159532,0.899475422178899,0.953252058641035,"DMGDH"
"2153",29965,0.11134200493747,-4.73176213341505,0.333591862787688,0.740154805412861,0.870653544581093,"CDIP1"
"2154",29968,0.235717984190079,1.18414857136237,0.835088242352586,0.407846055756022,0.646990130615866,"PSAT1"
"2155",29974,0.255621949473609,1.31870395465634,1.96291758223443,0.0555226689014523,0.205705968023266,"A1CF"
"2156",29978,-0.143934399258724,0.533146934879145,-1.26414226804408,0.212343284621943,0.451772298443497,"UBQLN2"
"2157",29979,-0.0685888741624154,1.18816447558022,-0.823253013268514,0.414475680671337,0.651152221131473,"UBQLN1"
"2158",29982,0.0832964154996847,-1.55083814637157,0.595629251498876,0.554248669056409,0.752199443225888,"NRBF2"
"2159",29988,0.223701522105086,-2.08032246645069,1.92548791460074,0.0601627395847897,0.214946970646938,"SLC2A8"
"2160",29993,0.141157938225151,-1.4678108505413,0.77877192916237,0.439974122595899,0.670045753754189,"PACSIN1"
"2161",29994,-0.153240581709771,-2.31995979443386,-1.27106452414244,0.209891193610084,0.44831232049648,"BAZ2B"
"2162",29995,0.0660133930320965,2.82826860980583,0.419464093011342,0.676766857726655,0.832413920673431,"LMCD1"
"2163",29997,0.0257701284601369,-0.819821339084141,0.273038708638002,0.78600630508058,0.891940599109743,"NOP53"
"2164",29998,-0.16866819716165,-2.21816835324274,-1.37309899274136,0.176164925296797,0.404981390064322,"BICRA"
"2165",30,0.397270965126934,0.163744192006211,3.26478876579397,0.0020347016629153,0.0274023144775025,"ACAA1"
"2166",30000,-0.104700154649519,-1.81710396290265,-0.731104267316451,0.468304472301799,0.689647996878226,"TNPO2"
"2167",30001,0.386979437901317,2.24095631524008,4.54352119166109,3.79758279435179e-05,0.00271887465934835,"ERO1A"
"2168",30011,0.0955083680288756,-0.248052381117418,1.00931087284088,0.317936263941031,0.571722410265645,"SH3KBP1"
"2169",3005,0.186160631766388,4.49345691278708,0.866226937009265,0.390717391815646,0.635627710300672,"H1-0"
"2170",3006,0.262233327218567,2.46203376519353,0.738112365763543,0.464075049453364,0.687207001713023,"H1-2"
"2171",3007,-0.198603804553002,-1.68066339759811,-0.636330696340096,0.527613487429888,0.734236568582557,"H1-3"
"2172",3008,0.0211444752061869,7.48257432855049,0.112067569257535,0.91124177852106,0.958506191074398,"H1-4"
"2173",3009,0.190602030571552,0.813007197755457,0.862296629003988,0.392854172921346,0.63721389191723,"H1-5"
"2174",301,0.35626300191213,2.91014661843384,1.56277386836703,0.124740083775293,0.335783183094895,"ANXA1"
"2175",3015,0.11492855054493,5.52384015078649,1.09146986167063,0.2805681303392,0.535653867502958,"H2AZ1"
"2176",3017,-0.0236657563576959,7.04019490917591,-0.267088416348629,0.790556556129869,0.894028958858022,"H2BC5"
"2177",302,0.695673180632389,5.64748019950735,3.92482017552487,0.0002789439444501,0.00882555634553978,"ANXA2"
"2178",3024,0.10317749591844,-2.12565215690326,0.375098992640799,0.709255475375907,0.853286385397442,"H1-1"
"2179",3029,-0.186285002496631,3.21875075763904,-2.03621396279588,0.0473220748650425,0.18785670969314,"HAGH"
"2180",3033,-1.16874606979854,6.25672516408725,-7.39922209304953,1.90601413418786e-09,2.92477868891126e-06,"HADH"
"2181",3039,-0.512930062060587,3.9777826203715,-1.54229202351398,0.129634830050385,0.343121425980707,"HBA1"
"2182",3043,-0.529606817215869,4.56303221283933,-1.23419689382163,0.223197099046141,0.467093008505017,"HBB"
"2183",3045,-0.0998670220819767,-0.364570088561014,-0.324149781538266,0.747246819391137,0.874904525905978,"HBD"
"2184",3052,0.16210263640296,-1.30478112915067,1.3586684968711,0.180664906073274,0.41071155313991,"HCCS"
"2185",3053,-0.450614251140944,-0.264827885893,-1.57060459573751,0.122908441692121,0.332926749826231,"SERPIND1"
"2186",3059,-0.00140814327743088,-1.39661965042665,-0.00842961392151429,0.993309502822627,0.997698204602403,"HCLS1"
"2187",306,0.836541697657834,2.52536717347262,3.19209323836521,0.00250505621662357,0.0303874210625207,"ANXA3"
"2188",3064,0.0750333496774584,0.518982958317345,0.98556947343556,0.329335016756913,0.583393458255102,"HTT"
"2189",3068,0.132449137671026,3.17829952723322,1.64358815125201,0.106860888228033,0.306787713724821,"HDGF"
"2190",3069,0.114139010810902,2.64317227754364,1.7457860220765,0.0873095831223702,0.26701854569263,"HDLBP"
"2191",307,0.818494497084572,5.35520256912084,2.5779877833965,0.0130950026799482,0.0844297546738676,"ANXA4"
"2192",3073,0.171463107811986,1.82261520916823,1.44783416916269,0.154227827646967,0.378055274000432,"HEXA"
"2193",3074,0.108417131924621,2.38587772458471,1.10087747867643,0.276494000904816,0.531657001821841,"HEXB"
"2194",3077,0.144442822294015,-2.63942147083007,0.846256615534238,0.401650139137212,0.641845497012291,"HFE"
"2195",3081,0.494234995155265,-1.03629581187852,2.64545583085929,0.0110251424070942,0.0751914712163822,"HGD"
"2196",30827,-0.202389514874786,-1.98979147408784,-1.23957309192548,0.221218870207853,0.463902092700991,"CXXC1"
"2197",30833,0.129483584143609,1.27786295242061,1.03493416401628,0.305936664320244,0.560047493467837,"NT5C"
"2198",30836,0.236204108647992,-0.594086341215085,1.94392423309346,0.0578373187977485,0.210560772704971,"DNTTIP2"
"2199",30844,-0.383599917839392,2.70191897174232,-1.98421489219122,0.0530223847880277,0.201393191725813,"EHD4"
"2200",30845,-0.443035877894252,0.727111798595641,-3.60873242780897,0.000737705622931764,0.0155512741818017,"EHD3"
"2201",30846,0.00251714769603328,2.1630480904035,0.0138465765389246,0.989010341419292,0.995803149928982,"EHD2"
"2202",30851,0.877884624412348,-0.0964208405667768,4.90006597789207,1.15338996694443e-05,0.00172670917490363,"TAX1BP3"
"2203",309,-0.216138038699235,5.0846417490237,-1.9968528821024,0.0515850625128721,0.197706877173997,"ANXA6"
"2204",3092,0.00597405184416799,-1.43334429858111,0.0439858886388222,0.965099924923165,0.983527036224205,"HIP1"
"2205",3093,0.206926955002044,1.00091502369887,2.40301595399028,0.0202143135171085,0.112793204023383,"UBE2K"
"2206",3094,0.337407683650627,3.29662198517146,2.66985014356643,0.01035376177702,0.0718094799857051,"HINT1"
"2207",3098,0.434909998939358,1.4619979471156,2.81252785052343,0.00712380587830003,0.0583790660627578,"HK1"
"2208",31,-0.245137824675328,1.21605679050722,-2.7410643783542,0.00860275944373901,0.0645522462905502,"ACACA"
"2209",3105,0.569799269127671,2.78014949615662,3.81588091802716,0.000391575173961036,0.0108262193831218,"HLA-A"
"2210",3106,0.667264978999921,1.74230277875689,4.63673747960341,2.78814633279892e-05,0.0026328680293415,"HLA-B"
"2211",3107,0.745931685212818,2.31619123692538,5.07644704438956,6.34033231181363e-06,0.00129723199099707,"HLA-C"
"2212",311,0.34155154860404,2.72521761194903,4.31418508712777,8.05075178072406e-05,0.00439949415576666,"ANXA11"
"2213",3110,0.065734021111707,-2.26810491058546,0.270325927351335,0.788079872604731,0.893104366347853,"MNX1"
"2214",3122,0.154611121535442,-1.19762147766595,0.996292467893514,0.324153249188168,0.577883428265169,"HLA-DRA"
"2215",3123,0.0931445778570362,-0.723957881720092,0.690813081856383,0.493043057081533,0.709160983619325,"HLA-DRB1"
"2216",3127,0.751885506850536,-1.45514970531888,3.25306170884983,0.00210445682512054,0.0278386982598919,"HLA-DRB5"
"2217",3133,0.198811274242129,-0.729020633973909,1.32716225679747,0.190795137812155,0.422779984076177,"HLA-E"
"2218",3145,0.0569788521694544,-0.237364454514876,0.756961170786996,0.452809237607488,0.678716263842433,"HMBS"
"2219",3146,0.14162549819503,4.45006316436449,1.60203256557389,0.11577433627795,0.320822968882193,"HMGB1"
"2220",3148,0.169986608250678,1.61177579278198,1.92599165411612,0.0600981541890177,0.214913357400469,"HMGB2"
"2221",3149,0.312636968004615,1.51244620329013,2.09477917848989,0.0415457826892213,0.173711181298665,"HMGB3"
"2222",3150,0.177786388531458,0.324984693441466,0.937217111806715,0.353384864209351,0.604704849879285,"HMGN1"
"2223",3151,-0.0825668086406988,1.18203788138993,-0.295362252662063,0.769003603508787,0.886323923181683,"HMGN2"
"2224",3155,-0.0473406908766876,2.31271297801659,-0.552259008840853,0.583358616033861,0.772358754360621,"HMGCL"
"2225",3157,0.314392908293625,0.0499441946016049,1.50754910953214,0.138288334571494,0.354361524148404,"HMGCS1"
"2226",3158,0.525046526963732,0.254488934089696,2.02079152223687,0.0489545619130527,0.192128041333207,"HMGCS2"
"2227",3159,0.64356967207227,-0.0444954145290743,2.53775084868061,0.0144924213204584,0.0898530121868418,"HMGA1"
"2228",316,0.506103415402333,0.874892694187114,3.04491169636323,0.00378824960902392,0.0399096340086244,"AOX1"
"2229",3162,-0.770105019450756,-0.967965232040326,-2.28410278732483,0.0268749929639236,0.132036971703516,"HMOX1"
"2230",317,-0.119377681628652,-2.09722909873941,-0.878868300257333,0.383894225292108,0.629821661315326,"APAF1"
"2231",3172,0.201187936527967,-1.68330818941879,1.60486818589755,0.115147514194346,0.319952667326796,"HNF4A"
"2232",3176,0.461228474076445,1.37838017211486,2.36933432787159,0.0219313883167759,0.118186185280278,"HNMT"
"2233",317649,-0.0283042877741284,-2.46582062258625,-0.152343835103703,0.879560606383437,0.942353465173946,"EIF4E3"
"2234",317762,-0.220185276443357,-5.5501733545872,-0.551551611232034,0.583839455942061,0.772828678148021,"CCDC85C"
"2235",317772,0.194139391667149,4.79511085326352,1.49997710863818,0.140233973914439,0.357456865401506,"H2AC21"
"2236",317781,0.0323467382653968,-1.20096723098067,0.371445565422373,0.711956380030492,0.853841855179222,"DDX51"
"2237",3178,0.21756551499777,5.26181340780013,3.23584955866608,0.00221094687131948,0.0285460545087728,"HNRNPA1"
"2238",318,-0.323763110141391,-0.175157226838915,-2.58170222265683,0.0129724054532184,0.0838206371767922,"NUDT2"
"2239",3182,0.13499537302016,2.20291634299805,1.70526971849452,0.0946724520818674,0.282635948870867,"HNRNPAB"
"2240",3188,0.0505202526109008,1.9323181978068,0.539059910837018,0.592361659084871,0.779581178624141,"HNRNPH2"
"2241",32,-0.202287576270536,0.328236216225173,-1.46623026105423,0.14917066168192,0.370417947144502,"ACACB"
"2242",320,0.0174285848234976,-1.2861852778836,0.125360021631904,0.900767269197748,0.953753579150557,"APBA1"
"2243",322,0.0830067069187286,-2.44437608410977,0.605062598513136,0.54801544901356,0.748824315682376,"APBB1"
"2244",324,-0.0332805993402483,-1.66066690289745,-0.381860599674114,0.704266712936984,0.849604772800159,"APC"
"2245",3241,0.155164231488206,0.853019262920286,1.67773691557894,0.0999632555958832,0.293693469215189,"HPCAL1"
"2246",325,0.308319499594694,-1.30981926121809,1.90924155507292,0.062277776882237,0.2188172579634,"APCS"
"2247",3251,-0.362834682134473,3.19369733822086,-4.1014106688122,0.00015965570223551,0.00680532430778862,"HPRT1"
"2248",3257,0.182392415414232,-2.79748863228706,1.38804980309529,0.171594145601905,0.39895638852443,"HPS1"
"2249",3265,-0.0973647630741956,1.47754844054355,-1.20489450148328,0.23420907443459,0.480373537996318,"HRAS"
"2250",326625,-0.0569769908165811,1.56560324731273,-0.347658166421373,0.72963180874463,0.865072443900818,"MMAB"
"2251",3267,0.0255610586806525,1.00547624142599,0.337383621553321,0.737313150320086,0.868475938718996,"AGFG1"
"2252",3268,0.0994848017358091,-0.2849083461607,0.831566002927679,0.4098122285212,0.647638377616665,"AGFG2"
"2253",328,0.26488455338338,3.05544392883524,3.97746369278631,0.000236441258366736,0.00815271543224326,"APEX1"
"2254",329,0.13406261922129,-1.48327119199757,1.42040245784553,0.162017366004723,0.387251788371101,"BIRC2"
"2255",3294,0.803359491680923,-0.342368347197599,2.78158667518208,0.00773262353506741,0.0606941729645061,"HSD17B2"
"2256",3295,-0.149484471013913,2.66510278107075,-1.8340246151989,0.0729149582476087,0.238949286558367,"HSD17B4"
"2257",3297,-0.00658177485753908,-0.726795280178897,-0.0656242226992833,0.947952250286651,0.976373814617883,"HSF1"
"2258",33,0.51228195515557,-1.45937631723295,2.21224987352204,0.0317895411469979,0.145832738086901,"ACADL"
"2259",3300,-0.0504218873137756,0.351560151982227,-0.642449468639541,0.523668317852161,0.731015723215048,"DNAJB2"
"2260",3303,-0.0804478458222562,5.61795934906629,-0.849118276549452,0.40007199304421,0.640490843324299,"HSPA1A"
"2261",3305,0.152999643661754,-2.25907601205347,0.581463610887612,0.56367556883864,0.758404349305474,"HSPA1L"
"2262",3306,0.146312463250705,1.47899165442014,1.34770083924583,0.184143558158883,0.414931409684004,"HSPA2"
"2263",3309,-0.171565642948929,6.54049376488868,-1.81206469615337,0.0762960425642104,0.244950262957349,"HSPA5"
"2264",3310,0.541376209036354,1.02192095204164,1.58919795356382,0.118646152975882,0.326423167622575,"HSPA6"
"2265",3315,0.652534081978693,5.26265387422923,4.55804640394108,3.61953758910626e-05,0.00271887465934835,"HSPB1"
"2266",333,-0.139673883505918,-2.41343029930278,-0.871790509159361,0.387705139993354,0.632601454661299,"APLP1"
"2267",3336,0.215767089516892,4.37905947575945,1.13357698899826,0.262657403339638,0.516066306561683,"HSPE1"
"2268",3337,0.114399485677279,1.56768264630519,1.1182909377122,0.26906301278852,0.523955828837543,"DNAJB1"
"2269",3339,0.70819394123815,-0.191142078612338,3.04011948358804,0.00383894685420491,0.0402106754114501,"HSPG2"
"2270",334,0.0988951939741052,-1.2373099223038,0.78702485834478,0.435174178722911,0.666441893463381,"APLP2"
"2271",3340,-0.0056182024321807,-1.39945960773469,-0.0383313017169781,0.969584080452314,0.98550662228973,"NDST1"
"2272",335,0.119041406583143,-1.09154981131926,0.257130025997452,0.798188273110946,0.898530072343732,"APOA1"
"2273",3355,-0.332759800774119,0.292228296875061,-1.74619675392648,0.0872374545236027,0.26701854569263,"HTR1F"
"2274",3375,-0.257350747453157,0.239438969057762,-1.24565097733438,0.218998097662802,0.461293865289731,"IAPP"
"2275",337867,0.361234237617624,-2.57413937764084,1.8658534423836,0.0682395659072794,0.231283520452171,"UBAC2"
"2276",3383,0.170114587040753,0.547251698667895,0.94662806833232,0.348616244235061,0.602065672033434,"ICAM1"
"2277",3384,-0.21693196674062,-3.23885162920033,-1.18926936549317,0.240241018569793,0.489282633573191,"ICAM2"
"2278",338657,0.0397006627341074,-5.13250286055921,0.0959310126509705,0.923978694909402,0.965614187263348,"CENATAC"
"2279",338692,0.0621352015888936,-1.39173901398725,0.387708062734272,0.69996296404156,0.847745199938259,"ANKRD13D"
"2280",338773,0.0280162527783809,-1.99246046633339,0.0966523841780029,0.923408846451207,0.965538773357087,"TMEM119"
"2281",339122,0.131155686804568,0.445834898530637,1.49972150267435,0.140300029519281,0.357476787542278,"RAB43"
"2282",339123,0.234102691129936,-1.24588242596021,1.42164198461459,0.161658898722333,0.386997784850888,"JMJD8"
"2283",339175,0.426731575377911,-2.65989989521462,1.50925865412655,0.137852047113616,0.353735729591711,"METTL2A"
"2284",339230,-0.0254345706587014,-2.95225587833141,-0.115122781072984,0.908832780118673,0.957503536623484,"CCDC137"
"2285",339287,0.218157518361182,-1.90674996531045,2.17774315973825,0.0344206766575827,0.153877722741619,"MSL1"
"2286",339448,0.278167145673166,-0.873506770083044,2.26927541324185,0.0278299012605643,0.134172226094068,"C1orf174"
"2287",339487,-0.0866599990901478,-1.41225684503708,-0.727114529187244,0.470722104541669,0.692046054533356,"ZBTB8OS"
"2288",3396,-0.195564989889081,1.17293121501523,-2.40227822391563,0.0202505882752963,0.112793204023383,"MRPL58"
"2289",34,-0.323975354762657,3.22435365649315,-2.88772195297629,0.00582450445360298,0.0520659384935733,"ACADM"
"2290",340061,0.0747977752742799,-1.30393478134873,0.53904783230415,0.592369927843433,0.779581178624141,"STING1"
"2291",340146,-0.420431076039968,-1.56481877683246,-1.61299609850767,0.113366064480672,0.316867442523845,"SLC35D3"
"2292",340277,0.0100790075288595,-3.3871753781127,0.0850180366127202,0.932604154613568,0.969487356637592,"FAM221A"
"2293",340543,-0.104025321829408,1.65704506728964,-0.593632465065289,0.555572651182431,0.753075821660047,"TCEAL5"
"2294",3416,0.143597692981951,1.07871261132657,1.37847417052625,0.174510951422159,0.403209813959964,"IDE"
"2295",341640,-0.356439294011626,-0.737650376899123,-0.656894837860144,0.51441675528809,0.724636368348221,"FREM2"
"2296",3418,0.496964935609137,2.98593738789367,2.58345643550136,0.0129148715482559,0.0837531346285491,"IDH2"
"2297",3419,-0.221880583844253,3.51519266283336,-3.79234282388378,0.00042112333310994,0.0112385000809948,"IDH3A"
"2298",3421,-0.225635949448436,1.83653199251103,-3.0913950952258,0.00332803992077407,0.0366741634357472,"IDH3G"
"2299",3422,0.283712561834473,1.04233001163847,3.18946397265313,0.00252385630829467,0.0305550887974609,"IDI1"
"2300",3423,0.215939017091273,-2.58502790872161,0.792734282153187,0.4318718718899,0.664368308185515,"IDS"
"2301",3425,0.315160267434129,0.177122659007001,1.76865034980677,0.0833692300330835,0.259230159039041,"IDUA"
"2302",3426,0.333012419991491,-1.52636030414935,1.1340599767909,0.262456793150654,0.51600249723213,"CFI"
"2303",3428,0.34170649833726,-1.03264500702695,1.79481333374801,0.0790438416973714,0.251123757939164,"IFI16"
"2304",342898,-0.143058227891561,0.707660971944023,-0.527932841561441,0.600002109454098,0.785955648508123,"SYCN"
"2305",342979,0.296566961848239,-1.46376685365056,1.47778703623148,0.146061035244092,0.365769807823302,"PALM3"
"2306",3430,0.524137846214894,-0.321356994432956,4.10630646748257,0.000157183274868928,0.00674678979822012,"IFI35"
"2307",3431,0.472041832879022,-2.86064430410906,2.44095570565919,0.0184258541910224,0.106116285676365,"SP110"
"2308",3433,0.282982061721943,-1.55765709905999,0.714857369718332,0.478193775848547,0.698513421265678,"IFIT2"
"2309",3434,0.564370560704129,-0.588836154654943,2.77851882889248,0.00779553966290428,0.0608949398546988,"IFIT1"
"2310",3437,0.716353585657082,-1.12612846792505,2.97875554210696,0.00454687334420185,0.0446539337387375,"IFIT3"
"2311",343702,0.252079634257841,-5.51758384941364,0.918232893244158,0.363133193717731,0.614533097060776,"XKR7"
"2312",343990,-0.00867144890823024,-2.10012926580785,-0.0516260944727919,0.959042985330559,0.980447342431541,"CRACDL"
"2313",345,0.0731850748918819,-1.44175557054433,0.134952785383181,0.893219081519033,0.94969317899945,"APOC3"
"2314",345275,0.932290367566844,-1.01801282236121,2.98047206432281,0.00452551207891868,0.0446539337387375,"HSD17B13"
"2315",345557,-0.846935598749656,2.07227790147714,-5.68348055528975,7.8241562770212e-07,0.000373322560317724,"PLCXD3"
"2316",345651,-0.000825719020530302,1.87856466180769,-0.00682146642902734,0.994585850218705,0.997837193305396,"ACTBL2"
"2317",345757,-0.334707340099456,0.437696118793663,-1.37537140956401,0.175464223647988,0.404189047268695,"FAM174A"
"2318",345778,-0.0158587049088844,-0.00440165697267092,-0.181653024578705,0.856627500638825,0.93163553016916,"MTX3"
"2319",3459,0.50427073842835,-3.39957213142925,2.73890694339878,0.0086515267917287,0.064759843228818,"IFNGR1"
"2320",346389,0.55288125572058,-2.16006286342872,3.15899012399284,0.00275168993184469,0.0323560781641048,"MACC1"
"2321",347,0.471834728276777,0.0625488801063604,2.93630001475752,0.00510615437666966,0.0477767920182902,"APOD"
"2322",347252,-0.0978620095805834,-1.21725669813786,-0.455111538880231,0.651101096495181,0.814772381302226,"IGFBPL1"
"2323",3475,0.226010156980416,-4.20857518526108,0.730388452412031,0.468737706510069,0.689954926273094,"IFRD1"
"2324",347733,-0.508608010508815,2.91834710156704,-4.58082489163432,3.35666054993093e-05,0.00271887465934835,"TUBB2B"
"2325",347734,-0.2044526486767,2.05781155149957,-2.08352075566943,0.0426058545279805,0.175446834484172,"SLC35B2"
"2326",347862,-0.0861566601128071,0.767110435937578,-0.979222901796726,0.33242787605243,0.585660821816824,"GATD1"
"2327",348,0.484188913239935,1.97439047762202,1.39961511687532,0.168121635970374,0.395678911651134,"APOE"
"2328",3480,-0.0265232502879833,-1.72353783510488,-0.201377281816468,0.841262918736492,0.922743351537632,"IGF1R"
"2329",348110,0.201384217127499,1.14013234786841,2.48956648637782,0.016343598177406,0.0971375073332036,"ARPIN"
"2330",348180,0.193517912414629,-1.99837193362942,1.6333046395175,0.109012698429394,0.309606767227659,"CTU2"
"2331",3483,-0.0900698644489604,-1.71806087129544,-0.301940232395525,0.764014863170342,0.884148421972013,"IGFALS"
"2332",3485,0.973306140734369,0.691515506653126,3.94770212540914,0.000259632616277278,0.00852205881663066,"IGFBP2"
"2333",3486,-0.135942097756051,-1.28755098687373,-0.568036742272803,0.572683826208673,0.764156990612638,"IGFBP3"
"2334",3488,0.326358349885553,0.765053964540706,1.08505543062085,0.283370018529666,0.538157541378431,"IGFBP5"
"2335",3490,0.122825727778307,2.62040382583526,0.854614617140779,0.397051683862329,0.638825062696193,"IGFBP7"
"2336",3491,0.122087855587516,-1.01518516659809,0.673865969133423,0.503660581449256,0.716945419511951,"CCN1"
"2337",349565,-0.0687506383562533,-0.0854360384607106,-0.855558441519134,0.39653447160068,0.638825062696193,"NMNAT3"
"2338",35,-0.0742663105583583,2.01720246534249,-0.645167056516658,0.521921132051501,0.730570560668669,"ACADS"
"2339",350,0.339026773628992,2.20074334409475,1.7459695487483,0.0872773478793358,0.26701854569263,"APOH"
"2340",3508,-0.169353483884438,-1.62861781657881,-1.36166548761107,0.179723153398356,0.409866790245236,"IGHMBP2"
"2341",3516,0.177699568708804,-1.1396381980994,2.08491628116805,0.0424731857299109,0.175446834484172,"RBPJ"
"2342",353,0.329483622785616,2.77895766185935,3.5357187221914,0.000918690103695565,0.0175320177866165,"APRT"
"2343",3547,-0.0721889405354688,-1.66124741036188,-0.299235854970764,0.766064653458736,0.885185399647915,"IGSF1"
"2344",355,0.729958327357647,-2.68700274486766,3.56947424527398,0.00083028803383251,0.0167641708936314,"FAS"
"2345",3563,0.0933190083005453,-6.34721041165212,0.291539569047885,0.77190728272265,0.886761538714509,"IL3RA"
"2346",357,0.098889377839273,-0.686970332633696,0.982655507229612,0.330752676750304,0.584710611242327,"SHROOM2"
"2347",3572,-0.0060493582897736,-1.65307204275023,-0.036626676884941,0.970936069838765,0.985966202905999,"IL6ST"
"2348",3576,0.545465422880033,-2.1449137151962,2.29097286285063,0.0264425257333278,0.131207940946779,"CXCL8"
"2349",358,0.416713113651157,1.22408829218212,1.10007460431633,0.276840066850849,0.531678451292401,"AQP1"
"2350",359948,0.291809962350157,-0.746693869267169,2.49310960796827,0.0162005021529076,0.0966362315010171,"IRF2BP2"
"2351",36,-0.311886961384646,2.56889917195004,-4.00912710354326,0.000213971190705422,0.00791177812379447,"ACADSB"
"2352",3603,0.109142942178796,-5.18108843104871,0.458340463565876,0.64879665702186,0.813084377921976,"IL16"
"2353",3606,0.659438471575883,-0.788806254014087,3.03522581225239,0.00389137312981915,0.0406211705286224,"IL18"
"2354",3607,0.108303415337136,-0.0872054218919798,0.835665418708711,0.407524420243769,0.646990130615866,"FOXK2"
"2355",3611,-0.00994267243485558,0.826311480174695,-0.0871243944817479,0.930938650773304,0.969069072539765,"ILK"
"2356",3612,-0.210474390913412,2.83078865979519,-2.43056543037804,0.0189008767561897,0.107320611960678,"IMPA1"
"2357",3613,0.289442815119931,1.23416819123665,1.1215416345833,0.267691627885409,0.522435906716336,"IMPA2"
"2358",3614,-0.219296697734267,-0.321674634592659,-2.59220994242906,0.0126312432697016,0.08230421570003,"IMPDH1"
"2359",3622,-0.178490080758009,-1.9469246715482,-1.31655077606179,0.194302490620929,0.426741788081288,"ING2"
"2360",3628,0.0795378835648783,-0.0923736890942713,0.64846870280654,0.519802613479341,0.729101563422349,"INPP1"
"2361",3630,-0.317337225258079,4.94128460545871,-0.745943784811721,0.459374813555257,0.684047211451278,"INS"
"2362",3631,-0.186323091623146,0.29616487904889,-2.44087616269035,0.0184294494185411,0.106116285676365,"INPP4A"
"2363",3632,-0.100424388428008,-1.62663874732871,-0.687221154738988,0.495283052760783,0.710943006853392,"INPP5A"
"2364",3642,-0.369498449201823,0.214361379328014,-2.24094807858441,0.0297384677479451,0.139873344855852,"INSM1"
"2365",3643,0.14976220765827,-0.433266572395836,1.41219794249474,0.164405714066553,0.390074322744685,"INSR"
"2366",3651,-0.196409463697162,-1.13996947834909,-1.16364662168954,0.250375536877525,0.500266245604449,"PDX1"
"2367",3654,0.161982920319863,-1.89853675745979,1.84215483101663,0.0716956806234544,0.237233470440303,"IRAK1"
"2368",3655,0.0743642282549133,-0.0796601786751103,0.289059227912006,0.773793097342038,0.887764865698211,"ITGA6"
"2369",3658,-0.0444948644360066,-3.36611529199643,-0.212428520250629,0.832681133558633,0.917593680032835,"IREB2"
"2370",3661,0.280046026032929,0.675902578062621,1.42748109765221,0.159978550326619,0.385531347430228,"IRF3"
"2371",3664,0.503757254496672,-0.791211079785463,3.32669028211543,0.00170133977377978,0.0253466590569424,"IRF6"
"2372",3670,0.0519870001848659,-2.28575650486526,0.409808742417724,0.683787441948393,0.838391007827608,"ISL1"
"2373",3672,-0.209168997573775,1.28302559554942,-1.27394163734595,0.208878270286506,0.447190381241219,"ITGA1"
"2374",3673,0.622366770588332,1.71543087140885,2.9023513353301,0.00559884144735189,0.0509121315612532,"ITGA2"
"2375",3675,0.414844906989775,0.779452207783825,3.21333202330769,0.00235796539930469,0.029597528877162,"ITGA3"
"2376",3678,0.352721145462666,0.00208493246614096,1.65431033916712,0.10465439390401,0.302835741160787,"ITGA5"
"2377",3679,-0.454031199941193,-1.3515543309955,-1.87552308108964,0.0668705292995639,0.228536363497062,"ITGA7"
"2378",3684,0.014345946147853,2.61753153891601,0.091305674886018,0.927633430771179,0.967677429992096,"ITGAM"
"2379",3685,0.15900258041534,0.993200366997032,1.74502011295473,0.0874442169981103,0.267297113513148,"ITGAV"
"2380",3688,0.180921702017663,3.55912145477343,1.64373339486182,0.106830746691369,0.306787713724821,"ITGB1"
"2381",3689,0.0658950797937004,-2.3837730433272,0.355113147391216,0.724075818950431,0.860646277443405,"ITGB2"
"2382",3690,0.108228834909588,-1.01081610671584,0.596468160839391,0.553692900410989,0.752090626511343,"ITGB3"
"2383",3691,0.211268861169141,-0.321702710674777,0.990587176693866,0.326903410822287,0.580930265091834,"ITGB4"
"2384",3692,0.160007172745918,2.99332043669144,1.9746730446069,0.0541303327266649,0.203947750390445,"EIF6"
"2385",3693,0.349014889221029,-2.09922374262071,2.18140366152405,0.0341327385428197,0.152813092031968,"ITGB5"
"2386",3694,0.59201683541627,-3.26156741576201,2.5754980242641,0.013177769359822,0.0847852707867794,"ITGB6"
"2387",3696,0.55414427562798,-2.4321859837003,2.25556603453884,0.0287395390931894,0.136959076827637,"ITGB8"
"2388",3698,-2.0362605663057,2.96653526487932,-3.33577438800601,0.00165701365875371,0.0249895573401235,"ITIH2"
"2389",37,-0.0508139201127809,3.91669663529354,-0.638301302642764,0.526341204465094,0.733246099184464,"ACADVL"
"2390",3700,-1.66065209437429,1.36954173693351,-3.39402807049525,0.0013977839843713,0.0226209226592997,"ITIH4"
"2391",3703,-0.164464314793199,3.78120510005492,-1.56548075379368,0.124104462905811,0.334922050927126,"STT3A"
"2392",3704,0.410330723297462,0.980352955930061,1.94227857754031,0.0580417097893807,0.210949273972867,"ITPA"
"2393",3705,0.255357977832843,0.357056520722125,2.26033179572433,0.0284203712714854,0.135965891554464,"ITPK1"
"2394",3708,0.192498022219992,-0.6215750190654,2.21070402570831,0.0319034938081398,0.146028072329875,"ITPR1"
"2395",3709,0.288217878764703,-0.81482825435861,2.31357672924287,0.0250630789426619,0.127861218050293,"ITPR2"
"2396",3710,-0.0578178735691585,0.916075304634949,-0.54575487841749,0.58778683019077,0.776379505855595,"ITPR3"
"2397",3712,-0.162002043768733,3.15204732309227,-2.19551614240879,0.0330424237904729,0.14956813954714,"IVD"
"2398",3716,0.171108362184073,-0.148331104121587,1.49680226141778,0.141056194289766,0.358415914745818,"JAK1"
"2399",3725,-0.166687224814875,-1.47650138105633,-1.07378944125489,0.288338326684152,0.542899769802579,"JUN"
"2400",3726,0.0376122523513123,0.551646571367248,0.279743020998855,0.780888476425309,0.89090044723476,"JUNB"
"2401",3727,0.048892715808438,-1.6377603649266,0.386276384200809,0.701015771192401,0.848250310593199,"JUND"
"2402",3728,0.359704394441505,1.832749561207,2.358773523222,0.0224961236487837,0.119502633801262,"JUP"
"2403",373156,0.231909205558008,2.15668052523993,2.62192125290205,0.0117104535371396,0.0782141064319506,"GSTK1"
"2404",3732,-0.00545043198766176,0.215289409737799,-0.0474616737416918,0.962344141198931,0.981859763743191,"CD82"
"2405",374395,0.563492356649761,-1.7698044336401,2.46738823741813,0.0172656343844578,0.101315931024668,"TMEM179B"
"2406",374454,-0.488200111300015,-0.0863521287137382,-2.08908164257601,0.0420793376593897,0.175105741849317,"KRT77"
"2407",374659,0.139354052236253,1.33308707083849,1.28532805620679,0.204905381314475,0.441905743837287,"HDDC3"
"2408",374868,-0.100864584407731,-0.952057960586727,-1.15743035968906,0.252880032763662,0.503626749222373,"ATP9B"
"2409",374882,0.0800242766717276,3.07477952485391,0.845562365099507,0.402033583985784,0.642123897607272,"TMEM205"
"2410",374897,-0.0950984955203462,-3.59769398233367,-0.236383801259279,0.8141506000476,0.906778512627866,"SBSN"
"2411",374977,-0.162146331634843,-1.17627072274225,-1.38964740247016,0.171111191167372,0.398588421778114,"MROH7"
"2412",375035,0.00745381328127903,0.634396802509216,0.0775778437996648,0.938489525514499,0.972884429590946,"SFT2D2"
"2413",3757,-0.241404911944251,-2.74585472583138,-1.25884183294296,0.214235260283581,0.454380106295999,"KCNH2"
"2414",375743,0.127953434489339,-0.926666461941992,1.02738341300385,0.309440119778133,0.562288697529688,"PTAR1"
"2415",375775,-0.105192449250098,-1.51833016459129,-0.773586694145032,0.443005849153905,0.671587951813408,"PNPLA7"
"2416",375790,1.18358052537756,-1.79778849701175,4.53369724936505,3.92283212393631e-05,0.00273617540644558,"AGRN"
"2417",376267,-0.322498029545329,-1.520851585115,-2.43763043100705,0.0185766931185475,0.106464745435709,"RAB15"
"2418",3763,0.0603029850380595,-1.24298300970468,0.502284813396822,0.617786353832495,0.795376227049747,"KCNJ6"
"2419",3764,-0.136085661993924,-2.45272075177714,-0.635421284849627,0.528201176174096,0.734503583904984,"KCNJ8"
"2420",376497,0.167239645388397,0.122850634561669,1.58952809601473,0.118571566127751,0.326364247933694,"SLC27A1"
"2421",3767,-0.292794699496055,-0.272621898735607,-2.73039770172178,0.00884636797315734,0.0654994048482989,"KCNJ11"
"2422",376940,9.87803385492647e-05,-2.23230440457993,0.00054067619166231,0.999570865744233,0.999733741883347,"ZC3H6"
"2423",377677,0.131341287195482,-3.14712043616536,0.719876706126084,0.475126047305662,0.69568790037265,"CA13"
"2424",3778,-0.490338009577823,-0.326309661152644,-3.3209541061825,0.00172990657557558,0.0254632291627887,"KCNMA1"
"2425",378,-0.259758785396427,4.19853796091934,-2.58889989099371,0.0127378189192472,0.0829106389462774,"ARF4"
"2426",3784,0.122488933386098,-3.63023036575012,0.549215754584532,0.585428560813521,0.774097480886126,"KCNQ1"
"2427",3798,0.0713286006252316,-2.22158830091403,0.497454591707419,0.621162084251995,0.796355004564666,"KIF5A"
"2428",38,-0.204943349144953,4.30407886906157,-3.38003432364605,0.00145628429760325,0.0229832176380735,"ACAT1"
"2429",3800,-0.25939833875124,1.40342535518745,-2.09031841914408,0.0419630120506651,0.174741497942322,"KIF5C"
"2430",3801,0.052657487399824,-2.34236382751843,0.386584946699446,0.700788814768494,0.848243294231713,"KIFC3"
"2431",381,-0.300409338867253,3.41841229563436,-3.25361752498417,0.00210110025710754,0.0278386982598919,"ARF5"
"2432",3816,0.0566142215272751,0.232042078338416,0.158479381921755,0.874750497953539,0.939989243074023,"KLK1"
"2433",3818,-0.0105896189506689,-2.19890538911854,-0.0567778737194357,0.954960154676288,0.979372669908614,"KLKB1"
"2434",382,0.179625851360808,1.17379114055967,2.38857550157046,0.020935096924856,0.115000179578859,"ARF6"
"2435",383,-0.496985948380687,-0.184570836815925,-2.51392591542673,0.0153824986654431,0.0932981984273615,"ARG1"
"2436",3836,0.18005240857912,0.841925871436807,2.63226208888827,0.0114046696197468,0.076840682904507,"KPNA1"
"2437",3838,0.0755832507348517,-0.908170408847593,0.54298621043971,0.589676681402149,0.778205863351192,"KPNA2"
"2438",384,-1.6154459803618,0.307011630678507,-6.22591868105191,1.17363927317065e-07,9.00474732340181e-05,"ARG2"
"2439",3840,0.130022291664611,0.532899613520227,1.91467670125854,0.0615632419321275,0.217658502113575,"KPNA4"
"2440",3841,-0.185465665326265,-3.78061968022834,-1.07930595898629,0.285898015531354,0.540275395416173,"KPNA5"
"2441",3848,-0.571952206112954,6.20594177710424,-2.69696629800181,0.00965165703165153,0.068487711977199,"KRT1"
"2442",3849,-0.500772761105408,4.11670689618557,-2.70201006839542,0.0095259927621583,0.0680681531712778,"KRT2"
"2443",3850,-0.0739426766926818,-2.32425178202801,-0.112537451711393,0.910871226397019,0.958473199612561,"KRT3"
"2444",3852,0.23788339708535,2.88559630945434,0.701582822915386,0.486360531432569,0.704740543421413,"KRT5"
"2445",3853,-0.0368514711660579,1.03284389899671,-0.0900124822061042,0.928655539333484,0.96824999157957,"KRT6A"
"2446",3854,0.186539421681782,-0.309701355361655,0.549417332078949,0.585291344094976,0.774082798977583,"KRT6B"
"2447",3855,1.132889694307,3.52668000815823,2.88697333560627,0.00583627659740526,0.0520684095274324,"KRT7"
"2448",3856,0.51190806018053,6.29855418830578,2.70302967445355,0.00950077312942587,0.0680681531712778,"KRT8"
"2449",3857,-0.475928241490347,4.9796288093253,-2.35463874333651,0.0227207586350553,0.120327883090569,"KRT9"
"2450",3858,-0.588135897952215,5.17893555407415,-2.3335248663438,0.0238994784592671,0.124634663367019,"KRT10"
"2451",3860,0.228238238032165,-0.0598191399536789,0.482184014385425,0.631888319504214,0.803341032542847,"KRT13"
"2452",3861,0.0929903471234363,1.64477755311479,0.31004019085782,0.757885733210187,0.880375213937194,"KRT14"
"2453",3866,0.599782139731923,0.931491588529364,1.58814215020749,0.118884938283847,0.326494743260068,"KRT15"
"2454",386617,-0.223071771923569,-2.93583696316978,-1.22943118574872,0.224961584193674,0.469345412569943,"KCTD8"
"2455",3868,0.0233107532586212,0.300183106037447,0.0485802552285404,0.961457368536424,0.981281231805217,"KRT16"
"2456",387104,-0.260579360649778,-0.205863413568446,-2.58324376400778,0.0129218342282887,0.0837531346285491,"MTCL3"
"2457",3872,0.920734247586539,1.00996494921425,2.73912804244827,0.00864651730068685,0.064759843228818,"KRT17"
"2458",387263,0.521067372578177,-3.21552053196326,2.1540934963942,0.0363330977238386,0.158389597889859,"C6orf120"
"2459",387338,-0.163935493307642,-0.497968674827131,-1.86334739119148,0.0685982301942113,0.231974931233054,"NSUN4"
"2460",3875,0.497576890508071,6.98681151662564,2.66318185511906,0.0105334587326441,0.0726453592145725,"KRT18"
"2461",387522,0.252912593315065,3.19672260518986,2.1834988341433,0.0339688880466027,0.152190536372297,"PEDS1-UBE2V1"
"2462",387680,-0.00802477555167447,0.683105764070604,-0.0713324124556168,0.943432503279141,0.975606058439122,"WASHC2A"
"2463",387787,-0.254600902757794,-0.112714891261242,-2.53150416198391,0.0147211455801786,0.0905394705121603,"LIPT2"
"2464",387882,0.351722913863662,-0.14979659171667,1.68227854663712,0.0990741212447094,0.292223429216735,"C12orf75"
"2465",387921,0.179007499901824,-0.0819462861284803,1.82566457482584,0.0741869115171642,0.2409197368531,"NHLRC3"
"2466",388,-0.102527104049138,-0.258534056470164,-0.697717008185297,0.488753405452958,0.706134912345099,"RHOB"
"2467",3880,1.06555289016016,5.1681072424913,3.28679477575716,0.00190967083780167,0.0267514525461453,"KRT19"
"2468",388115,0.0515459200102595,-3.39998172036226,0.167080220037525,0.86801573707559,0.937619720744234,"CCDC9B"
"2469",388125,-0.12314916188607,0.227920268032997,-0.533070088146693,0.596468877402448,0.783007123274057,"C2CD4B"
"2470",388419,0.47315383433426,-4.00021019425213,1.58572233543803,0.119433680967939,0.327415781054582,"BTBD17"
"2471",388552,0.119824132178954,-0.595519280990371,1.05716171417848,0.29578133179721,0.549820052868345,"BLOC1S3"
"2472",388564,0.552977361413251,-1.70705511819871,2.89587522504923,0.00569771491430168,0.0516581597400055,"TMEM238"
"2473",388588,0.195790681637982,-1.04848055389353,1.4148505854786,0.163630549976046,0.389439439997275,"SMIM1"
"2474",388662,-0.489645736474645,0.118333881100455,-3.28823373205307,0.00190175392892097,0.0267514525461453,"SLC6A17"
"2475",388695,-0.150757533878756,-2.25248973665716,-0.944884303554207,0.349496627975494,0.602065672033434,"LYSMD1"
"2476",388697,-0.289344879537658,-0.284296795347322,-1.29777113168112,0.200628931490055,0.435915179287065,"HRNR"
"2477",388698,-0.552846149330055,-1.34623452571164,-1.68370421769422,0.0987963581857526,0.291684486072222,"FLG2"
"2478",388753,0.252618497460341,-1.85097594878039,1.36339504367124,0.179181385931124,0.409705781374109,"COA6"
"2479",389,0.405984801942356,-0.733757774076011,2.66549414115475,0.010470825633053,0.0722946318736548,"RHOC"
"2480",3890,0.365333616374555,-0.215351993889394,1.26017713255593,0.2137574508165,0.453994198308538,"KRT84"
"2481",389203,0.102898302567097,1.27876327501421,0.660284735432816,0.512258457147061,0.72278498043107,"SMIM20"
"2482",389337,0.267021762507447,-1.40427629636966,2.0010010047792,0.0511206859194066,0.197038531425784,"ARHGEF37"
"2483",389362,0.0813716111371936,-2.97714518110397,0.468963674087859,0.641239566149705,0.809695218479097,"PSMG4"
"2484",3895,0.108725616643576,2.00890321669594,0.980714993123634,0.331699003704567,0.585017327173107,"KTN1"
"2485",389541,0.125923817423331,0.924743535816212,0.931819474384825,0.35613901156389,0.607048390163609,"LAMTOR4"
"2486",3897,-0.263185781845359,-1.90391583446983,-1.6036953861708,0.115406430221061,0.320237191996777,"L1CAM"
"2487",3898,0.792073611525804,0.464674150187196,2.97116538705314,0.00464246322235302,0.0452256705351598,"LAD1"
"2488",389813,-0.0513784809450377,-0.90084885358586,-0.397133668668646,0.693046627322913,0.843696985027378,"AJM1"
"2489",389840,0.220225389242324,-4.00824173103928,0.93279384378184,0.35564080886904,0.606536061360981,"MAP3K15"
"2490",39,0.293984753329404,0.329758944770571,3.60669400811221,0.000742259028623397,0.0155512741818017,"ACAT2"
"2491",390637,-0.0740756882870819,-0.829624675994571,-0.766308759107492,0.44728186434114,0.675213006228705,"GDPGP1"
"2492",3908,0.132083781333125,0.542686936509943,0.743896955767591,0.460600610777571,0.684709747869395,"LAMA2"
"2493",390916,-0.00988120754227695,0.690232822427779,-0.083045681740243,0.934163978073416,0.970141511380641,"NUDT19"
"2494",3910,0.220571776887225,-2.41085722194083,0.629866679061087,0.531798182787765,0.737333915959182,"LAMA4"
"2495",3911,0.190545455301515,0.123852354536466,1.04855572526824,0.299685285145538,0.554056710910635,"LAMA5"
"2496",3912,0.226149414282172,0.406475669244214,1.59929290624678,0.116382571609422,0.322072238295144,"LAMB1"
"2497",3913,0.391894974147286,-0.416762871634827,1.54072749462569,0.130014961257351,0.343490272268068,"LAMB2"
"2498",391356,0.198022496463645,-0.0297579100471411,1.03895578795508,0.304081796106865,0.557816516588146,"PTRHD1"
"2499",3914,0.80088655421839,-2.96723781086454,1.52377970853961,0.134190180392938,0.349452408677069,"LAMB3"
"2500",3915,0.317404934572202,0.601003060522652,1.81543325492329,0.0757689843613904,0.244006451959893,"LAMC1"
"2501",3916,-0.0558826576409919,4.73833396152887,-0.404357456088736,0.687763716898888,0.841005913609717,"LAMP1"
"2502",3918,0.420217708311198,0.143160876810929,2.39803728473275,0.0204602573314768,0.113241712804874,"LAMC2"
"2503",392,-0.000852627309476439,3.30174676206853,-0.00860509672763009,0.993170227412949,0.997698204602403,"ARHGAP1"
"2504",3920,-0.178659879904385,3.43489833943421,-1.64800880139022,0.105946606664074,0.305448695023056,"LAMP2"
"2505",3921,0.0753635253004505,4.49584327368756,1.01126558283219,0.317009791534349,0.570617624761829,"RPSA"
"2506",3925,0.47502582311018,0.919966746481227,2.80872328228225,0.00719619753904556,0.0584262704955842,"STMN1"
"2507",3927,0.201389818309432,2.99907536808033,2.85559553388533,0.00635006178962988,0.0545891866453056,"LASP1"
"2508",3930,0.175342627645458,0.678224180699203,1.69073449598701,0.0974360163997085,0.288867159430071,"LBR"
"2509",3933,-0.33851543091509,-1.97352177007872,-1.39490980594307,0.169527791571465,0.39714451925361,"LCN1"
"2510",3934,1.74952825597168,0.0360223276832766,3.3225238950004,0.00172204395468252,0.0254632291627887,"LCN2"
"2511",3936,0.567865465332278,0.153663198749991,3.33577459154328,0.00165701267797965,0.0249895573401235,"LCP1"
"2512",3939,0.884276651285783,4.84787717620287,4.82392530187096,1.49081199064146e-05,0.00194693702096964,"LDHA"
"2513",3945,0.168333513719492,3.96674887907049,1.27971552526801,0.206856535436566,0.445191239309132,"LDHB"
"2514",3949,0.162365537508611,-0.603043132212001,0.981547297792475,0.331292894262644,0.584710611242327,"LDLR"
"2515",3956,0.343175237557219,2.03711784868218,1.45737088371493,0.151589606825846,0.373827644313798,"LGALS1"
"2516",3957,0.611659305009113,-1.37101685359229,1.94629808787731,0.0575435726690719,0.209989565423759,"LGALS2"
"2517",3958,0.845443173068936,1.31391432568603,3.70142674430908,0.00055672294413001,0.0132226980200379,"LGALS3"
"2518",3959,0.0901658916908277,3.33021016821105,0.627064048615991,0.533617937086783,0.738855605197084,"LGALS3BP"
"2519",3960,1.03117995668046,1.73815041970627,2.5045651396325,0.0157455875922334,0.0948443735437962,"LGALS4"
"2520",3963,0.00172580130002964,-0.871275142462866,0.00333582849904114,0.99735236050189,0.99849107629434,"LGALS7"
"2521",3964,0.242311234621848,-0.848883902960548,2.04141447770858,0.0467823434131182,0.186041974847673,"LGALS8"
"2522",3965,1.00496189672105,-0.544525294742321,3.9849966501746,0.000230896985735482,0.00815271543224326,"LGALS9"
"2523",397,-0.148395041909085,2.26104951690189,-0.720386696235863,0.474814975308733,0.695524877167498,"ARHGDIB"
"2524",3978,0.12785482207696,-2.62011468453465,0.400038650709414,0.69092028184981,0.842779946342237,"LIG1"
"2525",3981,-0.0643174243267784,-0.6191026706961,-0.513354977461636,0.610081105718567,0.790349900147861,"LIG4"
"2526",3983,0.144644176987186,1.78401050274458,1.58959018737951,0.118557542485093,0.326364247933694,"ABLIM1"
"2527",3985,0.164102220008187,-0.895812069693843,1.29474644776859,0.201662225194344,0.437121625220793,"LIMK2"
"2528",3988,0.103149497362269,0.204936285445488,0.606807219699106,0.54686659369682,0.748458713868592,"LIPA"
"2529",3992,0.181003753458276,-2.18764167488858,0.820223303428344,0.416183319680815,0.651961759961933,"FADS1"
"2530",3993,0.276654028806098,1.09027264210446,3.25713664224496,0.00207996560686041,0.0278386982598919,"LLGL2"
"2531",399512,-0.0235555439910368,-0.679421263328792,-0.193357113136495,0.847503214670251,0.926720575003362,"SLC25A35"
"2532",3996,0.0722802233302541,-1.21711354439529,0.913286599216798,0.365701357285151,0.616330294073657,"LLGL1"
"2533",399664,0.247787367295109,-2.32701717477144,1.01037843194817,0.317430047106656,0.571057964899185,"MEX3D"
"2534",399665,-0.100633442050852,-1.20588545947556,-0.66364930772168,0.510121110818437,0.720792674540416,"EEIG1"
"2535",399818,0.104098377439671,-2.6540402790265,0.40344922444985,0.688427069223206,0.841141604948081,"EEF1AKMT2"
"2536",399909,0.219354450042373,-3.99038424833004,1.10663598433333,0.27402080872847,0.528579422996652,"PCNX3"
"2537",4000,0.190370565819893,5.75521928528745,2.16810111706791,0.0351893986930118,0.15539030876094,"LMNA"
"2538",400451,-0.024631410166152,-0.794218262860516,-0.176494813757337,0.860655107817101,0.933375900916702,"FAM174B"
"2539",400506,0.0237033040995387,-1.66791158951032,0.146823875512466,0.883892038494378,0.944521123307537,"KNOP1"
"2540",400569,0.269263092754653,-3.83000900637585,1.32835684640295,0.190403327093798,0.422209371131647,"MED11"
"2541",400673,-0.110835570404702,-0.778416641889297,-0.790386698806408,0.433227887231944,0.664954431565309,"VMAC"
"2542",4008,0.322731889952919,1.3657457952288,2.7869349557244,0.00762406099691188,0.0602734216903159,"LMO7"
"2543",4012,-0.17790090857203,1.21022041085821,-2.58704389093334,0.0127979362533992,0.0832136999188184,"LNPEP"
"2544",4013,0.121118191271087,3.06046291507437,0.995067104442041,0.324742605015993,0.578262288827433,"VWA5A"
"2545",401409,0.115417855115568,-0.184191596312757,1.43678496947716,0.1573293245027,0.381845549148902,"RAB19"
"2546",401505,-0.204476028353897,-0.406900339555455,-0.913292597859358,0.365698235664059,0.616330294073657,"TOMM5"
"2547",401548,-0.0806864838081567,-1.72189237073887,-0.695247759649634,0.490285248334726,0.706862344860802,"SNX30"
"2548",401612,-0.376042395455299,-0.118568071439604,-2.8288441900785,0.00682092949141999,0.0568193476444976,"SLC25A53"
"2549",401647,-0.0978177943796072,-0.875137268546453,-0.669071652398296,0.506686718083168,0.71930709763568,"GOLGA7B"
"2550",402,-0.0332079359090592,0.679712702048851,-0.35790969518106,0.721995473166218,0.859171813550649,"ARL2"
"2551",4026,0.322827478143624,1.33186572718992,3.34867987545497,0.0015959219597759,0.0244283515937767,"LPP"
"2552",403,0.0768907880612519,2.79317084623857,0.821324983216285,0.415561883395019,0.651541472693372,"ARL3"
"2553",403313,0.141500793461617,-1.95481462087561,1.17464305392743,0.245989003845079,0.496344676397468,"PLPP6"
"2554",4035,0.168286692162896,0.114987603914422,1.13973109813195,0.260109443865469,0.512536682647271,"LRP1"
"2555",404037,-0.0695896798292359,-0.759184510427225,-0.443457838060064,0.659446701021487,0.821016333495782,"HAPLN4"
"2556",404093,0.161953660042243,-2.12200027852097,1.08576325336923,0.283059877819319,0.538121383062466,"CUEDC1"
"2557",4043,0.121016096874402,1.46133212730174,0.892903966337429,0.376407223399183,0.6249666836496,"LRPAP1"
"2558",4045,-0.107032631030926,0.790944957063286,-0.585775596878059,0.560797618050405,0.756876246399847,"LSAMP"
"2559",404636,-0.0718911521377706,0.90105107812189,-0.79483783269494,0.430658973361516,0.663833445126315,"DENND10"
"2560",4047,-0.00350294853048672,1.19659578920601,-0.0380944713577284,0.969771912451934,0.98550662228973,"LSS"
"2561",404734,0.156604003047519,-0.741195914141934,1.71533123230482,0.0927976766864816,0.278665430284552,"ANKHD1-EIF4EBP3"
"2562",405,0.292541430962722,-2.99824409992349,0.753052123819823,0.455132470954792,0.680536688604266,"ARNT"
"2563",4054,-0.124666940808253,1.88750306138178,-0.736342587126663,0.465141044399791,0.687770624662633,"LTBP3"
"2564",4057,0.138789476983724,-1.92388004600881,0.711952225393884,0.479974439961652,0.699616032411451,"LTF"
"2565",4059,0.107650677279916,1.58014378856342,0.690288273856221,0.493369987855957,0.709371043677645,"BCAM"
"2566",4060,-0.0950587989088439,0.358392588189247,-0.44100946077975,0.661205685820442,0.821567621810525,"LUM"
"2567",4067,0.444875080762242,-0.56876906371653,2.98403155140443,0.00448151455612639,0.0446539337387375,"LYN"
"2568",4069,0.393931820693768,0.466919145051113,1.90778464572433,0.0624705091455424,0.219156377434798,"LYZ"
"2569",4070,1.02465455483997,0.331608988270851,3.13114780034141,0.00297666687426065,0.033950132349399,"TACSTD2"
"2570",4072,0.063386912681189,1.84549932869438,0.739694085415104,0.463123517261872,0.686630953853471,"EPCAM"
"2571",4074,-0.0741530469377216,1.4908315062435,-1.02849955667131,0.308920526870352,0.561855859334467,"M6PR"
"2572",4076,0.00775848955862513,2.38829388974707,0.0964884934278694,0.923538308631388,0.965538773357087,"CAPRIN1"
"2573",4077,0.0586541653237496,-1.10385648332483,0.411659680479544,0.682439379569156,0.837260226223362,"NBR1"
"2574",408,0.546295069599575,0.291276243021691,3.48948312631208,0.00105447527785865,0.0189805550014558,"ARRB1"
"2575",4082,0.564174193158532,1.86763727833402,4.31232867246013,8.09942716848538e-05,0.00439949415576666,"MARCKS"
"2576",4085,-0.0995797161957159,-1.2671058706032,-0.821678411589555,0.415362641146733,0.651541472693372,"MAD2L1"
"2577",4086,0.0534111614711706,-0.983563062839862,0.559769822982915,0.57826506873913,0.768714663763254,"SMAD1"
"2578",4087,0.107506848107516,-0.0773832907771617,1.00373187286879,0.320590598381958,0.574535793538236,"SMAD2"
"2579",4088,0.548979568653453,-1.11927361757269,2.01208475917159,0.049897552776245,0.194088199582124,"SMAD3"
"2580",4089,-0.0341565778984021,-0.520813630853399,-0.302423675480413,0.763648615399392,0.883891231627658,"SMAD4"
"2581",409,0.0104306483431309,-1.13659670534778,0.0848083420897608,0.932769977526753,0.969487356637592,"ARRB2"
"2582",4097,-0.0281613915241972,-1.47095183001126,-0.207164655040466,0.836766264802517,0.919891339730523,"MAFG"
"2583",410,0.512060731204272,2.00974667846474,2.75733941437267,0.00824296378881924,0.062654140517578,"ARSA"
"2584",411,0.110493553237104,0.0842744295745357,0.666182207662197,0.508515265955015,0.720015386950838,"ARSB"
"2585",412,0.53155428204621,-0.64011055404102,2.92789665180351,0.00522419903343668,0.0485115486644997,"STS"
"2586",4121,-0.064950709204707,3.00971530826908,-0.528703714439798,0.599471305239642,0.785726002895777,"MAN1A1"
"2587",4122,-0.208003114500321,-0.561858154855415,-1.98993491641434,0.0523676221604424,0.1997686976781,"MAN2A2"
"2588",4123,-0.0732684537233781,0.455935546886475,-0.382305236760727,0.703939113199825,0.849376504191179,"MAN2C1"
"2589",4125,0.254416238266421,0.743898710169981,2.42307706643725,0.0192500506361069,0.108900286455691,"MAN2B1"
"2590",4126,0.278368862657159,-1.09642540824,2.51737877726205,0.0152504988622143,0.0926807544715557,"MANBA"
"2591",4128,0.350532364100673,3.93387946103173,3.26876661308342,0.00201154168932923,0.0271956891830458,"MAOA"
"2592",4129,0.449924874079738,3.72515236865173,3.41395261123071,0.00131833485718036,0.0216942073816972,"MAOB"
"2593",4130,-0.521326449592345,1.09529396032067,-4.03736149369895,0.000195689787311507,0.00755436424225175,"MAP1A"
"2594",4131,-0.390660653694854,2.77122552515558,-2.69708991537603,0.00964855899769588,0.068487711977199,"MAP1B"
"2595",4133,-0.306197039741509,2.30726519245944,-1.94769916612919,0.0573708013501492,0.209679279582874,"MAP2"
"2596",4134,0.27981000824251,2.54140751324247,2.28377653277472,0.0268956863203433,0.132036971703516,"MAP4"
"2597",4135,-0.343272011053648,-1.02931570219084,-2.47216556926809,0.0170631340761873,0.100512012437272,"MAP6"
"2598",4137,-0.502412427210004,0.938850809512889,-3.02232101207013,0.00403285794721385,0.0415330236241587,"MAPT"
"2599",4139,0.233841325735771,-1.33758920124795,2.30500310345716,0.0255785521801635,0.128689469903151,"MARK1"
"2600",414,0.123782129973707,-0.841612833394364,0.864912631219853,0.391431125245278,0.636282904331439,"ARSD"
"2601",4143,0.130389720897739,-0.305429984925536,0.972490309392894,0.335729947595978,0.589785466040101,"MAT1A"
"2602",414328,0.210981287665102,-1.75714121193502,1.03315956542822,0.306757607459238,0.560702308185499,"IDNK"
"2603",4144,0.171960066790804,1.97539594498014,1.57676102151543,0.121483696268038,0.330087174720326,"MAT2A"
"2604",4147,0.180549904788433,-1.11893359135594,1.44210635673097,0.155829581712326,0.380008729658425,"MATN2"
"2605",4149,0.207345949246465,-1.65575941031205,1.42503359201453,0.160681214309711,0.386163388188335,"MAX"
"2606",414919,-0.221260763709957,0.757200178641534,-2.54961414609906,0.0140669221839676,0.0884659511938452,"C8orf82"
"2607",415,0.61992722229478,0.23543427824506,3.23755768865589,0.00220015535989425,0.0284906194072381,"ARSL"
"2608",4150,0.064114533509632,-1.13615994581303,0.492581366313334,0.624576228339659,0.797347938758075,"MAZ"
"2609",4152,0.199732196823082,-0.836627328723492,1.8165773804769,0.0755906686651905,0.243810571083503,"MBD1"
"2610",4154,-0.130044373200305,2.7508667854506,-1.58647676600243,0.119262379100168,0.327092262250594,"MBNL1"
"2611",4155,-0.285207138882011,-0.821360991826416,-1.6456539409923,0.106432840523254,0.306275093826411,"MBP"
"2612",4162,-0.186349486750602,-0.301872612728399,-0.958406613123432,0.34270766677198,0.595124358675734,"MCAM"
"2613",4163,-0.0287704887707632,0.470301641977424,-0.296214794638358,0.768356473637494,0.88619618676494,"MCC"
"2614",4170,-0.0418358316679757,-1.79158592772613,-0.231403537953912,0.817994619426381,0.908751307518394,"MCL1"
"2615",4171,-0.315156012105142,-2.01484280564146,-1.19912211864184,0.236424429825565,0.483241142280824,"MCM2"
"2616",4172,-0.199298068548326,-1.96688963063966,-1.15612808386606,0.253406986069912,0.504185439383183,"MCM3"
"2617",4173,0.0329294467060399,-2.77000870096857,0.118673380522891,0.90603426237667,0.955823250748798,"MCM4"
"2618",4174,-0.145258093180561,-2.13625277943635,-0.790698562918575,0.433047601473814,0.66484396644479,"MCM5"
"2619",4175,-0.368336436600245,-0.905491820514758,-1.99671184573663,0.0516009151568497,0.197706877173997,"MCM6"
"2620",4179,-0.116986334070797,-0.492613938624005,-0.878158464030061,0.384275353800244,0.629821661315326,"CD46"
"2621",4189,0.43254053641112,0.0753183877349538,1.44378967570816,0.155357504220255,0.379460549504148,"DNAJB9"
"2622",4192,1.02720152456085,-2.12447232186681,5.68046061350455,7.90679909437995e-07,0.000373322560317724,"MDK"
"2623",4199,-0.402144764053453,2.24574883405147,-3.65203084251745,0.000647077081571008,0.0144954712652659,"ME1"
"2624",4200,-0.264315231202895,2.64845419455376,-3.55147243947267,0.000876367568759315,0.0171310322835818,"ME2"
"2625",4204,-0.112768672088236,2.84334452892353,-1.12855132515327,0.264751309385491,0.518686095438285,"MECP2"
"2626",4205,0.0604246661517027,-1.76625492734715,0.433092858071006,0.666906383430711,0.825463073502259,"MEF2A"
"2627",4209,0.0717997333748309,-0.326815837437583,0.923506542630208,0.360407924275445,0.611438319293168,"MEF2D"
"2628",421,-0.175158253033459,0.508209925404471,-1.10526780001136,0.274607006263075,0.52924202937658,"ARVCF"
"2629",4211,0.204759745752254,-0.0380424120230053,1.57453247673196,0.121997888816687,0.331044669123265,"MEIS1"
"2630",4214,-0.140222051924748,-0.33259503749777,-0.727172049454304,0.470687198976638,0.692046054533356,"MAP3K1"
"2631",4216,0.0626504444840344,-0.137753517589775,0.804052331492359,0.425370015930634,0.65927608800171,"MAP3K4"
"2632",4217,-0.0502036521213363,-2.23486494310654,-0.291208429253531,0.772158969683983,0.886884684865324,"MAP3K5"
"2633",4221,0.11402214251525,-0.833166607998352,1.274034775653,0.208845540963639,0.447190381241219,"MEN1"
"2634",4232,-0.246964276751656,-0.202380066261047,-1.69257751143992,0.0970819639715274,0.288069238705334,"MEST"
"2635",4234,0.329546989899682,-1.60434630700547,2.32469452622808,0.0244084678618154,0.126284703069127,"METTL1"
"2636",4236,0.14009661856742,0.227263434970906,1.99693566387771,0.0515757597080095,0.197706877173997,"MFAP1"
"2637",4240,0.22848307499282,0.141259802988068,1.2141314381407,0.230695709293458,0.475663772696529,"MFGE8"
"2638",4245,-0.0369787859033657,0.42741656504293,-0.403891448937462,0.688104047297024,0.841141604948081,"MGAT1"
"2639",4247,-0.122644696579406,-0.322950036608845,-1.31992250020069,0.193182800019779,0.425154545185157,"MGAT2"
"2640",4249,0.0166677763975795,-1.72907459468882,0.193124164769643,0.847684615629916,0.926720575003362,"MGAT5"
"2641",4255,0.161954663459911,-2.70308610279186,0.687371994060784,0.495188873733832,0.710943006853392,"MGMT"
"2642",4256,0.744748352072538,-1.6981258374644,3.1681741795452,0.00268106253688903,0.031669839498467,"MGP"
"2643",4257,0.647941370869658,-0.782241137605283,2.91571073402503,0.00539990257388044,0.0494101485997331,"MGST1"
"2644",4258,0.0968305982716435,4.49194950444044,1.0785941797818,0.286212069762538,0.540503084479706,"MGST2"
"2645",4259,-0.00197545788491782,3.52786295348094,-0.0185820336864814,0.985252320735656,0.994101832766249,"MGST3"
"2646",4267,-0.269927105726839,2.2913366375783,-0.856454118101978,0.396044032370309,0.638825062696193,"CD99"
"2647",427,0.115646383728483,3.40184144874848,1.09771406408502,0.277859303108882,0.532761711301083,"ASAH1"
"2648",4281,0.294432182741408,-1.11599829114023,1.98909996802049,0.0524627605771506,0.1997686976781,"MID1"
"2649",4282,0.248289639517613,6.25716940419661,1.62734133663564,0.110276623582969,0.311638082666788,"MIF"
"2650",4292,0.0109935636879126,-1.16580406067855,0.123683506077243,0.902087428086289,0.954163817610485,"MLH1"
"2651",4296,0.276343635018459,-0.666764875695191,2.03589284236482,0.0473555784953628,0.18785670969314,"MAP3K11"
"2652",4297,0.0378861480909429,-2.22993392560397,0.294604000605087,0.769579301316692,0.886344245168433,"KMT2A"
"2653",4300,0.00472083467720452,-2.12773284446967,0.0374447500072518,0.970287220359837,0.985703899134174,"MLLT3"
"2654",4301,0.233414674127071,1.57560436914653,2.87498571992118,0.00602782319871349,0.0529310140110206,"AFDN"
"2655",4313,-0.120132154349954,-2.95109670720848,-0.58381598340427,0.562104613533284,0.757452934767793,"MMP2"
"2656",4329,-0.101306082067024,2.30269735230206,-0.861617325557923,0.393224227542575,0.63721389191723,"ALDH6A1"
"2657",4331,0.0842987009874374,-2.10286087492808,0.498530835782374,0.620409205792453,0.796274302412765,"MNAT1"
"2658",4332,0.389621171824046,-3.85438553857745,1.5540991195468,0.126794718375044,0.337642508193501,"MNDA"
"2659",4335,-0.224763973714484,-3.00277281087664,-1.07026114896972,0.289906694614623,0.544506515160513,"MNT"
"2660",4337,0.158347612122961,-2.62785336919913,0.862207925992954,0.392902482052613,0.63721389191723,"MOCS1"
"2661",4338,-0.0688752769306359,-0.430952764013679,-0.756055301381109,0.453346999960604,0.679121452489004,"MOCS2"
"2662",4343,0.355678985164332,0.0758133563096049,3.82199480383394,0.000384233326076934,0.0106716025133947,"MOV10"
"2663",4345,-0.27574339838067,0.43815769401798,-1.24413020610881,0.219552210276504,0.461668882040829,"CD200"
"2664",435,-0.0139613359827113,1.09022416608686,-0.182991272228462,0.85558320165092,0.931005043441571,"ASL"
"2665",4350,0.15447423838356,-0.479735794838469,1.49457107167381,0.141636310969447,0.359092803275699,"MPG"
"2666",4351,0.177818651706704,1.36897577647449,1.77591549283096,0.0821487237157179,0.256791215369806,"MPI"
"2667",4353,-0.0135261781013956,-2.14676324802299,-0.0734790243277678,0.941733293100277,0.974601853430509,"MPO"
"2668",4354,-0.559766736232936,0.787535307761782,-4.83693233681986,1.42697956499274e-05,0.00190408708041858,"MPP1"
"2669",4355,-0.5170334982801,-0.0284383837363777,-3.55261936038986,0.000873360267996287,0.0171267901755949,"MPP2"
"2670",4357,0.40944407654182,1.09653812176179,2.43666273561779,0.0186207979904268,0.106518600247195,"MPST"
"2671",4358,0.178453189533776,-0.865086208527629,0.914031704805271,0.365313744662437,0.616150611739683,"MPV17"
"2672",4363,0.0515337516395389,-0.453021574784043,0.496338234205683,0.621943456468111,0.796355004564666,"ABCC1"
"2673",439921,-0.178830950810693,0.700861685556382,-0.84311609202775,0.403386501776914,0.642799863673814,"MXRA7"
"2674",440,-0.227222189290292,1.36532788191511,-1.82795472276835,0.0738366256671271,0.240174461232022,"ASNS"
"2675",440026,-0.00677278941311957,-0.129850357109265,-0.0868219080968359,0.931177808706343,0.969069072539765,"TMEM41B"
"2676",440073,0.0422936125093361,-2.80667681764807,0.242203240886619,0.809664712043082,0.904383176055764,"IQSEC3"
"2677",440275,0.0875194148799148,-1.58955346791305,0.893065269615239,0.376321723635176,0.6249666836496,"EIF2AK4"
"2678",440387,-0.137757084696607,2.58463229941684,-0.250693005641219,0.80313201244631,0.900387998611042,"CTRB2"
"2679",440574,0.151896357180192,-1.34320230250567,0.906444773951244,0.369272928437536,0.618902029603431,"MICOS10"
"2680",440689,0.308588208991763,-2.22510204820591,1.76730616277469,0.083596699746584,0.259687689856567,"H2BC18"
"2681",440957,0.0790762130855549,-0.581926733059175,0.759724168990091,0.451171302922467,0.678081591614221,"UQCC5"
"2682",441381,0.195442117270928,-3.26045579797803,0.785651190252292,0.4359709411624,0.667162711756372,"LRRC24"
"2683",441549,0.124139196755489,-1.6123726818955,0.757763301145166,0.452333369578663,0.678500054367995,"CDNF"
"2684",441869,-0.101610485672825,-2.44210415141381,-0.636098335314859,0.52776361330607,0.734236568582557,"ANKRD65"
"2685",443,0.0791256703616072,-1.92366894953246,0.338803024869533,0.736250357820896,0.867740742817297,"ASPA"
"2686",4430,0.00173957783551515,2.97403208117301,0.0222563669967187,0.982336627581696,0.992348038081815,"MYO1B"
"2687",444,0.221347866845198,0.978225536179912,2.46091432601435,0.0175435186815313,0.102456819854652,"ASPH"
"2688",4440,-0.543055541303392,-3.34114368036704,-2.36693094105101,0.0220587784021779,0.11826471205285,"MSI1"
"2689",445,0.723407751503471,2.36004914846123,3.63650510483176,0.000678272392641538,0.0147632480355807,"ASS1"
"2690",445329,-0.417956904874635,-1.93643499401707,-1.46779882752121,0.148745568083872,0.370110886349965,"SULT1A4"
"2691",445815,-0.24750633478282,0.412780353932845,-2.12135406724108,0.0391344838057589,0.166810737222047,"PALM2AKAP2"
"2692",4478,0.305499100716411,5.73120512224304,2.70753945338635,0.00938996020069179,0.0676473893331528,"MSN"
"2693",4482,0.0717474845888282,-0.319756126211895,0.72096625730749,0.474461608120716,0.695378545999272,"MSRA"
"2694",448834,-0.313982609958896,-0.88629769316383,-1.26654070147733,0.211491274196559,0.450740778131417,"KPRP"
"2695",4507,0.0683392236836146,0.92380540030811,0.852888116066038,0.39799888601208,0.639172465290986,"MTAP"
"2696",4508,-0.152976283490914,2.85621366342055,-0.980379744661094,0.331862676469309,0.585017327173107,"ATP6"
"2697",4509,0.336050027704755,-0.143723346716399,1.44588311107532,0.154771975501603,0.378633075180884,"ATP8"
"2698",4512,-0.234198987028294,1.13580250321772,-1.21390902655643,0.230779849314152,0.475663772696529,"COX1"
"2699",4513,0.0764808229980112,4.20276654320022,0.606338577884285,0.547175079419051,0.748496012781717,"COX2"
"2700",4514,-0.0426359963944378,0.906547584606657,-0.433270329041679,0.666778368375736,0.825463073502259,"COX3"
"2701",4521,0.238438687059884,-4.10340300142687,1.29490549914055,0.201607790455499,0.437121625220793,"NUDT1"
"2702",4522,0.0785149711121464,2.26909937545712,0.995454581157916,0.324556164874653,0.578262288827433,"MTHFD1"
"2703",4524,0.128703574539003,-0.542103058231354,1.39240650337096,0.170279588683716,0.397707806446214,"MTHFR"
"2704",4528,-0.148656447912064,-0.269863110133013,-2.5537601371893,0.0139209214745143,0.0878680668309962,"MTIF2"
"2705",4534,0.207395555519333,-1.24015772301982,2.2856964448276,0.0267741156993383,0.1317597915011,"MTM1"
"2706",4535,-0.140604700111127,-1.09451175677123,-1.01570104451692,0.3149143015029,0.568494678859149,"ND1"
"2707",4536,-0.0483890217374991,0.0497674993689214,-0.235261018695473,0.815016821031251,0.907249410135985,"ND2"
"2708",4537,0.240263736982564,-2.68342020461465,0.997602923293568,0.323523763000262,0.577264202702211,"ND3"
"2709",4538,-0.264999505384063,2.45263339001308,-3.01277991606385,0.00414054588755174,0.0421470491837357,"ND4"
"2710",4540,-0.0525102684276845,0.91737689228055,-0.598461108405229,0.552373723779396,0.751600513535343,"ND5"
"2711",4552,0.110502875918203,-1.50924537352153,1.09307268951707,0.279871040652642,0.535155279603089,"MTRR"
"2712",4582,0.999062368639144,-1.4062746556211,2.75656318543125,0.00825980368586332,0.062654140517578,"MUC1"
"2713",4594,-0.0739061327117192,1.84111655035253,-0.837487553561252,0.40651004720884,0.645912158883733,"MMUT"
"2714",4597,0.0161181014254732,1.0291365800268,0.204152962887178,0.839105602699849,0.921529824543151,"MVD"
"2715",4598,0.118502118870079,-0.68578981978142,1.04771225673708,0.300069809161426,0.554600568694017,"MVK"
"2716",4599,0.671565267287926,-0.189967298651782,2.83023839096248,0.00679561067061801,0.0568193476444976,"MX1"
"2717",4600,0.446694684711887,-1.73775834490849,2.22590546056105,0.0307984535876439,0.143218413968629,"MX2"
"2718",462,-1.25866649345232,2.28292106181507,-2.54508785587574,0.0142279058054529,0.0890223097185219,"SERPINC1"
"2719",4627,0.327481657470884,4.78341683293977,2.65848962453666,0.0106616154898325,0.0733643451531299,"MYH9"
"2720",4628,0.102337340024917,3.12999509743833,1.09915438219813,0.277237088117005,0.532040002726891,"MYH10"
"2721",4629,-0.282039055298825,0.0743101513333837,-0.781105910692901,0.438613497958961,0.669038183516924,"MYH11"
"2722",463,0.458758853090301,-4.18831471846345,2.09042500060215,0.0419530006336934,0.174741497942322,"ZFHX3"
"2723",4637,0.532972837705346,5.09633096631888,3.92695694994348,0.000277083400019249,0.00881211351978315,"MYL6"
"2724",4638,-0.274847076227775,2.52648880263602,-1.48996499700059,0.142839886549719,0.36046709685208,"MYLK"
"2725",4641,-0.0089895164454199,2.68461902698384,-0.0683000199746664,0.94583332850957,0.976373814617883,"MYO1C"
"2726",4642,-0.0614973515768265,2.85909046622238,-0.678579994578902,0.500694748961823,0.714219331406648,"MYO1D"
"2727",4643,0.273817628261803,-0.339203790359804,2.25656077458171,0.0286726586078218,0.136796488431511,"MYO1E"
"2728",4644,-0.276343448463079,1.11762457053445,-3.58350320448949,0.000795994499374472,0.0162860474572017,"MYO5A"
"2729",4645,0.292212451748795,0.191392454114502,2.51175761401764,0.0154659203269603,0.0936191508549132,"MYO5B"
"2730",4647,0.109632415816001,-1.49005431117395,0.585347395606031,0.561083084054805,0.756907246138108,"MYO7A"
"2731",4650,0.157044509318297,-1.2670108658278,1.21521548732112,0.230285927140282,0.475663772696529,"MYO9B"
"2732",4651,-0.0695736657880952,-0.25095215871351,-0.441959956703077,0.660522592212918,0.821567621810525,"MYO10"
"2733",466,0.0309340324428498,-1.61014903730074,0.206845375607535,0.83701419556777,0.919891339730523,"ATF1"
"2734",4660,0.131412075620597,-2.13195249813143,1.12346025872313,0.266884539996614,0.521533685609428,"PPP1R12B"
"2735",4665,-0.130400124201124,-1.87579349851182,-0.661702961365233,0.511356941231244,0.722040235858609,"NAB2"
"2736",4668,0.044739528815076,2.49786948928288,0.374591483897852,0.709630441805146,0.853286385397442,"NAGA"
"2737",4669,0.194879964983673,0.492689011730424,1.21409614798819,0.230709058329071,0.475663772696529,"NAGLU"
"2738",467,0.0920050360170288,-2.33242650582551,0.469047722831181,0.641179927242613,0.809695218479097,"ATF3"
"2739",4673,0.15986305885291,1.16432241073385,2.60605905964443,0.012194110089212,0.0806545772926543,"NAP1L1"
"2740",4676,-0.0045112966322205,2.53065759076785,-0.0634528543952609,0.949672002635191,0.976373814617883,"NAP1L4"
"2741",4677,0.163378645115004,3.29393298959174,2.20187552562986,0.0325612381426051,0.147716836451818,"NARS1"
"2742",4678,0.157294642479539,1.27838980642483,1.49893135724422,0.140504380969105,0.357633196252693,"NASP"
"2743",4682,0.077381259135175,0.303071897875781,0.712123508202274,0.479869351367757,0.699616032411451,"NUBP1"
"2744",4684,0.121575316172361,0.194280555417581,0.795548934423149,0.430249416722157,0.663535406995125,"NCAM1"
"2745",4691,0.0494987176631954,4.96504142786875,0.599712831193875,0.551545994945935,0.750807122860535,"NCL"
"2746",4692,-0.271807998634998,-1.47775985673787,-1.30451114452561,0.19834075418336,0.432772345904833,"NDN"
"2747",4694,0.117134231679794,-1.30130614005302,0.734555264308234,0.466219031022706,0.688725009005383,"NDUFA1"
"2748",4695,0.077303801832578,1.18477027597119,0.310365223843462,0.757640109548962,0.880375213937194,"NDUFA2"
"2749",4696,0.248918336809834,-0.66474090179357,1.33073405561111,0.189625450805478,0.42186336246612,"NDUFA3"
"2750",4697,0.111607743497616,2.20132783045069,0.748309792461578,0.457960219796297,0.683067978549066,"NDUFA4"
"2751",4698,0.142811592959773,0.608186523108446,0.969883632534954,0.337014251441401,0.590520546773428,"NDUFA5"
"2752",47,-0.562252117567993,4.85871350610989,-4.91915263376701,1.08135208305557e-05,0.0016691237876862,"ACLY"
"2753",4700,-0.0181496128255416,1.61970157325331,-0.199914923072846,0.842399989783179,0.923555068590301,"NDUFA6"
"2754",4701,0.168232460914757,0.414516935002256,0.981868807929711,0.331136107516302,0.584710611242327,"NDUFA7"
"2755",4702,0.0338493203206465,1.66062129973051,0.393660675525845,0.695592014046434,0.845454214300399,"NDUFA8"
"2756",4706,-0.21019665569341,-0.0477019965144699,-1.35305017789677,0.182440547736001,0.412456752119181,"NDUFAB1"
"2757",4707,0.0617020706931936,0.937761848808132,0.235521959611227,0.814815485599003,0.907189815092814,"NDUFB1"
"2758",4708,0.0256800300238924,-1.31351850906372,0.131009396510028,0.896320820140972,0.951507643380368,"NDUFB2"
"2759",4709,-0.0460366312306104,1.95325049088517,-0.455932286753333,0.650515012619143,0.814371027423271,"NDUFB3"
"2760",4710,0.0859687698800116,2.64190181680986,0.901169798470995,0.372041798554736,0.621385730484074,"NDUFB4"
"2761",4711,0.0105647314036863,1.69912283959596,0.141550025634768,0.888033701740766,0.946804040521942,"NDUFB5"
"2762",4712,0.0474744955253112,2.71091108873959,0.465348285742263,0.643807213583521,0.811268461707176,"NDUFB6"
"2763",4713,-0.0684325362843647,1.0024513801111,-0.776286684737494,0.441425671299616,0.670495117653314,"NDUFB7"
"2764",4714,-0.0650081393030046,1.59213771190884,-0.680455373841842,0.499517514101553,0.713624673626514,"NDUFB8"
"2765",4715,-0.0452005531780375,2.3193240690536,-0.571819174258463,0.570139020531331,0.762753554494619,"NDUFB9"
"2766",4717,0.0271553301399127,0.270088123941467,0.243328608972486,0.808797966251716,0.904363477840615,"NDUFC1"
"2767",4718,-0.0249001313247585,1.63648988099549,-0.272152099797086,0.786683830440542,0.892167905965335,"NDUFC2"
"2768",472,-0.104918967893413,0.0766794092875504,-1.37368196393302,0.175984960689528,0.404719253919942,"ATM"
"2769",4724,0.0660134617484354,0.334098069050167,0.66933722510602,0.506518832945907,0.71930709763568,"NDUFS4"
"2770",4725,-0.00779474254967694,2.27303457908549,-0.0712482698070342,0.943499114189415,0.975606058439122,"NDUFS5"
"2771",4726,0.10473912109708,0.43750142521171,0.86816252936378,0.389667755281919,0.634551386056327,"NDUFS6"
"2772",473,-0.0697794114107684,-1.05603636735556,-0.605592888775662,0.547666115952738,0.748680316195525,"RERE"
"2773",4731,0.00870027049505556,-0.332452703503358,0.0494887207681738,0.960737204671682,0.980872415548035,"NDUFV3"
"2774",4733,0.108517381623419,1.1112994503856,1.52157332585148,0.134741525564392,0.350293724656602,"DRG1"
"2775",4736,0.0474544356636706,4.37909598134803,0.664075761239186,0.509850550095208,0.72057625523472,"RPL10A"
"2776",4738,0.389917237897457,0.99113144368307,3.15738437779826,0.0027642171355959,0.0323793220959688,"NEDD8"
"2777",4741,0.094375308136339,-1.67008232196484,0.38284374391669,0.703542427765425,0.849376504191179,"NEFM"
"2778",474383,0.00635525372196222,-0.438482580177531,0.0734780693372076,0.941734048989304,0.974601853430509,"F8A2"
"2779",475,0.345035083955658,-0.631450066202955,1.97413540255488,0.0541933497697648,0.203947750390445,"ATOX1"
"2780",4750,-0.0724583575101326,-0.0812862232655857,-0.942724247729952,0.350589204223002,0.602777741042237,"NEK1"
"2781",4758,-0.0737382781884444,0.829400613648279,-0.628607338509495,0.532615473896293,0.737800446575365,"NEU1"
"2782",476,0.0430071522285891,3.80133632581567,0.537627066217857,0.593342941148028,0.78052699802113,"ATP1A1"
"2783",4763,-0.069547019483037,0.167644965383477,-1.06762996994452,0.291080135649478,0.545943844938776,"NF1"
"2784",4771,-0.515598927959858,0.856130354731564,-1.42827373013349,0.159751504937859,0.385244889571797,"NF2"
"2785",4773,0.253689632749616,-2.84435119397878,0.835367765865171,0.40769026986022,0.646990130615866,"NFATC2"
"2786",4774,0.267569248336675,-1.65956875273873,1.42583044066944,0.160452180205369,0.385956385624674,"NFIA"
"2787",4781,0.200270623762991,-0.780637102005851,1.08384895331607,0.283899197737148,0.538662527267578,"NFIB"
"2788",4784,0.380287547999721,-2.83162898204283,1.8547844247972,0.069835840496369,0.23449255413934,"NFIX"
"2789",4791,0.428505225681413,0.639145093512985,3.33724806030879,0.00164992697387788,0.0249895573401235,"NFKB2"
"2790",4798,0.208564406676789,-2.2069561821783,2.2906184064654,0.0264646858874829,0.13121182712227,"NFRKB"
"2791",4799,0.0468815546029919,-2.42041368875536,0.318773347557109,0.751295030096539,0.876971904802136,"NFX1"
"2792",48,0.136362383648964,2.70462419285475,1.38822882427748,0.171539975164644,0.39895638852443,"ACO1"
"2793",4800,-0.188719873753082,-5.95621743866878,-0.583446160575948,0.562351443001727,0.757452964043143,"NFYA"
"2794",4801,-0.0222712401474912,-0.869921886798174,-0.192845003991068,0.84790201396813,0.926720575003362,"NFYB"
"2795",4802,0.0505298569814572,0.394275383968423,0.572607627339876,0.56960925375704,0.762377147745467,"NFYC"
"2796",4809,0.349541106099127,2.24014710319851,2.72350698226628,0.00900710343452895,0.0659732707412156,"SNU13"
"2797",4811,0.102744142347258,0.077636020817619,0.520579884297894,0.60507616699576,0.787370285830055,"NID1"
"2798",4817,0.21467216346648,1.30739694770237,2.01612658709938,0.0494578635215414,0.193544650380984,"NIT1"
"2799",482,-0.609405895798709,-1.7209386962862,-2.22146259390177,0.0311178601510806,0.144217479480597,"ATP1B2"
"2800",4820,0.425271952909767,-2.86186179312704,2.74260238114504,0.0085681488447859,0.0643712333039117,"NKTR"
"2801",4821,-0.4278634385163,-1.43696300899008,-2.01533948884268,0.0495432239513871,0.193567153509435,"NKX2-2"
"2802",4825,-0.134590184477797,-0.936441477794325,-0.768895484041346,0.445759314823723,0.674075061440751,"NKX6-1"
"2803",483,-0.0704311188537499,1.3336807462807,-0.59084135570881,0.557425980692662,0.754320258111569,"ATP1B3"
"2804",4831,0.0809744211601622,4.10713477910185,0.83332102427468,0.408831820403272,0.647517277819199,"NME2"
"2805",4832,-0.150967814629723,3.58893867804152,-1.81513476135451,0.075815563761353,0.244025133910427,"NME3"
"2806",4835,0.421224942948806,0.881998890951265,1.4912607968744,0.142500475808379,0.360242141891199,"NQO2"
"2807",4837,0.839017884097924,1.8160996684629,3.64899848326799,0.000653059686603033,0.0145177202539198,"NNMT"
"2808",4839,0.198081294332122,0.333818658416675,2.44661473677498,0.0181716936528706,0.104828811692969,"NOP2"
"2809",4846,0.0977027107602051,-0.867955587879543,0.496218813341142,0.622027068784575,0.796355004564666,"NOS3"
"2810",4848,0.0738649592206435,-0.356103907996033,0.816022065942308,0.418558345886294,0.65438388360929,"CNOT2"
"2811",4849,0.109931584173059,0.326804012176402,1.52640882761026,0.13353555119203,0.348783494985822,"CNOT3"
"2812",4850,0.053482592593991,-1.02835837215084,0.738917386018682,0.463590624435425,0.686970194416175,"CNOT4"
"2813",4857,-0.190911838533904,0.442535397377942,-1.41591318102241,0.16332083324767,0.389008639528156,"NOVA1"
"2814",4858,0.105699101883313,0.443564161838839,1.09618158629033,0.278522407429923,0.533407343776869,"NOVA2"
"2815",486,0.0938267114987336,0.00707875002169646,0.466643116392252,0.642887118882848,0.810389557432449,"FXYD2"
"2816",4860,0.224105459828531,2.06657095574282,1.54123210463136,0.129892259524678,0.343490272268068,"PNP"
"2817",4864,-0.109675932889425,0.0473969202072018,-1.32348449750808,0.192005242451457,0.424234243011485,"NPC1"
"2818",4869,0.153068331872634,4.48514069915456,1.84514574381388,0.0712514945273097,0.236923140993306,"NPM1"
"2819",4885,-0.553151915742645,1.99983775294586,-2.88142875620559,0.00592415731458527,0.0524711076434696,"NPTX2"
"2820",489,-0.82997171650445,3.51325128627841,-7.46295164759442,1.52539787668366e-09,2.92477868891126e-06,"ATP2A3"
"2821",4893,-0.1880015935095,-0.519718917900421,-1.2360416309403,0.222516841891959,0.465987163266067,"NRAS"
"2822",4897,-0.062618023519261,0.0227926394840076,-0.399429237219525,0.691366143462811,0.842988754186479,"NRCAM"
"2823",4898,-0.0464409182811873,1.04741786801542,-0.554881138546286,0.581577937268521,0.771576377691255,"NRDC"
"2824",4899,0.03158486997023,0.175040828321959,0.373685901926197,0.710299699853698,0.853286385397442,"NRF1"
"2825",490,-0.0285663375539933,2.18390869670947,-0.371211239464185,0.712129740224581,0.853841855179222,"ATP2B1"
"2826",4904,0.352706041702918,2.42007534086223,3.33391414540273,0.00166600055880694,0.0250635084067573,"YBX1"
"2827",4907,0.402952118562661,-1.13639628529048,2.3026847493993,0.0257195544757237,0.12908145982992,"NT5E"
"2828",4913,-0.161737050874702,-1.85412400301646,-1.10716097195128,0.273796112556245,0.528478156877432,"NTHL1"
"2829",4920,0.272701960522063,-2.48828552853113,1.14583417432794,0.257600094080878,0.509719335096206,"ROR2"
"2830",4924,0.0217913703003489,1.57598770402226,0.203091972256667,0.839930079977506,0.921940420404494,"NUCB1"
"2831",4925,-0.220884616168363,1.42570274654847,-1.30926146133064,0.196739929082111,0.430053306519229,"NUCB2"
"2832",493,0.19798596872298,1.54298466365298,2.78242338495223,0.00771554574091539,0.0606376693440956,"ATP2B4"
"2833",4931,-0.00439401653347193,-2.75448068642479,-0.0283715716266547,0.977484589632328,0.98903256393047,"NVL"
"2834",493856,-0.0926435941835653,2.58836583218367,-0.931203650302705,0.356454121265801,0.607091539179121,"CISD2"
"2835",493869,0.612646569299862,-0.493598944744397,2.79680349916175,0.00742743484567444,0.0595751266483514,"GPX8"
"2836",4940,0.082306762483279,-0.254085038624635,0.612742903018758,0.542967106829053,0.745493816415688,"OAS3"
"2837",494115,0.164584275771014,0.332557888409905,1.93695017211162,0.0587077532483107,0.212469451319653,"RBMXL1"
"2838",4942,-0.2140396036396,2.55871996288862,-2.37081863180396,0.0218530438864658,0.118179721035354,"OAT"
"2839",495,0.219544936091204,-2.74236793785976,1.17102502270771,0.24742607806427,0.497445550985421,"ATP4A"
"2840",4952,-0.00552854692268756,1.90929961478017,-0.0539668341845667,0.957187784311655,0.97985634091143,"OCRL"
"2841",4957,-0.0132085532843407,-1.00629498239045,-0.0940947220328205,0.925429456255526,0.966745209064279,"ODF2"
"2842",4976,-0.255409906854515,2.49888845654772,-3.80202198562012,0.000408721583415505,0.0110293884055041,"OPA1"
"2843",498,-0.0749029838181263,5.85260929857695,-0.958608199894923,0.342607121124219,0.595124358675734,"ATP5F1A"
"2844",49854,0.0622854440257821,-2.8067656622124,0.311711225115105,0.75662322100353,0.88007453676704,"ZBTB21"
"2845",49855,0.0281718129574318,-1.32703133423812,0.233288932593102,0.816538839652831,0.908216612762669,"SCAPER"
"2846",4999,-0.21139217433485,0.721715256539083,-1.8401656213491,0.071992396167514,0.237417993862394,"ORC2"
"2847",5001,-0.0855194967918194,-3.02358384266479,-0.372432722669756,0.711226225218405,0.853805313982119,"ORC5"
"2848",5002,0.737486667019357,-0.964950312803551,4.64572080459486,2.7060718661185e-05,0.0026328680293415,"SLC22A18"
"2849",5009,0.0827115586106844,-0.257269060936657,0.46918493379714,0.641082570873439,0.809695218479097,"OTC"
"2850",501,0.0500449848585953,2.85121794778347,0.623944163437946,0.535647497850909,0.739724282264009,"ALDH7A1"
"2851",5019,-0.4003998038548,3.06508532590909,-4.59941126377965,3.15609875647759e-05,0.00271887465934835,"OXCT1"
"2852",5025,-0.0293977486732328,0.370218085519773,-0.300793033781258,0.764884178079185,0.884654057857554,"P2RX4"
"2853",5028,-0.270533885945108,-0.27488068875845,-1.4050665090513,0.166503834558869,0.393531203897705,"P2RY1"
"2854",5033,0.435836042136168,-0.036181583513106,3.0138161800924,0.00412872085728324,0.0421325541059041,"P4HA1"
"2855",5034,-0.0656796101348522,5.28801822718753,-0.59027971005199,0.557799295047284,0.754633474322289,"P4HB"
"2856",5037,-0.241454026640259,6.05563821313591,-2.71404994408028,0.00923208328400142,0.066857888130668,"PEBP1"
"2857",5045,-0.0712348261910919,-0.6155545484968,-0.784911524248497,0.43640032548671,0.667272393356079,"FURIN"
"2858",50484,-0.119917322544473,1.38121604961439,-1.1766921105745,0.245177805687514,0.495196239325423,"RRM2B"
"2859",50485,0.281592451835777,-2.21364340207925,2.81022701048865,0.00716750423340456,0.0584262704955842,"SMARCAL1"
"2860",5049,-0.140895224294535,4.71115635294413,-1.7322932941791,0.089706782941276,0.271777015643412,"PAFAH1B2"
"2861",5050,0.138158780555415,3.89454799805003,1.48698220887345,0.143623605272129,0.361463022649855,"PAFAH1B3"
"2862",5053,-0.0293814535315589,-2.31185421178051,-0.134347192889396,0.893695312185454,0.949725434365933,"PAH"
"2863",50619,-0.407424047655598,-1.01076992276903,-1.27771192508956,0.207556432059265,0.445922549878642,"DEF6"
"2864",50624,0.682150528607788,0.39602128742789,1.26573868656889,0.211775894724466,0.451018495291697,"CUZD1"
"2865",50626,-0.0944218500457672,-1.82268456107943,-0.618285771289691,0.53933862960426,0.742755330606002,"ZFTRAF1"
"2866",50628,0.180623502514578,-0.795161917658641,1.79109126218589,0.0796474630053044,0.251738479879793,"GEMIN4"
"2867",5063,-0.153844811408311,0.125198816496772,-1.29025149024856,0.203205183031774,0.439026192695891,"PAK3"
"2868",50632,-0.625874480786142,-3.28879753903685,-2.84478113249612,0.00653665823771437,0.0553456968343758,"CALY"
"2869",5064,-0.211311157456359,-1.13092653566963,-1.4880365011312,0.143346205196223,0.361256807607808,"PALM"
"2870",50640,-0.27705454630927,0.917921676436638,-3.91780107305677,0.000285141013702775,0.0088842413304956,"PNPLA8"
"2871",5066,-0.184787978988712,3.26045731216973,-1.04339619638009,0.302042743748074,0.556404069965691,"PAM"
"2872",5068,0.626711335211876,-1.75996435063967,1.54625870594777,0.128675040957869,0.34131694096776,"REG3A"
"2873",50717,0.0225928060178133,-0.487861840940982,0.225530520994186,0.822533513246362,0.911484149540742,"DCAF8"
"2874",5074,0.300573152516511,-0.360984338484871,1.90453562092772,0.0629021513289718,0.220121667535478,"PAWR"
"2875",5080,-0.013381428006878,0.30294749286671,-0.0940310394588037,0.925479773291252,0.966745209064279,"PAX6"
"2876",50804,-0.177853437875234,2.64819554360576,-2.01235623403189,0.0498679148711773,0.194088199582124,"MYEF2"
"2877",50807,-0.37839756279531,0.369018855300959,-4.39887396200227,6.10933806646211e-05,0.00374991170519444,"ASAP1"
"2878",50808,-0.223328482625005,3.83133285349927,-2.74300114439691,0.00855919622389721,0.0643712333039117,"AK3"
"2879",50809,-0.0980975769156371,4.49614042347383,-1.40388692992025,0.166852868801886,0.393970653355899,"HP1BP3"
"2880",50810,0.0964379791142684,1.72318645829399,0.86738995607976,0.39008649536546,0.634769593996075,"HDGFL3"
"2881",50813,-0.199718151206753,1.81819093805312,-2.69651932279809,0.00966286652566177,0.0684880770606374,"COPS7A"
"2882",5082,0.0477258854697962,-0.219282620680137,0.526604309842372,0.600917418490581,0.78612538388719,"PDCL"
"2883",50848,0.240767064050642,1.29603483425514,2.19359499703249,0.033189017997328,0.149705456283965,"F11R"
"2884",50855,-0.0969865732552164,-3.73560410812245,-0.374067498677535,0.710017657820201,0.853286385397442,"PARD6A"
"2885",50861,0.379573452905293,-1.46863935113966,1.66319529329259,0.102854383055681,0.299487762426837,"STMN3"
"2886",50865,0.180765642835523,2.76334336591513,1.60853692572978,0.114340618168564,0.318431358583778,"HEBP1"
"2887",5087,0.280096588354146,-0.692373927474953,2.94396958887877,0.00500059266770732,0.0471484451526691,"PBX1"
"2888",5089,0.248247590495899,-3.00734183689968,1.40165959052578,0.167513479302829,0.394853201213811,"PBX2"
"2889",5090,0.221161708646909,-2.0637517123929,1.65823981199405,0.103855160041711,0.30154350630843,"PBX3"
"2890",5091,-0.488778195968572,1.78460197370896,-6.24459703719004,1.09914361062393e-07,9.00474732340181e-05,"PC"
"2891",5092,0.306057460241348,2.56709962493995,1.47680324487622,0.146323738890416,0.366137427358081,"PCBD1"
"2892",5095,0.0959363186461457,1.73517002925469,0.75092635404617,0.456398764929502,0.682018877313165,"PCCA"
"2893",5096,0.136615151322345,1.72907292492691,1.0943795643722,0.279303564073615,0.534403140986237,"PCCB"
"2894",5097,0.252097981080533,-0.539606897418381,2.35858127080933,0.022506524059019,0.119502633801262,"PCDH1"
"2895",50999,0.0343385168523702,2.05401297590021,0.290469177090245,0.772720936799353,0.887198112621479,"TMED5"
"2896",51,0.17787543679964,1.17807012092057,2.02954830357891,0.0480217588466155,0.189432876478487,"ACOX1"
"2897",51000,-0.107592483233607,-1.93622450181309,-0.50258261584236,0.617578497877569,0.795376227049747,"SLC35B3"
"2898",51001,-0.881737839104595,-5.13573886137728,-2.61814084641564,0.0118241022380223,0.0787162034023651,"MTERF3"
"2899",51002,0.105811720050979,-0.225638503039598,1.20853676920628,0.232819056320577,0.478901932873894,"TPRKB"
"2900",51003,-0.185492140983428,-6.44850184622141,-0.562540634288331,0.576391473227292,0.767105564325481,"MED31"
"2901",51004,-0.370751059935595,0.911331958742867,-4.85773816435342,1.33041993548986e-05,0.00186262051521999,"COQ6"
"2902",51005,-0.126649665557757,-1.07306886254385,-0.850460923188217,0.399332879049562,0.640120692286271,"AMDHD2"
"2903",51008,0.0693998749655411,-0.611841827538038,0.810444138436064,0.421724325371265,0.656628436754416,"ASCC1"
"2904",51009,0.0503434867166809,0.52796161954766,0.409469062335581,0.684034948533005,0.838391007827608,"DERL2"
"2905",51010,0.121361071619388,0.308745001145478,1.37769208894185,0.174750856240839,0.403209813959964,"EXOSC3"
"2906",51011,-0.0133366037911923,0.853526090492182,-0.163503611841474,0.870815177618815,0.938883463942435,"FAHD2A"
"2907",51013,0.195613422500187,-0.256646558829193,1.91569550208981,0.0614300867993447,0.217575229529358,"EXOSC1"
"2908",51015,-0.345446486352819,2.23583048907078,-4.26659440089122,9.39335475667517e-05,0.00481268359358811,"ISOC1"
"2909",51016,-0.078388901702404,-1.52167647864246,-0.744214996017312,0.460410020276531,0.684592224916993,"EMC9"
"2910",51018,-0.0473562891223262,-0.634482987691363,-0.430361332716214,0.668877973744487,0.826878966338822,"RRP15"
"2911",51019,0.0661943744278958,-0.572200333273569,0.520987574093527,0.60479431318551,0.787370285830055,"WASHC3"
"2912",51020,0.278402216146498,0.88716380781346,2.63351900923639,0.0113680044329059,0.076840682904507,"HDDC2"
"2913",51021,0.0295549333757164,1.15584183725108,0.289805000443433,0.773225937674057,0.887477286933492,"MRPS16"
"2914",51024,0.214804522428901,2.09353484138032,2.05448178159094,0.0454496905486848,0.182333464436489,"FIS1"
"2915",51025,0.101048495507863,0.519124797277558,0.945579551330909,0.349145440137336,0.602065672033434,"PAM16"
"2916",51026,-0.223743912223206,0.39476824732452,-1.11370092800473,0.271007881181096,0.525907801040015,"GOLT1B"
"2917",51027,-0.148132775242804,-1.5890548991856,-1.1040768268526,0.275117996724817,0.529668638040101,"BOLA1"
"2918",51030,-0.351453721240848,-1.07215284019729,-2.3137028099057,0.0250555682998087,0.127861218050293,"TVP23B"
"2919",51032,0.057245002102562,-0.926753884771722,0.258595792866907,0.797063697873762,0.897683849091587,"CELA2B"
"2920",51035,-0.0101871863846663,0.593071140375677,-0.155930817518715,0.876747936923399,0.940817978467801,"UBXN1"
"2921",51042,0.037258944470989,-3.91532793329109,0.0977258603335086,0.92256092761743,0.9649161753587,"ZNF593"
"2922",51046,-0.410341466206739,-0.740088558477292,-3.04458042332579,0.00379173388443227,0.0399096340086244,"ST8SIA3"
"2923",5105,0.0406685918239036,-1.09306279986294,0.222301640249843,0.825031540452197,0.912933765151539,"PCK1"
"2924",51056,0.254580373200493,3.15473150243405,3.02233370870022,0.00403271640691232,0.0415330236241587,"LAP3"
"2925",5106,0.0664864815279635,2.37894797112212,0.92089337172701,0.361756675982606,0.612710396573189,"PCK2"
"2926",51060,0.233499537279762,1.93109685502891,1.94949868487545,0.0571495501366343,0.209673603549708,"TXNDC12"
"2927",51061,0.218811190050376,-2.33174111270356,1.22308996121089,0.227325310843909,0.472676107139805,"TXNDC11"
"2928",51062,-0.238263317365338,0.453105060344431,-3.08314779165309,0.00340566050300752,0.0373284717276075,"ATL1"
"2929",51065,0.251124693588382,1.15500438594533,2.15040367684773,0.0366397525126333,0.159273938330413,"RPS27L"
"2930",51067,-0.297560770039307,0.77290329832964,-4.53907846543977,3.85373241061105e-05,0.00271887465934835,"YARS2"
"2931",51069,-0.0636888727474545,-0.117845044316787,-0.626742432175186,0.533826970861074,0.738978337200107,"MRPL2"
"2932",51070,0.103406924771821,-1.42085952561424,1.05567711981763,0.296452272789713,0.550067729861928,"NOSIP"
"2933",51071,-0.0281621021644001,1.36941577788942,-0.332121123227288,0.74125800890596,0.871450231500629,"DERA"
"2934",51072,0.328011432608531,-0.598422142021976,3.43904488733104,0.00122438378301109,0.0209072103710414,"MEMO1"
"2935",51073,0.00466519288946388,0.822531672134993,0.0648326297400686,0.948579173813101,0.976373814617883,"MRPL4"
"2936",51074,0.482730886653523,0.244993369454292,2.66696461813282,0.0104311726766664,0.0721019570826331,"APIP"
"2937",51075,0.0844104906358709,0.172383909979062,1.04201965539192,0.302673850131594,0.557150811584288,"TMX2"
"2938",51076,-0.0984724145751316,0.154846086117212,-1.01247097941411,0.316439382208514,0.569925154928362,"CUTC"
"2939",51077,0.139284451843829,-0.98265197983211,0.747065459196065,0.458703869860273,0.683285630451181,"FCF1"
"2940",51078,0.0473164800132886,0.442016221265459,0.391937064801054,0.696856580814473,0.846231106030514,"THAP4"
"2941",51079,-0.0313175051402128,2.39425827866694,-0.401744098330619,0.689673123497285,0.841760515415856,"NDUFA13"
"2942",5108,-0.0319797694528725,0.344021197102797,-0.421861676855858,0.675027982932621,0.83082449553648,"PCM1"
"2943",51084,-0.0972372324255364,2.26207435995681,-1.36142768934845,0.179797739636644,0.409866790245236,"CRYL1"
"2944",51085,-0.2447305836503,-0.718770137089224,-1.47827566096959,0.145930695361321,0.365769807823302,"MLXIPL"
"2945",51090,0.855793861330325,-4.28042531768238,2.56302235459698,0.0135997263929983,0.0864131683232126,"PLLP"
"2946",51092,0.00925355607365237,-0.0748994307988642,0.0705210370463779,0.94407483960572,0.975708261576007,"SIDT2"
"2947",51097,-0.0568742430009137,3.13448831141035,-0.778716987020533,0.440006181901886,0.670045753754189,"SCCPDH"
"2948",51098,-0.159577037313929,-3.57754979901676,-0.810308064924038,0.421801740064283,0.656628436754416,"IFT52"
"2949",51099,0.294350675030961,-2.90325304644956,1.62335921107657,0.111127269427422,0.312889531993355,"ABHD5"
"2950",5110,-0.215959533818006,3.54372982194626,-3.13573798946725,0.00293842149612245,0.03368908838088,"PCMT1"
"2951",51101,-0.0373136578896873,-0.530605024776438,-0.193022872720404,0.847763496114763,0.926720575003362,"ZC2HC1A"
"2952",51102,-0.144302338514834,0.135125340066102,-1.89815398908827,0.0637573774392289,0.221898592186768,"MECR"
"2953",51103,-0.128285808447222,0.526661599035855,-1.1328400058527,0.262963721624121,0.516337595434694,"NDUFAF1"
"2954",51104,0.132948235474448,-1.1822209347051,0.900204968203562,0.37254967765033,0.621682156423441,"ABHD17B"
"2955",51106,-0.0692193528359242,-1.48803189703888,-0.459415137879936,0.648030444074287,0.812888676059332,"TFB1M"
"2956",51108,-0.0108764468769058,-2.25052976830622,-0.064021838267592,0.949221336173739,0.976373814617883,"METTL9"
"2957",5111,0.170907651995587,2.43278329457572,1.89804964497558,0.0637714429158453,0.221898592186768,"PCNA"
"2958",51115,0.0953059754096945,1.16700126165682,1.09161050732679,0.280506913146087,0.535653867502958,"RMDN1"
"2959",51116,-0.22102679809041,0.570412935264763,-2.75913173397755,0.00820420131534036,0.0624781484783612,"MRPS2"
"2960",51118,0.178901372546175,-1.84732697418399,1.42060105426438,0.161959890930806,0.387251788371101,"UTP11"
"2961",51121,-0.0999381228321122,0.561387432439538,-0.984029914734414,0.330083513349914,0.584464723912536,"RPL26L1"
"2962",51122,-0.0415945658142455,-0.370340137719785,-0.305104357095835,0.761618771592267,0.883040426904673,"COMMD2"
"2963",51124,-0.0138818588519143,1.55418728998512,-0.0818330578393174,0.935123103331324,0.970542037241743,"IER3IP1"
"2964",51125,0.232606940227884,-1.26702287868482,1.816326510676,0.0756297372666975,0.243810571083503,"GOLGA7"
"2965",51126,0.0967293189539342,-1.63418584807735,0.791977665543297,0.432308632803788,0.66446316350246,"NAA20"
"2966",51132,-0.132689055397426,-2.89761375566324,-0.534835261928217,0.595257108407388,0.781872058935276,"RLIM"
"2967",51135,0.23398244433425,-0.357581963878854,2.24759583020194,0.0292804311733569,0.138764719637034,"IRAK4"
"2968",51149,-0.00190086794392563,-3.35262956709655,-0.0123999247656596,0.99015844676849,0.996326646928687,"MRNIP"
"2969",51150,-0.0576097782987459,1.14752724160425,-0.484721331112003,0.630100446379932,0.801732284386406,"SDF4"
"2970",51154,0.224378494070907,6.60117935496549,2.74408528321387,0.0085348998524117,0.0643712333039117,"MRTO4"
"2971",51155,0.524150509347701,-2.35180472951389,2.91602152065848,0.00539535388802982,0.0494101485997331,"JPT1"
"2972",51156,0.349406330928768,-1.87449954812517,1.8435126230475,0.0714937430811627,0.23697471406679,"SERPINA10"
"2973",5116,-0.0131603760770472,0.646168699251685,-0.148054887624084,0.882925765995034,0.943747042785269,"PCNT"
"2974",51162,0.211385336403531,-1.72996114791908,0.872100049248227,0.387537977493694,0.632601454661299,"EGFL7"
"2975",51167,0.166798603367086,-3.21166868431229,0.883257861815439,0.381542667861093,0.628040335895107,"CYB5R4"
"2976",51170,0.222371931016789,1.15013522182745,2.35931183947075,0.0224670249120901,0.119502633801262,"HSD17B11"
"2977",51172,-0.0547220524974472,-2.65766588584591,-0.313147873456393,0.755538329213485,0.879145832172962,"NAGPA"
"2978",51175,-0.0746314091123925,-3.10806345807972,-0.372566029000969,0.711127645583578,0.853805313982119,"TUBE1"
"2979",51181,-0.256977141449882,2.65354257693041,-2.96554020515524,0.00471451386947168,0.0456908798872201,"DCXR"
"2980",51184,0.167612014718118,-0.902348083656738,1.61384886493222,0.113180463263521,0.316767946680597,"GPN3"
"2981",51185,0.325550988502476,-1.99722205684876,2.01689992886338,0.0493741189757015,0.193544650380984,"CRBN"
"2982",51187,0.0246452014404628,-1.56692765858786,0.175292144604558,0.86159471164932,0.934193312153953,"RSL24D1"
"2983",5119,0.0971669021326795,1.53607322009557,0.885481196402367,0.380355079398124,0.62724865054962,"CHMP1A"
"2984",51191,0.105073739580945,-1.3980694301826,0.938537660091217,0.352713174723952,0.604219697480142,"HERC5"
"2985",51194,0.0450550809408523,-2.51637308069219,0.390532334819514,0.697887836774633,0.846628222097256,"IPO11"
"2986",51201,-0.201719111414647,-1.83830106256947,-1.11091122660572,0.272194772185922,0.526627545571677,"ZDHHC2"
"2987",51202,0.0212770672256426,-0.146062477189094,0.209208502142775,0.835179549027053,0.919449790641326,"DDX47"
"2988",51204,0.0129051674876822,0.00607487748599461,0.160605200354592,0.873085015504382,0.939360436323169,"TACO1"
"2989",51205,-0.225482413454358,0.287023308787283,-1.57526993471762,0.121827541020102,0.330810812375743,"ACP6"
"2990",51209,-0.532205212547788,0.381540011368055,-1.76050061135102,0.0847563399889329,0.262101308104729,"RAB9B"
"2991",5121,-0.170458003620052,-0.427430874107256,-0.945491088459595,0.349190112204788,0.602065672033434,"PCP4"
"2992",51218,0.193854247381448,-1.38717724517655,1.17870160477877,0.244384152276207,0.494896049710115,"GLRX5"
"2993",5122,-0.561595210493892,3.43533552180068,-3.31940892068594,0.00173767921181704,0.0254649422626783,"PCSK1"
"2994",51225,0.0142817279821741,-0.788559037002777,0.102694823339312,0.918637234690704,0.962375636650276,"ABI3"
"2995",51226,0.288658133834895,-3.10109405754325,0.990924381704739,0.326740431977332,0.580840646306286,"COPZ2"
"2996",51228,0.140002715376698,0.295101262704454,1.71295878144581,0.0932369456726073,0.279710837017822,"GLTP"
"2997",51231,0.176504528336224,-1.39018022363348,1.56514069685029,0.124184170343979,0.334922050927126,"VRK3"
"2998",51236,0.364869953443022,-1.19380589363502,2.36628652344776,0.0220930480762941,0.118271124738881,"HGH1"
"2999",51241,0.175144644358034,-2.08620051159642,1.43258498789524,0.158520968327732,0.383190851677988,"COX16"
"3000",51248,0.298607213494981,-0.121236441791408,2.84474739019067,0.00653724832273093,0.0553456968343758,"PDZD11"
"3001",51251,0.234979900704539,0.327914016527828,1.92679407461187,0.0599953968293114,0.214849326568444,"NT5C3A"
"3002",51253,-0.126791458679162,1.041764982289,-1.83252627116652,0.0731415629233141,0.239320687678025,"MRPL37"
"3003",51255,0.13722734229685,-0.327095290155773,1.08302490114156,0.284261036043426,0.539015829235264,"RNF181"
"3004",51258,-0.231142300696917,-0.195231137059186,-2.43109166818971,0.0188765550941881,0.107320611960678,"MRPL51"
"3005",5126,0.264046566600215,3.06993208875022,1.71348195843694,0.0931399296384584,0.279556424508977,"PCSK2"
"3006",51263,-0.169062616447805,-0.914323690342339,-1.83836336393992,0.0722621207807698,0.237971588322402,"MRPL30"
"3007",51264,-0.0622164712696865,0.656056723553562,-0.578839127759452,0.565430816934786,0.759600427740362,"MRPL27"
"3008",5127,0.0344953049312116,-3.07578861573987,0.14287036001401,0.886996515156027,0.946455193868455,"CDK16"
"3009",51271,0.261095001135099,-1.09115240775457,2.14293619291202,0.0372673302632223,0.160883802882039,"UBAP1"
"3010",51272,-0.0445962275811467,-0.923719135148994,-0.251351993701977,0.802625521216135,0.900148994925021,"BET1L"
"3011",51280,0.327261709926498,0.324514236745717,3.09912665680295,0.00325678533679838,0.0360833003560802,"GOLM1"
"3012",51287,0.520799884048311,-3.33241559651565,1.54490080480847,0.129002959000544,0.342038947017426,"COA4"
"3013",5129,0.163495724264658,-2.62369919639665,0.915630291658005,0.364483034620182,0.61579875213286,"CDK18"
"3014",51290,-0.112913229993498,0.173612346129542,-1.24448738538832,0.219421974189397,0.461553145159192,"ERGIC2"
"3015",51291,0.303278948256159,-4.64253196376661,1.36328451565117,0.179215970293926,0.409705781374109,"GMIP"
"3016",51295,-0.0707915283168211,0.0193408117076574,-0.647833466358398,0.520209860401384,0.729172898639803,"ECSIT"
"3017",513,0.0137245275952287,3.61340299637517,0.091945956080542,0.927127413320697,0.96747498459323,"ATP5F1D"
"3018",51300,0.0715094023273363,0.00219523346985547,0.872794228965707,0.387163260981317,0.63250201386441,"TIMMDC1"
"3019",51303,0.127378714090594,2.83892619085072,0.670596265067118,0.505723325803993,0.719214498096596,"FKBP11"
"3020",51308,-0.222765114867577,-1.50747424545769,-1.43953118766435,0.156553946003607,0.380867269350035,"REEP2"
"3021",51309,-0.323531696777517,1.22597491825944,-2.9830607008502,0.00449347507046269,0.0446539337387375,"ARMCX1"
"3022",51310,-0.114468939297675,-0.843891214527855,-0.663261336131168,0.51036732423406,0.720974599804065,"SLC22A17"
"3023",51317,0.0292186697861605,-2.61802295647795,0.194088411889646,0.846933793770821,0.926720575003362,"PHF21A"
"3024",51318,0.0403513228175214,-1.57496503220384,0.280652711038655,0.780194800452237,0.890449179095543,"MRPL35"
"3025",51322,0.222662472535895,-1.36842600284126,1.83754101202345,0.07238547676989,0.237976462996028,"WAC"
"3026",51324,-0.0963900180933879,-0.896473133682927,-0.740381518818641,0.46271032058418,0.686349914873296,"SPG21"
"3027",51329,0.271878969094851,-0.501147716670418,1.51532226252504,0.136313394945831,0.351894218804949,"ARL6IP4"
"3028",51337,-0.177786487158902,1.70817714673026,-2.245148137232,0.0294483461693083,0.139093694623651,"THEM6"
"3029",5134,0.256559247704193,-2.79376415134537,1.63313838776846,0.109047774716412,0.309606767227659,"PDCD2"
"3030",51368,0.237441853592849,-0.024337855719937,2.62208047356561,0.0117056889653601,0.0782141064319506,"TEX264"
"3031",5137,0.163418946998806,-4.30220663402207,0.658884570953884,0.513149330327364,0.723738646495717,"PDE1C"
"3032",51371,-0.165335476391866,-2.13218248807854,-0.894780754486672,0.375413185900998,0.624298600666574,"POMP"
"3033",51372,0.10213663845573,0.0985767117590436,0.499677254376574,0.619607688472718,0.796274302412765,"TMA7"
"3034",51373,-0.330851027375113,0.288073147513629,-2.6113585402738,0.0120305278736805,0.0797444709380682,"MRPS17"
"3035",51375,-0.0841460924780514,-0.886088648720231,-0.940406429416181,0.351764060937491,0.603953952118347,"SNX7"
"3036",51379,0.0760130023141339,-1.73110192133162,0.673200923188521,0.504079764572484,0.717375746567565,"CRLF3"
"3037",51382,-0.412724590436797,2.73807396321812,-4.26215774076626,9.52909758576953e-05,0.00482242911834323,"ATP6V1D"
"3038",51388,0.0753554793842395,-3.48544786704805,0.31674631319043,0.752823137272945,0.878150592280756,"NIP7"
"3039",51389,0.00289608662693125,-0.186946194053428,0.0286666898623834,0.977250451756238,0.989012905668555,"RWDD1"
"3040",5139,0.070165670529304,0.0887080544258178,0.652980655202292,0.516914913430364,0.726993917145684,"PDE3A"
"3041",51393,0.145156770140368,-4.5200139309192,0.53133396587332,0.597661832350068,0.784024006617806,"TRPV2"
"3042",51397,0.016741037961975,-0.0240864257602841,0.215354751059663,0.830412178727605,0.916244823481941,"COMMD10"
"3043",514,0.0279351596867232,2.68852293416014,0.1565247926134,0.876282335679591,0.94073192599534,"ATP5F1E"
"3044",5140,0.431027020184577,-1.26522371559388,2.40115225229387,0.0203060661333437,0.112999668111028,"PDE3B"
"3045",51400,-0.0360353260702464,1.078892308182,-0.445856695749028,0.657725174876966,0.819259941857641,"PPME1"
"3046",51406,-0.0264803145701559,-0.403751231802508,-0.363184978902699,0.71807698197874,0.857001072406281,"NOL7"
"3047",51412,-0.0640577377884137,0.0693771597484513,-0.665626850041597,0.508867125462548,0.720181327205238,"ACTL6B"
"3048",51421,0.280199975452722,-3.48815455666267,0.940381680671739,0.351776619458129,0.603953952118347,"AMOTL2"
"3049",51430,-0.0634905375545183,-0.528997572013982,-0.732877782323706,0.467232070133045,0.68929969101166,"SUCO"
"3050",51433,-0.298995287265604,-0.423246823897825,-2.32654833105859,0.0243008159225789,0.126191546643646,"ANAPC5"
"3051",51439,-0.0833818537718176,-1.05077987287328,-1.06541809818453,0.292069122385071,0.547014318298899,"FAM8A1"
"3052",5144,-0.400967993393909,-1.47566325411245,-2.94529888205818,0.00498250494746628,0.0470501774885354,"PDE4D"
"3053",51441,0.0557515262411571,1.03823477652903,0.619591543544917,0.538485671256774,0.741913591509333,"YTHDF2"
"3054",51454,-0.0104140433497484,-1.01140193082868,-0.0576963072862412,0.954232412815604,0.978973931364843,"GULP1"
"3055",51463,-0.0418366854670733,-0.792653758919974,-0.459262847143217,0.648138999777512,0.812888676059332,"GPR89B"
"3056",51465,-0.138917255431956,-1.85136272844,-0.885755663613041,0.380208636112467,0.62724865054962,"UBE2J1"
"3057",51466,-0.132177768797978,-1.77357617235196,-1.34703393840511,0.184356720735781,0.414954731161065,"EVL"
"3058",5147,0.148336338921709,-1.1351594248271,1.28514163666096,0.204969966227559,0.441905743837287,"PDE6D"
"3059",51473,0.383223694851813,-1.95882008484812,1.67556522323258,0.100390731537452,0.29426853399087,"DCDC2"
"3060",51474,0.297042374484669,2.07654881741399,2.80999774017903,0.00717187218658845,0.0584262704955842,"LIMA1"
"3061",51477,0.124553688478803,1.96780703249568,1.38558672240423,0.172340796866323,0.400389027693221,"ISYNA1"
"3062",51478,-0.237975806539804,1.12629321967873,-3.25217788094321,0.0021098047010719,0.0278494220541491,"HSD17B7"
"3063",51490,0.220790339792518,-1.17274072012106,1.79374953044926,0.0792159693251298,0.251150630019445,"SPOUT1"
"3064",51491,0.16291706123133,-0.338236428491536,1.89182675396234,0.0646150762982577,0.223566707056768,"NOP16"
"3065",51495,-0.362478938060641,2.60116344686037,-4.42982044965472,5.52082057464204e-05,0.00349348419455184,"HACD3"
"3066",51496,0.407225040444889,-2.71942939651437,1.5738797535737,0.122148823661903,0.33123421151966,"CTDSPL2"
"3067",515,-0.0925166117913161,4.74376621793814,-1.17224204683721,0.246942003254237,0.496797776458376,"ATP5PB"
"3068",51501,-0.161784804356286,0.0687675690550896,-1.81937492688521,0.07515614978352,0.242806215437968,"HIKESHI"
"3069",51503,0.211581243959076,0.366969496678118,1.19548905665998,0.237826562377898,0.485783507446101,"CWC15"
"3070",51504,0.266956848479301,0.553124456464243,1.97097874161954,0.0545646175176565,0.20484258246078,"TRMT112"
"3071",51506,0.0343686147845381,2.0125987431314,0.384889606819608,0.702036124786404,0.848581672693766,"UFC1"
"3072",51507,0.134892410769246,-1.16625722163068,1.31565957887805,0.194599261133843,0.426741788081288,"RTF2"
"3073",5151,0.459202011861813,-2.9296527231214,2.42800234159221,0.0190197422658015,0.107895728306368,"PDE8A"
"3074",51510,0.0925531307580071,-0.403163739188395,0.944762886692863,0.349557982531752,0.602065672033434,"CHMP5"
"3075",51517,-0.0957030297576952,0.4958844301002,-0.970384199981278,0.336767370458148,0.590429805047476,"NCKIPSD"
"3076",51522,-0.0414511618421065,2.03632400783837,-0.393852875403654,0.695451056211545,0.845454214300399,"TMEM14C"
"3077",51523,-0.0638822929792944,-1.50040608907507,-0.495116515459398,0.622799078304686,0.796430084074772,"CXXC5"
"3078",51527,-0.0735955827306441,-0.514602204577759,-0.473162741055725,0.638262941004458,0.808900130411006,"GSKIP"
"3079",51530,0.178249976186517,0.262269122511496,2.22534388521674,0.0308386653855577,0.143291240073091,"ZC3HC1"
"3080",51535,0.194166773232842,0.0913239837702733,2.19317518147733,0.0332211286331736,0.149714601725712,"PPHLN1"
"3081",51537,0.184893809182552,-0.419627950462431,1.51271839051162,0.136972448761835,0.352352145477282,"MTFP1"
"3082",51538,0.0542754563584174,-3.40201911205202,0.241796936994532,0.809977701968705,0.904383176055764,"ZCCHC17"
"3083",51540,0.106899145308641,1.2552341522842,0.886142939720562,0.380002063924661,0.62724865054962,"SCLY"
"3084",51542,0.0997628302554268,-2.58329636306089,0.668876380167657,0.506810181139438,0.71930709763568,"VPS54"
"3085",51548,0.439431844002896,-1.79106108632253,3.32246887545088,0.00172231895762534,0.0254632291627887,"SIRT6"
"3086",51559,-0.203813426534455,1.69290407110915,-1.48769479478382,0.143436066765382,0.361268189497707,"NT5DC3"
"3087",51560,-0.0886769775770614,0.820738171977537,-0.678874222105874,0.500509952723022,0.714219331406648,"RAB6B"
"3088",51562,-0.229920244420351,-0.991273641567667,-1.34774096996154,0.184130737122652,0.414931409684004,"MBIP"
"3089",51564,0.648553315425206,1.43780527800802,3.25486653739041,0.00209357595261303,0.0278386982598919,"HDAC7"
"3090",51566,-0.241599791914812,1.31072087203871,-2.9635825206913,0.00473983302623306,0.0456908798872201,"ARMCX3"
"3091",51567,0.188713711926791,-0.360897021558722,1.525443452481,0.133775624910833,0.348857496262584,"TDP2"
"3092",51569,0.0615486170390456,1.54699289644238,0.504053883826303,0.616552066857897,0.794796513831338,"UFM1"
"3093",51571,0.0325139986440708,2.04043793997959,0.493935125534148,0.62362695630027,0.796633144177119,"CYRIB"
"3094",51573,0.146489865966282,-0.591732981353509,1.56733336315995,0.123670944792282,0.334107508422108,"GDE1"
"3095",51575,0.124586028255324,-2.54380204223241,0.853661504830126,0.397574411778993,0.638825062696193,"ESF1"
"3096",51585,0.0794742177345241,-0.870992616568981,0.914413102648493,0.365115439510314,0.616019397392607,"PCF11"
"3097",51586,0.101205597541287,-1.2107509958352,1.04438751720598,0.301588810293432,0.556235612253932,"MED15"
"3098",5159,0.2438807070741,-1.49562863698441,1.05680119277964,0.29594416773165,0.5499561918065,"PDGFRB"
"3099",51592,0.151377879802279,-0.628001830189641,2.08678196355422,0.0422963835793947,0.175446834484172,"TRIM33"
"3100",51596,-0.00224230710826401,2.91696852560784,-0.0184512961681575,0.98535606884162,0.994101832766249,"CUTA"
"3101",51599,0.34847032177166,0.812615175395733,4.26854356830471,9.3343156920326e-05,0.00481268359358811,"LSR"
"3102",5160,-0.251131984183937,3.3506081504742,-4.56733700184021,3.50996983945054e-05,0.00271887465934835,"PDHA1"
"3103",51601,-0.119910870112986,-2.15767824094719,-0.804204175852994,0.425283188948288,0.65927608800171,"LIPT1"
"3104",51604,0.189324194873756,0.797861069005053,2.50479271063785,0.0157366690320207,0.0948443735437962,"PIGT"
"3105",51605,0.146143679157866,0.146929231634645,1.97199266240369,0.0544451282514477,0.204644333868577,"TRMT6"
"3106",51606,-0.350164992060249,2.71832908133296,-3.80726473533112,0.000402151809259927,0.0109221584302541,"ATP6V1H"
"3107",51611,-0.403839338109059,-3.72518891461944,-1.9075399690761,0.0625029269028227,0.219156377434798,"DPH5"
"3108",51614,-0.0949256579604033,0.796633687528652,-1.04057345185451,0.303337868992006,0.557150811584288,"ERGIC3"
"3109",51616,0.0465903427725718,-1.62975162196386,0.331521542289367,0.741707912950986,0.871645255541481,"TAF9B"
"3110",5162,-0.16380581984592,3.59428899682051,-2.72272530833261,0.00902550596582314,0.0660292677213617,"PDHB"
"3111",51621,0.33403298355057,-3.25132454673101,1.67937655847008,0.099641501414792,0.293192490740169,"KLF13"
"3112",51626,0.0251116694440561,-1.89659985068,0.216986535220878,0.829147550145855,0.915447856726182,"DYNC2LI1"
"3113",5163,-0.355013635810533,-0.249434023517826,-4.25353851110331,9.79829061519853e-05,0.004889585999682,"PDK1"
"3114",51633,0.000342218786549164,-0.81963982114161,0.00545928587868378,0.995666990976789,0.997990161666464,"OTUD6B"
"3115",51634,0.0195074982797871,-0.773533533393472,0.238549213837192,0.812480658328288,0.906069455090667,"RBMX2"
"3116",51635,-0.0295212524991531,3.46727050552584,-0.318465663270205,0.751526917442039,0.876971904802136,"DHRS7"
"3117",51639,0.346276782694246,0.769016634820763,3.2228245485944,0.00229489615311194,0.0291641909784609,"SF3B6"
"3118",5164,-0.144327324383412,-1.62185069095547,-1.30807965329115,0.197137275404721,0.430615158873373,"PDK2"
"3119",51642,-0.216521796699788,0.200175732439029,-2.88805289352702,0.00581930739532934,0.0520659384935733,"MRPL48"
"3120",51645,0.173971956181397,1.26244279794573,1.86435309338249,0.0684541032248446,0.231754707994537,"PPIL1"
"3121",51646,0.215989081234083,-1.60027252379592,1.73346883572633,0.0894957772282452,0.271539832242693,"YPEL5"
"3122",51647,0.110974983318605,-0.507711131308124,0.74556814016232,0.459599636857187,0.68421600073476,"CIAO2B"
"3123",51649,-0.176177311688801,1.01410601007144,-1.8948536866307,0.0642035372939522,0.222644808988858,"MRPS23"
"3124",5165,0.00268422350262476,2.12759476500626,0.0256794621237457,0.979620517643005,0.990090698723162,"PDK3"
"3125",51650,-0.184413831851459,0.0125127329087743,-1.52545508705154,0.133772729525251,0.348857496262584,"MRPS33"
"3126",51651,0.00542705893955397,0.239685532523083,0.0683505996909016,0.945793278986194,0.976373814617883,"PTRH2"
"3127",51654,0.0898658458967805,-1.34907315791132,0.911362351191466,0.366703598281061,0.617255612224894,"CDK5RAP1"
"3128",51655,-0.159058812202948,-5.51636061379704,-0.574903589578923,0.568067963644744,0.761642892278602,"RASD1"
"3129",5166,-0.62135693689258,-0.100421994764643,-1.50716796472011,0.138385754833911,0.35436452364228,"PDK4"
"3130",51660,-0.113930692878259,1.85125345574364,-1.04085915897457,0.303206608528071,0.557150811584288,"MPC1"
"3131",51661,0.00643715967980607,-1.25344659319106,0.0503441934170245,0.960059079836132,0.980669434520582,"FKBP7"
"3132",51663,0.0781021582489664,0.785198064031297,1.08082241779665,0.285229718661973,0.539519264452138,"ZFR"
"3133",51667,0.0512583095598393,-0.254353428393057,0.504994032324396,0.615896576257295,0.794529883368491,"NUB1"
"3134",51669,0.0834670952083635,0.27813501854284,0.607115295238604,0.546663849905934,0.748458713868592,"SARAF"
"3135",5167,0.216389033446739,0.145745326855603,1.51773492590447,0.135704993466318,0.351310522942329,"ENPP1"
"3136",51673,-0.440188553787117,3.01304030620516,-2.38436844575896,0.0211493922864592,0.115596589362677,"TPPP3"
"3137",51678,-0.414577303451158,1.91106358541842,-5.13904514475334,5.12107676146378e-06,0.00129590071048354,"PALS2"
"3138",5168,-0.24239369477029,2.24943971253506,-1.32181113122215,0.192557759178003,0.424871971695189,"ENPP2"
"3139",51690,0.0474609675075628,-0.454458220204782,0.262761199848214,0.793870266792136,0.896225068524946,"LSM7"
"3140",51691,0.181351069510132,2.23844073945577,1.2011958259218,0.235626818307752,0.482414079644091,"LSM8"
"3141",51693,-0.176288105470509,0.18365701013876,-1.70418686684608,0.0948760750387387,0.28294536286435,"TRAPPC2L"
"3142",51700,0.110778391213227,-1.26343169985569,0.807312954215211,0.42350788936303,0.658265744469557,"CYB5R2"
"3143",51706,-0.292199211910475,3.50788566811182,-4.24493132176375,0.000100744904835723,0.00494697780705336,"CYB5R1"
"3144",51714,0.00317336610091234,0.897816738679473,0.0358455680800886,0.971555619836607,0.985966202905999,"SELENOT"
"3145",51715,0.0215026424674352,0.357679583531165,0.220650752046994,0.826309460390541,0.913524399833779,"RAB23"
"3146",51720,0.354932085800471,-2.58887003766855,2.41014268766857,0.0198668868417289,0.111345119514981,"UIMC1"
"3147",51726,-0.0915326642109533,1.98576010852524,-1.18413785757626,0.242246426000976,0.492024357828218,"DNAJB11"
"3148",51727,-0.00349363730395691,2.35962468584441,-0.0396338132273374,0.968551079849556,0.985408010627644,"CMPK1"
"3149",51728,0.156392873444154,-0.695467502257534,0.960254911858179,0.341786517630116,0.594976076351007,"POLR3K"
"3150",51729,0.0494808484836302,0.696733709144253,0.41255851852895,0.681785120652643,0.836624764207502,"WBP11"
"3151",51735,0.00457984275091694,-0.24584190158427,0.0386996766513926,0.969291922891127,0.98550662228973,"RAPGEF6"
"3152",51738,0.0288724818073849,0.363066707201509,0.0653975325519019,0.948131780320938,0.976373814617883,"GHRL"
"3153",5174,0.0555026997468495,0.771558712573366,0.365782604284859,0.716150260836431,0.856299413758001,"PDZK1"
"3154",51741,0.199990721784148,-1.36974039579976,1.94750444369887,0.0573947865195158,0.209679279582874,"WWOX"
"3155",51742,-0.00772209931143841,-1.61794582388427,-0.0624765254264257,0.950445347400106,0.976373814617883,"ARID4B"
"3156",51747,0.0498367416753266,0.435452491498931,0.704637792196067,0.484474189190717,0.703501909924916,"LUC7L3"
"3157",5175,-0.448593735882751,0.151773800640201,-2.51785141260068,0.0152325107107474,0.0926781845433749,"PECAM1"
"3158",51752,0.417134909296785,0.958073157008505,3.07032117632743,0.00352976566453624,0.0383463745998645,"ERAP1"
"3159",51755,-0.00529720372351683,-2.31481195046383,-0.0509902763310794,0.959546955939777,0.980485582729086,"CDK12"
"3160",51759,0.0461465236984995,-1.31399251455351,0.32540191907603,0.746305043773434,0.874035557847994,"C9orf78"
"3161",5176,-1.10976377620333,-0.292395865534887,-2.32382696074015,0.0244589943938493,0.126284703069127,"SERPINF1"
"3162",51760,-0.233337767883307,-0.101538304734982,-1.94223495222013,0.0580471364842249,0.210949273972867,"SYT17"
"3163",51763,0.0775357799465768,-1.6096245885309,0.681286027108949,0.498996571773485,0.713616252923032,"INPP5K"
"3164",51765,-0.0821060809716998,-0.166509584295199,-0.680930163169529,0.499219714565325,0.713624673626514,"STK26"
"3165",51773,0.0593880712575975,-0.386295652771455,0.821141909739098,0.415665112411088,0.651541472693372,"RSF1"
"3166",51776,0.314516618333167,-2.89021743709476,1.3796059169973,0.174164235647308,0.403209813959964,"MAP3K20"
"3167",51780,0.254199423266783,-0.453453539603343,3.37834109430797,0.00146351861761322,0.023033531474128,"KDM3B"
"3168",51805,-0.420030211683478,-0.509080248231338,-4.97263699368841,9.02261585522439e-06,0.00155659504757202,"COQ3"
"3169",51806,0.224351877760557,-3.98034927589454,0.424869054494203,0.672849377477793,0.829495265250295,"CALML5"
"3170",51807,-0.0332888986786357,-2.81556653821553,-0.163981480305773,0.870441048558892,0.938729014418648,"TUBA8"
"3171",51808,-0.0649332562051341,-0.656511846277699,-0.710956990984852,0.480585310699695,0.700141083563434,"PHAX"
"3172",51809,0.19803683826631,-0.481987849491633,2.11464165318766,0.0397316770730229,0.168653550397105,"GALNT7"
"3173",5184,-0.0617183229964104,2.13873612256529,-0.664758039491077,0.509417844196537,0.720462379649388,"PEPD"
"3174",5188,-0.176421347082202,0.0696950704167814,-2.79560590301576,0.00745104373565612,0.0595751266483514,"GATB"
"3175",5189,0.0294135835987741,1.88936330494379,0.253901376475665,0.800666900108641,0.899549203666999,"PEX1"
"3176",5190,0.0475307875825253,-0.864806801991084,0.382765445483421,0.703600100284836,0.849376504191179,"PEX6"
"3177",5192,-0.562526520073941,-1.71089049564477,-3.72374601828208,0.000519993492186725,0.012755118063388,"PEX10"
"3178",5193,-0.144415947937523,-0.8379674939543,-1.17166076725467,0.24717312341068,0.497099813726984,"PEX12"
"3179",5194,-0.100379028292112,-0.883381041629142,-1.18039678367906,0.243716086773304,0.49423897417811,"PEX13"
"3180",5195,0.0576866793956945,-0.761622239884074,0.595102823908891,0.554597565589049,0.75245797028859,"PEX14"
"3181",52,0.258364282515783,3.01527672022679,3.20050034013614,0.00244582568619134,0.0300249561236848,"ACP1"
"3182",5201,0.253216091840464,0.682926970375483,1.62223093155892,0.111369257263616,0.313427098158676,"PFDN1"
"3183",5202,0.111583817869093,1.89456090153534,1.05052372240315,0.298789425331465,0.552566885412634,"PFDN2"
"3184",5203,0.407589785486806,-0.672647178727183,3.20978721759607,0.00238193450567319,0.0298373755016776,"PFDN4"
"3185",5204,0.242563592584655,0.547237337620961,1.90922582597889,0.0622798549465721,0.2188172579634,"PFDN5"
"3186",5205,0.388876770006257,-2.25597410098043,1.76665633101496,0.0837068531659219,0.25975362221053,"ATP8B1"
"3187",5208,-1.36166857683337,4.97737623321591,-9.55780171342105,1.20443430394391e-12,7.39281775760774e-09,"PFKFB2"
"3188",5209,0.188398579783991,0.324820715769534,1.48578871593,0.143938143568727,0.361642376268868,"PFKFB3"
"3189",521,-0.0308733034892503,3.47937616165396,-0.21254353579458,0.83259192496119,0.917593680032835,"ATP5ME"
"3190",5210,-0.325977706163444,0.312821096674738,-3.77218031168314,0.00044813137601043,0.0116113930167992,"PFKFB4"
"3191",5213,-0.178971198624169,3.61577732199919,-2.28893372333709,0.0265702365411289,0.131459005369976,"PFKM"
"3192",5214,0.60352900007754,1.8257778552669,4.96915981380193,9.12958972183001e-06,0.00155659504757202,"PFKP"
"3193",5216,0.431654631506478,4.07670055728344,4.05433684342361,0.000185436985777182,0.00734330463677641,"PFN1"
"3194",5217,-0.238496532596417,5.20532860157109,-1.96857327875431,0.0548490013532878,0.205209071595927,"PFN2"
"3195",5218,-0.0771530911776681,-0.718702893461239,-0.813060066301469,0.420237748393692,0.656340788712591,"CDK14"
"3196",522,0.0301907589829267,-1.18901444922134,0.10923384211578,0.913476892102735,0.959103859686381,"ATP5PF"
"3197",5223,-0.027681840240243,4.41818658481404,-0.371075167331413,0.712230416832457,0.853841855179222,"PGAM1"
"3198",5224,-0.125716394754264,-1.64975542038633,-0.476029735108633,0.636234039443889,0.807027182084437,"PGAM2"
"3199",523,-0.387673608569892,4.07595867376559,-4.85018273632423,1.3647176188853e-05,0.00186262051521999,"ATP6V1A"
"3200",5232,-0.456024891678238,-0.454513499226288,-1.73780942304554,0.0887202259054088,0.269794706538746,"PGK2"
"3201",5238,-0.0569003169439437,3.13805277818343,-0.683491295885332,0.4976149887532,0.712807582744474,"PGM3"
"3202",5239,-0.157021406482316,-0.481866646528817,-1.04111705492458,0.303088158616733,0.557150811584288,"PGM5"
"3203",5241,0.00726684261227772,-1.2767904624257,0.0528014194735419,0.958111428259459,0.980147991109427,"PGR"
"3204",5243,0.18574067721702,0.836064583724343,1.40449297013683,0.166673472350973,0.393780513198718,"ABCB1"
"3205",525,-0.539245608588558,-1.23622315130455,-2.97243600582021,0.00462633140790389,0.0452256705351598,"ATP6V1B1"
"3206",5252,0.0692170187415695,-0.6855216346603,0.742849954792027,0.461228363697794,0.68512445797071,"PHF1"
"3207",5253,0.031662894774004,0.495033998173993,0.383135434168287,0.703327592064888,0.849376504191179,"PHF2"
"3208",5255,-0.0398176743817584,-1.33823316170326,-0.396918943103058,0.693203898270629,0.843721104022432,"PHKA1"
"3209",526,-0.378056551987306,4.5203326646267,-4.22049712107418,0.000109005088985063,0.0053101050491295,"ATP6V1B2"
"3210",5264,0.138461264828053,-0.704872792925004,1.1777258009979,0.244769315035553,0.495097528284441,"PHYH"
"3211",5265,1.02055606055625,2.7335014636724,4.01646203166633,0.000209068849182559,0.00782478412367408,"SERPINA1"
"3212",5267,0.183520758357569,-1.92675544643844,0.643681778024832,0.522875660719559,0.730954699356063,"SERPINA4"
"3213",5269,0.04438174201039,3.88209619725046,0.767827310669177,0.446387673422554,0.67452672069612,"SERPINB6"
"3214",527,-0.112264176467253,1.72814960050698,-0.903210280134109,0.370969164574569,0.620100417254549,"ATP6V0C"
"3215",5270,0.338790861133465,1.34738382405434,2.06391440508091,0.0445083435625696,0.179495540595961,"SERPINE2"
"3216",5271,0.305971800177742,-0.00909309834152111,2.85250811507896,0.00640282284023757,0.054772494312864,"SERPINB8"
"3217",5272,0.259333397288856,1.09304364589019,2.31333671713488,0.025077382055423,0.127861218050293,"SERPINB9"
"3218",5274,-0.201117892885282,-0.14751389885957,-1.51271540139146,0.136973206778842,0.352352145477282,"SERPINI1"
"3219",5276,-0.091091765415081,-0.680333581684057,-0.374138193153803,0.709965411313452,0.853286385397442,"SERPINI2"
"3220",5277,-0.233770011153087,-2.63990276635818,-1.47069988827122,0.147961873578209,0.369032905332404,"PIGA"
"3221",528,-0.350552880710824,2.43585872203288,-4.63954347428907,2.76225121719263e-05,0.0026328680293415,"ATP6V1C1"
"3222",5284,0.40352731450965,-1.80174431651112,1.35498253195193,0.181828336456725,0.41190082528402,"PIGR"
"3223",5286,0.0394269356248864,-0.500865691920172,0.391849927080663,0.696920534536372,0.846231106030514,"PIK3C2A"
"3224",5287,0.0702982444714788,-2.25548369186313,0.397277470383,0.692941310596909,0.843696985027378,"PIK3C2B"
"3225",529,-0.38515624388059,3.72338141401277,-4.59942515095809,3.15595338387031e-05,0.00271887465934835,"ATP6V1E1"
"3226",5290,0.00807715667440467,-3.33919170194894,0.0453183089331282,0.964043459919147,0.982776740904122,"PIK3CA"
"3227",5291,0.326493749651708,-2.52901395346693,2.41937542508075,0.0194247930340337,0.109585826877664,"PIK3CB"
"3228",5295,-0.0528422835489342,-1.30922107390618,-0.40229092823337,0.689273422055997,0.841555480039218,"PIK3R1"
"3229",5296,0.142718864381292,-1.69047787467781,0.88835081436383,0.378825748736807,0.626916270085339,"PIK3R2"
"3230",5298,0.0461014020882047,-1.11671602752838,0.472680731058266,0.638604322885933,0.808900130411006,"PI4KB"
"3231",53,0.0902117911912141,1.88877351065049,0.999508449831957,0.322609897825812,0.576181580064144,"ACP2"
"3232",5300,0.0299699411718302,1.53803231215785,0.400610748695542,0.690501821803212,0.842436927495153,"PIN1"
"3233",5303,0.299799695607893,-0.420759455101591,2.46050345590822,0.0175612905101658,0.102463118965207,"PIN4"
"3234",5305,0.152034788015814,-0.277183569518519,1.36305437666251,0.179287997518875,0.409705781374109,"PIP4K2A"
"3235",5315,0.150462503367788,7.19440797117823,1.96241445085838,0.0555829415379188,0.205770865596952,"PKM"
"3236",5316,-2.01523505083451,2.51779705732115,-3.73542296059645,0.000501717131079739,0.0124228383213496,"PKNOX1"
"3237",5317,-0.432880771022585,-2.83094842190923,-0.997924776850414,0.323369284259777,0.577156343933268,"PKP1"
"3238",5318,0.273711056117252,0.75845983148236,1.65146069337974,0.105237143122489,0.304117506820075,"PKP2"
"3239",5319,-0.0770453719686441,-0.295322231885241,-0.233516203342682,0.81636339987781,0.908216612762669,"PLA2G1B"
"3240",5321,0.0845773102587153,-1.67908873464895,0.712702324215565,0.479514321294143,0.699616032411451,"PLA2G4A"
"3241",5331,0.373998603526322,-0.310314913450152,3.24094566721136,0.00217889817826013,0.0283950679791097,"PLCB3"
"3242",5332,-0.566256816804941,0.801329947966355,-4.55546098773936,3.65061947891191e-05,0.00271887465934835,"PLCB4"
"3243",5333,0.469341148450116,-0.519648898523901,3.42138618307674,0.00128980942536453,0.0214548787341125,"PLCD1"
"3244",53349,0.0984586815276259,-1.09785651315333,0.892298018152851,0.376728520332699,0.625087752403575,"ZFYVE1"
"3245",5335,-0.00944682005133002,-1.09269258988444,-0.109988780262708,0.912881361860299,0.958806604910765,"PLCG1"
"3246",5336,0.0139555719366736,-0.897967921475626,0.112869060249988,0.91060972994615,0.958388635529744,"PLCG2"
"3247",5337,0.240200940504691,-1.90498917230171,1.61745977402953,0.112397299015653,0.315164285682083,"PLD1"
"3248",53373,0.210390782345346,-3.81011394956077,1.21723875875569,0.229522537785617,0.475146488002738,"TPCN1"
"3249",5338,0.561241106645306,-5.23969586801733,2.65622381136207,0.0107240113443429,0.0734642652138134,"PLD2"
"3250",5339,0.270552210834312,3.57785711038544,2.6803413399843,0.0100767347869538,0.0702852251390029,"PLEC"
"3251",534,-0.204267781978034,-3.11434231033809,-0.722901090710339,0.473282990846003,0.694043513262385,"ATP6V1G2"
"3252",535,-0.313612807059829,3.42914337031832,-2.89022878818357,0.00578524460447559,0.0520659384935733,"ATP6V0A1"
"3253",5351,0.257608258347027,-0.607864217624177,2.07194259981517,0.0437205689608233,0.178310200851517,"PLOD1"
"3254",5352,0.147781579415025,1.24398246713445,0.904543004052375,0.370269652729996,0.619268427372402,"PLOD2"
"3255",5355,0.161188494398966,3.52441216426418,1.72249293249515,0.0914820451002231,0.275658710272543,"PLP2"
"3256",5357,0.295461349418764,1.42886525750264,3.27787254169698,0.00195946075832386,0.0268463619075711,"PLS1"
"3257",5358,0.420764256528028,2.9564736812235,3.46757854974164,0.00112530103469038,0.0199051808384136,"PLS3"
"3258",5359,0.654547753393831,-0.448387465924109,3.31568852701059,0.00175652974970116,0.0254883678573658,"PLSCR1"
"3259",5360,-0.542489115830093,-0.207379105525663,-1.68904695076192,0.0977611354539628,0.289323938966453,"PLTP"
"3260",53615,0.263777560735622,-2.25703341878891,2.01505246367904,0.0495743834012434,0.193567153509435,"MBD3"
"3261",53635,0.158191753417038,-3.45143693310003,0.742687077675243,0.461326064645315,0.68512445797071,"PTOV1"
"3262",5364,0.121471131486996,-1.5894071140171,0.737931692342862,0.46418381054125,0.687207001713023,"PLXNB1"
"3263",537,-0.23290926098637,2.93275591763221,-2.1066857937493,0.0404498174525592,0.170874727820928,"ATP6AP1"
"3264",5372,0.469306077888217,-3.10353440029824,1.98451152414393,0.0529882570764351,0.201388186956755,"PMM1"
"3265",5373,-0.0429061385466252,1.984529260164,-0.410818605691912,0.683051816065525,0.837844134094762,"PMM2"
"3266",539,-0.131264338866915,4.25832443740561,-1.60219510596348,0.115738331636969,0.320822968882193,"ATP5PO"
"3267",53916,-0.0451804936008982,1.54897945551743,-0.559641430832305,0.578351957845993,0.768714663763254,"RAB4B"
"3268",5393,0.0659908260341459,0.338150922579388,0.914579903792551,0.36502873422414,0.616019397392607,"EXOSC9"
"3269",53938,0.0609208982280139,0.144422515776524,0.344414714822354,0.732053663412524,0.865605472490646,"PPIL3"
"3270",53944,-0.0490539279938118,-2.93575303607184,-0.202079104653441,0.8407173308166,0.922474611468054,"CSNK1G1"
"3271",5395,0.0214034343849256,-3.78026254245877,0.0908170108911814,0.928019644716877,0.967751372625245,"PMS2"
"3272",54039,-0.252217449295142,-0.265337046986652,-1.82888029518966,0.0736954526167544,0.239842358516245,"PCBP3"
"3273",5406,-0.862902966982735,2.91996629331753,-1.36918716687545,0.177376179253235,0.406851639856636,"PNLIP"
"3274",5407,-0.583420292472588,-0.767815630616841,-1.27556478360457,0.208308436298925,0.446558186365746,"PNLIPRP1"
"3275",5408,-0.322759128658221,0.693461629081509,-0.614294241246447,0.541950305275366,0.74489604198107,"PNLIPRP2"
"3276",54097,0.548772360445221,-0.687127551467427,2.27380059979921,0.027535319782506,0.133355277848381,"FAM3B"
"3277",54102,0.922068503720122,-1.55261840469049,2.86615923701667,0.00617257595022799,0.0535887852652043,"CLIC6"
"3278",54103,0.378467669779781,-3.0432998141409,2.53338603069651,0.0146518972914036,0.090282940286001,"GSAP"
"3279",54108,0.291426346679752,-1.41423872304366,1.56050465624245,0.12527494772769,0.336074138615629,"CHRAC1"
"3280",5412,-0.0906801091920557,-0.60045662225103,-0.675390883500018,0.502700134508253,0.716076450594489,"UBL3"
"3281",5413,-0.263104839674021,0.742795180593357,-2.61434492168754,0.011939231891095,0.0792248706459901,"SEPTIN5"
"3282",5414,-0.18623555518729,-2.67546128929571,-0.859053310632911,0.394622952328712,0.638825062696193,"SEPTIN4"
"3283",54187,-0.0351046269728981,3.06716743013003,-0.487478116300198,0.628160459911497,0.799761232718682,"NANS"
"3284",5420,-0.711575475185547,1.99561956602584,-2.85122171664128,0.00642492601910428,0.054772494312864,"PODXL"
"3285",54205,-0.0326503078583746,3.22068742188644,-0.328364621965088,0.744078252133281,0.872611112413469,"CYCS"
"3286",5423,0.1121857070097,0.347630563695207,1.61242097454219,0.113491377544926,0.317073316054054,"POLB"
"3287",5424,0.141880524345172,-0.694745948868371,1.51790284337792,0.135662730369053,0.351310522942329,"POLD1"
"3288",5425,0.22076420936246,-1.78263532198543,1.82417211086869,0.0744159422225441,0.241164230919734,"POLD2"
"3289",5428,0.0502115244392725,-0.641119187137606,0.551081768088818,0.584158927997952,0.77308484261566,"POLG"
"3290",54331,-0.117143523824945,1.16188256496757,-0.490187765538041,0.626256222971778,0.79849619788134,"GNG2"
"3291",54332,-0.524728139506422,1.66698837064748,-4.68868278123354,2.34518908655086e-05,0.00245645354474397,"GDAP1"
"3292",54344,0.243710081199475,1.7270629092123,1.75386276727369,0.0859003060987331,0.26389193134836,"DPM3"
"3293",5436,-0.000274742637823566,-1.10567339194974,-0.00352412911498113,0.997202907345834,0.99849107629434,"POLR2G"
"3294",54361,-0.326569698685581,-0.672483256906294,-1.66489452497404,0.102513044459467,0.298919271682759,"WNT4"
"3295",54363,0.571601538278647,-2.91557051802664,3.24541948744006,0.00215112551142825,0.0282732513686223,"HAO1"
"3296",5438,0.311709635912058,-1.27842303278912,2.01219244778258,0.0498857941931938,0.194088199582124,"POLR2I"
"3297",54386,-0.0431205490049719,0.306967058885941,-0.448811807007816,0.655607029741175,0.817765535630043,"TERF2IP"
"3298",5439,0.122226671525074,-2.61379957268554,0.538477075371746,0.592760720625438,0.779928253633213,"POLR2J"
"3299",5440,-0.058591008579868,-1.45112076260576,-0.306128335145636,0.760843848941569,0.882902445453116,"POLR2K"
"3300",54414,0.327923666565529,0.553496603870464,3.45977208641155,0.00115162159251601,0.020138613489639,"SIAE"
"3301",5442,0.0684345593248279,-1.36443844057166,0.540811836026256,0.591162899955865,0.779329441565528,"POLRMT"
"3302",54431,-0.124737013782346,0.662416678072233,-1.42811511593266,0.159796919004528,0.385244889571797,"DNAJC10"
"3303",54433,-0.115089349111571,1.43289148910748,-1.07844439380448,0.286278189580242,0.540503084479706,"GAR1"
"3304",54434,0.474448509415126,-3.99303885979734,2.48433608512807,0.0165569327570239,0.0980294988815876,"SSH1"
"3305",54436,0.00413839688323026,-1.26135428289313,0.0414426136222541,0.967116640490064,0.984274902889739,"SH3TC1"
"3306",54438,-0.0316943285063095,-0.535282458992718,-0.310195307283972,0.757768510376374,0.880375213937194,"GFOD1"
"3307",5444,0.299783537046344,-2.32352327695485,1.11084123698413,0.272224596719332,0.526627545571677,"PON1"
"3308",54442,0.41726912562388,-1.7236336049227,2.77242685534629,0.00792188012807841,0.061311856294036,"KCTD5"
"3309",5445,0.00121584170746558,0.842703032937168,0.0109806220205172,0.991284867576491,0.996969771781829,"PON2"
"3310",54455,-0.200397151895784,-1.64576336003159,-1.00144451200235,0.321683169106198,0.575966457874095,"FBXO42"
"3311",5446,-0.104453761745574,-0.0769470132588851,-0.501490537029917,0.618340886061136,0.795509611956247,"PON3"
"3312",54460,-0.0831131375106127,0.149421296732904,-0.93902980412469,0.352463061742994,0.604219697480142,"MRPS21"
"3313",54461,0.310506195121761,-2.32328042545405,1.80571026000132,0.0772986829763612,0.246985588812548,"FBXW5"
"3314",54467,-0.145638251784988,-0.745857182420028,-1.56511279752536,0.124190711617813,0.334922050927126,"ANKIB1"
"3315",54469,0.156689166249587,-2.51491135132841,1.02096222968676,0.312440911008978,0.56517010630641,"ZFAND6"
"3316",54470,-0.00553542696807519,-1.17784739326214,-0.0392412648765037,0.968862397884264,0.98550662228973,"ARMCX6"
"3317",54471,-0.29005498749317,-0.759941030738091,-2.98136028541984,0.00451449546217189,0.0446539337387375,"MIEF1"
"3318",54472,-0.0786489238579371,2.07664839850559,-0.739123731975038,0.463466501526242,0.686970194416175,"TOLLIP"
"3319",54475,0.108247950088002,-0.232033371243821,1.20026683793449,0.235983892384847,0.48266215643392,"NLE1"
"3320",54480,0.0460527990298323,-1.63507541768241,0.29073559436964,0.772518396653104,0.887131509570955,"CHPF2"
"3321",54482,0.552693008215861,-4.26506885770402,1.80483486906253,0.0774376715693054,0.247300951140685,"TRMT13"
"3322",54487,0.0808103856195173,-2.56941241965139,0.369740167027785,0.713218426746486,0.854525610651948,"DGCR8"
"3323",54491,-0.633675276579978,2.29852468260201,-5.27918046937212,3.16832296261914e-06,0.000883962106570739,"OTULINL"
"3324",54496,0.380206910764256,-2.46016424460558,2.56851230928267,0.0134125483386342,0.0855781930379797,"PRMT7"
"3325",54497,0.115863168541737,-0.506345808335354,1.4376840200258,0.157075152940389,0.381530387316227,"HEATR5B"
"3326",54499,0.135296560850731,1.1472865069289,1.24500844988841,0.219232084282121,0.461317327450552,"TMCO1"
"3327",545,0.296075829707944,-2.37184138779526,1.84880769423819,0.0707108225006095,0.236153394018876,"ATR"
"3328",54502,0.301257165780438,-0.05023926243469,2.9996174050642,0.00429353049894527,0.0432737113341971,"RBM47"
"3329",54503,-0.242889190356352,-0.225141610037977,-2.63236859105304,0.0114015586880254,0.076840682904507,"ZDHHC13"
"3330",54504,0.685023549068344,-0.219409829537074,2.41052249942613,0.0198485229453821,0.111345119514981,"CPVL"
"3331",5451,0.109472150096078,-0.676101466331572,1.24046242094067,0.220892885818785,0.463707306839069,"POU2F1"
"3332",54516,-0.131087858662614,-1.74329619429541,-0.821872138637785,0.415253453877571,0.651541472693372,"MTRF1L"
"3333",54517,0.145203439119563,-0.0398243886978984,1.82581374908391,0.0741640522238378,0.2409197368531,"PUS7"
"3334",54521,-0.221728128528004,1.55904335518553,-3.06157325049118,0.00361682822028523,0.0389475291510715,"WDR44"
"3335",54534,0.22498825666126,0.875770713399211,1.52674402287262,0.133452273856367,0.348714370766445,"MRPL50"
"3336",54539,-0.387489250865185,2.58254864348113,-1.218777510572,0.228943204691917,0.474427208102292,"NDUFB11"
"3337",54545,0.102986574862806,-1.44812654913946,1.08440314273542,0.283656036206987,0.538465051839855,"MTMR12"
"3338",54550,-0.060349188001106,-0.986036668442972,-0.294225801494225,0.769866495479725,0.886344245168433,"NECAB2"
"3339",54551,-0.14757558420516,-2.01339016452285,-0.747892872745852,0.458209305467678,0.683140324741464,"MAGEL2"
"3340",54552,0.0685343913318341,-1.86776207644511,0.287895232973576,0.77467856391524,0.887783653531628,"GNL3L"
"3341",54554,0.0430720252870307,-3.48475733282322,0.184422704960127,0.854466474693147,0.9305740279749,"WDR5B"
"3342",54555,-0.10408739234979,-2.12246182229081,-0.773743528285814,0.442913970307185,0.671587951813408,"DDX49"
"3343",54557,-0.165751130603767,-1.40249653532887,-1.52777830252868,0.133195574364341,0.348191837925181,"SGTB"
"3344",54566,0.108071210905058,-1.63947070129749,0.851505066543852,0.398758674594217,0.639575599650138,"EPB41L4B"
"3345",54583,0.4196143316236,-0.190315409890341,3.4265153549034,0.00127047050261892,0.021306415150478,"EGLN1"
"3346",54585,-0.158180061369244,0.984381434987832,-2.79663667489345,0.00743071939255833,0.0595751266483514,"LZTFL1"
"3347",54602,0.0896883815184162,-2.50062219031852,0.345357190261707,0.731349640727652,0.865586332116195,"NDFIP2"
"3348",54606,0.0436056548355518,-0.216879812194535,0.523681995079495,0.602933071596103,0.787370285830055,"DDX56"
"3349",54617,-0.0948952545052824,-3.53620746516899,-0.470414449713769,0.640210467271089,0.809695218479097,"INO80"
"3350",54622,-0.130672382495317,0.705493561102573,-1.05576929979353,0.296410582812281,0.550067729861928,"ARL15"
"3351",54623,0.0742082052996929,0.286630064575704,0.859816245444308,0.394206430952877,0.638595690997297,"PAF1"
"3352",54625,0.279806531367191,-1.16095613496244,2.08597401415593,0.0423728702306949,0.175446834484172,"PARP14"
"3353",5464,0.114047428639474,2.95460002883827,1.48989977072117,0.142856988272011,0.36046709685208,"PPA1"
"3354",54662,-0.115782517351847,-0.203217302340802,-1.64303256271892,0.106976250361696,0.306831880710324,"TBC1D13"
"3355",54663,0.0985540727535023,-0.867361879299108,0.766727713913356,0.447035060132143,0.675006445040859,"WDR74"
"3356",54664,0.0474579622816425,0.604759087377563,0.505188961882193,0.61576070695162,0.794529883368491,"TMEM106B"
"3357",54665,0.185316635528589,-1.94915367091277,1.48793576526489,0.143372691973382,0.361256807607808,"RSBN1"
"3358",54677,0.109137708771626,-1.50152153739209,1.01279366762097,0.316286799949618,0.5699079137816,"CROT"
"3359",54681,0.333995751568463,-0.589192966649997,1.96978197949979,0.0547059447242477,0.205209071595927,"P4HTM"
"3360",5469,0.128086160665447,-1.59059677608352,1.40065596764178,0.167811807279985,0.395252829272659,"MED1"
"3361",547,-0.0765128578333152,1.39275578626021,-0.905589775611263,0.369720822914171,0.618902029603431,"KIF1A"
"3362",54700,-0.0486250534630843,-1.68424580987687,-0.373393398534316,0.710515919805528,0.853286385397442,"RRN3"
"3363",54707,0.0494128418313222,-5.75422145989263,0.13661687214877,0.891910668733897,0.948912726422434,"GPN2"
"3364",54726,0.109080976423809,-0.517691200328569,1.29946953781312,0.200050471840702,0.435120409694624,"OTUD4"
"3365",54732,-0.104247399901636,5.04846044227429,-1.27611870153384,0.208114240029598,0.446558186365746,"TMED9"
"3366",54734,-0.265879472044685,-0.82892214040169,-1.85351450241543,0.0700209836991099,0.234886603748351,"RAB39A"
"3367",54749,0.257412047028076,1.64102039592673,1.09736393515903,0.27801070633096,0.532761711301083,"EPDR1"
"3368",54751,0.632554117832186,-0.35925076370348,5.24184426164679,3.60166815739495e-06,0.000961175615221314,"FBLIM1"
"3369",54758,0.0162323344049784,-0.636816218833008,0.128134403054103,0.898583228349497,0.952973191648222,"KLHDC4"
"3370",5476,0.214158657565556,1.23606350743495,1.55689576465857,0.126129377816439,0.337047494775725,"CTSA"
"3371",54776,0.0668485727040732,0.0263101163546769,0.598019888572873,0.552665639842792,0.751664457645703,"PPP1R12C"
"3372",5478,0.198741308004188,5.52417138233424,2.32407586307712,0.0244444889036245,0.126284703069127,"PPIA"
"3373",54780,0.22330356239181,-1.63912201297926,1.69247036675718,0.0971025179018141,0.288069238705334,"NSMCE4A"
"3374",54784,0.0760684967061435,-0.84517518728622,0.731380250240678,0.468137499681226,0.689567548126558,"ALKBH4"
"3375",54785,-0.0819682290719505,0.0337888485426689,-0.918035592433387,0.363235410682387,0.614536645746552,"BORCS6"
"3376",5479,-0.0702320998118271,6.3451160730198,-0.893531930945987,0.376074436662086,0.6249666836496,"PPIB"
"3377",54795,0.771425717887773,-2.93743079018717,3.81443764901375,0.000393327944352584,0.0108262193831218,"TRPM4"
"3378",54797,0.15480197644141,-1.42289983061672,1.41841828334088,0.162592471203073,0.38817292424911,"MED18"
"3379",5480,0.667201713130325,-0.932916886791758,2.85131479814093,0.00642332429878697,0.054772494312864,"PPIC"
"3380",54802,-0.223155214584552,-1.03012446835113,-1.39879826934232,0.168365096092991,0.395924287934588,"TRIT1"
"3381",54805,-0.182160942735717,-4.63086138177008,-0.716303337467216,0.477308882358078,0.697885164343469,"CNNM2"
"3382",54808,-0.359094677641416,-0.0124351953119164,-3.90791002190431,0.000294099962804375,0.00902592785846628,"DYM"
"3383",54809,0.217341419739756,-1.36266612402949,1.456241552614,0.151900159853649,0.374152811423706,"SAMD9"
"3384",5481,-0.210327012133743,0.657618841106556,-1.85338857606877,0.0700393652506282,0.234886603748351,"PPID"
"3385",54810,0.669023198203836,-0.614685727231645,2.06750740113716,0.0441542623671438,0.179008622488426,"GIPC2"
"3386",54812,0.128254227767783,-1.51689623323261,1.49779420503453,0.14079889153107,0.35815316875993,"AFTPH"
"3387",54814,-0.18696050843886,0.0964243442025989,-1.58033859266624,0.120661900979031,0.328435808518532,"QPCTL"
"3388",54815,0.238749641729835,-0.11512868273083,2.93388033069656,0.00513988697255292,0.0479462404825681,"GATAD2A"
"3389",54816,0.00892809680855944,-2.37300218552054,0.0651527281412022,0.948325659218964,0.976373814617883,"ZNF280D"
"3390",54819,0.0710356641225873,-1.32915718924442,0.455166476126914,0.651061859667886,0.814772381302226,"ZCCHC10"
"3391",54820,0.157339717073987,-3.53684042195851,0.921638680450003,0.361371662951655,0.612519393411395,"NDE1"
"3392",54828,-0.0841432870685148,-1.48358517334338,-0.717887085120605,0.476340733083143,0.696967680492094,"BCAS3"
"3393",54832,-0.119576369298091,1.87928398776304,-1.60289965740527,0.115582370047912,0.320580473273421,"VPS13C"
"3394",54836,0.124123532444707,-0.254393340014807,1.50653474214345,0.138547726544933,0.354631336752626,"BSPRY"
"3395",54840,-0.141510338053356,-0.365277103400356,-1.59299004845241,0.117791713078468,0.325050263279954,"APTX"
"3396",54842,0.12907691697058,-0.507863054990309,0.96173543437043,0.341049839740579,0.594030623248489,"MFSD6"
"3397",54847,-0.205817300785484,-0.335476991868139,-1.02232578093195,0.311802038131745,0.564554840723496,"SIDT1"
"3398",54853,0.27499156143755,-1.5737299107559,1.92685424456731,0.0599876975724164,0.214849326568444,"WDR55"
"3399",54856,0.0637687170690403,-0.731976625887739,0.498626075449033,0.620342601344939,0.796274302412765,"GON4L"
"3400",54858,0.0946421803668756,-2.17628744336525,0.699750656160728,0.487493796302751,0.70533104590889,"PGPEP1"
"3401",54859,-0.196883596739547,-1.47222336078435,-2.39721405374762,0.0205011829577183,0.113263961291156,"ELP6"
"3402",54861,-0.158256084731165,-1.56494924132115,-1.47854828408942,0.145858013502468,0.365769807823302,"SNRK"
"3403",54862,0.0982733833401391,0.350706942911314,1.44534951192582,0.154921057399409,0.378846792955209,"CC2D1A"
"3404",548645,0.0888375485752855,-1.5634766611912,0.884500536119924,0.380878607437108,0.627606145623885,"DNAJC25"
"3405",54867,0.130490769212832,0.871561715951632,1.27267869883678,0.209322452544403,0.447516967508724,"TMEM214"
"3406",54868,-0.274112495282916,-1.6240868206422,-2.0654102694019,0.0443606304910308,0.179253159943349,"TMEM104"
"3407",54869,0.598498348673827,-3.66159934051893,1.39016274666007,0.170955626796091,0.398405319748856,"EPS8L1"
"3408",54870,0.145618288258115,0.282745077801292,2.21459509267618,0.0316173499794205,0.145259950728804,"QRICH1"
"3409",54872,-0.0736113540490912,-1.0462657533596,-0.766847787365923,0.446964340192646,0.675006445040859,"PIGG"
"3410",54873,-0.0982657151651445,-1.35044848247635,-0.42234296246646,0.674679140340467,0.8307007480004,"PALMD"
"3411",54876,-0.161939477092704,-2.22719858959481,-0.799692597284202,0.427867532750262,0.661690832960722,"DCAF16"
"3412",54878,0.229687317089286,-1.84432107423411,1.38147783045483,0.17359193167459,0.402381902046312,"DPP8"
"3413",54883,0.100222760198443,-2.09174477424118,0.581265618009662,0.563807891471533,0.758416138034685,"CWC25"
"3414",54884,0.170554692656872,0.428046896101476,1.78722728883243,0.0802781821372381,0.252950452750702,"RETSAT"
"3415",54885,-0.0618564765031402,-0.423166346939756,-0.642887595046617,0.523386429402069,0.730954699356063,"TBC1D8B"
"3416",54887,-0.0360370379795203,5.07080080407342,-0.379262648199063,0.706181961941432,0.850919903053296,"BLTP3A"
"3417",54890,-0.165689125447082,-0.018927818712336,-2.10604877272498,0.0405078064988678,0.171002005701548,"ALKBH5"
"3418",54899,0.133517528432365,-1.11401171567049,1.06447212341967,0.292492803215854,0.547187085077388,"PXK"
"3419",54901,0.245047351679233,-0.963068602458298,3.233944882176,0.00222303910967635,0.0285460545087728,"CDKAL1"
"3420",54903,-0.096185551844421,-2.19598422710034,-0.601524175717597,0.550349318754787,0.750352265899811,"MKS1"
"3421",54904,0.044757000020472,-0.987765347105253,0.419333222448914,0.676861824385972,0.832413920673431,"NSD3"
"3422",54906,0.156400615260548,-0.511850214509521,1.16915492720898,0.24817124922639,0.498290849771536,"TASOR2"
"3423",54910,0.0372723363319781,0.0288007939178183,0.284685548679616,0.777121777543463,0.888428659072784,"SEMA4C"
"3424",54913,0.0364279984084099,-1.88068631364134,0.22871266079619,0.820073461713168,0.909414798192489,"RPP25"
"3425",54916,0.0910339418284583,-2.20157610341089,0.683500944425851,0.497608948640984,0.712807582744474,"TMEM260"
"3426",54920,-0.0119577379110134,-2.12254576598979,-0.108962174048591,0.913691208764779,0.959164809200994,"DUS2"
"3427",54922,-0.224994872012715,-1.01725337210588,-1.18922818509132,0.240257063797588,0.489282633573191,"RASIP1"
"3428",54926,0.146884311714681,0.927789383585486,2.0499872554107,0.0459042879664493,0.183796816397956,"UBE2R2"
"3429",54928,-0.410766480996822,1.85716957015863,-4.51398410155233,4.18647849351206e-05,0.00285517833257523,"BPNT2"
"3430",54929,0.292624202669005,-1.37901750226054,1.81835817036683,0.0753138298461278,0.243175322249096,"TMEM161A"
"3431",5493,0.22484476668199,1.63858422974982,1.66425719257694,0.102640961514489,0.299008173600348,"PPL"
"3432",54934,0.014733882630356,-6.05851284948748,0.0341857461223308,0.972872194740443,0.986208015081228,"KANSL2"
"3433",54935,0.251239711317736,0.73788549213582,2.24465815576489,0.0294820620243352,0.139093694623651,"DUSP23"
"3434",54936,-0.0266119352739498,1.66088155960215,-0.358433278457737,0.721606215812872,0.859088158164748,"ADPRS"
"3435",54938,-0.0985602990238154,0.790138571526529,-1.68516301338103,0.0985128057074551,0.290987296165717,"SARS2"
"3436",54940,-0.0960148509464052,3.03905881482302,-1.12747364701341,0.265201857555713,0.519402999896926,"OCIAD1"
"3437",54946,0.172822714995788,-1.69108619658161,1.36134890445401,0.179822456022145,0.409866790245236,"SLC41A3"
"3438",54947,0.338984714536662,-2.03199497185669,1.23497786851225,0.222908923083045,0.466649034748885,"LPCAT2"
"3439",54948,-0.195301815084895,0.586957282193003,-2.57182562032837,0.0133007217098446,0.085171115976914,"MRPL16"
"3440",54951,0.128927170383933,-1.17991885651834,1.16569682818841,0.249553452367497,0.499749862027936,"COMMD8"
"3441",54952,-0.126445183877591,-0.499417981386366,-1.39374717716837,0.169876634723373,0.397220108164595,"TRNAU1AP"
"3442",54954,-0.218865986088186,0.554297541245844,-2.50572400034983,0.0157002193176339,0.094757075881649,"FAM120C"
"3443",54958,0.0152079113558837,-0.55956043579133,0.15624026098982,0.87650536693293,0.94073192599534,"TMEM160"
"3444",5496,0.208458809246347,1.36007174336466,2.98839938709155,0.00442807161565438,0.0443385050193908,"PPM1G"
"3445",54960,0.0854432632819675,-1.17010977499043,0.543346466751091,0.589430612349865,0.778048408301822,"GEMIN8"
"3446",54961,0.396352085635678,-0.759570139066293,3.43516097842311,0.00123849667631658,0.0209852886942926,"SSH3"
"3447",54968,-0.0268392000890159,1.6066992401445,-0.294964276217874,0.769305748101268,0.886344245168433,"TMEM70"
"3448",54969,0.0757750517536936,0.668634829443454,0.983257749009803,0.330459349437052,0.584541638860122,"HPF1"
"3449",54971,0.0366043301821442,-1.83731095485246,0.322538712243849,0.748459132709544,0.875722866292639,"BANP"
"3450",54974,-0.129768243011759,-0.586274058487328,-1.04349255220924,0.301998601097714,0.556404069965691,"THG1L"
"3451",54976,-0.0743237764098199,-0.247231671451024,-0.771554228122005,0.444197554273617,0.672532448946176,"ADISSP"
"3452",54978,-0.081490664446592,-0.129421842494141,-0.559946145155979,0.57814575341705,0.768714663763254,"SLC35F6"
"3453",5498,-0.251904257191388,1.61760813698954,-3.88364644829645,0.000317243665856098,0.00938094773406625,"PPOX"
"3454",54981,-0.113193664014599,-1.6556503979447,-0.649097727895734,0.51939951589622,0.728869279508687,"NMRK1"
"3455",54982,-0.0443282987638833,-1.04864625455133,-0.329277711463999,0.743392410470677,0.872611112413469,"CLN6"
"3456",54987,0.290372495008419,0.427292578236045,3.32340054290808,0.00171766784069969,0.0254632291627887,"CZIB"
"3457",5499,0.380599561178185,1.24566574126884,3.39949309647469,0.00137555023307738,0.0223955632112173,"PPP1CA"
"3458",54994,0.0523441468149737,-2.48657100592604,0.292480644798647,0.77119214155061,0.886389643969886,"GID8"
"3459",54995,-0.0160743514661477,-0.775057462321479,-0.172289733338349,0.86394127108889,0.934933681572665,"OXSM"
"3460",54996,0.300577418906435,0.706888626679132,2.04565108267765,0.0463466086452407,0.184844368982773,"MTARC2"
"3461",54997,0.0723189266546352,-0.502709579490839,0.589494434468481,0.558321461965562,0.75500707943261,"TESC"
"3462",55,-0.610059334598769,1.34734127557881,-3.34152274713143,0.00162953298278997,0.0247576075454575,"ACP3"
"3463",550,0.297000346564217,-0.080848422750141,2.91575088084003,0.00539931478263387,0.0494101485997331,"AUP1"
"3464",55002,-0.342712482075233,-1.62949713444243,-2.40814691165791,0.0199636342976321,0.111701720436523,"TMCO3"
"3465",55003,0.113946893423588,-1.16625539656773,0.885605373910396,0.380288819469151,0.62724865054962,"PAK1IP1"
"3466",55004,0.0684020280995348,1.38532584688453,0.628661769121298,0.53258013577552,0.737800446575365,"LAMTOR1"
"3467",55005,-0.281703094304816,-0.472908994991429,-1.99936235384894,0.0513036973635519,0.197430780199048,"RMND1"
"3468",55006,0.379777676109189,-1.57175157590217,2.26346069096314,0.0282125427671891,0.135287958988287,"TRMT61B"
"3469",5501,0.183009276847929,1.58958185594633,1.64641568902435,0.106275354725106,0.305965350517214,"PPP1CC"
"3470",55011,0.0240954414251979,-0.396023575039748,0.292506174602448,0.77117274376431,0.886389643969886,"PIH1D1"
"3471",55013,0.00840034579592452,-1.92293356853622,0.0653665185502262,0.948156342450339,0.976373814617883,"MCUB"
"3472",55014,0.13276554027585,-0.0419549377735961,1.51835053950665,0.135550101126568,0.351310522942329,"STX17"
"3473",55015,-0.0358741722464742,2.0727311760345,-0.462675073582746,0.645708555206971,0.811831034793197,"PRPF39"
"3474",5502,-0.678944370681695,-0.857023679622805,-2.63893632437512,0.0112112099163155,0.0760380181948561,"PPP1R1A"
"3475",55020,0.291459496229315,1.0576043880119,1.80704917939983,0.0770865042004594,0.246564337041386,"TTC38"
"3476",55023,0.125957655230155,0.252107525152177,1.67394554835736,0.100710526182586,0.29492424127324,"PHIP"
"3477",55027,-0.012439281049385,-1.1092068030601,-0.133808126634409,0.894119260691494,0.949894786766049,"HEATR3"
"3478",55028,-0.138381505141767,-0.845852355860405,-1.36758324657,0.177874661597482,0.407842612209693,"MTNAP1"
"3479",55034,0.277376148915872,-0.0211542796962321,0.882476350932954,0.381960666975633,0.628040335895107,"MOCOS"
"3480",55035,0.170933056605464,-2.08827778709651,1.36133798335487,0.179825882393356,0.409866790245236,"NOL8"
"3481",5504,-0.115285736006717,-0.117307746495102,-0.871088455159904,0.388084441792336,0.632853959543401,"PPP1R2"
"3482",55048,-0.0388494682505162,-0.835422441608328,-0.388433314650582,0.699429865520397,0.847745199938259,"VPS37C"
"3483",55051,-0.219809857203123,-1.72190316209733,-1.62146153361194,0.111534519872846,0.313748342337091,"NRDE2"
"3484",55052,-0.347831861887628,-0.526908532804744,-3.7198481820059,0.000526235489938826,0.0128175930049385,"MRPL20"
"3485",55066,-0.0926537363518863,0.993320503696949,-1.42621635790213,0.160341349543104,0.385956385624674,"PDPR"
"3486",55074,0.391917742012567,-1.34187822066794,2.90843621563591,0.0055073983103157,0.05030418278083,"OXR1"
"3487",55075,-0.0590263194421471,-0.895119072021171,-0.476864432050307,0.635643872761541,0.80661196837096,"UACA"
"3488",55080,0.380363863205946,-0.0277340513176438,1.84303282893323,0.0715650454259017,0.23697471406679,"TAPBPL"
"3489",55082,0.0746308085943925,1.99180308209541,0.760016080596678,0.450998456898249,0.677988863198984,"ARGLU1"
"3490",55086,-0.237917719152305,-1.37717552278339,-1.73767146834323,0.0887447886122072,0.269794706538746,"RADX"
"3491",55089,0.172913996989123,-1.60639239975213,0.879159715012261,0.383737826695213,0.629821661315326,"SLC38A4"
"3492",5509,0.311244001610381,-1.17056611668303,2.66854648706536,0.0103886698402926,0.0719702657784608,"PPP1R3D"
"3493",55094,-0.222458882083042,-4.0123028723773,-0.709431781810302,0.481522325353855,0.701039856029877,"GPATCH1"
"3494",55095,0.0571344950361504,-0.785575312369676,0.486644045807253,0.628747127678041,0.800342154642849,"SAMD4B"
"3495",55101,-0.00448059845941362,-1.990398626357,-0.0214588369778336,0.98296947215583,0.992488596679949,"DMAC2"
"3496",55102,0.0429002429360319,-0.632504444198036,0.559049885536096,0.578752366623055,0.769043708838317,"ATG2B"
"3497",55103,0.062455312268094,-2.37555169215186,0.307087613419253,0.760118114088787,0.882467369827308,"RALGPS2"
"3498",55108,0.0149379079730164,-0.383544473813545,0.199651542700921,0.842604819828232,0.923555068590301,"BSDC1"
"3499",55109,0.124267855679873,-4.78286713767988,0.416379416713649,0.679006671038304,0.833789215822809,"AGGF1"
"3500",5511,0.0988331471394576,0.153529177343569,1.40256852874537,0.167243651296341,0.39446321663544,"PPP1R8"
"3501",55112,0.195735624925736,-2.62216648393847,0.982108868843749,0.331019072367065,0.584710611242327,"DYNC2I1"
"3502",55119,-0.116236085338551,-0.9182659053888,-0.723678799249866,0.472809712915343,0.694043513262385,"PRPF38B"
"3503",55125,0.443913829646428,0.416045163831564,1.91443061970843,0.0615954412139588,0.217658502113575,"CEP192"
"3504",55132,-0.378645029601103,-2.36319055391536,-2.59585288865278,0.0125148909720007,0.0820688042586968,"LARP1B"
"3505",55133,-0.000728044832728481,0.516098432228838,-0.00957586237189416,0.992399764004011,0.997274026106192,"SRBD1"
"3506",55135,-0.111169447684206,-1.6279163119982,-0.72268346270372,0.473415477459916,0.694043513262385,"WRAP53"
"3507",55139,0.218005844928987,-1.82345054412799,1.76970477818682,0.0831911568735385,0.258938803696643,"ANKZF1"
"3508",55144,-0.119587661037251,-2.25155171252903,-0.872545326144756,0.387297591888,0.63250201386441,"LRRC8D"
"3509",55147,-0.0476014246419609,-3.33752904571807,-0.288042786948453,0.774566300860418,0.887783653531628,"RBM23"
"3510",55148,0.100730396449183,-0.243783229547051,1.16255119217394,0.250815577245877,0.500815228736237,"UBR7"
"3511",55149,-0.297078589604529,0.464028751446952,-3.9118588730461,0.000290491096779637,0.00896825421189435,"MTPAP"
"3512",55151,-0.17301644594587,0.224392268136077,-1.91915446150816,0.0609798421757449,0.216982186246216,"TMEM38B"
"3513",55154,-0.108845234139618,-0.65419509122396,-1.09182419567465,0.280413921428741,0.535653867502958,"MSTO1"
"3514",55156,-0.202761225591342,0.83821475890089,-2.72114766189459,0.00906275318155056,0.0660655332878353,"ARMC1"
"3515",55157,-0.115502015824746,1.03964129552754,-1.85240690326407,0.0701828007941473,0.234886603748351,"DARS2"
"3516",55160,0.0551219270962289,0.153305459727469,0.606167966566195,0.547287407195234,0.748496012781717,"ARHGEF10L"
"3517",55163,-0.0431979418084725,2.09014149627589,-0.546650808494471,0.587175901321696,0.775739492533915,"PNPO"
"3518",55167,-0.124543942791023,-2.78892180826818,-0.758370571794075,0.451973297108812,0.678291466419044,"MSL2"
"3519",55168,-0.00080957363010703,1.00123164455404,-0.00530566676754733,0.995788916543594,0.997990161666464,"MRPS18A"
"3520",55170,-0.0504468125558494,-0.262472636991415,-0.501932763866141,0.61803211313571,0.795376227049747,"PRMT6"
"3521",55173,-0.178644525061764,-0.00198429046376571,-1.61920821503613,0.112019669628238,0.314824511070569,"MRPS10"
"3522",55174,-0.0632816074221309,-0.323249126829581,-0.552811159760588,0.582983434469798,0.772028548171654,"INTS10"
"3523",55178,-0.0530530740319941,-0.157900979827988,-0.446042415234873,0.657591972315324,0.819259941857641,"MRM3"
"3524",55181,0.240083430859851,-1.8612457526206,1.88034437841204,0.0661966869633738,0.227118649849742,"SMG8"
"3525",55182,-0.115434725394399,-1.55705747917598,-0.939287663460538,0.352332061056253,0.604219697480142,"RNF220"
"3526",55183,0.21092486770137,0.501632203214311,1.94475164758786,0.0577347870075289,0.210312238962737,"RIF1"
"3527",55187,0.00562941651634863,-1.39544091934421,0.0631617767665768,0.949902558528111,0.976373814617883,"VPS13D"
"3528",55188,0.0175117022865507,-1.05885836997965,0.164477525295294,0.870052720520933,0.938720970039987,"RIC8B"
"3529",5519,0.120002937775405,-0.893151484894517,1.42434108304404,0.160880465537125,0.386337651395647,"PPP2R1B"
"3530",55190,0.134044518733197,-2.34573348710431,0.819730476908874,0.416461496717918,0.652102210932291,"NUDT11"
"3531",55191,0.177445557512952,0.299638885329901,2.40256600902685,0.0202364306945467,0.112793204023383,"NADSYN1"
"3532",55192,0.0971371148489141,-0.318594741647812,1.00254458638114,0.321157399712218,0.575215675352668,"DNAJC17"
"3533",55194,0.188038652029722,-0.558286488538954,1.53447941114821,0.131541956831846,0.345595586058541,"EVA1B"
"3534",55198,-0.0984831794231757,1.66733770716632,-1.36164234577427,0.179730410872264,0.409866790245236,"APPL2"
"3535",55205,0.530260810853056,-5.56216256860539,1.76046574102303,0.0847623161596429,0.262101308104729,"ZNF532"
"3536",55206,0.0491058627703422,-1.2573761184207,0.57359280101373,0.568947649932986,0.761929117186059,"SBNO1"
"3537",55207,-0.146890801798573,4.26350621853225,-1.88711555684457,0.0652600736940195,0.224784698279401,"ARL8B"
"3538",55212,-0.152082857906672,-0.921533482333108,-1.63652772759467,0.108334499292675,0.308873618510695,"BBS7"
"3539",55217,-0.140576806360403,0.265791922759646,-1.34732485393237,0.184263711779023,0.414954731161065,"TMLHE"
"3540",55222,-0.411566368937555,-0.142319973544941,-2.69194942268138,0.00977816189743481,0.0691455734175747,"LRRC20"
"3541",55225,-0.0864534590792001,-0.965038873518364,-0.736927181996215,0.464788768706966,0.687770624662633,"RAVER2"
"3542",55227,0.178087078280386,-2.13255363850217,1.32915980886225,0.190140309019289,0.42209085597121,"LRRC1"
"3543",55230,0.148510458611964,-1.64355681499674,1.04374095805597,0.301884821538779,0.556404069965691,"USP40"
"3544",5524,-0.0639051344637873,2.84477855746691,-0.885776809837697,0.380197354927242,0.62724865054962,"PTPA"
"3545",55240,-0.24889508676271,-0.252773104941095,-1.92855693449762,0.0597701740933765,0.214543467008857,"STEAP3"
"3546",55245,-0.333679763133556,0.351378024903159,-3.74276776172371,0.000490539451447096,0.0123398817745175,"UQCC1"
"3547",55246,0.247520729194307,-0.725087189041726,2.6011983969022,0.0123459320712409,0.0814831516701902,"CCDC25"
"3548",55251,0.13125061909148,-1.07018350269975,1.30395784729346,0.198527848917601,0.432882393128324,"PCMTD2"
"3549",55252,-0.306825096322819,-3.66912742474892,-1.51552572737177,0.136262003471315,0.351894218804949,"ASXL2"
"3550",55253,-0.0416718029185792,-1.17202406637939,-0.35951721151151,0.72080060358503,0.858915570725085,"TYW1"
"3551",55255,0.0384669859238308,-1.01711925175739,0.321277027949569,0.749408985738426,0.876111088092863,"WDR41"
"3552",55256,0.237325998074469,-1.64358520964871,1.48011308661952,0.145441386931828,0.365120340690209,"ADI1"
"3553",55257,-0.112504442859334,-4.4313112421454,-0.589793658942226,0.558122464533553,0.754904294250098,"MRGBP"
"3554",55258,-0.176525031675276,-2.68044769500144,-0.948208693890246,0.34781948277077,0.601554236474214,"THNSL2"
"3555",5526,0.111156712929723,-1.50265141684801,1.20089677387442,0.235741721531175,0.48248839171669,"PPP2R5B"
"3556",55260,0.143264098033965,-2.57088655792473,0.757944573031881,0.452225869490844,0.678500054367995,"TMEM143"
"3557",55262,0.200884979577166,-0.136263952181469,0.697749423339964,0.488733313838897,0.706134912345099,"TRAPPC14"
"3558",55268,0.2898525624397,-0.186742150021948,2.38508238735645,0.0211128878234509,0.115499915740055,"ECHDC2"
"3559",55269,0.030101047758142,1.98550375850082,0.430986626117565,0.668426434014138,0.826878966338822,"PSPC1"
"3560",5527,-0.0493014195552847,-0.450918140836827,-0.497112606219943,0.621401403405087,0.796355004564666,"PPP2R5C"
"3561",55270,-0.442649549377649,-3.07501971892641,-2.49983204931212,0.0159321211865624,0.0955927271193744,"NUDT15"
"3562",55272,0.110750036133138,-1.19423586076528,1.04048538788945,0.303378335471504,0.557150811584288,"IMP3"
"3563",55274,-0.00778151963443074,-0.984943883048394,-0.0686056721189141,0.945591312251753,0.976373814617883,"PHF10"
"3564",55276,-0.178215074973802,2.16776966408333,-1.76720386845085,0.0836140316903647,0.259687689856567,"PGM2"
"3565",55277,-0.0474917457080215,-0.730093960217817,-0.388710905938492,0.699225861670746,0.847745199938259,"FGGY"
"3566",55278,-0.2917884767484,-0.25835224230111,-4.00173273656113,0.000219025861673467,0.00800226630328418,"QRSL1"
"3567",55283,0.0527032529929947,-6.32016281950301,0.159701358575171,0.873793064133676,0.939360436323169,"MCOLN3"
"3568",55288,-0.417304774822683,1.54208823792189,-5.07756195734465,6.31629429826283e-06,0.00129723199099707,"RHOT1"
"3569",552900,0.32428258311228,1.63631026741363,2.14363661754802,0.0372080669883678,0.160833179700424,"BOLA2"
"3570",55293,0.22876260984603,-1.32669198289905,3.05260106546315,0.00370821258726892,0.0393789080634198,"UEVLD"
"3571",55295,0.478304428769104,-5.35311735936211,3.31739618433976,0.00174785341725101,0.0254883678573658,"KLHL26"
"3572",553,-0.0314900971955656,-0.875427876040074,-0.168797940712578,0.866671867459525,0.936818968708135,"AVPR1B"
"3573",55300,-0.144675255317497,-1.09021759180286,-1.16001795300795,0.251835326736896,0.502361142512535,"PI4K2B"
"3574",55303,-0.0530249670459691,-0.32737232892752,-0.250798785239025,0.803050705615404,0.900387998611042,"GIMAP4"
"3575",5531,0.173372834061681,1.37776904242449,2.01597748740334,0.04947402353336,0.193544650380984,"PPP4C"
"3576",55312,0.0518894883339265,-0.0491023196612007,0.653595264683932,0.516522221024058,0.726761890191181,"RFK"
"3577",55313,0.0418805778189988,2.23123566342068,0.459268358426112,0.648135071096726,0.812888676059332,"CPPED1"
"3578",55316,-0.174899682110741,-0.59105475397536,-1.28941207858387,0.203494303308504,0.439341552482446,"RSAD1"
"3579",55319,0.300413722586055,-1.52768417026052,2.53847825116965,0.0144659984630441,0.0897798772155357,"TMA16"
"3580",5532,-0.100972968080876,-0.253770836772847,-1.35651946789528,0.181342525895696,0.411489990368866,"PPP3CB"
"3581",55322,0.0451270511742594,-1.83619511705497,0.34239426003526,0.733563713015259,0.865869179406457,"C5orf22"
"3582",55323,0.32167903520312,-3.18750944355753,1.9186251227633,0.061048561648084,0.217017186482377,"LARP6"
"3583",55326,-0.00761184001253312,1.894369573436,-0.0749599371606075,0.940561194471785,0.973880669984449,"AGPAT5"
"3584",55328,-0.00452128878346025,-1.07794098563852,-0.0518747661646183,0.958845884458789,0.980447342431541,"RNLS"
"3585",55330,0.127204923160721,-0.856792976948358,1.27163721400078,0.209689279118426,0.448145123686943,"BLOC1S4"
"3586",55333,0.141109389854146,0.508096420638527,1.4012579589388,0.167632815353396,0.394982810226159,"SYNJ2BP"
"3587",55335,-0.381439786128163,-0.80625741941334,-3.10528131939875,0.00320109108321781,0.0357966787987303,"NIPSNAP3B"
"3588",55336,-0.0955784246476127,0.180451237524021,-0.941978857468995,0.350966747598982,0.603165417483072,"FBXL8"
"3589",5534,0.0550452855810575,-1.65161127755311,0.315548749618849,0.753726406990396,0.87852031100687,"PPP3R1"
"3590",55341,0.0889650580237912,0.165964457705439,1.03394066981223,0.306396077138273,0.560702308185499,"LSG1"
"3591",55346,-0.0243624375371767,-2.07583190186048,-0.179221454082746,0.858525633713647,0.932583031781485,"TCP11L1"
"3592",55347,-0.232007132607809,2.37990300131751,-1.92409293005484,0.0603419031261643,0.215461664565676,"ABHD10"
"3593",55349,0.269122157690367,1.79988769580242,1.91032372615496,0.0621349468423368,0.218683660388912,"CHDH"
"3594",55352,-0.067022063613851,-1.50707265366117,-0.472514232941353,0.638722262963141,0.808900130411006,"COPRS"
"3595",55356,-0.215409277343077,-2.56199864416089,-1.20533987100919,0.234038780823071,0.480373537996318,"SLC22A15"
"3596",55362,-0.239381112477395,-1.8859720648726,-1.47095299712978,0.147893653248386,0.369012700666095,"TMEM63B"
"3597",55379,0.212111508624305,3.57288633000193,1.27679761257659,0.20787640760119,0.446290797431307,"LRRC59"
"3598",5538,0.0778551246923591,2.88482004094585,0.906930076580812,0.369018855551999,0.618902029603431,"PPT1"
"3599",5539,-0.0307163989182486,-1.60661097947773,-0.0631154459962055,0.949939256465147,0.976373814617883,"PPY"
"3600",55425,0.0101938823046368,-1.71278938687294,0.0771367986121812,0.93883851500195,0.972917576410935,"GPALPP1"
"3601",55435,-0.133707683821755,-1.42266214511995,-0.635038922481182,0.528448372822804,0.734680886157729,"AP1AR"
"3602",5546,0.280896515943768,-2.64422885524445,1.88924858002897,0.0649673716164812,0.224153865644723,"PRCC"
"3603",55466,-0.141107871375183,-0.0446084687733298,-1.40626814706622,0.1661488557835,0.392843481047429,"DNAJA4"
"3604",5547,0.232277902873817,0.883475178957735,2.17029012924333,0.0350135629838804,0.154948269354764,"PRCP"
"3605",55471,-0.117390673030117,-0.456486026683497,-1.20418757043025,0.234479565928063,0.480706605099014,"NDUFAF7"
"3606",55486,-0.06886456834683,-0.4071915855331,-0.696820629529727,0.489309182245897,0.706677590735368,"PARL"
"3607",55500,0.170126032495115,-4.52555869853562,0.80982210491491,0.422078281715295,0.656729392120232,"ETNK1"
"3608",55505,0.137276671908333,0.230527871237657,1.53431198970451,0.131583070156209,0.345595586058541,"NOP10"
"3609",55506,0.148697735738766,3.63170968560942,1.37418089274155,0.17583105252308,0.404516866711643,"MACROH2A2"
"3610",55512,0.250199980980348,-0.906244339109216,1.87284254364219,0.0672476851408342,0.229442074149216,"SMPD3"
"3611",55520,-0.198058859392165,-3.94338326408805,-1.11765312676739,0.269332671673866,0.524089818935199,"ELAC1"
"3612",55526,-0.196866116389521,0.600702240912061,-1.5619306529574,0.124938618700463,0.335783183094895,"DHTKD1"
"3613",55529,-0.0167579551436254,-0.220078679869978,-0.123025884482629,0.902605343510697,0.954547139639672,"PIP4P2"
"3614",55530,-0.190376147341442,-0.123301550312293,-1.46858103992252,0.148533939398226,0.369858547678018,"SVOP"
"3615",55556,-0.00757037021451523,0.345443435944864,-0.0409722370882475,0.967489654483533,0.984491296289776,"ENOSF1"
"3616",55558,-0.117300415044658,-1.47970493758682,-0.966771379630468,0.338551914704231,0.591526231840184,"PLXNA3"
"3617",55561,0.0902383906965636,-0.566008046897383,0.722870743600414,0.47330146416231,0.694043513262385,"CDC42BPG"
"3618",55568,0.300023513335358,-1.90923723772494,1.63625096799059,0.108392599262306,0.308873618510695,"GALNT10"
"3619",55571,0.0870888751072023,-1.06135047745429,0.930368456959626,0.35688176914906,0.607302550329064,"CNOT11"
"3620",55572,-0.0116066958509712,0.0163587563366381,-0.101275557996648,0.919757739464436,0.962898346381154,"FOXRED1"
"3621",55573,0.25998854959639,0.608480165009731,1.87171085824613,0.0674074564805627,0.229611397820218,"CDV3"
"3622",55578,0.08792222995694,-3.57891945012658,0.441694193829964,0.660713558853663,0.821567621810525,"SUPT20H"
"3623",55588,0.198243827413984,-4.58494880463387,0.784701069006283,0.436522543026281,0.667272393356079,"MED29"
"3624",55589,-0.017498908399634,-1.65514319288861,-0.156459386443342,0.876333603671503,0.94073192599534,"BMP2K"
"3625",55591,-0.00032779676184802,-1.30457533168223,-0.00194523899002483,0.998456066305226,0.99920880619439,"VEZT"
"3626",55596,0.120968821472274,0.126545158387116,1.3252527555839,0.191422702055053,0.423406322599609,"ZCCHC8"
"3627",55599,0.182193627870353,-1.18630095724243,1.59314165920331,0.117757655770004,0.325050263279954,"RNPC3"
"3628",55601,0.398396030912621,-0.834639137396831,3.88145051067408,0.000319422951518385,0.00938094773406625,"DDX60"
"3629",55603,-0.133301204687183,-0.672509081462336,-1.08820145407877,0.281993369025048,0.536984650483929,"TENT5A"
"3630",55605,-0.359746549314976,1.07593408651299,-3.88512026932249,0.000315789078448055,0.00938094773406625,"KIF21A"
"3631",55607,-0.0640490089533106,-0.329322634280138,-0.64797121817679,0.520121533987583,0.729172898639803,"PPP1R9A"
"3632",55609,-0.258780943043273,-2.95492196758716,-1.46619204474771,0.149181030521539,0.370417947144502,"ZNF280C"
"3633",55611,0.0894403368196408,3.72922855932588,1.43503657451852,0.157824535850945,0.382201348535751,"OTUB1"
"3634",55612,0.217359897785895,-1.37887264331996,1.35880008964521,0.180623476095393,0.41071155313991,"FERMT1"
"3635",55614,-0.152738548580553,-0.0240853968103792,-1.29468661706408,0.201682704891705,0.437121625220793,"KIF16B"
"3636",55617,0.188429258564951,-1.05885114623554,1.2229230517915,0.22738777309221,0.472676107139805,"TASP1"
"3637",55619,-0.362135240104619,-0.349877243451986,-3.44608501712497,0.00119919184549957,0.0205604456639005,"DOCK10"
"3638",55621,-0.00973348586816558,0.00269813523165411,-0.111497133793282,0.91169165411323,0.958541173851834,"TRMT1"
"3639",55622,0.115639948657084,-1.28309433203357,1.47569425049194,0.146620322822008,0.366431409397999,"TTC27"
"3640",55624,-0.129993805591799,-0.681272372011778,-1.36002475263169,0.180238258705543,0.410197416364339,"POMGNT1"
"3641",55626,0.0664736632446665,-5.34131048500898,0.208463201334165,0.835758074405272,0.919663510344131,"AMBRA1"
"3642",5563,0.161657672428244,-1.21666065320808,1.54056706771968,0.13005399034718,0.343490272268068,"PRKAA2"
"3643",55631,-0.0617785379874788,0.107690482240587,-0.872511267292103,0.387315975465167,0.63250201386441,"LRRC40"
"3644",55633,0.224178911956832,-1.54142841902122,1.97487462306294,0.0541067219757432,0.203947750390445,"TBC1D22B"
"3645",55636,0.029292317508872,-0.668087172448566,0.205668689048621,0.837928074616951,0.920730848907777,"CHD7"
"3646",55638,-0.205815320478166,-3.5993968775953,-1.24949586456502,0.217601786465185,0.458982737224504,"SYBU"
"3647",5564,-0.0857590543548146,-1.03803033583686,-0.827661101988383,0.41199879341861,0.649608447346617,"PRKAB1"
"3648",55643,0.0748573505364531,-1.50604508518285,0.664161961548036,0.509795870272728,0.72057625523472,"BTBD2"
"3649",55646,-0.027596513873392,-1.62103640094837,-0.216864078700847,0.829242437829516,0.915447856726182,"LYAR"
"3650",55647,0.143993733480998,-1.48599837850452,1.31581072738757,0.19454890421757,0.426741788081288,"RAB20"
"3651",55651,0.175239815886905,0.299214245560657,1.82661847931329,0.0740408386987743,0.240711158862858,"NHP2"
"3652",55653,0.314032972654988,-2.85067064958244,1.63567606281554,0.10851337005366,0.309074276282767,"BCAS4"
"3653",55658,-0.168226678834192,0.0339997579834052,-1.78528569130515,0.0805966875429583,0.253563540819415,"RNF126"
"3654",55662,0.0536473374380834,-0.0251607737917533,0.464967500030701,0.644077903703911,0.811302620868143,"HIF1AN"
"3655",55663,0.19157057083864,-1.9742595280091,1.46559630034679,0.14934274115346,0.3706695289931,"ZNF446"
"3656",55664,0.0751580335931283,-0.710283427475252,0.73974098819157,0.463095318592004,0.686630953853471,"CDC37L1"
"3657",55665,-0.0235451176486322,0.78096617716835,-0.274470835795263,0.784912260957457,0.891855946444575,"URGCP"
"3658",5567,-0.19041472423067,0.184204553215698,-2.39466084212985,0.0206285806765054,0.113763008259111,"PRKACB"
"3659",55670,-0.468623146652601,-0.80433068911908,-2.37494819498272,0.0216363977081136,0.117451437677445,"PEX26"
"3660",55676,-0.357594217680946,-0.743428623307421,-3.04167232107606,0.00382245001889938,0.0401063217367596,"SLC30A6"
"3661",55677,0.220003243610773,0.0539222699731613,1.77439375620115,0.0824031225124724,0.257065793758907,"IWS1"
"3662",55683,0.217178573746274,-3.84724262233693,1.45169394057976,0.153155761797482,0.376028026365178,"KANSL3"
"3663",55684,-0.088960119585517,1.31239098960389,-0.954165635937994,0.344827454381668,0.597558135232828,"RABL6"
"3664",55687,-0.118203963970442,-0.222958474796347,-1.11727565027415,0.269492354363256,0.524126765235001,"TRMU"
"3665",55689,-0.050942351005425,-1.59795277452863,-0.532807831774727,0.596649011869918,0.783030069458533,"YEATS2"
"3666",55692,0.059628757510092,-0.80390024726029,0.515767514248793,0.6084077498337,0.789348291794388,"LUC7L"
"3667",55695,0.316118054438939,-0.901619557478928,2.86652569259581,0.00616650245030243,0.0535887852652043,"NSUN5"
"3668",55700,0.0915607195099004,0.604223736787111,0.583980300065222,0.561994961610077,0.757452934767793,"MAP7D1"
"3669",55701,0.312192974194901,-0.933668620180941,3.69955704660786,0.000559910468328133,0.0132226980200379,"ARHGEF40"
"3670",55702,0.0106145073917634,-1.8214696943903,0.093189613278038,0.926144631866113,0.967275097906109,"YJU2"
"3671",55703,-0.198806154277552,-1.30491074175148,-1.86013267283515,0.0690606577055598,0.232908965382817,"POLR3B"
"3672",55704,-0.0400552756234072,-1.3987082249561,-0.365294722444874,0.716511992760313,0.856465552397819,"CCDC88A"
"3673",55706,0.139941848608545,-0.0813209324516142,1.78777912202704,0.0801878505535702,0.252925501900213,"NDC1"
"3674",55707,0.294019352217298,-0.934659330789455,1.9406062729984,0.0582500446477192,0.211311332179492,"NECAP2"
"3675",55709,0.157725053821896,-1.84186296041884,1.15780361439985,0.252729144197035,0.503536331071633,"KBTBD4"
"3676",55714,0.138933075541773,-1.69176679380546,0.853985978400337,0.397396408429396,0.638825062696193,"TENM3"
"3677",55718,0.227472024844603,-1.01166220010794,2.73601512105605,0.00871729431696251,0.0650007955601042,"POLR3E"
"3678",55720,0.244838320606388,-0.318661913086079,2.27782716185472,0.0272755342670483,0.132765447526679,"TSR1"
"3679",55728,-0.222189598339396,-3.95302103421797,-0.78377204003715,0.437062300554892,0.667501468227402,"N4BP2"
"3680",55729,0.07604650170337,-2.05946090451847,0.602900123242283,0.54944117274102,0.749631561680368,"ATF7IP"
"3681",55740,0.335736751603712,0.3265031957874,3.34190211674089,0.00162773466474362,0.0247576075454575,"ENAH"
"3682",55741,-0.0826422664051303,-2.32189512262059,-0.602869878159473,0.549461126751381,0.749631561680368,"EDEM2"
"3683",55742,0.00978894717955026,1.29020913212061,0.0883154437005966,0.929997021991454,0.968825818225313,"PARVA"
"3684",55744,-0.107955283105562,-1.35635493878954,-0.909330008753642,0.36776405690268,0.618109469131613,"COA1"
"3685",55748,0.341102377413078,4.53955745357021,3.60462003813029,0.000746919470821861,0.0155512741818017,"CNDP2"
"3686",55751,0.075088868892055,-1.48884643584544,0.784688655741154,0.436529752409334,0.667272393356079,"TMEM184C"
"3687",55753,-0.247471043878037,1.12089631581455,-2.44907983715113,0.0180619736961498,0.104566646259167,"OGDHL"
"3688",55754,-0.244324286600853,2.3863160235715,-1.88570661069679,0.0654540297307366,0.225193247874913,"TMEM30A"
"3689",55755,-0.13390637552827,-0.934755580210518,-1.25461941108209,0.215751396293694,0.456648989810585,"CDK5RAP2"
"3690",55757,-0.41583358647218,0.0613948162918886,-2.72136366944684,0.00905764503081643,0.0660655332878353,"UGGT2"
"3691",55758,-0.101229868252481,0.343363374381622,-1.05864041581175,0.29511409734218,0.549820052868345,"RCOR3"
"3692",55759,0.330900867331356,-0.780133777444623,2.98726776381491,0.00444186019362587,0.0444041333362794,"WDR12"
"3693",55761,0.0606928419331682,-0.885680654037498,0.45601502392342,0.650455943596821,0.814371027423271,"TTC17"
"3694",55768,0.108104286039602,-1.67189557284511,0.883820960288882,0.381241668459167,0.627875128268509,"NGLY1"
"3695",5577,0.00812706495289828,0.60136368085472,0.0772532109739892,0.93874639924558,0.972917576410935,"PRKAR2B"
"3696",55775,0.767751890168159,-6.10080716905308,1.8411785518515,0.0718411754743609,0.237409063576268,"TDP1"
"3697",5578,-0.222358655087268,0.873942186025907,-2.21780412067758,0.0313830733660223,0.144629866943442,"PRKCA"
"3698",55781,0.0286944747033255,-1.72531563610125,0.186395834025083,0.852927638810899,0.929972480523267,"RIOK2"
"3699",55784,-0.551023514271801,-1.44017441433207,-4.04600959243445,0.000190399682055793,0.00749149518242603,"MCTP2"
"3700",55785,-0.0546615284461522,-2.20594378268319,-0.327843856975099,0.744469504059618,0.872611112413469,"FGD6"
"3701",55787,-0.192953356842005,-0.482397964625132,-3.05526698814919,0.0036808357181681,0.0393468822241782,"TXLNG"
"3702",55788,-0.0881010311903569,-2.83889788541609,-0.447655646991486,0.656435395389017,0.81861041383539,"LMBRD1"
"3703",55790,0.269569575963986,-0.0492001441583968,1.23126995994063,0.224279570653745,0.468559565919907,"CSGALNACT1"
"3704",55793,-0.0770655335467379,0.499372406784784,-0.683486171316409,0.497618196816564,0.712807582744474,"MINDY1"
"3705",55794,-0.236818133923784,-0.673133390920262,-2.93740061958382,0.00509087933974841,0.047706591431108,"DDX28"
"3706",55798,0.23003740887076,2.00181070836028,1.78352550498637,0.0808863481425581,0.253824337882935,"METTL2B"
"3707",5580,0.154123895121352,-0.117986642381582,1.39861406450228,0.168420035767072,0.395924287934588,"PRKCD"
"3708",5581,0.302977547043283,-1.44404327993255,1.9695252289991,0.0547363057276205,0.205209071595927,"PRKCE"
"3709",55810,-0.0260345403168691,-2.77105360136293,-0.165941679478512,0.86890669863272,0.93797912701506,"FOXJ2"
"3710",55813,0.268400089103697,-0.891021060535964,3.10034928036604,0.00324564969995489,0.0360833003560802,"UTP6"
"3711",55819,-0.140765095598301,-3.38764423347781,-0.605752236223107,0.547561166718016,0.748680316195525,"RNF130"
"3712",55824,-0.0888938139209099,-4.33810576974734,-0.423009055670801,0.674196465594505,0.830387219013076,"PAG1"
"3713",55825,0.133162459543902,-1.25356525440943,1.2748436413015,0.208561462265269,0.446823823868838,"PECR"
"3714",55827,-0.0107534947368122,-2.03308746563046,-0.0797872688611881,0.93674144027931,0.971429780086291,"DCAF6"
"3715",55829,0.314560996022301,-1.01660403611588,2.33628370145666,0.023742414955085,0.123942572567971,"SELENOS"
"3716",5583,-0.265953098138925,-2.34163749716282,-1.5531223172336,0.127027769287727,0.338011162503286,"PRKCH"
"3717",55830,-0.240528549015119,0.692611469191022,-2.29402198940697,0.0262525803423966,0.130713960997896,"GLT8D1"
"3718",55833,0.367572504283048,-0.798815254726473,3.83158233084376,0.000372986645471668,0.010501798302317,"UBAP2"
"3719",5584,0.430114813555657,-1.5816939370434,2.56595951607514,0.0134992908344998,0.0859529534669706,"PRKCI"
"3720",55841,-0.0523567210027802,-1.84108152351238,-0.386201296470503,0.701071004502981,0.848250310593199,"WWC3"
"3721",55844,-0.00125888049177736,0.345781292966278,-0.0176826653794936,0.98596602883873,0.994226956630873,"PPP2R2D"
"3722",55845,0.308536998899218,-0.897574940797842,1.83050208557081,0.0734486378837694,0.239842358516245,"BRK1"
"3723",55846,-0.0564792976034256,-1.59625243326555,-0.46365639759676,0.645010302930865,0.811470511802818,"ITFG2"
"3724",55847,-0.188559837305501,2.27244342024032,-1.72167370473306,0.0916317525891251,0.275974336306207,"CISD1"
"3725",55848,0.17792042060805,0.911197187696627,1.96033299600953,0.0558328874640721,0.20644714653884,"PLGRKT"
"3726",5585,0.0405166208352774,-0.634673224184629,0.468622164573541,0.641481917417588,0.809834637825824,"PKN1"
"3727",55852,-0.0924359412359785,-1.82531159759641,-0.949654624871686,0.34709166536542,0.600803339541158,"TEX2"
"3728",55854,0.118380203573303,-0.167291509730639,1.50280504043638,0.139504804772179,0.356342244426559,"ZC3H15"
"3729",55856,-0.221326507989005,2.20043331580055,-1.50739839296138,0.138326851068683,0.354361524148404,"ACOT13"
"3730",55858,0.394051609658788,0.907712962961464,3.04717780504734,0.00376449541851514,0.0397887555886729,"TMEM165"
"3731",55862,0.14522709524672,0.574402993087504,1.37755136549175,0.174794050343624,0.403209813959964,"ECHDC1"
"3732",55863,0.0703515693870096,0.135433206236508,0.501824605835465,0.618107625126636,0.795376227049747,"TMEM126B"
"3733",55869,0.481767200119835,-4.49265415402588,1.58209796493753,0.120259409515305,0.327921926079496,"HDAC8"
"3734",5587,0.354356910094103,-2.13846771663233,2.62962059298401,0.0114820769465227,0.0771191311302215,"PRKD1"
"3735",55890,0.118101836811296,-0.556642337963566,0.927597385594862,0.358303041214433,0.608877094954095,"GPRC5C"
"3736",55902,0.401824320285197,0.268274672957025,3.44930267515737,0.00118784315313862,0.0204229167337951,"ACSS2"
"3737",55904,-0.191808303129787,-0.597472720260692,-1.18826068111167,0.240634259123868,0.489725823110843,"KMT2E"
"3738",55905,0.109621473168649,-1.31373666118295,0.787343227427482,0.434989640395706,0.666325533503579,"RNF114"
"3739",55909,0.139615791910067,-0.858263665805417,1.35252844957419,0.182606112554049,0.412565049929348,"BIN3"
"3740",55914,0.591907748417919,-2.38893087425952,3.5006323881262,0.00102007944747642,0.0187032579096277,"ERBIN"
"3741",55917,0.206955998468881,-0.861750334154426,2.10021628882744,0.0410421361433409,0.17254563811495,"CTTNBP2NL"
"3742",5592,0.0347002831217432,-0.906144961565422,0.209099362571218,0.835264260771592,0.919449790641326,"PRKG1"
"3743",55920,0.335957369409875,1.43256235526033,2.96265942635306,0.00475181559887639,0.0456908798872201,"RCC2"
"3744",55922,0.0795625317040265,-1.09540391945574,0.66651240739908,0.508306122778038,0.719897846570906,"NKRF"
"3745",55929,0.0686327816155641,-0.325056848901038,1.02296362311068,0.311503491340685,0.564347234312021,"DMAP1"
"3746",55930,0.235921474499486,-0.518652694650103,2.2206170017322,0.0311789826117224,0.144217479480597,"MYO5C"
"3747",55964,-0.43907790385405,1.2498195508222,-3.46608973972108,0.00113027608148859,0.0199357315752212,"SEPTIN3"
"3748",55967,0.0249785415551971,1.89770627529843,0.242828867617791,0.809182831590201,0.904363477840615,"NDUFA12"
"3749",55968,0.0630343792709833,1.85271349798294,0.886570356735707,0.379774163315009,0.62724865054962,"NSFL1C"
"3750",55970,0.435984056042798,1.77963311762701,2.37557078526271,0.0216039030599405,0.117451437677445,"GNG12"
"3751",55971,0.48813921016476,-0.241584411067926,2.86097531643984,0.00625908971243048,0.0541102713449272,"BAIAP2L1"
"3752",55972,-0.197381175070973,-1.22428603858483,-1.78378008195718,0.0808444004623061,0.253822470607486,"SLC25A40"
"3753",5598,0.233631346835466,-3.54406129515388,1.21425282940083,0.230649795532698,0.475663772696529,"MAPK7"
"3754",5599,-0.052618932467786,-1.10108378973357,-0.407306143916386,0.685611771353962,0.839809429768633,"MAPK8"
"3755",55997,0.119502477955238,3.19194833395417,0.74846454418649,0.457867784448977,0.683067978549066,"CFC1"
"3756",5600,0.0968014692676538,-2.62808083422532,0.479240124858548,0.633965463001555,0.805020055545079,"MAPK11"
"3757",56005,-0.0494095305280817,2.9517539060402,-0.536630543721737,0.594025861055651,0.781257924825281,"MYDGF"
"3758",56006,0.282821525746267,-1.00708020379317,2.62048104926387,0.011753631360772,0.0784171622743677,"SMG9"
"3759",5606,0.176349790433881,0.0987098532157391,1.63537898309058,0.10857582086569,0.309108714505383,"MAP2K3"
"3760",5607,0.254917193829763,-3.07382920722177,1.36112400036956,0.179893027232706,0.409867632202803,"MAP2K5"
"3761",5608,-0.126864808670418,-0.0452287305647878,-1.11398003920502,0.270889333723902,0.525907801040015,"MAP2K6"
"3762",5609,-0.0283201638380977,-1.22894459613653,-0.293889756349023,0.770121706393163,0.886344245168433,"MAP2K7"
"3763",5611,-0.274647880886552,2.77457638345761,-3.10929330942522,0.00316526947800718,0.0355181426983694,"DNAJC3"
"3764",56113,-0.0953562356132771,-2.11446081903371,-0.693090767850016,0.491625554286173,0.708159862247853,"PCDHGA2"
"3765",56141,-0.299552226417261,-0.390229446359394,-2.27542406969464,0.0274303130700321,0.133096649505025,"PCDHA7"
"3766",56160,0.220608950572561,-1.25034337819803,2.49475598566603,0.0161343972363728,0.0964293381079417,"NSMCE3"
"3767",56172,-0.17711718082777,0.616210865551157,-1.42184171483198,0.16160119520568,0.386997784850888,"ANKH"
"3768",56181,-0.273516766887857,0.484097110564124,-2.81480030652962,0.00708088889253435,0.0581993749854026,"MTFR1L"
"3769",5621,-0.0837959052911181,0.582642054201314,-0.941891088461701,0.351011220470761,0.603165417483072,"PRNP"
"3770",56241,0.203128253123282,-1.50912034462212,0.962709875625503,0.340565550451847,0.593355477909008,"SUSD2"
"3771",56243,0.48219591413972,0.298986925659966,3.98364432230553,0.000231882947563212,0.00815271543224326,"KIAA1217"
"3772",56255,-0.119003099175326,1.75991671605018,-1.10008678811349,0.27683481294808,0.531678451292401,"TMX4"
"3773",56261,0.274193227985892,-3.35367202512042,1.49148664597071,0.142441384252672,0.360241127541368,"GPCPD1"
"3774",56262,-0.0979745064923196,-1.41902874074368,-0.838346647980194,0.40603233360833,0.645320161493508,"LRRC8A"
"3775",56267,-0.161097674187164,1.96500820116012,-1.08569912248406,0.283087967727062,0.538121383062466,"KYAT3"
"3776",5627,0.40866456405573,-0.49096770341682,1.90097569082444,0.0633780162075414,0.221156488619607,"PROS1"
"3777",56270,0.0654059460967431,-1.05633088527269,0.748602619512759,0.457785319265464,0.683067978549066,"WDR45B"
"3778",56288,0.210648430564375,0.61680194014661,2.12934887886523,0.0384334715267385,0.164508122894784,"PARD3"
"3779",5629,0.0585812622189907,-2.34780617657109,0.38001003646923,0.705630778621931,0.850748717183543,"PROX1"
"3780",563,-0.0423842015404093,-0.377921993060979,-0.249214520255038,0.804268670785242,0.901004033816356,"AZGP1"
"3781",5630,0.11518876300285,-0.734338533113299,0.461954735744519,0.646221310285009,0.81214299806089,"PRPH"
"3782",5631,-0.356420221790107,3.44473691837664,-4.12783132524694,0.000146746896754772,0.0064924662889962,"PRPS1"
"3783",5634,0.0295762712237083,0.602374923967443,0.270902625486264,0.787638931804196,0.892802911064479,"PRPS2"
"3784",56342,0.285947177201678,-1.55761968527758,2.17122915745404,0.0349383716129377,0.154882788587152,"PPAN"
"3785",5635,0.0595768858372752,-0.0474447417010122,0.590812913200942,0.557444882827318,0.754320258111569,"PRPSAP1"
"3786",5636,-0.140678163562753,2.77344301787957,-1.7846032281846,0.0807088920260788,0.253656517796248,"PRPSAP2"
"3787",5641,0.0376544463677699,-1.62401265053583,0.277565382358079,0.782549745254722,0.89114848541252,"LGMN"
"3788",5644,-0.308074061797846,4.80165996436548,-0.743340082032157,0.460934435526041,0.685040088440397,"PRSS1"
"3789",5645,-0.158274614342611,4.84994611938172,-0.328235003030306,0.744175628768308,0.872611112413469,"PRSS2"
"3790",5646,-0.645587136733508,1.19922552744269,-1.32100650888391,0.192823860507277,0.424880293775332,"PRSS3"
"3791",56474,0.167624670913527,0.464873807597474,2.23572868864503,0.0301025315545706,0.140830288629539,"CTPS2"
"3792",56478,0.122685587330776,-1.96540561188073,0.96550546619341,0.339178688957814,0.592284151585508,"EIF4ENIF1"
"3793",5652,0.591863726087234,-2.5355103751056,2.03164033268648,0.0478012022157603,0.18892709542842,"PRSS8"
"3794",56521,-0.416263100470401,1.42588287485103,-2.74371759557623,0.00854313287314607,0.0643712333039117,"DNAJC12"
"3795",5654,0.741237888248339,-1.12289402904784,1.80127327039713,0.078005325493057,0.248403617871715,"HTRA1"
"3796",5660,-0.105147868459334,3.73506157131342,-0.801827572690972,0.426643391979087,0.660400932214369,"PSAP"
"3797",56605,-0.544978269033575,4.31409634748528,-3.02701553354778,0.00398084000325989,0.0412743174662318,"ERO1B"
"3798",56616,-0.229023803649375,3.02647862414033,-2.35156694682389,0.0228889433246447,0.120905623172693,"DIABLO"
"3799",56623,0.4371420043906,-4.41213263499794,1.8787837357152,0.0664141736326938,0.227545422804096,"INPP5E"
"3800",5663,0.54537411967965,-3.09319014784819,3.19522924838404,0.00248280554128711,0.030237024627818,"PSEN1"
"3801",5664,-0.062269529321598,2.02086338059858,-0.666846243828484,0.508094723507519,0.719897846570906,"PSEN2"
"3802",56647,-0.229094726074143,-0.249797734294215,-2.19410217816565,0.0331502615403681,0.149705456283965,"BCCIP"
"3803",56648,0.0984880417107807,-1.43427907635871,0.821650082133549,0.415378609490282,0.651541472693372,"EIF5A2"
"3804",56654,0.0222666479211996,0.471454083138362,0.116949985432987,0.907392462860338,0.956785275601064,"NPDC1"
"3805",56667,0.881777693920092,1.35924337934313,2.9270884525381,0.00523568513481046,0.0485447664010069,"MUC13"
"3806",56674,-0.204849274217407,-0.940393060594219,-1.59954517489279,0.116326457062045,0.322062153110884,"TMEM9B"
"3807",56683,0.110132511032275,-2.18291020935712,0.815039487564834,0.41911499853275,0.654920534876278,"CFAP298"
"3808",567,0.586602566713687,2.47302489607578,3.15742667967036,0.00276388643016985,0.0323793220959688,"B2M"
"3809",56704,-0.299035962522186,-3.36380539580424,-1.03269719599498,0.306971750206662,0.560702308185499,"JPH1"
"3810",56776,0.190366771229989,-3.66796834221865,0.914759499220853,0.364935393148454,0.616019397392607,"FMN2"
"3811",56848,-0.0770293814425571,-3.72247194078886,-0.340990385657024,0.734613569150913,0.866758764305391,"SPHK2"
"3812",56850,-0.118482489812459,0.808254739551397,-1.46399360518727,0.149778466631945,0.37090351757597,"GRIPAP1"
"3813",56853,-0.158826535120465,-0.464771639904999,-1.03844391851657,0.304317453496691,0.557915331410601,"CELF4"
"3814",56884,0.255320196074167,-2.23993138113756,0.969089326159199,0.337406251478789,0.590749651990429,"FSTL5"
"3815",56890,0.246211484210799,-2.28022957708803,1.36065597837187,0.180039952927485,0.410050178504231,"MDM1"
"3816",56893,0.327939274879792,-1.95881860686776,2.77840487481867,0.00779788574874442,0.0608949398546988,"UBQLN4"
"3817",56898,0.515766520128368,1.12990696147859,2.72802227497317,0.00890147709686607,0.0657345362466543,"BDH2"
"3818",56899,-0.220630885249588,-0.256647704122527,-0.963882204156434,0.33998351551559,0.592887050090823,"ANKS1B"
"3819",56901,0.386485121630789,-1.71289877458327,2.24319741661077,0.0295827795430536,0.139354643772266,"NDUFA4L2"
"3820",56902,0.219048238799135,0.233857684129742,2.3242303681517,0.0244354885509932,0.126284703069127,"PNO1"
"3821",56905,0.258779400570062,-5.17989376826504,1.14400855185937,0.258348896822054,0.510105561301874,"C15orf39"
"3822",56907,0.0646449962922779,-2.62575897391724,0.449799286288595,0.654899866396759,0.817193612511346,"SPIRE1"
"3823",5691,0.189463078760982,1.43683118173229,1.9138238678737,0.0616748949473388,0.217813869497564,"PSMB3"
"3824",56910,-0.0456203571611289,-0.924068340582009,-0.43350258225527,0.666610852393481,0.82543018196312,"STARD7"
"3825",56913,-0.145978883103377,0.445512741236128,-1.43219220026492,0.15863277193121,0.383190851677988,"C1GALT1"
"3826",56915,0.122204223916738,-0.0143658640743093,1.46983347728703,0.148195584797618,0.369465678102265,"EXOSC5"
"3827",56916,0.122369935207373,-2.03003666356455,0.926218756439973,0.359011501560345,0.609743385881959,"SMARCAD1"
"3828",56919,-0.77257539467241,-1.15150883041373,-4.28136069186135,8.95499750052574e-05,0.00473842884984715,"DHX33"
"3829",56922,-0.0735893455458361,1.73960251491703,-0.712897281103536,0.479394773317413,0.699616032411451,"MCCC1"
"3830",56925,0.103660867324759,1.02620789559435,1.1214105517011,0.267746832276264,0.522435906716336,"LXN"
"3831",56926,-0.0543506879394839,2.82540815692002,-0.700971450717126,0.486738524948073,0.704955419096572,"NCLN"
"3832",56928,-0.11684342410627,-1.6692496994051,-1.07391205768704,0.288283928542578,0.542899769802579,"SPPL2B"
"3833",56929,-0.174252615554539,-2.66124874209896,-0.877140722827193,0.384822220644705,0.630164342660442,"FEM1C"
"3834",56931,-0.0337695233240323,-1.76175467024392,-0.256325210496437,0.798805932889927,0.898834056671926,"DUS3L"
"3835",56940,0.184870052654807,-2.92803830748966,1.03232531715926,0.307144057056721,0.560702308185499,"DUSP22"
"3836",56941,0.0923244429001082,-1.05841015921575,0.915031923909856,0.364793835319092,0.61598474860759,"HMCES"
"3837",56943,0.182764204333032,-0.237337124237529,1.29477439531975,0.201652659448494,0.437121625220793,"ENY2"
"3838",56946,-0.040169507420809,-1.59182235314361,-0.303586060549237,0.762768236883369,0.883310001205232,"EMSY"
"3839",56947,0.0922119169017195,0.178053386392082,1.07321015517799,0.288595420488866,0.543207203606458,"MFF"
"3840",56948,-0.199877079167326,1.73538510363722,-1.63439246813642,0.108783412266225,0.309269376790223,"SDR39U1"
"3841",56952,-0.205625602954702,-0.0937471343078141,-2.24390844998164,0.0295337159368914,0.139230375131059,"PRTFDC1"
"3842",56954,0.207947727512841,2.18782830048028,2.78108038454945,0.00774297422037816,0.0606977979114702,"NIT2"
"3843",56957,0.107650754975404,-0.934362559692728,1.19159052260609,0.239337879323114,0.488380966747882,"OTUD7B"
"3844",5696,0.491249175935852,1.56389318503557,3.88512415622664,0.000315785250795375,0.00938094773406625,"PSMB8"
"3845",56975,-0.4221008656643,-1.17486747833836,-2.5436299213627,0.0142801151569011,0.0890849322984146,"FAM20C"
"3846",5698,0.57331592264208,0.925277855304194,4.3343315210194,7.54051421335795e-05,0.00424620882950377,"PSMB9"
"3847",56983,0.00918340252751793,1.15011493860024,0.0839001439060319,0.933488200085424,0.969665014744344,"POGLUT1"
"3848",56987,-0.0409870349182722,-0.826817441681914,-0.464907998973279,0.644120205775806,0.811302620868143,"BBX"
"3849",5699,0.699658421332017,1.10561691877747,4.58249119900407,3.33818183893598e-05,0.00271887465934835,"PSMB10"
"3850",56990,0.167330191603277,-3.04502238997798,0.769631756406871,0.445326501605581,0.673752542976352,"CDC42SE2"
"3851",56993,0.0459264723668288,0.0642570582326841,0.361927021177653,0.719010705637241,0.857615179013094,"TOMM22"
"3852",56994,0.0693415254866725,-1.34984196729401,0.514107947310222,0.609558613097538,0.790002421709251,"CHPT1"
"3853",56996,-0.0365876439360525,-0.338486386897014,-0.472454050291893,0.63876489607399,0.808900130411006,"SLC12A9"
"3854",56997,-0.270308498637705,1.40917386917822,-3.21565433852441,0.00234238617252519,0.0294622260798353,"COQ8A"
"3855",57016,0.622446516324245,0.606327309533172,2.27795194809887,0.0272675182873147,0.132765447526679,"AKR1B10"
"3856",57018,0.0160674961903995,-3.66197385266758,0.0797514553274486,0.936769773269918,0.971429780086291,"CCNL1"
"3857",57019,0.176175654086503,0.804652949904392,2.51778658399168,0.0152349768987073,0.0926781845433749,"CIAPIN1"
"3858",57026,-0.226757440916837,2.4186818573489,-2.06543118133544,0.0443585685154783,0.179253159943349,"PDXP"
"3859",57037,-0.211945635939254,0.225768807119565,-2.63057368313024,0.0114540919561571,0.0770890530996629,"ANKMY2"
"3860",57038,-0.210631778360254,0.442711474930539,-2.72675433202019,0.00893102228022607,0.0657345362466543,"RARS2"
"3861",57048,0.222084695320002,-1.50778928355199,0.90501546859303,0.370021871571389,0.619022689480836,"PLSCR3"
"3862",57050,0.109805593852054,-0.128121375595072,1.32388128290137,0.191874407337814,0.424234243011485,"UTP3"
"3863",57062,0.0345751931099484,0.288696138740342,0.542037613487633,0.590324843559691,0.778663812260436,"DDX24"
"3864",57084,-0.454891037836642,-0.131828707402896,-2.36984644737453,0.0219043292196827,0.118186185280278,"SLC17A6"
"3865",57085,-0.206123577683881,-2.25972161606747,-1.03356432927265,0.30657022812143,0.560702308185499,"AGTRAP"
"3866",57088,0.246916394735366,-1.82347501973727,2.27131806249001,0.0276965831093555,0.133754230625668,"PLSCR4"
"3867",57092,0.104211026783537,1.36896330093999,0.393275198869094,0.695874752218019,0.845630415583884,"PCNP"
"3868",57095,-0.288777680037352,1.46386592482678,-3.38052475937601,0.00145419526881037,0.0229832176380735,"PITHD1"
"3869",57102,-0.027808563407961,-2.52419996322717,-0.128567874519547,0.898242063284463,0.952973191648222,"FERRY3"
"3870",57103,0.00963031299172107,-0.162928838257803,0.118899975529038,0.905855704798778,0.955823250748798,"TIGAR"
"3871",57104,-0.0579090547267058,-3.02975575245113,-0.283230504262138,0.778230109609672,0.88919672566483,"PNPLA2"
"3872",57106,0.00926939570452068,0.67269773894943,0.0869347361244371,0.93108860156718,0.969069072539765,"NAT14"
"3873",57107,-0.088078869412483,-0.95567763690055,-0.855504979818521,0.396563757199569,0.638825062696193,"PDSS2"
"3874",57109,0.191283326038954,-4.73186569202513,1.09187279236601,0.280392776404287,0.535653867502958,"REXO4"
"3875",57117,0.202384325891708,-1.0421944349719,2.29617503846817,0.0261191898346981,0.130548460557422,"INTS12"
"3876",57118,0.229238087507285,-0.537330703657483,1.98130363379907,0.0533583337734758,0.202168797963947,"CAMK1D"
"3877",57128,-0.160371271745904,-0.360516607430638,-1.02081455233842,0.312510156533717,0.56517010630641,"LYRM4"
"3878",57132,-0.0817044882115021,2.15886671969706,-0.978347297462973,0.33285609702153,0.585910732296573,"CHMP1B"
"3879",57134,-0.321107108275902,0.0596087682195421,-1.75107086290347,0.0863852940600964,0.264983975482694,"MAN1C1"
"3880",57136,-0.115889357241618,3.85867802191037,-1.02098349188918,0.312430942076524,0.56517010630641,"APMAP"
"3881",57139,0.101823982083162,-0.916341169909429,0.845074176694929,0.402303353340504,0.6421607951955,"RGL3"
"3882",57140,-0.155647980993205,3.20446642964884,-0.952481779909391,0.345671492453944,0.598682737212841,"RNPEPL1"
"3883",57143,-0.165664607604445,-0.709400535718462,-1.80120761133277,0.0780158230802503,0.248403617871715,"ADCK1"
"3884",57146,0.0484548094136159,-1.0408158312027,0.313769587213805,0.755068993149157,0.87899336376785,"LDAF1"
"3885",57147,-0.157275968222011,-0.444717043361647,-1.69512763212728,0.0965938239749244,0.287254307925429,"SCYL3"
"3886",57149,-0.0268313351314799,-1.84633239112758,-0.1686806841379,0.866763591282747,0.936818968708135,"LYRM1"
"3887",57153,-0.131644107260896,0.307672813883674,-0.74738203784565,0.458514606953866,0.683263573071821,"SLC44A2"
"3888",57156,-0.299216361958631,1.54336458727281,-2.08832829970186,0.0421503315579574,0.175165020381004,"TMEM63C"
"3889",57169,0.216666339121017,-2.20047330468556,1.65579856377265,0.104351106100288,0.302411279151825,"ZNFX1"
"3890",57176,-0.0265746104247274,-1.14944494737787,-0.196422014447456,0.845117302489032,0.925647752083811,"VARS2"
"3891",57178,0.000134863480398373,-0.93005069828534,0.00102816182920283,0.999183948894433,0.99967254740245,"ZMIZ1"
"3892",57179,0.0937400564830171,-1.82560810306495,0.882920337127396,0.381723160860299,0.628040335895107,"KIAA1191"
"3893",57180,-0.448613290944178,-0.650395192835293,-4.67793091625536,2.43080784453072e-05,0.00248671642495493,"ACTR3B"
"3894",57181,0.179349078639042,-1.47531652713809,0.578448439618975,0.565692339790877,0.759718872192673,"SLC39A10"
"3895",57184,-0.121192625275512,-5.84838867066929,-0.409269183610389,0.684180605768734,0.838391007827608,"FAM219B"
"3896",57186,0.22618590852946,-0.339374590384144,2.54823138074865,0.0141159253037572,0.0885925864156052,"RALGAPA2"
"3897",57189,-0.101839942592489,-1.11847846723218,-0.911505469923679,0.366628994383589,0.617255612224894,"DENND11"
"3898",57190,0.0219073069465865,-3.17692694784,0.134323931783939,0.89371360522933,0.949725434365933,"SELENON"
"3899",57192,0.336835744338408,-5.31597767897218,0.9835606114627,0.330311903201185,0.584464723912536,"MCOLN1"
"3900",572,0.391095327815758,-1.25783928397359,2.57928451515501,0.0130520837044622,0.0842415244773804,"BAD"
"3901",5720,0.225492535974884,3.48652102779712,2.23116525902322,0.0304240729049255,0.142009855125804,"PSME1"
"3902",5721,0.292218219067742,3.2878690387342,3.02280007171352,0.00402752067783639,0.0415330236241587,"PSME2"
"3903",57213,-0.0857605751628961,0.442438491210229,-1.04138119521,0.302966873630127,0.557150811584288,"SPRYD7"
"3904",57215,-0.164682020933808,-0.63202582180194,-1.50119766329666,0.139918889333601,0.356801887299395,"THAP11"
"3905",57221,0.0737712729907625,1.06241982522691,0.723617197022869,0.472847191414225,0.694043513262385,"ARFGEF3"
"3906",57222,0.131536201852847,1.85708276980923,1.21626768075988,0.229888697709945,0.475423459078047,"ERGIC1"
"3907",57223,0.0403552210561645,-0.525932622905708,0.498214237648515,0.62063063708363,0.796274302412765,"PPP4R3B"
"3908",57226,0.118178044885604,-1.03609085565591,0.776090224693082,0.441540537668713,0.670503666553825,"LYRM2"
"3909",57231,-0.0233180740253025,-2.38439654082024,-0.23317663910921,0.816625527181031,0.908216612762669,"SNX14"
"3910",5728,-0.0189944842191087,-0.11921789446971,-0.25306329359661,0.801310634284746,0.899876007063015,"PTEN"
"3911",57282,-0.557431126898619,-1.05640718733235,-3.13838707414106,0.00291656036278403,0.0335240590014389,"SLC4A10"
"3912",573,0.0856234230513642,-0.477015096433579,1.39023224306935,0.170934656628026,0.398405319748856,"BAG1"
"3913",57325,-0.060740933113925,-1.76763398762795,-0.348497144085842,0.729005803642439,0.864497222325597,"KAT14"
"3914",57326,-0.111383119959155,1.50284864308701,-0.644647680262296,0.522254809097421,0.730870957191056,"PBXIP1"
"3915",57332,-0.27970629724728,-0.592537170017019,-3.07209691714071,0.00351233469056535,0.0382246637068973,"CBX8"
"3916",57333,0.345747007350278,-1.37793264226209,1.59258672289041,0.117882353545321,0.325050263279954,"RCN3"
"3917",57337,-0.20701955262683,0.263256876803072,-0.703555173828913,0.485142201692218,0.703839982961837,"SENP7"
"3918",5738,0.400169493516125,0.469304615527597,2.52291510922129,0.0150409959748708,0.0920454968033471,"PTGFRN"
"3919",57402,0.937352494055067,-4.21427482937922,2.77042425262756,0.00796382320242883,0.0614094809252615,"S100A14"
"3920",57403,0.0106973460359391,0.253842843284853,0.126736214435721,0.899683808537106,0.953264149283749,"RAB22A"
"3921",57404,-0.0848449809926069,0.154591327721114,-0.935358399011363,0.354331700969664,0.60557904224852,"CYP20A1"
"3922",57406,-0.323214140269477,-2.76820157022804,-1.74179026176556,0.0880138726244309,0.268103796609805,"ABHD6"
"3923",57407,0.263241093913411,-0.575676834046544,1.63721319120614,0.108190709820591,0.308873618510695,"NMRAL1"
"3924",57409,0.199444732609127,-2.21109466298954,1.53965765798893,0.13027541136224,0.343779223964501,"MIF4GD"
"3925",57412,0.543507551238739,-2.2406603631969,3.09784749390443,0.00326847436027966,0.0361475596817956,"AS3MT"
"3926",57414,-0.362326011909161,1.75185037897772,-3.15277220873916,0.00280049838589507,0.0326795800239999,"RHBDD2"
"3927",5742,-0.220713689301189,-1.04409650941164,-1.926113525213,0.0600825377785867,0.214913357400469,"PTGS1"
"3928",5743,0.21741038007447,-3.43385224954948,0.634385758943051,0.528870782562997,0.734768869029351,"PTGS2"
"3929",57446,0.164706650107726,-0.241467210440045,1.67431513161992,0.100637480625783,0.294851005289287,"NDRG3"
"3930",57447,0.433166525286938,-0.204451442363637,2.03013050644472,0.04796029044582,0.189312066081314,"NDRG2"
"3931",57448,0.146368384591473,0.151274726759999,1.8116100211409,0.0763674185927434,0.245030431428259,"BIRC6"
"3932",57456,0.0263328708235977,-1.24518710998708,0.220849438865953,0.826155635644903,0.913520877274687,"KIAA1143"
"3933",57458,-0.135069763877478,-0.288076602107028,-1.23821025436549,0.22171910970514,0.464633627644299,"TMCC3"
"3934",57459,0.150215824029188,0.119521949086853,1.38910163270275,0.171276059178732,0.398821112002676,"GATAD2B"
"3935",57460,-0.100970304460832,-0.067352398054142,-1.36364934349421,0.179101834625412,0.409705781374109,"PPM1H"
"3936",57463,-0.25857609773058,-1.2981210893095,-1.98908465810185,0.0524645064609152,0.1997686976781,"AMIGO1"
"3937",57466,0.234140584181419,0.216199168383353,2.3201256890842,0.0246756063378313,0.126988124413726,"SCAF4"
"3938",57467,-1.84765022089627,-0.135805332333134,-8.14824436557345,1.4124298144492e-10,4.3347471005446e-07,"HHATL"
"3939",5747,0.0651852483090088,0.906372128256243,0.946629967691609,0.34861528608883,0.602065672033434,"PTK2"
"3940",57473,0.0301620799578346,-2.09284972734568,0.251690359022767,0.802365490444322,0.900148994925021,"ZNF512B"
"3941",57479,-0.323724037419591,-2.45251298958448,-1.41604665337517,0.163281962066554,0.389008639528156,"PRR12"
"3942",57482,-0.637749884699088,-2.88034197317413,-4.65567626909784,2.61788173772001e-05,0.00259170292034281,"CRACD"
"3943",57486,-0.0700615234914523,0.16258917000701,-0.680164444396599,0.499700040281322,0.713624673626514,"NLN"
"3944",57496,0.154067916601459,-0.512583908514622,1.63775526245416,0.108077110101636,0.308873618510695,"MRTFB"
"3945",57497,-0.667464578514674,-1.86849019391175,-3.62597886749804,0.000700237200066935,0.0151339997676438,"LRFN2"
"3946",57498,-0.0453726168060604,-0.573022846752464,-0.527140311792811,0.600548054725795,0.78612538388719,"KIDINS220"
"3947",57504,0.0787895751089345,-0.952987450478327,0.776834498981312,0.441105468250624,0.670174595079784,"MTA3"
"3948",57505,-0.0463933958566469,0.477864174039849,-0.664478752221104,0.509594946253103,0.720546827943226,"AARS2"
"3949",57506,0.0590602331380878,1.01063505010796,0.779655739347519,0.439458600317813,0.669827883970881,"MAVS"
"3950",57508,-0.0408981242611963,-1.27614162868366,-0.275079906571859,0.78444710657035,0.891855946444575,"INTS2"
"3951",57509,0.328444530099722,-1.96106565646466,1.9742970848109,0.0541743923495504,0.203947750390445,"MTUS1"
"3952",57513,-0.0772451453836822,-1.10128770472521,-0.604411338923982,0.548444627015838,0.749123454414156,"CASKIN2"
"3953",57514,-0.602877468475973,-2.15736608119723,-2.17359993761093,0.0347491672363544,0.154446334899886,"ARHGAP31"
"3954",57515,-0.18831818594197,0.764365306504843,-1.78655453150172,0.080388423592127,0.253038022568449,"SERINC1"
"3955",57520,0.236665423889114,-1.12331495373071,1.94562278497639,0.0576270056459939,0.210044275923462,"HECW2"
"3956",57521,-0.0676853989689239,-0.793434089427347,-1.03053004376553,0.307976810941983,0.56110467959688,"RPTOR"
"3957",57522,-0.140864630111277,-4.46949759343193,-0.471481516125048,0.639454005507737,0.809431027343819,"SRGAP1"
"3958",57530,0.523227383349677,0.568480714821686,4.19575165243691,0.000118040832296284,0.00566042678620773,"CGN"
"3959",57531,-0.233511466699125,-1.65261047610676,-1.96832275642911,0.0548786923317554,0.205209071595927,"HACE1"
"3960",57532,0.0216115809211078,-0.0126162272978517,0.29215557443391,0.771439145990083,0.886389643969886,"NUFIP2"
"3961",57534,0.147718914928149,-1.41881822062488,1.41638641769451,0.163183044909909,0.389008639528156,"MIB1"
"3962",57535,-0.0726649578172922,3.56585823311006,-0.635903460864708,0.527889536845035,0.734236568582557,"ELAPOR1"
"3963",57538,0.0135457253058966,1.16174918980104,0.154651491963758,0.877750915388979,0.941113006538405,"ALPK3"
"3964",57539,-0.0258738701411946,-0.405534411327013,-0.27662975704416,0.783263826499428,0.891630817331879,"WDR35"
"3965",5754,0.101713874629593,0.596141742536339,0.620391848469467,0.537963240249627,0.741360208498475,"PTK7"
"3966",57542,-0.266829577414477,0.245464630313427,-2.39006010731323,0.020859942609367,0.114832580929412,"KLHL42"
"3967",57544,-0.470477755883954,-2.55228236533313,-2.36810720342191,0.0219963485809108,0.118186185280278,"TXNDC16"
"3968",57545,0.168445411952092,-0.52698646767738,1.51970724670867,0.135209242275499,0.351009689066072,"CC2D2A"
"3969",57546,-0.253569917587479,-3.52936829667852,-0.888051406184552,0.378985132275727,0.626930847156017,"PDP2"
"3970",57552,0.423310785896134,1.7230699862288,2.69424215383752,0.00972016072832228,0.0688147019036242,"NCEH1"
"3971",57553,0.181223269719418,-0.144128771548562,1.80886406346604,0.0767996811586535,0.245903204461041,"MICAL3"
"3972",57558,-0.34992502302865,-0.6294523416407,-2.81359888806527,0.00710354862993752,0.0582908843456637,"USP35"
"3973",5756,0.131662322228322,2.01157853595992,1.84118558755679,0.0718401260513835,0.237409063576268,"TWF1"
"3974",57568,-0.455597418371713,-1.49216162126066,-3.49281947349486,0.00104406816470321,0.0188819699832404,"SIPA1L2"
"3975",5757,0.733557642345228,2.67149576900508,3.85352742578013,0.000348425948585114,0.00995599841608218,"PTMA"
"3976",57572,0.370092416837944,-1.64424789433107,2.70010703811785,0.00957322841818692,0.0682467782007332,"DOCK6"
"3977",57580,-0.112605595813279,-0.494017346703988,-1.35531950322669,0.181721737923544,0.41190082528402,"PREX1"
"3978",57583,-0.214083157778245,-0.809397088149366,-1.88545476875604,0.0654887499929489,0.225193247874913,"TMEM181"
"3979",57584,0.45308910345508,-0.210581674452462,3.28377558751194,0.00192638351668235,0.0267514525461453,"ARHGAP21"
"3980",57586,-0.413731629073264,-0.520686580686168,-2.64400825009436,0.0110662103960325,0.0753042122071477,"SYT13"
"3981",57590,-0.0420756991562723,0.113404192495273,-0.600265858241159,0.551180494246904,0.750622088934493,"WDFY1"
"3982",57591,0.270620164131471,-2.26766144753085,2.31180596438745,0.0251687762995105,0.127981038834242,"MRTFA"
"3983",57592,0.0816517090830078,-0.353146072986464,0.849852530269831,0.399667688380423,0.640177523820207,"ZNF687"
"3984",57602,0.376675142789209,-3.59675184615481,1.78979701211654,0.0798582599089289,0.252015423815427,"USP36"
"3985",57605,-0.222723701327104,-2.27120035310595,-1.63460615863646,0.108738418114862,0.309269376790223,"PITPNM2"
"3986",57606,0.0643950761645479,0.154638910521808,0.717030740728079,0.47686408084582,0.697567142095245,"SLAIN2"
"3987",57608,0.136105569601636,-1.68112393583483,0.617292570887021,0.539987876614115,0.742982646639193,"JCAD"
"3988",57613,-0.130326375966886,-0.832281210584181,-0.90889183530211,0.367992949996646,0.618324863695432,"FAM234B"
"3989",57619,0.693312886479199,-2.0641567142874,2.98919285743465,0.00441842723182483,0.0443142260603607,"SHROOM3"
"3990",57620,0.114474308494466,-1.76802475780358,0.797979491861239,0.428851308008468,0.662544507565058,"STIM2"
"3991",57624,-0.247430100327918,-5.26110380068988,-0.844574136148989,0.402579788190336,0.6421607951955,"NYAP2"
"3992",5763,0.0153612646080283,3.27639808250731,0.0919654513391231,0.927112006595722,0.96747498459323,"PTMS"
"3993",57630,0.437091657915956,-2.84844005248941,2.97769287249297,0.00456014491744305,0.0447127308358873,"SH3RF1"
"3994",57631,-0.17137800996858,-2.625446706852,-0.912728462027458,0.365991880210055,0.616650606843074,"LRCH2"
"3995",57634,0.242134477954647,-0.859820599366511,2.80693712661147,0.00723041814590143,0.0586265608712589,"EP400"
"3996",57645,0.0222413815799936,-4.44459454900046,0.112933677795633,0.910558775668716,0.958388635529744,"POGK"
"3997",57646,-0.121714480178455,-1.09872507765255,-0.668638936068197,0.506960329809702,0.71930709763568,"USP28"
"3998",57648,0.786996028658536,-1.56974960969022,4.07918694991289,0.000171361480877735,0.00700333112290211,"NHSL3"
"3999",57649,-0.00712729534262557,-2.65719009914261,-0.0549092116300674,0.956440950808647,0.97985634091143,"PHF12"
"4000",57654,0.0937581285710931,-2.63374649835167,0.528429509251561,0.599660091080702,0.785805644545976,"UVSSA"
"4001",57655,0.0971234505241448,-1.08848729459996,0.708725001177438,0.481956884729561,0.701506131958749,"GRAMD1A"
"4002",57658,0.275837089326397,-2.43848219409121,1.86020056105399,0.0690508649496736,0.232908965382817,"CALCOCO1"
"4003",57659,0.027845655203758,-0.501797260122849,0.241626538228469,0.810108975361813,0.904383176055764,"ZBTB4"
"4004",57661,0.0866734803674074,-0.859179247571146,1.00491304522366,0.320027385646995,0.573990266225023,"PHRF1"
"4005",57662,0.225950161325148,0.228182235407211,2.43448170990316,0.018720549852703,0.106889986042689,"CAMSAP3"
"4006",57669,0.0608877726401618,-0.380913584426699,0.646077607166462,0.52133641528355,0.730270587093863,"EPB41L5"
"4007",57674,0.606927026261157,-0.0437487205285155,4.26741131220279,9.36856688626826e-05,0.00481268359358811,"RNF213"
"4008",57679,0.0847475436187461,-3.91063729294373,0.351727791491532,0.726596992805412,0.862807572420124,"ALS2"
"4009",5768,0.126843747025586,1.62675655320784,1.09736165776141,0.278011691315961,0.532761711301083,"QSOX1"
"4010",57680,0.311931864498866,-1.57674899125447,2.68726788171636,0.00989758415416766,0.0695891999293025,"CHD8"
"4011",57687,-0.998092125422364,2.23682628111612,-5.28205834457799,3.13714612447334e-06,0.000883962106570739,"VAT1L"
"4012",57690,0.113151223042391,-4.6466123591789,0.559678771246148,0.578326687149523,0.768714663763254,"TNRC6C"
"4013",57696,0.215310550179868,-3.0913561234125,1.25250278745861,0.216514401502227,0.45763271226607,"DDX55"
"4014",57704,-0.111719475540863,-1.94682553154025,-0.557937635436737,0.579505596926067,0.769581426640458,"GBA2"
"4015",57706,0.096394343306949,-0.802864467760611,0.572227902131398,0.5698643633489,0.762552313546011,"DENND1A"
"4016",57707,-0.0545876913562293,-0.152528089713255,-0.586823309472521,0.560099452788574,0.756466666587454,"MEAK7"
"4017",57708,-0.0404881852913792,-1.19725909603525,-0.33566099990296,0.738603676950135,0.869495467802058,"MIER1"
"4018",57709,0.0516111826532992,-0.865182985189291,0.298276595189287,0.766792134086119,0.885667253387708,"SLC7A14"
"4019",5771,0.0742661793017825,-1.97365053582209,0.582291791826467,0.563122246258156,0.758158444293169,"PTPN2"
"4020",57716,0.0638098552035693,-2.94258864577952,0.267013262722427,0.790614074402304,0.894028958858022,"PRX"
"4021",57717,0.0756303365101094,-0.63749523978936,0.293757033342069,0.770222510523026,0.886344245168433,"PCDHB16"
"4022",57718,-0.108024342583619,-2.47150303278067,-0.826776370740499,0.412495192529788,0.649610107616916,"PPP4R4"
"4023",57719,0.0124574372454638,-2.02082039561454,0.0860834298487424,0.931761706278022,0.969487356637592,"ANO8"
"4024",57720,0.00707703782551516,-0.866680870696031,0.0549287549624273,0.956425463145926,0.97985634091143,"GPR107"
"4025",57721,0.113270335076715,-0.766355169644449,1.34075227969894,0.186373793806846,0.417332155816177,"METTL14"
"4026",57724,0.403616147145089,-3.23878365463657,1.78051487397428,0.0813838062153203,0.255124516113195,"EPG5"
"4027",57728,-0.0429971112103489,-1.46443084912645,-0.521256139234286,0.604608675542693,0.787370285830055,"WDR19"
"4028",57731,-0.339689996425762,-2.814824523994,-1.52794641807808,0.13315388678189,0.348191837925181,"SPTBN4"
"4029",57732,0.0913907194266922,-0.691902897240324,0.461384059537907,0.646627655508436,0.812195584755543,"ZFYVE28"
"4030",5774,-0.0461734944472738,-1.61633035612766,-0.294755161355555,0.769464523055911,0.886344245168433,"PTPN3"
"4031",57794,0.0714360607328446,-0.746299130619731,0.791736212315774,0.43244806848188,0.66446316350246,"SUGP1"
"4032",57798,0.164409686350811,-3.50984625320948,0.680467463366888,0.499509930046877,0.713624673626514,"GATAD1"
"4033",57799,-0.531588590400899,-0.275315637664622,-1.87865393027549,0.0664322902679928,0.227545422804096,"RAB40C"
"4034",578,-0.0740919674851098,0.0551681643172551,-0.595748160873067,0.554169875712916,0.752199443225888,"BAK1"
"4035",5780,0.244595619336371,-0.179877225810711,3.43295194102803,0.0012465926037119,0.0210208390153396,"PTPN9"
"4036",57818,-0.496820756717715,-3.05622544230095,-2.18675050803336,0.0337159684185202,0.151499717535049,"G6PC2"
"4037",57819,0.476194020007593,-0.678022985375221,3.45532936436857,0.00116686181565476,0.0202796599450781,"LSM2"
"4038",5782,0.255027716133586,-0.710621289871107,2.57299388755338,0.0132614950368009,0.0850564854084472,"PTPN12"
"4039",57827,0.284499810221614,-0.714325724073272,1.25787079298206,0.214583225717911,0.454960911729374,"C6orf47"
"4040",5783,0.181421834737278,-1.51071265094362,1.52062658641344,0.134978656174987,0.350761639120266,"PTPN13"
"4041",57834,1.04882375705832,-2.17991672889409,3.47736563322719,0.00109311239531501,0.0195044298908243,"CYP4F11"
"4042",5788,-0.0254715089633741,-1.01736266706243,-0.120707301646003,0.904431702673603,0.955326413872066,"PTPRC"
"4043",5791,0.105388196195074,-2.15920361207457,0.58454486723478,0.561618295496823,0.757452934767793,"PTPRE"
"4044",5792,0.178334566059736,0.536612534220219,1.14205352853694,0.259152499949476,0.511143330555876,"PTPRF"
"4045",5795,-0.222964602913761,0.0296741947407541,-2.08350755970187,0.0426071107561597,0.175446834484172,"PTPRJ"
"4046",5796,0.470379089032371,-1.42307729523182,3.37542284400096,0.00147606707622353,0.0231124992700511,"PTPRK"
"4047",5797,0.0387612108584774,-2.60807969746832,0.189432628462214,0.850560384461968,0.928791965811699,"PTPRM"
"4048",5798,-0.325642156263697,2.82320490642997,-1.64732330613553,0.10608796049071,0.305712629808441,"PTPRN"
"4049",5799,-0.164696836350947,2.31126277818573,-0.996712905000897,0.323951199745374,0.577691012212988,"PTPRN2"
"4050",5802,-0.101990746239734,-1.27604813586982,-0.762448248020396,0.449559831813144,0.676700144310232,"PTPRS"
"4051",5805,0.0967263542804584,0.882006080211978,0.786788481280284,0.435311221637564,0.666485477278964,"PTS"
"4052",581,0.18628868374465,2.86012252565263,2.01627807501407,0.0494414493441011,0.193544650380984,"BAX"
"4053",58155,0.0469768499174074,1.3187580233697,0.528920432973377,0.599322117684807,0.785698239715793,"PTBP2"
"4054",5817,-0.0441313100915537,0.499024661930365,-0.504154792223125,0.616481696352562,0.794796513831338,"PVR"
"4055",5818,-0.0439129021564033,-0.851377940548772,-0.343306947158677,0.732881455827284,0.865605472490646,"NECTIN1"
"4056",5819,-0.108247942817336,0.447796560792368,-0.826894344476267,0.412428979483856,0.649610107616916,"NECTIN2"
"4057",58190,0.182661496213681,-1.58851962546243,1.08133499809919,0.285004073382603,0.539326131775472,"CTDSP1"
"4058",582,-0.188485052333518,1.41156841367233,-2.35986081457047,0.0224373847783693,0.119502633801262,"BBS1"
"4059",5822,-0.0579798248138356,-0.427557010093953,-0.613875456779752,0.542224694706632,0.745058244036111,"PWP2"
"4060",5824,-0.105933279831606,-1.90953024602741,-0.810330057731584,0.421789227374052,0.656628436754416,"PEX19"
"4061",5826,-0.0896745272438455,-2.37342575671175,-0.499675264824799,0.619609079062072,0.796274302412765,"ABCD4"
"4062",5829,0.225470055938813,0.307712700112313,2.48913629493467,0.016361050086709,0.0971375073332036,"PXN"
"4063",583,-0.262114958850086,-0.0702989237091578,-3.29749869046444,0.00185151941491511,0.0264293631831371,"BBS2"
"4064",5830,-0.153928313027199,-0.292821482435702,-1.53147754850973,0.132280678653588,0.346834175811929,"PEX5"
"4065",5831,-0.0995066388373274,0.156546044145449,-0.701744372577577,0.486260677369114,0.704740543421413,"PYCR1"
"4066",5832,-0.267100584813417,3.00043362401531,-2.77593062676505,0.0078489867333888,0.061060938617922,"ALDH18A1"
"4067",5834,0.275419095415876,2.33692870674079,2.70606861147198,0.00942596991081052,0.067747779054514,"PYGB"
"4068",5836,0.298739517890966,-0.522511767336006,1.81654767181835,0.0755952943840109,0.243810571083503,"PYGL"
"4069",5837,-0.107244159275979,-3.75256284820929,-0.430015132828197,0.669128026361181,0.826878966338822,"PYGM"
"4070",58472,0.399480022593124,3.2307898663403,4.07749158788344,0.000172287878715904,0.00700333112290211,"SQOR"
"4071",58477,-0.0690695746121013,2.18668553013585,-0.938196359919863,0.35288669522612,0.604219697480142,"SRPRB"
"4072",58478,-0.17581376730706,1.47661026227173,-2.55632285739833,0.0138313670414853,0.0875226091759145,"ENOPH1"
"4073",58488,0.0559575403695391,-1.99288050951851,0.36425054622497,0.717286400455111,0.856899394884365,"PCTP"
"4074",58493,0.413626692969012,-3.3683519785068,1.58739975869813,0.119053073559001,0.326810270798368,"INIP"
"4075",58494,0.0341101808416262,-1.57099843583675,0.241275809975066,0.810379190014125,0.904383176055764,"JAM2"
"4076",58497,-0.24535810851732,1.0203269780743,-2.95126973813216,0.00490200959840647,0.0467213275077933,"PRUNE1"
"4077",58499,0.187099084284302,-4.02840450250465,0.89375961983208,0.375953820368261,0.6249666836496,"ZNF462"
"4078",585,-0.274051059727109,-0.883297373709406,-2.35173312705351,0.0228798162811328,0.120905623172693,"BBS4"
"4079",58505,-0.171767610318144,0.125122898319325,-1.56217555143262,0.124880931221312,0.335783183094895,"OSTC"
"4080",58506,0.0744179870974445,-0.119260909420713,0.503583440935113,0.61688018766577,0.794796513831338,"SCAF1"
"4081",58508,0.0679734594588188,1.11460150039497,0.715507901776064,0.47779555322227,0.698097859004593,"KMT2C"
"4082",58509,0.259462983854843,-3.16650430097985,1.40724065384111,0.165861995399457,0.392546966998023,"CACTIN"
"4083",58515,0.372556016840204,-2.56694051951236,1.7338196722022,0.0894328832272424,0.271483203387148,"SELENOK"
"4084",58525,0.189941765218576,-1.80985887996952,1.62445494493573,0.110892671868528,0.312372290008732,"WIZ"
"4085",58527,-0.0370239177996423,-1.25206637570923,-0.184731606286201,0.8542255258411,0.9305740279749,"ABRACL"
"4086",58528,-0.227141176472906,-1.16042625025749,-1.45401804750535,0.152513058706253,0.375200462660913,"RRAGD"
"4087",586,0.42626524894884,-0.42018615845576,1.08527179508749,0.283275190747063,0.538143955681051,"BCAT1"
"4088",5860,0.0596778889663501,3.70465067013352,0.489926282807878,0.62643987117511,0.798564471292384,"QDPR"
"4089",5862,-0.183924500497277,3.98749927804407,-2.15532956854003,0.0362308756028313,0.158281220249237,"RAB2A"
"4090",5863,-0.0446253685595477,-1.01421189317617,-0.513026756299398,0.61030892557143,0.79047819902035,"RGL2"
"4091",5864,-0.397427156035821,1.96702102976602,-2.59323213453097,0.0125984960977301,0.0822654989870927,"RAB3A"
"4092",5865,-0.254818843396824,4.95690210613557,-1.75306654956394,0.0860383869490372,0.264183901497344,"RAB3B"
"4093",587,-0.38566667522753,2.22625951013739,-4.61674289206099,2.97968246645519e-05,0.00268960161457382,"BCAT2"
"4094",5871,-0.533985602028647,-1.62126475672961,-3.07716119428778,0.00346306563017678,0.0378225922384788,"MAP4K2"
"4095",5872,0.266769941447036,1.07388353848792,3.64793191066578,0.000655176534408644,0.0145177202539198,"RAB13"
"4096",5873,-0.00792830503725517,2.64928972215724,-0.0691247684863256,0.945180302120431,0.976373814617883,"RAB27A"
"4097",5874,0.166847140200397,-0.277904914642671,0.875931268468112,0.385472739565927,0.630773573835154,"RAB27B"
"4098",5876,-0.0885640315889935,0.310935868296474,-1.32092594051041,0.192850521091247,0.424880293775332,"RABGGTB"
"4099",5877,-0.0316419030918875,0.43239578498395,-0.269822414048129,0.788464913925281,0.893244304480135,"RABIF"
"4100",5880,0.32138482675512,-1.08376524816683,1.84076111691688,0.0719034619075078,0.237409063576268,"RAC2"
"4101",5881,-0.205182664067812,-0.509985135706027,-1.88759690390006,0.0651939234499404,0.224682932136853,"RAC3"
"4102",5884,0.219428643232733,-2.07345500715749,1.56123314431534,0.125103039020989,0.335895629245201,"RAD17"
"4103",5886,-0.0298783190619816,1.18438534781777,-0.36405243246707,0.717433364338669,0.856899394884365,"RAD23A"
"4104",5887,-0.00570384127871071,2.61185267589688,-0.0542694038692937,0.956947993777328,0.97985634091143,"RAD23B"
"4105",5894,0.0101638096828144,-0.395076453826352,0.113694501175475,0.90995885567805,0.958091541154723,"RAF1"
"4106",5899,0.303152386829025,0.588631120282387,2.92913083796788,0.00520670412473657,0.0484223483600501,"RALB"
"4107",59,0.332355803559281,0.0806902605451522,1.84098123124271,0.0718706124537766,0.237409063576268,"ACTA2"
"4108",590,-0.627512622482768,-1.82825220103666,-3.63018086966922,0.000691388448581764,0.0149955558211833,"BCHE"
"4109",5902,-0.0891697876401734,2.17776812583177,-1.04043188243482,0.303402923696478,0.557150811584288,"RANBP1"
"4110",5906,0.0677312800822267,-0.524725678843127,0.541921411953826,0.590404265601184,0.778663812260436,"RAP1A"
"4111",5909,0.296206547361001,-0.417359579908747,2.24639101483985,0.0293629766108847,0.13890819547151,"RAP1GAP"
"4112",5912,0.118121131230003,0.710931749237685,0.878197840875626,0.384254205148746,0.629821661315326,"RAP2B"
"4113",5922,0.0638265677784373,-2.94165196262528,0.403018225303515,0.68874194805822,0.841293149687832,"RASA2"
"4114",5923,-0.454583901971173,-1.79910402963237,-3.49795033539866,0.00102825447529863,0.0187840058612589,"RASGRF1"
"4115",5924,-0.0108497799457572,-5.53210118299553,-0.0540722807399504,0.957104216046905,0.97985634091143,"RASGRF2"
"4116",5925,-0.11403330552329,-0.957491389108083,-0.711682806525017,0.480139765004131,0.699690854129952,"RB1"
"4117",5926,0.397277841932543,-3.29977757919079,1.96395032478332,0.0553991274908135,0.205705968023266,"ARID4A"
"4118",5927,-0.00272306578340076,-1.97350691946099,-0.0206828607271796,0.98358522431084,0.992641582837872,"KDM5A"
"4119",59274,0.368745455221195,-5.4102589076855,1.24512554231511,0.219189429412274,0.461317327450552,"TLNRD1"
"4120",59286,0.103202601282126,1.40354049300956,0.582020264737967,0.563303628601919,0.758236331657583,"UBL5"
"4121",593,-0.288764924613889,2.28843801466959,-4.26034371641385,9.5851474818813e-05,0.00482242911834323,"BCKDHA"
"4122",5930,0.161434593113113,-1.43709014444502,2.00693751562857,0.0504623862227204,0.195295161812773,"RBBP6"
"4123",59307,0.338487465932312,-0.727176497957439,2.53318308890641,0.0146593507905346,0.090282940286001,"SIGIRR"
"4124",5931,0.171041143913695,0.21893083418049,2.25373304941898,0.0288631412967886,0.137441397424118,"RBBP7"
"4125",59338,0.223675165331324,0.137029429793939,1.70640412982223,0.0944595213495987,0.282137490045663,"PLEKHA1"
"4126",59339,0.0513544130657729,0.509604355033382,0.26091528060913,0.795285014107448,0.896754937620283,"PLEKHA2"
"4127",5934,0.313460417574498,-1.83775758430136,2.52210389249136,0.0150715291905572,0.0920488021608357,"RBL2"
"4128",59342,0.172902681894043,-0.291099197568115,1.52787544168251,0.133171485514793,0.348191837925181,"SCPEP1"
"4129",5935,0.31343089994117,2.44871786467707,1.95556539788431,0.0564090339939578,0.207826320921316,"RBM3"
"4130",5937,0.369201462430967,-1.76938812022122,2.76286219810371,0.00812406166583382,0.0620217543593134,"RBMS1"
"4131",594,-0.152183016517442,-1.21268467042065,-0.940984208396758,0.351470955619077,0.603786377159221,"BCKDHB"
"4132",5947,0.383302883623354,2.09752137557887,3.06410512609827,0.00359142508389271,0.0387419458083189,"RBP1"
"4133",5950,-0.805841004286344,3.5572630619111,-3.96622587693851,0.000244952447986164,0.00821594604229003,"RBP4"
"4134",5954,-0.153786130879423,2.25549891213987,-1.53250403808671,0.132027699901677,0.346587745837924,"RCN1"
"4135",5955,0.148183293859814,-2.48148323427433,0.850935974772973,0.399071570903094,0.639890622310133,"RCN2"
"4136",5967,1.33661970106623,0.814145604935817,3.72274325841765,0.000521592478642945,0.012755118063388,"REG1A"
"4137",5968,1.18733281389193,4.37784385363347,2.98108860363686,0.00451786247123133,0.0446539337387375,"REG1B"
"4138",5970,0.156042253667939,0.598775155039443,1.95364277909383,0.0566428160401575,0.208187787338016,"RELA"
"4139",5971,0.446415848304019,-1.75162523207187,2.80883549724672,0.0071940526488344,0.0584262704955842,"RELB"
"4140",598,0.206199616843647,-0.0492814081573255,2.06750218268329,0.0441547748494731,0.179008622488426,"BCL2L1"
"4141",5981,0.112145381091944,-1.10351308848564,0.886063144187629,0.380044620855813,0.62724865054962,"RFC1"
"4142",5983,0.212778596309763,-1.14882102559864,2.57336908196336,0.013248919610196,0.0850564854084472,"RFC3"
"4143",5987,-0.150789689869988,-0.88215446010786,-1.55257534535294,0.127158419017182,0.338170873452108,"TRIM27"
"4144",599,-0.0863483645513803,-1.54601471271332,-0.568599282898597,0.572304999050982,0.76404225480911,"BCL2L2"
"4145",5990,0.0129287566535745,-1.31899982145042,0.104623193804844,0.917115060852053,0.961761657325392,"RFX2"
"4146",5991,-0.258950511363769,-0.956079432022844,-2.33117372073458,0.0240340648193004,0.125230127216355,"RFX3"
"4147",5993,0.00362330441585579,-2.27424779407221,0.0333786090604987,0.973512445658281,0.986491125636306,"RFX5"
"4148",6000,-0.0369818548499938,-1.39173736045564,-0.399121878791847,0.69159105621615,0.84304574694919,"RGS7"
"4149",60312,0.254918576938814,-2.50122984517483,1.58333832688165,0.119976304344849,0.327732334699014,"AFAP1"
"4150",60343,-0.0616355638575318,-0.455996192673966,-0.592627669473549,0.556239489543139,0.753519749904168,"FAM3A"
"4151",6041,0.228563191190679,-2.13159225401631,1.50215887870221,0.139671148640336,0.356614604972705,"RNASEL"
"4152",6045,-0.276966842240044,-0.456855542882837,-2.4368526989697,0.0186121325389729,0.106518600247195,"RNF2"
"4153",6046,0.122049292765999,-0.524036695463475,1.54355000217101,0.129329827077857,0.342757546892868,"BRD2"
"4154",6048,0.602075884503405,-4.331923978779,1.86802170982587,0.0679305297433988,0.230699018282775,"RNF5"
"4155",60487,-0.242134729460632,-1.14932906390395,-2.55456538026844,0.0138927254642317,0.0878203387224041,"TRMT11"
"4156",60488,-0.197415318004763,-0.748108749176805,-2.8327318610216,0.0067505461402976,0.0566049893567577,"MRPS35"
"4157",6049,-0.0394525025487331,-3.36257925717989,-0.214616613283229,0.830984382759655,0.916711384144278,"RNF6"
"4158",60490,-0.0724390692938135,-2.26649614252611,-0.526643372216864,0.6008904966802,0.78612538388719,"PPCDC"
"4159",60492,-0.171510585644403,0.0853850037586777,-1.87169613574579,0.0674095371248018,0.229611397820218,"CCDC90B"
"4160",60493,-0.0478838407711353,-0.984830788163057,-0.445812205642351,0.657757085935884,0.819259941857641,"FASTKD5"
"4161",60496,-0.0600871470680037,0.75359435602411,-0.744752662955546,0.460087918650258,0.684279051290352,"AASDHPPT"
"4162",605,-0.0702723436535522,-1.39535114008609,-0.35052826907758,0.727491047644772,0.863368145870768,"BCL7A"
"4163",6051,0.268917429256911,2.44997596039565,2.40983527758539,0.0198817613210197,0.111345119514981,"RNPEP"
"4164",60526,-0.239219868685161,0.417169992936394,-1.72919428076836,0.0902650266728158,0.273063939732747,"LDAH"
"4165",60558,-0.23171230573177,-1.51164402630377,-2.55025503451308,0.0140442626344165,0.0884140349231266,"GUF1"
"4166",60559,-0.0633261946986892,2.89757027481435,-0.645520304626784,0.521694249886073,0.730558008644663,"SPCS3"
"4167",60560,-0.015497869461682,-0.261763214467699,-0.186317584011247,0.852988654745159,0.929972480523267,"NAA35"
"4168",60592,0.258033110940886,-1.92340002475529,1.63719566560536,0.108194384217708,0.308873618510695,"SCOC"
"4169",60625,-0.183843436897532,-2.44639065443273,-1.27269860683088,0.209315445324341,0.447516967508724,"DHX35"
"4170",60673,0.00939469358772627,-5.60043282801851,0.0259129367050543,0.979435271990261,0.990081307555373,"ATG101"
"4171",60676,0.103221584910572,-0.917818118674745,0.64680736532889,0.520868046978191,0.72992878364204,"PAPPA2"
"4172",60677,-0.189031279276556,-1.21662296942686,-1.40874253804591,0.165419739942519,0.391874320249781,"CELF6"
"4173",60681,0.37249442504592,-0.447677752725428,1.57513882923742,0.121857811466529,0.330810812375743,"FKBP10"
"4174",60682,0.0465685684205571,0.947044280570283,0.582683719577083,0.562860486543377,0.757972283107339,"SMAP1"
"4175",60686,0.128785184121435,-4.08568123592626,0.56574179622065,0.574230564434039,0.765203614628396,"C14orf93"
"4176",607,0.210965318172254,-2.00461820685818,1.35460181650584,0.18194883073742,0.41190082528402,"BCL9"
"4177",6091,-0.0318435773054679,-1.27831431120516,-0.224456115397172,0.823364523684175,0.912240333280409,"ROBO1"
"4178",6092,-0.389253542042914,-3.3912514562014,-2.02117874481281,0.0489129843797745,0.192128041333207,"ROBO2"
"4179",6100,-0.0842545579943206,-2.47812566207126,-0.334131474476403,0.739750180151941,0.870344375267896,"RP9"
"4180",6102,-0.0731659525649822,-0.682528210130274,-1.09528023628718,0.278912940790218,0.533822148603168,"RP2"
"4181",6103,-0.09450544062787,-2.05479645959485,-0.518140608684767,0.606763812736643,0.788609737401607,"RPGR"
"4182",6118,-0.136956365000384,1.2734332032316,-1.98088234018019,0.0534071011820158,0.202228739700933,"RPA2"
"4183",6119,0.171441099782813,0.519106460314535,0.97010866758022,0.336903248802435,0.590494614834194,"RPA3"
"4184",6122,0.0858489125910173,5.0682494028775,1.25636324015963,0.215124279544658,0.455478726403971,"RPL3"
"4185",6124,0.12413243531463,4.42529629407513,1.30997739415804,0.196499513363727,0.429987170419451,"RPL4"
"4186",6125,0.0487899287606002,3.74469617618443,0.638909944474312,0.525948574037963,0.733031868175526,"RPL5"
"4187",6128,0.14631714852006,4.64962335340518,0.96298831013453,0.340427254330895,0.593355477909008,"RPL6"
"4188",6129,0.082673915445076,4.68463274145743,1.17317094690734,0.246572991454859,0.496747710169874,"RPL7"
"4189",613,-0.044951847064497,2.40616785573214,-0.543428823749068,0.589374366184075,0.778048408301822,"BCR"
"4190",6130,0.059578331896823,4.29752923650014,0.736183684478305,0.465236825284987,0.687770624662633,"RPL7A"
"4191",6132,0.0906983562717967,5.05601193859472,1.29249453306378,0.202434121569178,0.438131395695209,"RPL8"
"4192",6133,0.135513982658983,3.66730702658686,1.66914303050219,0.101663679716803,0.297059392657736,"RPL9"
"4193",6134,0.048642292615928,3.94320344560025,0.732543375297155,0.467434170530819,0.68929969101166,"RPL10"
"4194",6135,0.0667752463263036,3.1770345836534,1.05333034523651,0.297515005285876,0.551372917404803,"RPL11"
"4195",6136,0.19792193874212,4.92468565993245,2.67872118039345,0.0101190668439762,0.0705003771717658,"RPL12"
"4196",6137,0.107724808282535,4.41652216152182,1.11148321369928,0.271951118993653,0.526627545571677,"RPL13"
"4197",6138,0.130227745763058,3.81350653553203,0.854086979228911,0.397341010383397,0.638825062696193,"RPL15"
"4198",6139,0.121844599882979,3.44935185163302,1.89289334074869,0.0644698085752397,0.22331584934245,"RPL17"
"4199",6141,0.0740326129881272,3.72044467157099,0.568844840334379,0.572139673821722,0.76404225480911,"RPL18"
"4200",6142,0.0861496474864176,2.92638061667635,1.04659823918201,0.300578192188064,0.554705034170276,"RPL18A"
"4201",6143,0.150642672863681,4.27109811237927,1.48993249623278,0.142848407745349,0.36046709685208,"RPL19"
"4202",6144,0.040297479143983,4.32712223913892,0.57123727010217,0.570530161123342,0.762944254678665,"RPL21"
"4203",6146,0.0859617823513883,4.15911744739479,1.16407060447067,0.250205369934645,0.50024773962829,"RPL22"
"4204",6147,-0.0266786052142729,4.48770627268665,-0.313254848111589,0.755457566660978,0.879145832172962,"RPL23A"
"4205",6150,-0.0752842941866412,1.22769450102278,-0.657539648162649,0.514005838632859,0.724636368348221,"MRPL23"
"4206",6152,0.0982817448774305,2.87563330299041,1.172583925376,0.246806143316398,0.496747710169874,"RPL24"
"4207",6154,0.00636402229383393,3.93138963588676,0.0893079621916601,0.929212426324418,0.968666078936698,"RPL26"
"4208",6155,0.0622339277970818,4.03594997624954,0.929278926324037,0.357440147598524,0.607578960387633,"RPL27"
"4209",6156,0.148299733867558,3.35482981743475,2.17145695387854,0.0349201525837725,0.154882788587152,"RPL30"
"4210",6157,-0.0226793318407736,3.92475753425665,-0.260820145723629,0.795357946146399,0.896754937620283,"RPL27A"
"4211",6158,0.103028758686192,4.0324363695705,1.37424189804284,0.175812240886202,0.404516866711643,"RPL28"
"4212",6159,-0.0571908345091674,3.65199154824519,-0.467715894603962,0.642125240417875,0.809857134807496,"RPL29"
"4213",6160,-0.0325418864497533,3.78642109767233,-0.426245958330549,0.671852863737213,0.828578034482422,"RPL31"
"4214",6161,-0.0683648408541129,2.22995805265806,-0.520460627534463,0.605158625902701,0.787370285830055,"RPL32"
"4215",6164,-0.0401769628491779,3.66311505516999,-0.410417006265808,0.683344320435582,0.838035452314406,"RPL34"
"4216",6165,-0.0263362048765536,4.21139030056023,-0.272363950738144,0.786521923822634,0.892167905965335,"RPL35A"
"4217",6166,-0.05684424164511,2.07141790077488,-0.576672671034152,0.566881776945926,0.760384691191891,"RPL36AL"
"4218",6167,-0.285173386790466,0.3316065916486,-1.32584246956807,0.191228723478211,0.423261981320793,"RPL37"
"4219",6168,0.194233687724221,1.62275249253111,1.89378252565349,0.0643489154115513,0.223022949066122,"RPL37A"
"4220",6169,0.378160857625261,2.88069675518224,3.05376703781925,0.00369621558353107,0.0393468822241782,"RPL38"
"4221",6170,0.136636185064646,1.59035940761059,0.676800846144885,0.501812977996121,0.715310742902971,"RPL39"
"4222",6173,0.101006861107251,-0.299501580421429,0.694141485967025,0.4909724084017,0.707581273249504,"RPL36A"
"4223",6175,-0.0351495172510012,3.88396357396662,-0.554004957559083,0.582172656835497,0.771837655778611,"RPLP0"
"4224",6176,0.749378192126179,-0.814317574480783,2.72207515822967,0.00904083847699945,0.0660626982997888,"RPLP1"
"4225",6181,0.49172249131595,2.59786941194028,2.97211452547206,0.00463040797693419,0.0452256705351598,"RPLP2"
"4226",6182,-0.00445705962122589,0.99368582389579,-0.0347255487958972,0.972444013368752,0.986099678516009,"MRPL12"
"4227",6183,-0.136218975092318,-0.391849267328757,-1.2416788331024,0.220447584392712,0.463075726557996,"MRPS12"
"4228",6184,-0.100865248995365,4.33872055574921,-1.2216910287516,0.227849221628284,0.473118579957512,"RPN1"
"4229",6185,-0.0972417063696769,4.26297873326976,-1.12625603403007,0.265711564136353,0.519991947193907,"RPN2"
"4230",6187,0.0900819508992985,4.47684286541879,1.1447999244782,0.258024114115685,0.509899976340652,"RPS2"
"4231",6188,0.0261211773062779,4.85752395784732,0.402161487673748,0.689368027637209,0.841555480039218,"RPS3"
"4232",6189,0.0254123177452508,5.50358092372298,0.369296217573869,0.713547095934069,0.854752551686829,"RPS3A"
"4233",6191,0.0640921415357791,4.82425759655196,1.02360472950571,0.311203612753679,0.564284985886805,"RPS4X"
"4234",6192,0.114247058814075,1.1959936968948,2.10328266598984,0.0407604538069213,0.171596478372348,"RPS4Y1"
"4235",6193,0.0442072923315688,3.89750129517203,0.685144893466586,0.496580403372249,0.711985637911438,"RPS5"
"4236",6194,0.0962162497483376,4.55802257809235,1.38849213291477,0.171460323990141,0.39895638852443,"RPS6"
"4237",6195,0.269234342597789,-0.408399064442503,2.52218798393638,0.0150683614759798,0.0920488021608357,"RPS6KA1"
"4238",6197,0.0764229794695175,2.51157566140294,0.823755476778742,0.414192890427612,0.651041219320021,"RPS6KA3"
"4239",6198,-0.12190617586539,-1.26365583465559,-1.11503129304964,0.270443161730326,0.525518543544223,"RPS6KB1"
"4240",6199,0.282582669309467,-2.55466289310883,1.45914721180539,0.151102146934333,0.37307521234229,"RPS6KB2"
"4241",6201,0.030271046797167,5.72368502488841,0.435888960339337,0.664890637595268,0.824174787341182,"RPS7"
"4242",6202,0.0684239885866758,5.26683908800314,0.858208346298076,0.395084577839128,0.638825062696193,"RPS8"
"4243",6203,0.0322554609877974,5.33845544609361,0.415115277430766,0.679925421815207,0.834509545911166,"RPS9"
"4244",6204,0.0931789104831213,2.92231862794124,1.35446127579026,0.181993326518453,0.41190082528402,"RPS10"
"4245",6205,0.0238119545187354,4.27301313458706,0.385631723963755,0.701490025823034,0.848422813497889,"RPS11"
"4246",6206,0.184274097003268,3.99995633883672,1.26467018159772,0.212155531365018,0.451529352121526,"RPS12"
"4247",6207,0.0303478396009127,3.78554207472082,0.451611435223894,0.653602963498587,0.816371829700543,"RPS13"
"4248",6208,0.137134559509652,4.90200808747628,1.83996615206152,0.0720222066751022,0.237417993862394,"RPS14"
"4249",6209,0.0729225260774866,2.51541094927693,0.771718038157671,0.444101436883054,0.672532448946176,"RPS15"
"4250",6210,0.116993536021888,4.85533540129599,1.42470987208293,0.160774332238515,0.386235949620354,"RPS15A"
"4251",6217,0.128484679771851,4.78706023867951,1.66155360585098,0.103185047508734,0.300072711709814,"RPS16"
"4252",6218,0.0733382205912858,3.00540244992666,0.988732302018535,0.327800887809288,0.581846074756118,"RPS17"
"4253",622,-0.540577809178883,1.24547925498593,-5.94367604740114,3.1560962229535e-07,0.000176110169240805,"BDH1"
"4254",6222,0.0536002236451836,5.70875977844923,0.777933857587547,0.440463296314348,0.670045753754189,"RPS18"
"4255",6223,0.231810081243385,4.0624063663166,1.97766693432907,0.0537805714715982,0.203141629349335,"RPS19"
"4256",6224,0.123991252581776,3.86421525921965,1.56101845099891,0.125153682646428,0.335895629245201,"RPS20"
"4257",6227,0.307358161130693,2.64397730256392,2.18890199769816,0.033549537309837,0.150972917894267,"RPS21"
"4258",6228,0.00975721174108823,4.33589303272464,0.13536206164425,0.892897254064692,0.949515479114532,"RPS23"
"4259",6229,0.0230832745639957,1.99048307340758,0.253778304416713,0.800761423417859,0.899549203666999,"RPS24"
"4260",6230,-0.0591471519084648,5.31352071863268,-0.525839962954157,0.601444319879565,0.786632268361554,"RPS25"
"4261",6231,0.0591713462558157,2.80449627876846,0.213513743757043,0.831839498866496,0.917324980963449,"RPS26"
"4262",6232,0.0602562135347777,2.81414038804003,0.863465336351724,0.392218022428863,0.63721389191723,"RPS27"
"4263",6234,0.222890999438382,3.06736115120862,1.35446447447116,0.181992313710032,0.41190082528402,"RPS28"
"4264",6235,0.317190744497978,3.09945788654481,1.82916030474582,0.0736527890131027,0.239842358516245,"RPS29"
"4265",6237,0.405213892711679,0.432975339426631,2.48143071858109,0.0166765221588013,0.0985182800873169,"RRAS"
"4266",6238,0.192215849147014,3.80239448271438,1.65096232813459,0.105339330690026,0.3042457801529,"RRBP1"
"4267",6239,0.217795480095987,-2.44333349269696,1.33915568586634,0.18688914062933,0.418048668069544,"RREB1"
"4268",6240,0.175583516799239,-0.467125917805783,1.79304834543251,0.0793295957438638,0.251251320266169,"RRM1"
"4269",6242,0.412211549185185,-3.05092019569727,1.87591870309003,0.0668150171068967,0.228473857939906,"RTKN"
"4270",6251,-0.0421172414058057,1.72923485643642,-0.314950185875353,0.754178007845845,0.878594925294579,"RSU1"
"4271",6252,-0.168883549298044,3.56278753771921,-1.16416945029018,0.250165709808321,0.50024773962829,"RTN1"
"4272",6256,0.124961071124394,-1.74139530037124,1.1235346895894,0.266853264763051,0.521533685609428,"RXRA"
"4273",6257,0.093153685509759,-1.46587234924364,0.856430514914279,0.396056951748376,0.638825062696193,"RXRB"
"4274",6272,0.0868570335268093,0.857394575381062,0.821117656755438,0.41567878903018,0.651541472693372,"SORT1"
"4275",6275,0.253732365414545,-0.998048633467942,1.04709865281151,0.300349754706258,0.554616965820401,"S100A4"
"4276",6277,0.966938563298862,3.64410772930377,3.80830467256365,0.000400860795182355,0.0109221584302541,"S100A6"
"4277",6278,-0.350061747703432,-1.39197261705427,-2.0674496587009,0.0441599332965463,0.179008622488426,"S100A7"
"4278",6279,-0.0820083667168886,0.0211319571263281,-0.241461940128307,0.810235785217478,0.904383176055764,"S100A8"
"4279",6280,-0.239721674146208,-0.455332783572798,-0.522821168219488,0.603527421054398,0.787370285830055,"S100A9"
"4280",6281,0.99607625788479,1.16906327680057,4.55001283849036,3.71697512965668e-05,0.00271887465934835,"S100A10"
"4281",6282,0.932880512368231,2.71066791383195,4.02099480643401,0.000206093919167837,0.00780866960402582,"S100A11"
"4282",6284,0.880286305593286,-1.9505273095591,2.87695833203553,0.00599590695090393,0.0528018319435413,"S100A13"
"4283",6285,0.0618236618076264,-2.87825742189409,0.292515100850823,0.771165961551235,0.886389643969886,"S100B"
"4284",629,1.23118730782239,-1.66593333385868,4.00206782257937,0.000218794322022674,0.00800226630328418,"CFB"
"4285",6296,0.250753803180865,-0.0696658653570407,1.29346223318999,0.20210214798063,0.437567190231079,"ACSM3"
"4286",6297,-0.175910359358206,-5.45871373599029,-0.741040370059591,0.462314503002158,0.686260319087605,"SALL2"
"4287",6300,-0.301500986104418,-0.543932374533165,-1.66568501999112,0.102354568432617,0.298599021406559,"MAPK12"
"4288",63036,-1.07621273928442,1.18053906615782,-1.84824392986143,0.0707938332514739,0.236188585066506,"CELA2A"
"4289",6309,-0.0330559023002364,-1.69010471213819,-0.217330186578091,0.828881279319842,0.915447856726182,"SC5D"
"4290",6311,-0.116128719590087,0.154198728108713,-1.45354721439699,0.152643090457425,0.37536990754314,"ATXN2"
"4291",6317,-0.451268090434908,-0.208539889689002,-1.18976846777862,0.240046613981872,0.489282633573191,"SERPINB3"
"4292",6319,-0.292769797986083,-0.0409823815898082,-2.03539120259981,0.0474079575292724,0.18785670969314,"SCD"
"4293",633,0.184474654029581,-0.0752754909117804,0.710472058455808,0.480883118567888,0.700275345615586,"BGN"
"4294",634,0.409837531136695,-2.00092985161841,2.38338175233061,0.0211999361604758,0.115769758143239,"CEACAM1"
"4295",6341,-0.00906739672284407,1.48129073784394,-0.123882670342143,0.901930583064748,0.954162343821342,"SCO1"
"4296",6342,0.248587514762206,2.38851608686747,2.08367021891572,0.0425916281988901,0.175446834484172,"SCP2"
"4297",636,-0.172862854399336,-2.34434087098447,-1.11905154625227,0.268741686603507,0.523662372181691,"BICD1"
"4298",637,0.68446301256249,-0.983829272166211,4.94521216659943,9.90103052749597e-06,0.00159927698362553,"BID"
"4299",63826,0.0302734945222758,-1.7318447804016,0.166531565388057,0.868445063635915,0.937645699313499,"SRR"
"4300",6385,0.825201983990896,-0.00752909821068946,3.57020488256231,0.000828467639687988,0.0167641708936314,"SDC4"
"4301",6386,0.278182131353358,-0.0538031175541551,2.15130308199901,0.0365647955075153,0.159060747572735,"SDCBP"
"4302",63874,0.101931033571087,-2.01741528432812,0.422911918795609,0.674266845806643,0.830387219013076,"ABHD4"
"4303",63875,-0.126039870418179,0.772000251594951,-1.03155529224437,0.307501051507957,0.560737211573333,"MRPL17"
"4304",6388,0.382696549997402,-2.23831972318287,2.09226023870547,0.0417809397555336,0.174338142909222,"SDF2"
"4305",63892,0.00405576218325221,-0.957121090459563,0.029476938750621,0.976607635272527,0.988688382863726,"THADA"
"4306",63897,-0.173281739922674,-2.76036519421036,-1.17545123143142,0.245668824025788,0.495861638234227,"HEATR6"
"4307",63898,0.403980776977476,-3.26037503986955,1.50300027857862,0.139454574838711,0.356342244426559,"SH2D4A"
"4308",63908,-0.354606351031171,0.261381846493857,-3.19591463719337,0.00247796745748172,0.030237024627818,"NAPB"
"4309",6391,0.167866478248861,-0.0835619847643019,1.06702667389109,0.291349654643423,0.546213860782324,"SDHC"
"4310",63915,0.133966656637495,-0.425365309277202,1.37075229203816,0.17689078956217,0.406257053496163,"BLOC1S5"
"4311",63917,-0.035217325163146,-0.748427003213007,-0.330503420254869,0.742472083861836,0.872209311147167,"GALNT11"
"4312",6392,0.117375741830559,0.764766811741092,0.631884509442859,0.530490012716496,0.736518366445115,"SDHD"
"4313",63931,-0.113886656024256,0.34152286412648,-1.14857005059662,0.256480849437193,0.508652489126168,"MRPS14"
"4314",63932,0.0742568814056193,-1.71130305257668,0.703384780552821,0.485247387020236,0.703839982961837,"STEEP1"
"4315",63933,-0.154126474778559,-0.577463312779473,-1.37692897354072,0.174985187915762,0.403478243210723,"MCUR1"
"4316",63935,0.0165129251883977,0.208290301678639,0.202519144754197,0.840375289624805,0.922264174453255,"PCIF1"
"4317",63943,0.0674195762385463,-2.09783710559357,0.322005797574195,0.748860287037387,0.87585831589853,"FKBPL"
"4318",6396,0.0391489261667876,0.404045487200986,0.464380604834932,0.644495206802389,0.811302620868143,"SEC13"
"4319",6397,0.0108020332525468,-0.841180113915949,0.107927558754276,0.914507467260546,0.959693423498928,"SEC14L1"
"4320",63971,-0.0943192575557823,0.0170818892953321,-1.17272505052343,0.246750077010247,0.496747710169874,"KIF13A"
"4321",6399,0.0180648586717931,-1.48861333696978,0.192867637964682,0.847884387163549,0.926720575003362,"TRAPPC2"
"4322",64077,-0.0633539290170053,2.51234052369774,-0.618011823967034,0.539517666434221,0.742835225790321,"LHPP"
"4323",64081,0.0115289175901616,1.09882393083136,0.0560299051022187,0.955552853386945,0.979653150841669,"PBLD"
"4324",64083,0.137059017441258,0.356700898004273,1.70832121437905,0.0941005819089537,0.281750913052272,"GOLPH3"
"4325",64087,-0.149425813195748,1.97113285395462,-1.9086625751716,0.06235430838025,0.218953515353532,"MCCC2"
"4326",64089,-0.0393927046376761,-2.39574082421061,-0.274857095599164,0.784617260677442,0.891855946444575,"SNX16"
"4327",64093,0.848490676879127,-0.907684713033083,3.178960746484,0.00260029391684194,0.0311716929038481,"SMOC1"
"4328",64114,0.79582713076523,-0.649993099648702,5.00658403060376,8.04103828846293e-06,0.0014956331216541,"TMBIM1"
"4329",64118,0.388261490455977,-2.8257537348623,2.29997618466057,0.0258851675338935,0.129806501897907,"DUS1L"
"4330",64122,-0.267126208182777,1.34134140043145,-3.18014857737827,0.00259154118409697,0.0311289232641628,"FN3K"
"4331",64129,0.647947324405215,-3.01144869652708,2.85325264407512,0.00639006244667732,0.054772494312864,"TINAGL1"
"4332",64130,-0.521232290742249,-0.371316211117559,-4.08931650027915,0.000165926246025723,0.0068352704570865,"LIN7B"
"4333",64131,0.0920802963002294,-1.99650300063663,0.678389206004112,0.500814597975597,0.714219331406648,"XYLT1"
"4334",64132,0.0545879465476773,-3.12582514522153,0.275139261073262,0.784401781097405,0.891855946444575,"XYLT2"
"4335",64135,0.385768889045025,-2.33282869606061,2.3563930414519,0.0226252063910295,0.119927013058291,"IFIH1"
"4336",641371,-0.102453298415836,2.22916334938612,-1.13868636075226,0.260540743747653,0.513221785983021,"ACOT1"
"4337",64145,0.0927043097756328,-1.05511481157698,0.812320547938609,0.420657678830905,0.656566936717767,"RBSN"
"4338",64146,-0.0110441974343791,0.287438074424436,-0.134471567973903,0.893597501879452,0.949725434365933,"PDF"
"4339",64167,0.245079291181368,-0.866555687914862,1.75643405139254,0.0854556525736285,0.263581304269815,"ERAP2"
"4340",64172,-0.157737875058311,-1.86476718515684,-1.17807581350604,0.244631109904595,0.495069486513156,"OSGEPL1"
"4341",64175,0.104319145677534,0.218208793663696,0.818415589759541,0.417204241429571,0.652765647181929,"P3H1"
"4342",6418,-0.0645128345547494,3.02590525631716,-0.791589634179752,0.432532728298498,0.66446316350246,"SET"
"4343",642,-0.189217488588914,3.19145938944148,-2.12343566694386,0.0389508915497995,0.166143552698172,"BLMH"
"4344",64207,0.0307526396376202,0.173629463003627,0.349147074270213,0.728520984844661,0.864089237676624,"IRF2BPL"
"4345",64210,-0.0424402222646281,-0.36541353278006,-0.564872009533281,0.574817312549098,0.765674623356415,"MMS19"
"4346",64215,-0.012908228176479,0.0409617651231055,-0.180901458470637,0.857214097526375,0.931747853836885,"DNAJC1"
"4347",64219,0.213908233066415,-2.49322504156745,1.4500358060364,0.153615596186161,0.376704965797305,"PJA1"
"4348",64222,-0.139591024755962,-1.06717860690152,-0.523400412530954,0.60312745759121,0.787370285830055,"TOR3A"
"4349",64224,0.0397610261007386,-1.58435304287189,0.226018516631473,0.822156135592316,0.911230473142946,"HERPUD2"
"4350",642273,0.599045774423482,-2.83606001704389,3.27040623700737,0.00200206822186056,0.0271273614697133,"FAM110C"
"4351",64236,-0.149112625208513,0.502549071642503,-0.910852602708924,0.366969395614383,0.617255612224894,"PDLIM2"
"4352",6427,0.110319317498501,4.18528264674701,1.21518167734278,0.230298699600354,0.475663772696529,"SRSF2"
"4353",6428,0.16524956270962,4.21473466179535,2.00098230578492,0.0511227711167926,0.197038531425784,"SRSF3"
"4354",64282,0.204230343724368,-2.34431522802214,1.13364573684893,0.262628842081184,0.516066306561683,"TENT4B"
"4355",64283,0.293019736080158,-2.60687366455544,1.31794841333397,0.193837764835569,0.426137607650689,"ARHGEF28"
"4356",64284,0.742537332560443,-2.45820925091412,2.21163229193225,0.0318350231133199,0.145932316556802,"RAB17"
"4357",6430,0.175583926465444,1.16817007263156,1.87090665757989,0.0675211893028221,0.229736729457163,"SRSF5"
"4358",64318,0.235856201942592,-1.36500253279447,2.27234507192985,0.0276297678969435,0.133536626260976,"NOC3L"
"4359",64319,0.107135050402841,-1.54891936226357,0.708462004091389,0.482118642905247,0.701538598901773,"FBRS"
"4360",64320,0.0955359603196229,-1.40152309525757,0.789028342969136,0.434013662513629,0.665324841369659,"RNF25"
"4361",643246,-0.171754436845508,3.32633903123156,-1.61112040806673,0.113775171535847,0.317577081804014,"MAP1LC3B2"
"4362",6433,-0.043330318126265,-0.574188166129337,-0.505440278003158,0.615585555279287,0.794529883368491,"SFSWAP"
"4363",64343,0.0428394109171517,-1.20651490491453,0.358051827393286,0.7218897977953,0.859171813550649,"AZI2"
"4364",64359,-0.0953497876720285,-0.230274545733162,-1.05067069018443,0.298722597635777,0.552566885412634,"NXN"
"4365",64374,0.0476014746290305,2.34641228871165,0.367396569887214,0.714954081457235,0.855806428689809,"SIL1"
"4366",643836,0.220966891739069,-5.43542478396321,0.85690434083955,0.395797649929593,0.638825062696193,"ZFP62"
"4367",643853,-0.202791808889439,0.287451175463983,-2.1412828826222,0.0374075465384611,0.161128084668824,"TMPPE"
"4368",64397,-0.000332903089264924,-4.05085158986256,-0.00181725901786736,0.99855764372701,0.99920880619439,"ZNF106"
"4369",64398,0.0572713026416218,-1.20063837344528,0.598216439791332,0.552535589674774,0.751654133294273,"PALS1"
"4370",64400,-0.0940301809811914,-2.14268273040872,-0.804664970364416,0.425019764816992,0.65927608800171,"AKTIP"
"4371",644150,0.738749686137059,-5.78123367584673,2.39728551771538,0.0204976273225451,0.113263961291156,"WIPF3"
"4372",64418,-0.157053286283273,-4.38604752606478,-0.728262686709533,0.470025636356313,0.691519021082227,"TMEM168"
"4373",64422,0.0644545504541518,0.407340227366948,0.885530991010761,0.380328508593014,0.62724865054962,"ATG3"
"4374",64423,0.281818720902625,-0.29250352709357,2.97005001698206,0.00465666728221261,0.0452256705351598,"INF2"
"4375",64425,-0.0508735802072959,-1.59118182302017,-0.373443204698156,0.710479101144388,0.853286385397442,"POLR1E"
"4376",64426,0.00586463565442519,-1.49088140595831,0.0336521214565528,0.973295483533244,0.986474187240267,"SUDS3"
"4377",6443,0.0379532308990793,-2.6124677286689,0.243554307300267,0.808624165049155,0.904363477840615,"SGCB"
"4378",64431,0.12882114407908,-2.71353751686121,0.763853221608555,0.44873001593313,0.676567142667049,"ACTR6"
"4379",64434,0.265966226446643,-2.88404057539167,1.46222892100273,0.150259388878943,0.371458976589394,"NOM1"
"4380",6444,-0.185134582188729,0.305040038869303,-1.37963323085504,0.174155874485009,0.403209813959964,"SGCD"
"4381",6447,0.135516698582173,3.21385969209482,0.568617576500256,0.572292681801922,0.76404225480911,"SCG5"
"4382",6448,0.413455948442331,1.33938728233993,3.35016511748337,0.00158902998836691,0.024409776849493,"SGSH"
"4383",644815,0.129612410589485,-2.88687977045636,0.906120517520406,0.369442750540874,0.618902029603431,"FAM83G"
"4384",64499,0.123085386629663,3.31603727565749,0.309740592041015,0.758112158905214,0.880471604798524,"TPSB2"
"4385",645,0.279845251830446,2.89856126416984,2.42426668000986,0.019194194540614,0.108684470562997,"BLVRB"
"4386",6451,0.115860315169006,3.11504777895866,0.844980594660815,0.402355078881061,0.6421607951955,"SH3BGRL"
"4387",6453,-0.0334561646883895,-0.218843570169179,-0.509692815978839,0.612625233670966,0.792307982358278,"ITSN1"
"4388",6456,-0.218587543075205,3.27998484270947,-2.31920980769485,0.0247294709799661,0.127033025959821,"SH3GL2"
"4389",64599,0.0279319677711634,-1.05969145626907,0.283140057469202,0.778299019865096,0.88919672566483,"GIGYF1"
"4390",6464,0.112197556088123,-0.975012795336329,0.784541216715758,0.436615387542066,0.667272393356079,"SHC1"
"4391",64682,-0.0615183954303129,-1.0526961175076,-0.751145037819252,0.456268403553507,0.682018877313165,"ANAPC1"
"4392",646915,-0.0591129136386608,0.443607978391976,-0.350667037551219,0.727387598017626,0.863368145870768,"ZNF285CP"
"4393",6470,0.580189110596093,-0.810412168648991,1.85632534420115,0.0696117452640682,0.233996107574398,"SHMT1"
"4394",647024,0.92891360032864,-3.3379918324041,3.37413404114445,0.00148164141466097,0.023140750644247,"C6orf132"
"4395",64708,0.0161632787104093,1.05740876962157,0.167553907453744,0.867645105260444,0.937441587060131,"COPS7B"
"4396",64710,-0.0249989579955263,2.09071743489978,-0.0976404529784801,0.922628385985697,0.9649161753587,"NUCKS1"
"4397",64714,0.352899595760638,2.93890039523066,0.640793734742642,0.524734334315274,0.731671818270594,"PDIA2"
"4398",6472,0.177679320498897,2.59036445744863,1.77683776250498,0.0819948618281518,0.256646844416724,"SHMT2"
"4399",64745,-0.141139679759358,-1.46245607310312,-1.09100449973496,0.280770749728889,0.535874024202712,"METTL17"
"4400",64746,-0.0160424285426033,1.25290296807553,-0.229216806284536,0.819683883349983,0.909414798192489,"ACBD3"
"4401",64747,-0.105499332172228,0.359324450327705,-1.09043187042503,0.281020214177415,0.535928198768558,"MFSD1"
"4402",64754,0.0852032783303487,-1.6133547606264,0.62932621898059,0.532148852074285,0.737497338469567,"SMYD3"
"4403",64755,-0.299165669031809,2.77127215521556,-3.14693936664004,0.00284702450491212,0.0330966598696034,"RUSF1"
"4404",64756,-0.0128473495998352,-0.275877092835159,-0.161919473897311,0.872055631462697,0.939206754874962,"ATPAF1"
"4405",64759,0.0755140331755288,0.793422071232635,0.897005273017217,0.37423714264363,0.623525402157057,"TNS3"
"4406",64760,-0.120148275681723,-1.26785724259303,-0.88266391761877,0.381860318586304,0.628040335895107,"FHIP2B"
"4407",64761,0.258789787218764,-0.633542763890529,2.73729306838905,0.00868817385581198,0.0648759259452238,"PARP12"
"4408",64762,0.0415250570355852,-2.69779089312191,0.137913767043189,0.890891176270395,0.948787520470574,"GAREM1"
"4409",64763,0.176783550746416,-1.9167344375558,1.05885046433396,0.295019401611649,0.549820052868345,"ZNF574"
"4410",64769,0.182174043532261,-0.61674978932922,1.48638325094808,0.143781389184699,0.361642376268868,"MEAF6"
"4411",64771,0.508284454479651,-4.47893569065515,2.03551636373777,0.0473948840463248,0.18785670969314,"ILRUN"
"4412",64772,0.182237480422601,-1.01978631553835,1.50407121130287,0.139179305839445,0.356099449454986,"ENGASE"
"4413",64778,0.188859407836325,-0.245745923901144,2.15465242117916,0.0362868437495276,0.15830536285607,"FNDC3B"
"4414",64780,0.0941196257102619,0.129872459807222,1.14827186107953,0.256602669064264,0.508729710179733,"MICAL1"
"4415",64784,0.115226913304563,-2.21612499518644,0.90599062806801,0.369510791307373,0.618902029603431,"CRTC3"
"4416",64787,0.460649328867271,1.0497881308366,3.2160081107225,0.00234002144608047,0.0294622260798353,"EPS8L2"
"4417",64788,0.155008021876017,-1.31453753118981,1.00660826184427,0.319220230951696,0.573120487247192,"LMF1"
"4418",64792,0.0010704307922158,-1.63423775229654,0.00510609302454442,0.995947315877939,0.997990161666464,"IFT22"
"4419",64793,-0.0951053798407441,-0.60413137923812,-0.436738129403167,0.664278954486969,0.823705903563841,"CEP85"
"4420",64794,0.192619777256221,-1.26433456646566,1.6964418966663,0.0963430416440062,0.286647401653374,"DDX31"
"4421",64795,0.0315329727774092,-2.16548427351435,0.169585973207402,0.86605547805226,0.9365483658007,"RMND5A"
"4422",64798,0.133215283964384,-0.886844506158117,0.933868115145617,0.355092051516657,0.605936895248608,"DEPTOR"
"4423",6480,0.202841944864968,-2.29908183322474,0.827156383679807,0.412281932601755,0.649610107616916,"ST6GAL1"
"4424",6482,0.236526311162547,-1.64505332766855,1.857142929492,0.0694930917294406,0.233853397497427,"ST3GAL1"
"4425",64834,0.534020414117876,-0.203146494636457,3.27380255079807,0.00198257908649402,0.027082764797027,"ELOVL1"
"4426",64837,-0.13092013899425,2.52344151263064,-1.43957194658495,0.156542460520729,0.380867269350035,"KLC2"
"4427",64839,0.141881175938758,-1.6072267649722,0.924223250021713,0.360038575530625,0.610980585183018,"FBXL17"
"4428",6484,0.128445764831569,-3.33208430336272,0.570919281033728,0.570743960695697,0.763063914343322,"ST3GAL4"
"4429",64841,0.591488244640225,-2.64168333713707,2.39614223368277,0.0205545771601563,0.113456829684388,"GNPNAT1"
"4430",64847,-0.0077747893213107,0.0483559852166669,-0.0706634847185582,0.943962066249851,0.975708261576007,"SPATA20"
"4431",64852,-0.019341209872128,-2.01767572053404,-0.149773286081167,0.881577224578303,0.943261232342117,"TUT1"
"4432",64855,0.097196242610242,2.68193805165109,0.990887303809111,0.326758349901532,0.580840646306286,"NIBAN2"
"4433",64856,0.169526630587183,0.184198355082074,1.05612507488448,0.296249715373485,0.550041108065761,"VWA1"
"4434",64860,0.0225445317073572,-3.16823694088999,0.11543725952411,0.908584866278382,0.957406679693855,"ARMCX5"
"4435",64866,-0.0812466261932276,0.345302526296102,-0.667792042098637,0.507496062761645,0.719571073045758,"CDCP1"
"4436",64897,0.25471193194344,-1.89810038487894,1.24266517678178,0.220086993915993,0.462634920772728,"C12orf43"
"4437",649,0.216072202488988,-3.22095817816277,1.68814076464319,0.0979360881981508,0.289702028607349,"BMP1"
"4438",64900,-0.292277042680263,-1.20338619521192,-1.91138718959137,0.0619948584297882,0.218441125741699,"LPIN3"
"4439",64921,-0.558527848119406,-0.70896554169827,-3.60443475578752,0.000747337182062728,0.0155512741818017,"CASD1"
"4440",64924,-0.312102972958488,-1.78144542285626,-1.65533291499893,0.104445923934165,0.302543219022134,"SLC30A5"
"4441",64925,0.299057710921104,0.533021379001076,1.23908176771899,0.221399118056924,0.464121511828347,"CCDC71"
"4442",64928,-0.0587684055760805,0.575521128337707,-0.564226935887886,0.575252660721983,0.765922089264975,"MRPL14"
"4443",6494,0.256764851319097,-5.18522371392416,1.25950040615617,0.213999504190541,0.454350768141389,"SIPA1"
"4444",64943,-0.342706430085598,0.35010274938949,-2.3114923771404,0.0251875358279187,0.127981038834242,"NT5DC2"
"4445",64951,-0.250248484613331,-0.463355669469505,-2.61628439283559,0.011880280618344,0.0790045096808186,"MRPS24"
"4446",64960,-0.172722938038369,0.864624243496074,-2.21776454080613,0.0313859535302483,0.144629866943442,"MRPS15"
"4447",64963,-0.0470555243758279,0.0810217547885907,-0.611076198338798,0.544060615163519,0.7462365329194,"MRPS11"
"4448",64968,0.106850219016263,-0.717717255360414,0.670322189377588,0.5058964389728,0.719294033452641,"MRPS6"
"4449",64969,-0.095623199251936,-0.29734169046959,-1.25170784711458,0.216801480393189,0.457924117912386,"MRPS5"
"4450",64975,-0.0788741065762941,0.385079246338234,-0.496748928578162,0.621655947927669,0.796355004564666,"MRPL41"
"4451",64976,-0.189563194366111,0.0338964893231242,-1.99281409783672,0.0520406937149347,0.198647871904396,"MRPL40"
"4452",64978,-0.313049217392718,1.47606826215515,-4.25094006163446,9.88088710355172e-05,0.0048910391162581,"MRPL38"
"4453",64981,0.00918880480172501,-1.48435969026398,0.0509743101130767,0.959559611510854,0.980485582729086,"MRPL34"
"4454",64983,-0.0289574388273146,-3.8673439237276,-0.119808859989596,0.90513955042535,0.955580763761747,"MRPL32"
"4455",6500,0.153522390344665,1.01422293819474,2.09325763219316,0.0416876888606782,0.174185864007381,"SKP1"
"4456",65003,-0.124126241179076,1.10157821148168,-1.4212997823618,0.16175780075533,0.387083579351351,"MRPL11"
"4457",65008,-0.201936950898155,1.63972536674565,-2.77779458681315,0.00781046146441037,0.060913086627726,"MRPL1"
"4458",65009,-0.0712412866407524,-1.43758844888359,-0.388186133856744,0.699611539322845,0.847745199938259,"NDRG4"
"4459",65057,0.0549413001756276,-1.5817289231461,0.482233820855718,0.631853202872015,0.803341032542847,"ACD"
"4460",65059,-0.361407777406674,0.660775109680723,-3.207352455,0.00239853086226778,0.0298791342965956,"RAPH1"
"4461",65065,-0.00406707593216815,-1.05073536671616,-0.0454761442305984,0.96391831789775,0.982776740904122,"NBEAL1"
"4462",65083,0.215933334366937,-1.39489276705958,2.16934186500521,0.0350896385158714,0.155120031297147,"NOL6"
"4463",65084,-0.38303992176481,-0.834338026673051,-2.60776636974902,0.0121411888490124,0.0803911727672472,"TMEM135"
"4464",6509,0.182039789848732,-0.481594975519161,1.22083459217852,0.228170401377355,0.473305144864551,"SLC1A4"
"4465",65095,0.304602094146972,-2.96978275932348,1.62970880514965,0.109773414861139,0.310501944892936,"KRI1"
"4466",6510,0.424040770028861,-2.76908500009622,1.52973376008315,0.132711323909227,0.347666285170651,"SLC1A5"
"4467",65108,1.09236958332945,-2.13080044568833,4.40977134241323,5.89542861022046e-05,0.00369246334791155,"MARCKSL1"
"4468",65109,-0.0674949149113968,-1.36077737889138,-0.894804462149988,0.375400639889699,0.624298600666574,"UPF3B"
"4469",65117,0.0114055510000068,-0.713443561162669,0.124329344713759,0.901578834276075,0.954162343821342,"RSRC2"
"4470",65124,0.190514652414798,-1.56655079738833,1.58820342945622,0.118871068472299,0.326494743260068,"SOWAHC"
"4471",6513,-0.303398543758039,0.322536343310022,-1.76882943560599,0.0833389633662485,0.259230159039041,"SLC2A1"
"4472",6514,0.0231199129227724,-2.05424892532083,0.187938817055048,0.851724674156818,0.929723597680848,"SLC2A2"
"4473",6520,-0.481319721418505,3.41577100510154,-4.09323506835637,0.00016386883652787,0.00682241678508181,"SLC3A2"
"4474",6522,0.146164766050092,-1.71249890615833,0.764103206905239,0.448582461833415,0.67651084784607,"SLC4A2"
"4475",65244,0.0438497987294404,-1.02614956106245,0.323679387877523,0.747600719329773,0.875052100542744,"SPATS2"
"4476",6525,0.123604252662132,-1.84226702552926,0.761929396175029,0.449866506787338,0.676950384569914,"SMTN"
"4477",65258,0.220932880700128,-2.90812050402965,1.14789618562376,0.256756203091677,0.508852839418095,"MPPE1"
"4478",65260,0.218658151695706,-1.37117528336892,2.21845039165305,0.0313360783381078,0.144629866943442,"COA7"
"4479",65263,0.0882015694788726,0.196807463907069,1.09903560530591,0.277288362450851,0.532040002726891,"PYCR3"
"4480",65265,0.462494682274793,-0.385246659689891,2.92079920498241,0.00532587512281629,0.049084416672442,"C8orf33"
"4481",65267,-0.324625612988691,0.846006242139063,-1.46764063308016,0.148788396680318,0.370110886349965,"WNK3"
"4482",65268,0.247242918684811,-1.04424141010504,1.51250790506268,0.137025834352276,0.352352145477282,"WNK2"
"4483",653,-0.388207093286372,-1.87365468674565,-2.14374066427098,0.0371992706082115,0.160833179700424,"BMP5"
"4484",653269,-0.06170695529533,1.9338813174426,-0.529849630787328,0.598682661088528,0.7851953362738,"POTEI"
"4485",653437,-0.0563929295974321,-3.31938490628174,-0.172981443144975,0.86340054895362,0.93483022922514,"AQP12B"
"4486",653567,0.186748030951888,-1.5504855063833,1.02914687518951,0.308619456642029,0.561831314396618,"TMEM236"
"4487",653583,0.104265388640722,-1.48201703318772,0.74221861906216,0.46160713347526,0.685376048686779,"PHLDB3"
"4488",6541,-0.090330400589853,0.667575718610367,-1.07662674113748,0.287081402019403,0.541686334336027,"SLC7A1"
"4489",6542,0.0501400674134609,3.07456836298198,0.385118993579095,0.701867309843083,0.848544720862092,"SLC7A2"
"4490",6543,-0.22292901960724,0.343376170526217,-1.8328469506936,0.073093014461036,0.239320687678025,"SLC8A2"
"4491",6545,0.190718972520447,-3.01056430476991,0.640178221931347,0.525130914072208,0.732058494339136,"SLC7A4"
"4492",6546,-0.02351652855988,-1.66209620562842,-0.104350761513255,0.917330088463542,0.961761657325392,"SLC8A1"
"4493",6548,0.0378868879717031,-0.849634952055666,0.428634134908303,0.670125867524017,0.827778743180201,"SLC9A1"
"4494",6558,0.450677724275297,-0.371280056794933,4.56099477873176,3.58440836691161e-05,0.00271887465934835,"SLC12A2"
"4495",656,0.223669474868851,-3.21397555697667,0.80392005596619,0.425445661850613,0.65927608800171,"BMP8B"
"4496",6560,0.169220981818516,-0.884261805223601,2.00127238611715,0.0510904314036109,0.197038531425784,"SLC12A4"
"4497",6566,0.15293933835008,-3.96340374038973,0.593491159042378,0.555666405392367,0.753075821660047,"SLC16A1"
"4498",6571,-0.227143876462585,-0.793137227303143,-0.577834177998965,0.566103641745343,0.759718872192673,"SLC18A2"
"4499",6575,0.0923869879444554,-1.352074138356,0.887950540138264,0.379038835743887,0.626930847156017,"SLC20A2"
"4500",6576,-0.295248769659577,3.79071351567837,-3.12587685567967,0.00302116202079624,0.0342770655889969,"SLC25A1"
"4501",6578,-1.0348734449339,-0.128396459395858,-3.40751386180176,0.00134352712771319,0.0219908520264095,"SLCO2A1"
"4502",6585,0.11720426234805,-0.117562758244207,0.871756567918387,0.387723472211764,0.632601454661299,"SLIT1"
"4503",6594,0.11008987695996,0.857519531441932,1.32974675428553,0.189948224147202,0.42209085597121,"SMARCA1"
"4504",6596,0.0500453078588139,-0.118933845217486,0.505062222413896,0.615849045029169,0.794529883368491,"HLTF"
"4505",6597,0.21593469622259,-0.715440819758576,2.6416454005394,0.0111335459160924,0.0756785214097179,"SMARCA4"
"4506",65975,-0.0527382743548599,-3.03218135081165,-0.259170992430098,0.796622508097217,0.897386536249347,"STK33"
"4507",65977,0.161727322085651,-3.26760613328559,1.01152320261744,0.316887824075779,0.570565404569414,"PLEKHA3"
"4508",65979,0.33709858389368,-1.31373694612705,3.42539592842809,0.00127466746528135,0.0213064474361652,"PHACTR4"
"4509",6598,0.135349867709098,0.829775989546923,1.11781100302022,0.269265905655436,0.524089818935199,"SMARCB1"
"4510",65980,0.303053374271888,-3.18430557067369,1.77428172707956,0.0824218771778313,0.257065793758907,"BRD9"
"4511",65982,-0.236410363771789,-0.126435982049018,-2.29515990213768,0.026182006345094,0.130548460557422,"ZSCAN18"
"4512",65983,-0.191024629425128,-2.88866802238846,-1.39079878567303,0.170763779585381,0.39838391451732,"GRAMD2B"
"4513",65985,-0.156185959881288,0.909549655959544,-1.61786512124556,0.112309659781121,0.315164285682083,"AACS"
"4514",65987,0.104021456951434,0.425279128886526,0.310194250911205,0.757769308667038,0.880375213937194,"KCTD14"
"4515",6599,0.194562982704635,-0.421244437852367,2.02259377674195,0.0487613070808869,0.191856989014413,"SMARCC1"
"4516",65991,0.0619641614087008,2.03593027794503,0.700014768279452,0.487330342225121,0.70533104590889,"FUNDC2"
"4517",65992,-0.0753935883382129,2.36966232160919,-0.925839089063915,0.359206767341029,0.609906262223855,"DDRGK1"
"4518",66005,0.321947327879845,1.70002235095432,2.58181949638417,0.0129685518774355,0.0838206371767922,"CHID1"
"4519",6602,0.204475873896157,-0.386984819050912,2.36830893260155,0.0219856578004577,0.118186185280278,"SMARCD1"
"4520",66036,-0.270899421374398,1.43780839244149,-3.97049738560531,0.000241682979073355,0.00815271543224326,"MTMR9"
"4521",6604,0.0859168786407796,-2.29077635820166,0.314429075096382,0.754571243089961,0.878853565481249,"SMARCD3"
"4522",6605,0.140061318602165,0.691225629404092,2.20826821809266,0.0320837833093779,0.146455454430948,"SMARCE1"
"4523",6606,-0.00448232355972056,-0.870958971162065,-0.0377990773135407,0.970006194189143,0.98558152953699,"SMN1"
"4524",6609,0.152569358478493,-0.0885419964993917,0.823755615209064,0.414192812534216,0.651041219320021,"SMPD1"
"4525",661,-0.159473394775189,-0.82974118352405,-1.50980196570737,0.137713619754797,0.353735729591711,"POLR3D"
"4526",6610,0.275677613779213,-1.46966830979555,2.31054122953997,0.0252445121136741,0.128139847046671,"SMPD2"
"4527",6612,0.0892366491862244,-2.04976896583326,0.847483120334718,0.400973275938766,0.641599053105356,"SUMO3"
"4528",6616,-0.328467768127342,0.350495352334659,-2.1488524037907,0.0367693539941697,0.159724200153017,"SNAP25"
"4529",6620,-0.385069319539507,0.641650776048548,-1.88417688167766,0.0656651677906619,0.225547173978222,"SNCB"
"4530",6621,-0.139894094730424,-2.88063203125225,-0.958395427615916,0.342713246349279,0.595124358675734,"SNAPC4"
"4531",6622,0.0708792326451341,0.272275472023041,0.428269403921318,0.670389504573655,0.827937782509677,"SNCA"
"4532",6623,0.0546988774917514,-3.05721084313975,0.216117354151252,0.829821106636502,0.915921947947285,"SNCG"
"4533",6624,-0.237169556542681,1.68048379297151,-1.36974182904612,0.177204045832491,0.406608760119562,"FSCN1"
"4534",6625,0.0302209391090513,2.58272248992906,0.435484703666999,0.665181917290965,0.824174787341182,"SNRNP70"
"4535",6631,-0.117483346526086,-0.852401598537898,-0.96398964612682,0.339930205906017,0.592887050090823,"SNRPC"
"4536",6632,0.142297351281119,2.51720049953784,1.68142619789893,0.0992404910162228,0.292433093546604,"SNRPD1"
"4537",6633,0.152877924926688,3.00933807877945,2.29244843148179,0.0263504527260626,0.130856859896903,"SNRPD2"
"4538",6634,0.0489034581972625,3.62448960159509,0.451500617362493,0.653682241727284,0.816371829700543,"SNRPD3"
"4539",6635,0.34348624646896,3.35447972227768,2.97017306417418,0.0046550983062715,0.0452256705351598,"SNRPE"
"4540",6636,0.550662834826176,-0.710216468588534,2.34667957614178,0.0231588334608792,0.12180712920555,"SNRPF"
"4541",664,0.140076774323342,-1.88613378381964,1.13475368253291,0.262168851799041,0.515601541923267,"BNIP3"
"4542",6641,0.245898024601921,0.395388801109185,0.846470614456885,0.401531990021543,0.64182379030006,"SNTB1"
"4543",6645,0.130721750711369,0.933057294164802,1.0826706838327,0.284416670500236,0.539144386513418,"SNTB2"
"4544",6646,0.276685806914556,-1.01119089463538,2.39960189446529,0.0203826777980294,0.113220702555932,"SOAT1"
"4545",6647,0.0212606783006173,3.99636867997137,0.222796059267724,0.824648913373054,0.912674906289903,"SOD1"
"4546",6648,0.611507671344836,5.69601245278508,3.96416694679119,0.000246543623678784,0.00822437370728464,"SOD2"
"4547",6649,0.459066312100842,-0.314666977514472,1.30704643241323,0.197485160263861,0.431221598612443,"SOD3"
"4548",665,-0.0112308653881161,-2.19570604576198,-0.0492442335234356,0.960931012736831,0.980907127254061,"BNIP3L"
"4549",6652,0.0901120307824441,3.09215609506642,0.802184706703297,0.4264388262715,0.660313197692853,"SORD"
"4550",6653,-0.350494151078642,1.67865890815423,-2.84075785640653,0.00660736663184524,0.0557854420718928,"SORL1"
"4551",6655,0.115465363751145,-1.48354683630662,1.19317541566755,0.238722634114014,0.487451606184902,"SOS2"
"4552",6660,0.0969290141197721,-0.627036028638286,0.536258015780747,0.594281250817476,0.781426374789561,"SOX5"
"4553",6667,0.551213218756827,-4.62139155039394,1.82984088218956,0.0735491798222521,0.239842358516245,"SP1"
"4554",6668,0.255641229037617,-2.27118192473762,1.42256729210744,0.161391705654228,0.386810733817124,"SP2"
"4555",667,0.0662800016236184,0.557543089070447,0.774205231669731,0.442643553810834,0.671514120932007,"DST"
"4556",6670,0.244057035479363,-1.4993619678607,1.6362618854171,0.108390306891952,0.308873618510695,"SP3"
"4557",6672,0.292524299553034,-0.410460520402096,2.49249735169522,0.0162251478744238,0.0966892792749641,"SP100"
"4558",6674,0.00687030870044714,-1.50034735653736,0.0432528197911163,0.965681196215622,0.983743064301061,"SPAG1"
"4559",6675,0.243266835180202,0.152210664929223,2.2810629387612,0.027068352169916,0.13238231709953,"UAP1"
"4560",6678,0.232098132561963,-0.967671830969413,0.85685305444568,0.395825711363745,0.638825062696193,"SPARC"
"4561",6683,-0.00857035678892887,-0.279099434560586,-0.107640028926582,0.914734330133385,0.959767404847644,"SPAST"
"4562",669,-0.0315329671634739,-0.601808595941809,-0.342226140284789,0.733689410572334,0.865869179406457,"BPGM"
"4563",6690,0.585629093148186,-0.113994949898616,1.8311495326282,0.0733503001244202,0.239739215694537,"SPINK1"
"4564",6692,0.56098276605788,0.186603514193011,3.66400237740157,0.000623967665354307,0.0140805644483262,"SPINT1"
"4565",6695,0.0461955090135939,-1.41036901938436,0.207679674643505,0.836366370755459,0.919838162282208,"SPOCK1"
"4566",6696,1.65148458117244,-2.51940359144851,5.41117946270614,2.01085577902298e-06,0.000685701820646837,"SPP1"
"4567",6697,0.135899015543417,2.24157807838731,1.81935036301687,0.0751599559029228,0.242806215437968,"SPR"
"4568",6710,-0.182394416812923,-0.16529697230215,-1.15256008888556,0.254854781368221,0.506409403702863,"SPTB"
"4569",6711,0.282748562566805,3.21869315329172,2.765073340802,0.0080769026446362,0.0618834464025294,"SPTBN1"
"4570",6712,-0.184541979185344,0.460430185085757,-1.68265379526664,0.0990009493884105,0.292147993916377,"SPTBN2"
"4571",6713,0.449623896398576,-3.95581561018502,1.75138100523065,0.086331306131305,0.264950778516975,"SQLE"
"4572",6717,0.139494164303081,3.70223997880666,1.63724382628873,0.108184287149477,0.308873618510695,"SRI"
"4573",672,-0.294458555806953,-1.9964871222512,-1.27368408475754,0.208968795671524,0.447202499092602,"BRCA1"
"4574",6723,-0.0862774176273566,2.84030488409866,-0.855353908400949,0.396646519366063,0.638825062696193,"SRM"
"4575",6726,0.256857288712509,1.65763524091242,1.60510532699103,0.115095218489878,0.319952197052026,"SRP9"
"4576",6727,0.230615734807964,1.88947734461505,2.21669867065976,0.0314636032310942,0.144878917203643,"SRP14"
"4577",6728,-0.0493086052145788,-0.15399365051692,-0.624752712858927,0.535121131939868,0.739572022823778,"SRP19"
"4578",6732,0.300218382174217,-0.289130922455498,1.88860062910548,0.0650561676843706,0.224334133284644,"SRPK1"
"4579",6737,0.281214412096037,0.115904548475072,2.78276195376346,0.00770864524406071,0.0606376693440956,"TRIM21"
"4580",6741,0.0200657108127329,3.03250122606523,0.252485327146569,0.80175465333002,0.899994524897524,"SSB"
"4581",6742,-0.0912820712131461,4.38388279461943,-0.985610930433174,0.329314877057423,0.583393458255102,"SSBP1"
"4582",6744,0.0854728676749135,-1.13100030644492,0.540119401878685,0.591636562189369,0.779451646000933,"ITPRID2"
"4583",6745,0.0749120754495687,3.11748316592496,0.597098949887822,0.553275194848971,0.751993610713681,"SSR1"
"4584",6747,0.28700493150197,0.838004853163175,2.02078370248068,0.0489554018646361,0.192128041333207,"SSR3"
"4585",6748,0.134542610832886,3.1567607427533,1.28962274837821,0.203421712853505,0.439339364354263,"SSR4"
"4586",6750,-0.390895619301112,3.12558876490393,-1.49880836139379,0.140536212017187,0.357633196252693,"SST"
"4587",6752,0.0873566054564162,-0.719691466140956,0.668768949301548,0.506878112464707,0.71930709763568,"SSTR2"
"4588",6753,0.0616235575275357,-3.5143904120298,0.231678292434544,0.817782431342208,0.908741769990859,"SSTR3"
"4589",6760,0.194292211005854,-1.708433752636,0.988542679047202,0.327892729322485,0.581846074756118,"SS18"
"4590",6764,0.195579009487471,-2.11004606958456,1.46436205132865,0.149678208536621,0.37090351757597,"DENND2B"
"4591",6767,-0.19690380051552,3.93387530745237,-2.3237621131099,0.0244627748369488,0.126284703069127,"ST13"
"4592",6768,0.291054962777197,-0.220575677157758,1.79416745819653,0.0791483094730166,0.25112552499581,"ST14"
"4593",677,0.593101500842892,0.0178111389959192,2.55197575806848,0.0139835882377741,0.0881224482581701,"ZFP36L1"
"4594",6772,0.16853024362815,1.52253195933802,1.43187185279828,0.158724001658111,0.383260394247634,"STAT1"
"4595",6773,0.341559653899124,-1.20276048735193,2.30369669469716,0.0256579228853296,0.128983071801927,"STAT2"
"4596",6774,0.114682844888634,1.74429484679948,1.01552602946167,0.314996807233621,0.568494678859149,"STAT3"
"4597",6775,0.502279646496444,-3.05635601650346,2.1081431122875,0.0403174284168309,0.17043276558024,"STAT4"
"4598",6776,0.180588793127045,-1.76512659577225,0.749863401570655,0.457032717898142,0.682546672131094,"STAT5A"
"4599",6777,-0.0153552526540668,1.56155507685333,-0.182208602560195,0.85619392487073,0.931463720463761,"STAT5B"
"4600",6778,0.396306382458475,-0.0562593281317418,3.6731354290937,0.000606872272085155,0.0138583069832888,"STAT6"
"4601",678,0.254031628739375,-4.1119264706796,1.31997312798733,0.193166024761546,0.425154545185157,"ZFP36L2"
"4602",6780,0.255951260479736,0.45510724218587,3.20485503753779,0.00241566769839694,0.0298791342965956,"STAU1"
"4603",6782,-0.260313185110631,1.46781623878031,-2.5373207642868,0.0145080647591337,0.0898592346029898,"HSPA13"
"4604",6793,0.0722838204443037,-1.03995555549615,0.844754464977149,0.402480084386369,0.6421607951955,"STK10"
"4605",6794,-0.243145660898943,-1.86277073709067,-1.94790992250887,0.0573448508710683,0.209679279582874,"STK11"
"4606",6801,0.325733449350497,-0.709957858619131,2.75674002563357,0.00825596443573273,0.062654140517578,"STRN"
"4607",6804,-0.554691363438502,2.25607417544859,-4.04150290336837,0.00019313892190428,0.00751000818997965,"STX1A"
"4608",6809,-0.543754365481678,2.38832810546999,-4.71357807040292,2.15814112175331e-05,0.00236547682237889,"STX3"
"4609",6812,-0.56688302332535,3.86849485020808,-4.73287772749183,2.02328594581442e-05,0.00225798711552889,"STXBP1"
"4610",6817,0.061944111632074,0.241736044132252,0.278452370647846,0.781872958933474,0.89090044723476,"SULT1A1"
"4611",682,0.382642368986742,1.70514145169213,4.43501139170124,5.42768382142111e-05,0.00347032534332112,"BSG"
"4612",6821,0.0222773176267386,1.08977521294674,0.261605353967627,0.794756047296248,0.896565450892183,"SUOX"
"4613",6827,0.236230015836731,0.760519259304671,1.93779440758907,0.0586017903841982,0.212211085178884,"SUPT4H1"
"4614",6832,-0.04230678958152,0.598613791957198,-0.574297230171082,0.568474815422504,0.761855549577147,"SUPV3L1"
"4615",6833,-0.685271796199657,1.58309539537035,-3.88380885406195,0.000317083062937766,0.00938094773406625,"ABCC8"
"4616",6834,-0.145729196216526,0.47970956291784,-1.43581180687791,0.157604810695446,0.382164262403027,"SURF1"
"4617",6835,-0.105099021888808,-3.15048262931264,-0.620790918678066,0.537702829357428,0.741360208498475,"SURF2"
"4618",6836,-0.440142425968554,4.13409456746704,-3.51633032299008,0.000973461866011772,0.018106390707819,"SURF4"
"4619",6837,0.376058026871797,-2.31220211021565,2.15558728470048,0.0362095945841516,0.158281220249237,"MED22"
"4620",6838,0.196861724687563,-2.13705780921999,1.11984160893722,0.268408205211296,0.523344842308428,"SURF6"
"4621",684,-0.0761689967656118,-0.578074950835326,-0.395345316370381,0.694356881959317,0.844621986021856,"BST2"
"4622",6840,0.657986194560012,-0.690928100269791,3.18365857591767,0.00256583925495719,0.031002207375841,"SVIL"
"4623",6844,0.125741743746798,3.53429162993778,0.796597130175366,0.429646137511574,0.663271627778179,"VAMP2"
"4624",6850,0.246492528275705,-0.442054181204285,1.91463068578044,0.0615692618729335,0.217658502113575,"SYK"
"4625",6853,-0.241953525117009,0.944141573986949,-1.79776983485218,0.0785671155706345,0.249738454361758,"SYN1"
"4626",6855,-0.487663220290237,2.98246921195658,-3.82626221821618,0.000379187627300594,0.0105793348016866,"SYP"
"4627",6856,0.0873412756837912,2.40016295541666,0.775505562816151,0.441882482576405,0.670691067768045,"SYPL1"
"4628",6857,0.134827949747593,-0.979083723222553,0.625395923807869,0.534702593672002,0.739530569908588,"SYT1"
"4629",686,0.530884106903117,-1.68111010293203,3.89134544458421,0.000309715870083313,0.00936470941168166,"BTD"
"4630",6860,-0.43412265958891,-2.36633943509872,-2.09280495608858,0.0417299890752267,0.174243995199824,"SYT4"
"4631",6861,-0.11443910859037,1.84708825505814,-0.753884989619124,0.454636900490906,0.680127052208916,"SYT5"
"4632",6867,0.153705179006009,0.109181139767878,2.110956154021,0.040062951463294,0.169707657751345,"TACC1"
"4633",6868,0.0842431432336237,-1.39169037304805,0.723764146556055,0.472757790812657,0.694043513262385,"ADAM17"
"4634",6872,0.0142930449050456,-1.22138132164523,0.0676906149903772,0.946315872522424,0.976373814617883,"TAF1"
"4635",6874,0.216613313759877,-1.46273097490841,2.28111509374806,0.0270650242686744,0.13238231709953,"TAF4"
"4636",6876,-0.199185218751242,2.32884450607028,-0.989885312273844,0.327242812525176,0.581365089227072,"TAGLN"
"4637",6877,0.357480282092484,-1.52412771125872,1.70715490015749,0.0943188185156791,0.281975421061948,"TAF5"
"4638",6878,0.239372546510281,-1.64537121855539,1.94843780738116,0.0572798964906443,0.209679279582874,"TAF6"
"4639",6879,0.0267687722909686,-1.38773401248366,0.187471591718793,0.852088902273425,0.929781709588008,"TAF7"
"4640",6880,0.116954952183814,-1.86593967941887,1.03871125429645,0.30419436031076,0.557856284310559,"TAF9"
"4641",6881,0.387530670886574,-4.95006592698602,1.1052305414683,0.274622982007886,0.52924202937658,"TAF10"
"4642",6883,-0.0686244582021525,-2.89475732474222,-0.345188748052546,0.731475448792229,0.865586332116195,"TAF12"
"4643",6885,0.153896153457469,-1.69171811567398,1.43591169867356,0.157576515629055,0.382164262403027,"MAP3K7"
"4644",689,0.325582289101749,1.57773947236647,3.23405742443094,0.0022223228772273,0.0285460545087728,"BTF3"
"4645",6890,0.642663653027976,-0.608945375370557,4.91741265340395,1.08773137027449e-05,0.0016691237876862,"TAP1"
"4646",6891,0.571943033577917,0.666868823867416,4.69880926933876,2.26725967476407e-05,0.0024414806813512,"TAP2"
"4647",6892,0.569317791690614,1.85074812449898,3.55462057758044,0.000868136564526035,0.0171036863434889,"TAPBP"
"4648",6894,0.216452931683729,-2.52113851048074,0.890289175094474,0.377794933931703,0.625716487985104,"TARBP1"
"4649",6895,-0.0417012558173322,-0.580994122565296,-0.529633427348067,0.598831419755365,0.785222656367962,"TARBP2"
"4650",6902,0.245124357990511,2.20497344516426,1.89818189471923,0.0637536162376163,0.221898592186768,"TBCA"
"4651",6903,-0.123382182024547,1.29459003845207,-1.10683394434879,0.273936066022564,0.528579422996652,"TBCC"
"4652",6907,-0.128522527286119,-1.44356724211794,-0.913877434129094,0.36539397633308,0.616150611739683,"TBL1X"
"4653",6908,-0.121550094756582,-1.33209269646154,-0.744777395093357,0.460073105430461,0.684279051290352,"TBP"
"4654",6920,0.530936313976576,-1.90568368468347,1.47769575090179,0.146085395650544,0.365769807823302,"TCEA3"
"4655",6921,0.0559551247499286,1.96176163224395,0.440368081132925,0.661666791199181,0.821939052273959,"ELOC"
"4656",6923,-0.112042143060674,2.03958169768895,-1.51511532088284,0.136365680427655,0.351894218804949,"ELOB"
"4657",6924,0.0242168197570528,-0.272032225970032,0.255326481922716,0.799572592873562,0.899354329312429,"ELOA"
"4658",6925,-0.192347159278571,-3.88809352109286,-0.85158654716915,0.398713887640067,0.639575599650138,"TCF4"
"4659",6927,0.0819629229528078,-2.3595260858121,0.394794938195944,0.694760312119413,0.844945273586083,"HNF1A"
"4660",6928,0.723858359785252,-3.91322256976595,3.94189586543713,0.000264406728299259,0.00854172893842555,"HNF1B"
"4661",6936,-0.0758187028851051,-0.804496683327314,-0.836293986200934,0.407174324195061,0.646800207533459,"GCFC2"
"4662",6938,0.0765230917719424,-3.30833610334752,0.352191658863844,0.726251355728717,0.862564013440957,"TCF12"
"4663",6942,0.234258581753665,-2.17966416147663,1.48695336276113,0.143631201082274,0.361463022649855,"TCF20"
"4664",6944,0.346231724987875,-1.43876450190351,2.22076034740815,0.0311686135918141,0.144217479480597,"VPS72"
"4665",6945,-0.109900437861089,-1.67525401486998,-0.832042720123054,0.409545777259382,0.647638377616665,"MLX"
"4666",6949,0.150840339447075,0.313081058846949,1.16638312779203,0.249278697643121,0.499628664223948,"TCOF1"
"4667",6992,0.110259740404541,-2.44310424451804,0.769285155140737,0.445530218248484,0.673894647513355,"PPP1R11"
"4668",6993,0.432814798783378,-1.19664340678934,3.52550914795772,0.000947154015735788,0.0178219990757086,"DYNLT1"
"4669",70,0.0334554764911479,4.53391929315087,0.254333683750703,0.80033489806201,0.899549203666999,"ACTC1"
"4670",7009,0.115419367966068,-0.555567961902028,0.853756132896718,0.397522494530736,0.638825062696193,"TMBIM6"
"4671",7011,-0.673686677958199,-0.517692867838079,-1.81009031158081,0.0766063942639757,0.245540495035135,"TEP1"
"4672",7013,0.163206187111539,-3.19141555738366,0.854488410320289,0.397120876546784,0.638825062696193,"TERF1"
"4673",7014,-0.1028624460374,-0.854970012048925,-1.27540431695803,0.208364719086265,0.446558186365746,"TERF2"
"4674",7016,0.188846698124639,-3.00013219875927,0.938085689750841,0.352942973034274,0.604219697480142,"TESK1"
"4675",7018,-1.88221131173688,4.34894129950591,-3.55638636996928,0.000863552207135163,0.0171036863434889,"TF"
"4676",7019,0.0268243490035731,2.54248035853645,0.338388332090418,0.736560809476036,0.86792287359645,"TFAM"
"4677",7024,0.137479772097294,-0.731566642820989,1.40887559470141,0.165380603330133,0.391874320249781,"TFCP2"
"4678",7027,0.192656625089921,-3.09286495773137,0.934478611071189,0.354780444941102,0.60557904224852,"TFDP1"
"4679",7030,0.180334515924032,-2.21344461506862,1.01419551841542,0.315624516998442,0.569125524481915,"TFE3"
"4680",7036,-0.0576642854124105,2.84964737739736,-0.391024646041175,0.697526350154063,0.846464360863116,"TFR2"
"4681",7037,0.0556436026900193,1.38052598976162,0.471718601056335,0.639285984392603,0.809393022318852,"TFRC"
"4682",7040,0.167799944015212,-0.750363677138893,0.899763662972283,0.372782124936567,0.621682156423441,"TGFB1"
"4683",7041,0.183208510406622,-1.32263221358033,0.846717431128934,0.401395748909408,0.641773145820772,"TGFB1I1"
"4684",7045,0.63398203336625,0.730853714298243,2.17660331577057,0.0345107738426742,0.154168216773169,"TGFBI"
"4685",7049,-0.146222386628776,-0.911741121880162,-1.05813253740238,0.295343149895215,0.549820052868345,"TGFBR3"
"4686",705,0.120246284480358,-0.664921685073191,1.3524756304818,0.182622880524281,0.412565049929348,"BYSL"
"4687",7052,0.474755142595923,3.45727586902277,2.31324822579756,0.025082657385128,0.127861218050293,"TGM2"
"4688",7053,-0.369628171418464,-2.70256100590929,-1.22609745042896,0.226201984571436,0.47145255731731,"TGM3"
"4689",7057,-0.0418668639638451,0.793287100216469,-0.166731198269343,0.868288844703171,0.937641964952158,"THBS1"
"4690",706,0.48695534743084,1.55423540035841,2.7653461931603,0.00807110083325868,0.0618834464025294,"TSPO"
"4691",7064,-0.119965913998055,0.758787439979217,-1.60988519552249,0.114045238361105,0.317897217556977,"THOP1"
"4692",7070,-0.0885226374221444,1.27987509554749,-0.344921879983246,0.731674785552613,0.865605472490646,"THY1"
"4693",7071,-0.0886258486532783,-2.3969820159771,-0.458819252777089,0.648455246166757,0.812953084348765,"KLF10"
"4694",7072,0.22653413932635,0.134025318618117,1.9655749781765,0.0552052573465381,0.205705968023266,"TIA1"
"4695",7074,-0.123414162522996,-0.854813634402292,-0.878257258473875,0.38422229433185,0.629821661315326,"TIAM1"
"4696",7076,0.127074507425366,3.6329729038672,0.667608862275443,0.507611980018077,0.719571073045758,"TIMP1"
"4697",7077,-0.168982762498106,2.46026746084645,-0.668808440833424,0.506853140370125,0.71930709763568,"TIMP2"
"4698",708,0.167051355856097,0.0414457906193345,1.12878101596697,0.264655352256948,0.518663650112754,"C1QBP"
"4699",7082,0.349374938474547,1.23208691559819,3.47086324101015,0.00111439857746724,0.0197693019320633,"TJP1"
"4700",7084,-0.123619597181139,1.47085330950606,-1.44714994819113,0.154418485066745,0.378220535251269,"TK2"
"4701",7086,-0.0218602829510193,5.6001141067379,-0.204527318900752,0.838814740613016,0.921451959202361,"TKT"
"4702",7089,0.123504557090051,-2.33326541531711,0.890437129403738,0.377716325558839,0.625716487985104,"TLE2"
"4703",7090,0.853912579678291,-2.59843011587602,4.02794233579704,0.000201613589921217,0.0076863615834561,"TLE3"
"4704",7094,0.0117110138892729,3.40896535697984,0.154627004028538,0.877770115666442,0.941113006538405,"TLN1"
"4705",7098,0.183635833563703,2.30393142398325,1.55959882026422,0.125488971929483,0.336153929752411,"TLR3"
"4706",71,0.573170699723385,0.665846322469434,1.57006261666699,0.123034511014448,0.333121230086758,"ACTG1"
"4707",710,1.13528426995823,-0.948562259669088,4.09781965070734,0.000161493154632154,0.00682241678508181,"SERPING1"
"4708",7102,-0.112125086622223,1.47303099279175,-0.608797431167135,0.545557518048751,0.747462510219472,"TSPAN7"
"4709",7103,0.940993839952545,0.615276727238487,3.64066704085446,0.000669771324016167,0.0146823442386115,"TSPAN8"
"4710",7108,0.0359962513197067,1.19140925410899,0.41666067793946,0.678802322933676,0.833789215822809,"TM7SF2"
"4711",7109,-0.153632652665787,-1.18250330522309,-1.93447489599095,0.0590193802158186,0.21271929287416,"TRAPPC10"
"4712",7110,-0.219760594700823,0.331750611113428,-3.18269781835467,0.00257285039135415,0.0310258461731469,"TMF1"
"4713",7111,-0.153236797104742,2.30076351808219,-1.06527520281152,0.292133094718767,0.547014318298899,"TMOD1"
"4714",7114,-0.0549413853210579,-0.925054761479069,-0.266426725381759,0.791063016827826,0.894371854354245,"TMSB4X"
"4715",7127,0.386186203935785,-1.14062246186234,2.26680638087057,0.0279918100415663,0.134544816002454,"TNFAIP2"
"4716",7143,0.080761830187059,-1.07084674793397,0.601342191170884,0.550469488364425,0.750352265899811,"TNR"
"4717",7145,-0.0128273825535838,1.93214967857836,-0.0884693728413519,0.929875334865916,0.968825818225313,"TNS1"
"4718",7158,-0.16300607552273,1.30814510448374,-1.58063328914118,0.120594407546382,0.328397725607672,"TP53BP1"
"4719",7159,0.0171963880497448,-1.11556496305315,0.141617413138377,0.887980760787057,0.946804040521942,"TP53BP2"
"4720",7162,0.627496281920174,-1.50562511601121,2.9049529503343,0.00555957297670417,0.0506300577611427,"TPBG"
"4721",7163,-0.213855398668612,3.83032297517665,-1.48814847285897,0.143316768686225,0.361256807607808,"TPD52"
"4722",7164,0.597400298326762,-1.47220263462332,3.90027573028475,0.000301200156745008,0.00919784359254159,"TPD52L1"
"4723",7165,0.0273009013524432,3.02564015353158,0.385867205546894,0.701316776101724,0.848380443774612,"TPD52L2"
"4724",7168,0.444738277042982,0.780174675286358,2.95053402724433,0.00491186203626313,0.0467426498892761,"TPM1"
"4725",7169,0.312569098872263,-1.76092252876055,0.775794812892791,0.441713292447517,0.670600096226283,"TPM2"
"4726",7170,-0.0879665330853219,2.59276487768286,-0.828357127987795,0.411608528824822,0.649306900520883,"TPM3"
"4727",7171,0.146351374363652,4.1902423400171,1.12157384332912,0.267678064693798,0.522435906716336,"TPM4"
"4728",7172,0.154440784199249,0.583215633249906,1.29201243833389,0.202599659110997,0.43823319917079,"TPMT"
"4729",7178,0.00130348230043831,3.1922626541699,0.0179989981904971,0.985714996526123,0.994137142405084,"TPT1"
"4730",718,0.217593559418713,1.31731300876331,0.938625724367551,0.352668410985883,0.604219697480142,"C3"
"4731",7181,-0.130468176202552,-4.1179518268143,-0.615617471596834,0.541083788900113,0.743990209737655,"NR2C1"
"4732",7182,0.0806510048696029,-0.151587205427997,1.03757401970402,0.304718229450024,0.558483276310614,"NR2C2"
"4733",7184,-0.229307386112351,6.26826185357244,-2.57086032673901,0.0133332129774402,0.085171115976914,"HSP90B1"
"4734",7186,0.167476982836807,-1.90410987844025,1.30829419558126,0.19706509721266,0.430610739299148,"TRAF2"
"4735",7204,0.0576660191613472,-0.768712811612687,0.6991290530976,0.48787861535879,0.705607667547656,"TRIO"
"4736",7205,0.633347194744479,-1.06245098773669,3.14553175580605,0.00285836095713171,0.0331656324288742,"TRIP6"
"4737",7248,-0.0131247871178251,-1.85684665283677,-0.128465439414861,0.898322683403489,0.952973191648222,"TSC1"
"4738",7259,-0.0258832219175742,-0.106328766200952,-0.315377328129549,0.753855731194719,0.87852031100687,"TSPYL1"
"4739",726,0.238388022444924,-1.59544559482848,1.78490133124923,0.0806598644980281,0.253632299328328,"CAPN5"
"4740",7260,-0.182395877953444,1.48239265783415,-2.37031662065553,0.0218795128447628,0.118186185280278,"EIPR1"
"4741",7263,0.56628779306377,0.638398163306796,2.30826405487213,0.025381388806032,0.128167146482975,"TST"
"4742",7264,0.0120901631729082,2.76851098077513,0.104238801023837,0.917418459374417,0.961761657325392,"GFUS"
"4743",7267,-0.0390994762704073,0.894760875491476,-0.303654754174145,0.762716218932417,0.883310001205232,"TTC3"
"4744",727,0.485216871499125,-2.16988197200932,2.51298340862589,0.0154187096610106,0.0934255082914934,"C5"
"4745",7276,0.647626541583113,4.93373433311158,3.54505990064268,0.000893364953407489,0.0172436291950162,"TTR"
"4746",7277,0.141992581981709,3.55555026579432,0.995599238406064,0.324486579339517,0.578262288827433,"TUBA4A"
"4747",727957,-0.015831946954489,0.135446633488402,-0.15460227906963,0.877789501862556,0.941113006538405,"MROH1"
"4748",7280,-0.15235743101419,3.05503487483643,-1.07198863990257,0.28913806538979,0.543853070135013,"TUBB2A"
"4749",728047,0.0392181253980635,-1.92049587856087,0.204437429822773,0.838884579345519,0.921451959202361,"GOLGA8O"
"4750",728239,0.289359607412037,-1.8371846737088,2.04809989848736,0.0460963590332016,0.184205372230333,"MAGED4"
"4751",728294,-0.241799189547399,-0.939910415352544,-1.92207200016923,0.0606022686191716,0.216014358179138,"D2HGDH"
"4752",7284,-0.0504212679740244,5.01010832960378,-0.826329855415809,0.412745859205621,0.649765089459887,"TUFM"
"4753",728489,-0.110991812061136,-1.04197075012125,-0.594665471785472,0.554887510493089,0.752546440621491,"DNLZ"
"4754",7286,0.11886774561429,-1.78605756530976,0.78638934090433,0.43554268717792,0.666673569550642,"TUFT1"
"4755",728661,-0.423082246711469,-1.40925102937602,-2.28152956491229,0.0270385906755249,0.13238231709953,"SLC35E2B"
"4756",7290,0.0187111477784176,-1.02712683222834,0.229243559168982,0.819663211343871,0.909414798192489,"HIRA"
"4757",729438,0.169640496367738,-0.747324166078949,1.02246002743268,0.311739186890543,0.564554840723496,"CASTOR2"
"4758",729440,-0.136256686385509,-0.865931707677843,-0.910688669495491,0.367054901371923,0.617255612224894,"CCDC61"
"4759",7295,0.352251472265173,2.98152809229141,2.86177156936962,0.00624572835930035,0.0540709177283294,"TXN"
"4760",729540,0.12965926703531,-2.55551884453123,0.495727253506817,0.622371286558602,0.796355004564666,"RGPD6"
"4761",7296,0.0232894428879522,1.60795353238833,0.260713815581793,0.795439462844911,0.896754937620283,"TXNRD1"
"4762",7297,0.0764501597976666,-1.92737249707962,0.451846423950326,0.653434867753496,0.816371829700543,"TYK2"
"4763",729830,0.381724942890259,-2.65424345387682,1.83250185352561,0.0731452606849097,0.239320687678025,"FHIP1A"
"4764",729920,-0.227546079763436,-0.95920814971783,-2.7896319291117,0.00756985240051827,0.060108349332964,"CRPPA"
"4765",729991,0.0816048740514116,-0.611164418218174,0.553103277697355,0.582784989949798,0.771932297866176,"BORCS8"
"4766",730,-0.300954340907208,-1.19320529768035,-1.2955219891641,0.201396903511993,0.43711958760842,"C7"
"4767",7318,0.392555337898184,-1.28727251422336,2.36182998922449,0.0223313538653567,0.119087619483544,"UBA7"
"4768",7319,-0.0254296259444072,0.325919656993167,-0.144471602553998,0.885738929681831,0.945671516852857,"UBE2A"
"4769",732,-0.303364454863456,-1.30252955268,-1.41796004324804,0.16272551589037,0.388339508761699,"C8B"
"4770",7320,0.446854360278967,-2.54538700335741,2.94183250712887,0.00502980041380261,0.0472785833689439,"UBE2B"
"4771",7321,0.303581762736993,0.0542333193303956,1.86310830809032,0.0686325309741328,0.231974931233054,"UBE2D1"
"4772",7322,-0.039412338921555,-1.51438521162785,-0.267804022099842,0.790008931563812,0.894028958858022,"UBE2D2"
"4773",7323,0.18869555988631,1.7073033398529,2.49066378340876,0.0162991596612241,0.0970361222120208,"UBE2D3"
"4774",7326,0.0532746143686964,-2.97252641876209,0.320305552282041,0.750140624012967,0.876111088092863,"UBE2G1"
"4775",7327,0.260861764360185,0.0138772262380543,0.821165941818314,0.41565156063378,0.651541472693372,"UBE2G2"
"4776",7328,0.102625250720603,0.281970603015465,1.34508989453031,0.184979174005391,0.415289747639023,"UBE2H"
"4777",7329,0.190479289989188,1.71882165381033,2.43841688609258,0.0185409181627713,0.106458517944893,"UBE2I"
"4778",7332,0.216323212461634,1.90666961408615,2.23455862924148,0.0301846859716351,0.140999697483939,"UBE2L3"
"4779",7334,0.0853365912442063,4.32890565398858,0.803918029947153,0.425446820556333,0.65927608800171,"UBE2N"
"4780",7336,0.146453025258932,3.13252095308983,1.47261341276775,0.147446736820785,0.368196936780299,"UBE2V2"
"4781",7342,-0.116854088771059,-1.34370462561969,-0.692629011914189,0.491912742499692,0.708159862247853,"UBP1"
"4782",7345,-0.729105291501026,5.17883933487311,-4.76934100371844,1.790705841066e-05,0.00206399396261187,"UCHL1"
"4783",7347,0.0847609004499832,2.50909171934005,1.21791693757532,0.229267074031025,0.474938002160794,"UCHL3"
"4784",735,0.452249955388849,0.180202592657868,1.46244799272894,0.15019962017957,0.371458976589394,"C9"
"4785",7355,-0.0884991097282457,-0.00217611519786196,-0.569897201547459,0.571431421155144,0.763634778240251,"SLC35A2"
"4786",7358,0.255020212582206,4.529967594062,1.51697043913369,0.135897539531304,0.351660665110938,"UGDH"
"4787",7368,0.107097972353596,-0.263473303683061,1.05887366215824,0.29500894467375,0.549820052868345,"UGT8"
"4788",7371,0.0743916075452624,0.173532342060759,0.947468224452602,0.348192589613671,0.601860353435289,"UCK2"
"4789",7374,-0.027455778251344,-1.99885813776971,-0.231606359399641,0.817837982637586,0.908741769990859,"UNG"
"4790",7375,0.079642018033443,-1.48098483423454,0.668025187076973,0.507348548009356,0.719571073045758,"USP4"
"4791",7381,0.485896928723791,0.152219946827925,3.13957952725867,0.00290676989511963,0.0335240590014389,"UQCRB"
"4792",7386,0.0323179154410029,3.90760288939337,0.367355403974158,0.714984582326709,0.855806428689809,"UQCRFS1"
"4793",7388,0.15780089283107,-1.98005260636957,0.821243613816256,0.415607762951578,0.651541472693372,"UQCRH"
"4794",7390,-0.197798418435619,0.191242748094553,-2.15361410748119,0.0363728109766667,0.158450187207083,"UROS"
"4795",7392,-0.0105617213623715,-0.848646017620691,-0.121767869240134,0.903596222988325,0.955183502754021,"USF2"
"4796",740,0.0668609948125393,-0.349911001585142,0.63601601528787,0.527816804750523,0.734236568582557,"MRPL49"
"4797",7402,0.059187362149504,0.840229756522171,0.516372490253438,0.607988464427569,0.789137913862639,"UTRN"
"4798",7403,0.256679312395564,-2.00080913326088,2.52806707300994,0.0148483908260204,0.0910483745155976,"KDM6A"
"4799",7408,0.255708717079566,2.14491278576722,3.49222281898969,0.00104592209095825,0.0188819699832404,"VASP"
"4800",741,0.174792060701374,-0.570458653443997,0.905793837997459,0.36961389233612,0.618902029603431,"ZNHIT2"
"4801",7410,0.119944455517819,0.724621998728478,1.39347436269294,0.169958572229755,0.397228722922119,"VAV2"
"4802",7411,0.0141022023942515,0.138670478945774,0.162670569076888,0.871467448257273,0.939064958313315,"VBP1"
"4803",7414,0.054929103107606,3.67496161758182,0.617340058437812,0.539956825205201,0.742982646639193,"VCL"
"4804",7417,-0.0859464220877433,5.37389830925666,-1.13123512304298,0.263631652219951,0.517017007506795,"VDAC2"
"4805",7425,0.664772928537923,4.55772495041283,2.08878225382806,0.0421075390957302,0.175105741849317,"VGF"
"4806",7428,0.219675090888144,-2.79143477431352,0.999926792504735,0.322409499039805,0.576181580064144,"VHL"
"4807",7429,0.446711588309557,1.85301896275488,2.23019722943104,0.030492670764339,0.142221894492031,"VIL1"
"4808",7430,0.282595395182226,3.72261522301057,2.80962065781902,0.00717906154828056,0.0584262704955842,"EZR"
"4809",7431,0.234676705692113,6.08772020853996,1.6176301438222,0.112360456960446,0.315164285682083,"VIM"
"4810",7436,-0.0564716226724373,-0.36629722403209,-0.439069249915216,0.662600962045717,0.822622310889282,"VLDLR"
"4811",7444,0.222887115437471,-2.52241041257682,1.52230018739023,0.134559693498925,0.350117591647479,"VRK2"
"4812",7447,0.441529888544418,-0.386974249947979,2.35638715491357,0.0226255264127568,0.119927013058291,"VSNL1"
"4813",7448,0.462335712249537,1.23079485889083,1.4645188005997,0.149635571421274,0.37090351757597,"VTN"
"4814",7450,-0.243331345241138,-1.4992394163861,-1.01441462939913,0.315521086348123,0.569106208640841,"VWF"
"4815",7453,-0.229539397739169,3.00003212854999,-2.1573694015757,0.0360627361404278,0.157924790986329,"WARS1"
"4816",7458,0.104171990373921,2.65777317592759,0.889453117634363,0.378239328074219,0.626114615889848,"EIF4H"
"4817",746,-0.0841691210606998,0.965090136756704,-0.382334838675826,0.703917305110937,0.849376504191179,"TMEM258"
"4818",7461,0.137119295356968,1.23291636530304,1.55305728948797,0.12704329617059,0.338011162503286,"CLIP2"
"4819",7464,0.0694813983010794,-1.15839452353414,0.466515603093288,0.642977703599874,0.810389557432449,"CORO2A"
"4820",7466,-0.220948653684432,2.82467847128494,-1.83999857517401,0.0720173603599475,0.237417993862394,"WFS1"
"4821",7469,0.169516994599168,-0.264636667357,1.82908226320087,0.0736646777035514,0.239842358516245,"NELFA"
"4822",747,-0.164963063556005,-2.49492540125658,-0.989266639811806,0.327542180644689,0.581728560415827,"DAGLA"
"4823",7485,-0.187122582113593,-0.602359158460481,-1.91583909029931,0.0614113399160829,0.217575229529358,"GET1"
"4824",7486,-0.0829501446282999,2.87017226656923,-0.443288196045562,0.659568514250195,0.821016333495782,"WRN"
"4825",7507,0.205330830927778,-3.18227181109733,0.690708247812831,0.493108354201251,0.709160983619325,"XPA"
"4826",7511,0.142342388358031,2.06731992674499,1.30234614357976,0.199073597343035,0.43345645281715,"XPNPEP1"
"4827",7518,0.0779382585222277,-0.238263735284021,0.778405020333664,0.440188243896368,0.670045753754189,"XRCC4"
"4828",7528,0.0586730580971445,-0.638340042665261,0.493276872397771,0.624088450785523,0.796890973771903,"YY1"
"4829",7533,-0.0515726017394842,4.23161403322834,-0.573872154378632,0.568760116171459,0.761905192723793,"YWHAH"
"4830",7534,0.218081675109809,5.10649817423904,2.63793961484769,0.0112399083352463,0.0761485180593175,"YWHAZ"
"4831",7536,0.121534082206387,0.997483870236114,1.84330969256885,0.0715238933065742,0.23697471406679,"SF1"
"4832",754,0.164771652320506,0.478007971316863,1.75603477436181,0.0855245736058782,0.263640313380618,"PTTG1IP"
"4833",7544,-0.185944760650704,-0.831608028398692,-1.67845810188529,0.0998216289470337,0.293441167852918,"ZFY"
"4834",755,-0.090415445822569,-0.99922926068612,-0.759165800046881,0.451502030779948,0.678081591614221,"CFAP410"
"4835",7570,0.112248830602391,-0.358010651585306,0.968585667552895,0.337654969823935,0.59079994434986,"ZNF22"
"4836",7572,-0.133299131891787,0.111355064498948,-1.33747343109015,0.187433311197577,0.418655627412928,"ZNF24"
"4837",7586,-0.133805719929286,0.137169781004885,-1.22197291138617,0.227743583097872,0.473059259917001,"ZKSCAN1"
"4838",759,-0.258136109391808,-2.14858331757288,-1.03615825036183,0.305371269059654,0.559453714183253,"CA1"
"4839",760,0.810218111073089,2.2395923666945,2.32986845865083,0.0241090741119796,0.12550788880989,"CA2"
"4840",762,0.455800373352688,-0.308163033468701,1.53485265084707,0.131450338141558,0.345595586058541,"CA4"
"4841",767,-0.00173968415572537,0.124290227258894,-0.0144810008188278,0.98850685093374,0.995803149928982,"CA8"
"4842",770,-0.208310889923452,-2.6035764318507,-0.858782536315506,0.394770846561056,0.638825062696193,"CA11"
"4843",7702,-0.172875702444434,-1.33668700933257,-1.31331851341274,0.19538047521147,0.42799620158744,"ZNF143"
"4844",7703,-0.0835198877024055,-1.21481994754979,-0.832026551133245,0.409554812841214,0.647638377616665,"PCGF2"
"4845",7706,0.222716088298561,1.43782609210455,2.43516459517817,0.0186892655266602,0.106810718624432,"TRIM25"
"4846",7707,0.0861189788055183,-0.506427058914011,0.612112052754561,0.543380868506834,0.74564537690475,"ZNF148"
"4847",771,0.990118026467037,-1.65847954421778,3.24873830494818,0.00213073953757091,0.028065406183713,"CA12"
"4848",7726,0.236259016265576,-1.12848056478117,2.30835262773063,0.0253760524984988,0.128167146482975,"TRIM26"
"4849",7737,0.0712658676444518,-1.13724188560522,0.587055730310054,0.559944633222953,0.756466666587454,"RNF113A"
"4850",7739,0.646081480557295,0.566338984665993,2.25175661047543,0.0289969457094809,0.137864641955688,"ZNF185"
"4851",7745,0.0667612614286606,-3.99703616799114,0.297497154191443,0.767383400532873,0.886042007613012,"ZKSCAN8"
"4852",775,0.184155623131137,-4.88532960266607,0.88381204559292,0.381246432560562,0.627875128268509,"CACNA1C"
"4853",7750,0.0384733966518325,-1.45376851130062,0.374249967517231,0.709882807729643,0.853286385397442,"ZMYM2"
"4854",7756,0.0393953483129079,1.49122278565541,0.620648299871618,0.537795886910835,0.741360208498475,"ZNF207"
"4855",7763,0.0512549518622958,-4.44734725509131,0.199705626516642,0.842562758126435,0.923555068590301,"ZFAND5"
"4856",7779,-0.295320769079649,-1.42319933377842,-2.53548621172203,0.0145749654909519,0.0900917806479989,"SLC30A1"
"4857",7791,0.451405068649773,1.40399289090896,3.72688100047303,0.000515024831037622,0.0126956723409997,"ZYX"
"4858",7798,0.450234934078431,-1.05394097795515,5.08449313102175,6.16885928076508e-06,0.00129723199099707,"LUZP1"
"4859",780,0.289451357918205,-0.25183632885646,1.89551714959083,0.0641136323829537,0.222584545003716,"DDR1"
"4860",7803,0.0298771779889291,0.139914199129672,0.337922138518729,0.736909869178747,0.868167519581411,"PTP4A1"
"4861",781,-0.26138973244657,1.06335845195965,-1.8702076796383,0.0676201734447042,0.229946052411964,"CACNA2D1"
"4862",7813,-0.073546340132328,-2.43013939747854,-0.362695652678025,0.718440134598542,0.857101175153713,"EVI5"
"4863",783,-0.199630582205218,-1.90973932426766,-1.25042027660981,0.217267063488134,0.458591896729768,"CACNB2"
"4864",7840,-0.559635376273539,-3.48807201047145,-2.69036652775313,0.00981839121786843,0.0692704428681338,"ALMS1"
"4865",7841,0.0159111186823142,2.93299217458127,0.19927545446394,0.842897321452232,0.9237107229198,"MOGS"
"4866",7857,0.279830935467398,2.75504112070189,1.31768519379958,0.193925223064598,0.426177235650018,"SCG2"
"4867",7862,0.0200992489884386,-1.51254767738493,0.110533577081537,0.912451632184637,0.958769670978571,"BRPF1"
"4868",7866,0.121983521259982,-2.81141145259848,0.620392383766451,0.537962890901014,0.741360208498475,"IFRD2"
"4869",7867,0.309268401067103,-2.53141118061717,1.58084396771348,0.120546175167964,0.328397725607672,"MAPKAPK3"
"4870",7873,-0.0145756319566979,1.48976964536113,-0.121996116499285,0.903416431798261,0.955183502754021,"MANF"
"4871",7884,-0.229040353189116,-2.67435048070713,-1.29161936752449,0.202734703675103,0.438318285015069,"SLBP"
"4872",78986,-0.0573333877249755,-2.19951524713906,-0.298115216496124,0.766914540852992,0.885667253387708,"DUSP26"
"4873",78987,-0.218007179529797,-0.0782953039735902,-1.58179559324699,0.12032850578596,0.327964639659958,"CRELD1"
"4874",78988,-0.149104199595686,-1.2428687101021,-1.13492594251209,0.262097385542118,0.515601541923267,"MRPL57"
"4875",78991,-0.356308625572383,1.15089477330719,-3.30931031328963,0.00178929895438753,0.0258416870165428,"PCYOX1L"
"4876",78992,-0.27398792151186,1.00648201755046,-2.30810107612266,0.0253912105121046,0.128167146482975,"YIPF2"
"4877",78994,0.504462287815317,-2.85025274396341,2.1587903771454,0.0359460138334919,0.157710245110774,"PRR14"
"4878",78997,-0.0408145765837657,-0.556535777155133,-0.210704619128335,0.834018495127825,0.918407879995441,"GDAP1L1"
"4879",79001,0.049465342456361,0.221972372492596,0.260623880324332,0.79550841240509,0.896754937620283,"VKORC1"
"4880",79002,0.233871539849439,-0.684206329757808,0.95927819088833,0.342273088827708,0.595124358675734,"TRIR"
"4881",79006,-0.0419801745969928,-0.0823500846897967,-0.279092527693116,0.781384614642811,0.89090044723476,"METRN"
"4882",79016,0.412827942201404,-0.91356596504717,2.8305586195039,0.00678980760642099,0.0568193476444976,"DDA1"
"4883",79017,0.163112800067471,1.24798848788902,1.86785425583779,0.0679543540331146,0.230699018282775,"GGCT"
"4884",79020,0.00847230001713406,-1.19705389491371,0.109515777616425,0.913254482413349,0.959034390599339,"C7orf25"
"4885",79023,0.117814194166801,-0.432624529667859,1.22782392015479,0.225558980678703,0.470272086754714,"NUP37"
"4886",79026,0.482309962283495,1.98270752034886,2.41610688619004,0.01958027729808,0.110361562952814,"AHNAK"
"4887",79029,-0.0728361536240372,-1.91091912319794,-0.480820637335227,0.632849916927454,0.804247643054811,"AFG2B"
"4888",79031,0.0757243684078295,-1.14014010548106,0.687839087260199,0.494897298982981,0.710838583452861,"PDCL3"
"4889",79033,-0.148619260774699,1.27941882224367,-0.805622182313982,0.424472866298649,0.658931323556173,"ERI3"
"4890",79034,-0.130021537560539,-4.07903965557079,-0.514640032419108,0.609189518208486,0.78998622574782,"INTS15"
"4891",79036,0.0857027122414578,-2.14019182479381,0.690048575134535,0.493519348759722,0.709419616554373,"KXD1"
"4892",79039,0.310658603233534,-0.731761718579964,2.85958897000854,0.00628241636053068,0.0542331375321256,"DDX54"
"4893",79042,-0.0414837044672691,-1.81609499669086,-0.29372041518012,0.770250322999711,0.886344245168433,"TSEN34"
"4894",79048,0.0284545648094001,-0.708139717177076,0.181617258507856,0.856655414186174,0.93163553016916,"SECISBP2"
"4895",79050,0.0303724713236246,-0.955308742679603,0.322642515026888,0.748381002787648,0.875722866292639,"NOC4L"
"4896",79058,-0.0815022312194139,0.0985506893537178,-1.08125394073334,0.285039747715808,0.539326131775472,"ASPSCR1"
"4897",79064,-0.138220657406413,-0.887378104784239,-0.903001262325158,0.371078949269821,0.620115053258416,"TMEM223"
"4898",79065,-0.039903008984393,-0.348061673024817,-0.402696328527428,0.688977155327102,0.841413008236719,"ATG9A"
"4899",79068,-0.233477000038854,1.45504835088677,-3.2732845407094,0.00198553994113101,0.027082764797027,"FTO"
"4900",79072,-0.254070331350489,-0.987645960017784,-1.70398334604568,0.0949143861416904,0.28294536286435,"FASTKD3"
"4901",79073,-0.212478768659614,3.82922607596763,-2.65104389547627,0.0108679156232308,0.0742842606852903,"TMEM109"
"4902",79074,0.0259098091642724,-0.928742421960473,0.239186064070507,0.811989693650791,0.905686487303027,"C2orf49"
"4903",79077,0.662265326158367,-1.73412417760973,3.50253765143469,0.00101430984483668,0.0186961976805031,"DCTPP1"
"4904",79078,0.364982564393562,-2.81106250861344,1.65903675570536,0.103693677789496,0.301217129328882,"C1orf50"
"4905",79080,0.096332224852261,0.722379210802092,0.759424189687426,0.451348966263862,0.678081591614221,"CCDC86"
"4906",79083,0.082099680300334,-1.73050054488469,0.416296601748664,0.679066844232359,0.833789215822809,"MLPH"
"4907",79084,0.110107327066261,0.779577352697474,0.936766167595168,0.353614425466121,0.604800618489584,"WDR77"
"4908",79085,0.0651284239565972,-1.07996909039123,0.613147845073473,0.5427015990451,0.745379819856528,"SLC25A23"
"4909",79087,-0.0778680862202707,-0.134674336296076,-0.586762033050226,0.560140273646135,0.756466666587454,"ALG12"
"4910",79098,0.116670860291325,0.665811842891225,0.649948444301711,0.518854617001177,0.728333457884959,"C1orf116"
"4911",79109,0.275870426408396,-1.97420761296236,1.9355978272044,0.058877832711521,0.212488633475628,"MAPKAP1"
"4912",79135,-0.0103630930233467,2.04265847814108,-0.102715285340157,0.91862108122976,0.962375636650276,"APOO"
"4913",79137,0.360162481374109,-1.95175555570581,2.0218442129843,0.0488416020139772,0.192049809840994,"RETREG2"
"4914",79139,0.151566224322409,1.46735414279685,1.80089237521977,0.0780662396341705,0.248403617871715,"DERL1"
"4915",79142,0.0754908492610797,-1.20382586859499,0.682501926455778,0.498234560672218,0.713191169171193,"PHF23"
"4916",79143,0.12674203447766,1.55005542509095,1.34641046995913,0.18455617135378,0.415010911662617,"MBOAT7"
"4917",79144,0.115753715355553,-4.25828611136702,0.461295738423907,0.646690553541673,0.812195584755543,"PPDPF"
"4918",79147,0.00423908896854075,-0.531652320997242,0.043044230204301,0.965846596328205,0.983743064301061,"FKRP"
"4919",7915,-0.0122928565722873,2.30948630785503,-0.156481688518355,0.876316122346183,0.94073192599534,"ALDH5A1"
"4920",79156,0.40078384895955,-2.69878152528517,1.58274681412214,0.120111246344805,0.327809172994404,"PLEKHF1"
"4921",7916,0.0742660047012477,-0.0607668258101329,0.727923225158486,0.470231491316309,0.691656097220107,"PRRC2A"
"4922",79161,0.238017093342937,-1.64831209512511,2.08656243176222,0.0423171542015115,0.175446834484172,"TMEM243"
"4923",79165,-0.0115485551983947,-0.997976144861772,-0.0813340282504448,0.935517839246255,0.97062347824434,"LENG1"
"4924",79169,0.0798219171913271,-0.245208302037149,0.604360005722078,0.548478462713786,0.749123454414156,"C1orf35"
"4925",79171,-0.0606971492919739,-0.10195003977913,-0.577783099874356,0.566137849691966,0.759718872192673,"RBM42"
"4926",79174,-0.280984936590552,0.42344707366269,-2.09911646715754,0.0411435813318907,0.172735500831153,"CRELD2"
"4927",79176,0.00972904169697175,-1.48800786443519,0.0756515289704407,0.940013865387001,0.973806768902179,"FBXL15"
"4928",79178,-0.1924033793369,0.561226925951205,-2.36338046580354,0.0222481843961711,0.118850614293906,"THTPA"
"4929",7918,0.0323558583964421,-1.47105210227751,0.163881926122397,0.870518988281353,0.938729014418648,"GPANK1"
"4930",79180,0.455379046206684,1.52221194860294,3.28390769157685,0.00192564936724824,0.0267514525461453,"EFHD2"
"4931",79183,-0.226385230404873,-1.93539992214233,-1.42390688643183,0.161005492386782,0.386337651395647,"TTPAL"
"4932",79188,0.0863437840601158,2.27626870417045,1.00284436341571,0.321014224791026,0.575127061228055,"TMEM43"
"4933",7920,-0.255715980137122,2.19501868878911,-2.27075851157282,0.0277330468529971,0.133825032691585,"ABHD16A"
"4934",7922,-0.37144342257728,1.89817284043976,-3.41504640931445,0.00131410018423298,0.0216942073816972,"SLC39A7"
"4935",7923,-0.182400328661072,3.55603991380122,-2.17510077895684,0.0346298570585709,0.154446334899886,"HSD17B8"
"4936",79269,0.443487811554786,-3.48932961737561,2.07954752439611,0.0429855606271477,0.176367226690797,"DCAF10"
"4937",793,-0.501096412079291,1.62486297190304,-2.61887560458217,0.0118019348348091,0.0786539370424085,"CALB1"
"4938",7936,0.160116285511433,-0.674932619570066,1.3460785711759,0.184662414591332,0.415010911662617,"NELFE"
"4939",79366,-0.288140319603579,0.31554016876473,-1.64220421662615,0.107148436775796,0.307038797819719,"HMGN5"
"4940",794,-0.590007316618033,-2.02564433469351,-3.55599178495229,0.000864574617183025,0.0171036863434889,"CALB2"
"4941",79415,0.162989934622678,0.330226459268265,1.844248426028,0.0713845118737202,0.236971382232326,"CYBC1"
"4942",7942,0.10950640009717,-1.17167572247815,0.834076239318469,0.408410378068238,0.647216250262037,"TFEB"
"4943",79567,-0.137495173562871,0.0496338541752041,-1.65319242394477,0.104882690379078,0.303235964930183,"RIPOR1"
"4944",7957,0.207279516759397,-3.31814072370821,1.05907905598693,0.294916369990754,0.549820052868345,"EPM2A"
"4945",79572,0.0249049102060876,0.895474869000562,0.16036165253166,0.873275794905798,0.939360436323169,"ATP13A3"
"4946",79573,0.128729439031942,-1.089554162136,1.30335921047922,0.198730424929675,0.433005118931539,"TTC13"
"4947",79576,0.0358859352051404,-1.6900380057913,0.22287589200855,0.82458713545688,0.912674906289903,"NKAP"
"4948",79583,-0.0165649722267385,-1.45961606842349,-0.125553631427631,0.900614830866446,0.953753579150557,"TMEM231"
"4949",79585,0.0145906821305695,2.44423217237082,0.127442383749459,0.89912792435609,0.953168773695627,"CORO7"
"4950",79586,-0.351610687606726,1.43349651546228,-3.69922621396908,0.000560476305483788,0.0132226980200379,"CHPF"
"4951",79587,-0.14824660238031,0.736954194744659,-1.85755866343638,0.0694328233345042,0.233778754595275,"CARS2"
"4952",79591,-0.189891217433551,0.17152196500772,-2.27963602955955,0.0271595417480655,0.132516110691277,"ARMH3"
"4953",79598,0.255338012702552,-1.87009445748049,1.18393793406562,0.242324801843386,0.492024357828218,"CEP97"
"4954",79603,-0.137562636261822,0.526519328715898,-1.32306349326058,0.192144137433975,0.424237667471128,"CERS4"
"4955",79605,0.169226256395233,-2.07537518173429,1.00107201840162,0.321861329978113,0.575972257552669,"PGBD5"
"4956",79607,0.12548282335778,-2.38258409559679,0.733603815499692,0.466793460840528,0.68929969101166,"FAM118B"
"4957",79611,0.594717293990752,-1.38861765034868,3.28903103738962,0.00189738067831739,0.0267514525461453,"ACSS3"
"4958",79612,0.188809181077936,-0.00392389790656934,2.27325762563695,0.0275705193205598,0.133355277848381,"NAA16"
"4959",79618,0.255035828173908,-2.57646971128118,1.43024676548194,0.159187431271451,0.384228255267072,"HMBOX1"
"4960",79621,0.277181055820456,-1.90426730690191,2.21124514259978,0.0318635641737539,0.14595414693918,"RNASEH2B"
"4961",79623,0.0240084558370759,-1.88362037157099,0.123895123064177,0.901920776479525,0.954162343821342,"GALNT14"
"4962",79624,-0.247079275855961,0.999255994434946,-3.46059185028965,0.00114883030738518,0.020138613489639,"ARMT1"
"4963",79634,-0.0318021697793851,-1.01161609573441,-0.327366989509717,0.744827835370232,0.872629277322685,"SCRN3"
"4964",79641,-0.303996116173831,0.484941102444577,-3.24408052857239,0.00215940222706975,0.0283213907473379,"ROGDI"
"4965",79649,0.251819697598577,-1.87378236577413,1.58538911114655,0.119509406558682,0.327477114936245,"MAP7D3"
"4966",79657,0.10244905388755,-0.865337306249253,1.35149223193196,0.182935285758375,0.413118757904675,"RPAP3"
"4967",79659,-0.0385324086309196,-1.28067737659993,-0.332304969530131,0.741120075503493,0.871450231500629,"DYNC2H1"
"4968",79663,-0.0101816551151224,-1.94058922333374,-0.0752878875378079,0.940301649338136,0.973860469473772,"HSPBAP1"
"4969",79664,0.308278595574485,-3.9006717468278,1.76461243756004,0.0840541056608709,0.26069939390926,"ICE2"
"4970",79665,-0.0933357029106239,-1.35393912991322,-0.758795023556978,0.451721723791088,0.67818587221759,"DHX40"
"4971",79670,0.267788258036885,-1.23076851687175,2.9711045132796,0.00464323739494425,0.0452256705351598,"TUT7"
"4972",79671,-0.0281817458822887,0.742154834058547,-0.335075434658316,0.739042534849982,0.869678504392099,"NLRX1"
"4973",79672,-0.162631977023417,0.826772170370676,-1.31159837220063,0.195955997092564,0.429103785285107,"FN3KRP"
"4974",79675,0.0622202364071667,-1.97821877823833,0.47523019395185,0.636799572972958,0.807410819852926,"FASTKD1"
"4975",79677,0.0781862525960983,-2.72526718969309,0.287224569771247,0.775188883841837,0.887783653531628,"SMC6"
"4976",79683,-0.22444593668762,-0.793761722238999,-1.24830330912882,0.218034167167605,0.459736763337258,"ZDHHC14"
"4977",79685,-0.217154562246985,-0.212437846211409,-2.25206817767161,0.0289758161844985,0.137864641955688,"SAP30L"
"4978",79689,-0.010016230333321,0.523958072321923,-0.0449680339004657,0.964321183855947,0.982896616822949,"STEAP4"
"4979",79691,0.0682835629143973,-0.801559107356931,0.755946712553694,0.453411487829902,0.679121452489004,"QTRT2"
"4980",79693,-0.0135517473441655,-1.46963884321913,-0.115668961951891,0.908402213411376,0.957378569010822,"YRDC"
"4981",79694,-0.0260533732290766,-1.33588631185146,-0.119402201891851,0.905459966360596,0.9555903152547,"MANEA"
"4982",79695,0.177995567796342,-0.505931262790839,1.30522349259971,0.198100073129961,0.432410472571728,"GALNT12"
"4983",79697,-0.180424811909656,-0.31995640558144,-2.16700178546049,0.0352779971186077,0.155669551627616,"RIOX1"
"4984",79699,0.0756134985949184,-2.74880599537979,0.482788319944598,0.631462304724024,0.803298575418872,"ZYG11B"
"4985",79701,-0.00732949139834754,-0.258686641844098,-0.054302131654229,0.956922056809232,0.97985634091143,"OGFOD3"
"4986",79706,0.330625769054913,-2.62379275126078,2.16185890379909,0.0356950909233306,0.156833549096209,"PRKRIP1"
"4987",79707,-0.0513990850217478,-0.929402045079909,-0.686967250436689,0.495441604404364,0.710943006853392,"NOL9"
"4988",79709,0.165716538349144,0.43813749115191,1.51926845862719,0.135319408471418,0.351009689066072,"COLGALT1"
"4989",79711,0.112927161396028,1.05652001728613,1.43566137924846,0.157647427892549,0.382164262403027,"IPO4"
"4990",79714,-0.0436757155955616,-0.153494473476254,-0.512188096332785,0.610891220298562,0.791065466285353,"CCDC51"
"4991",79716,0.0700135971700184,0.817469861763178,0.685842193361885,0.496144487558209,0.711526837530908,"NPEPL1"
"4992",79719,-0.0467200809503545,-3.12282599813451,-0.153875126229723,0.878359677227146,0.941432081586125,"AAGAB"
"4993",79720,0.446559778399547,-3.08351134007513,2.31153092099681,0.0251852293707176,0.127981038834242,"VPS37B"
"4994",79724,0.00387558582577885,-1.12633954306238,0.0287748260648814,0.977164660271257,0.989012905668555,"ZNF768"
"4995",79726,-0.0731136791898592,-0.49611933497092,-0.905626977607964,0.36970132724527,0.618902029603431,"WDR59"
"4996",79731,-0.164007863807731,1.41021407528223,-2.45374118658996,0.0178561349040601,0.103788784129849,"NARS2"
"4997",79736,-0.283634472091708,-1.86379708305763,-2.21797685228797,0.0313705066995999,0.144629866943442,"TEFM"
"4998",79745,-0.06985859262692,-5.69846143179823,-0.210762433333053,0.833973636186495,0.918407879995441,"CLIP4"
"4999",79746,0.0134285928302973,1.72012233334684,0.0765929835618585,0.939268840731843,0.973199214114121,"ECHDC3"
"5000",7975,0.0166590411289262,-3.74072568221353,0.0702107520316585,0.944320490880265,0.975797840576274,"MAFK"
"5001",79752,-0.0452242467726851,-1.58099036095543,-0.24973071272859,0.803871773786259,0.900869131467497,"ZFAND1"
"5002",79753,-0.133890205957436,-2.0522094581014,-0.791835044808013,0.432390990927333,0.66446316350246,"SNIP1"
"5003",79763,-0.216222830025113,2.53699630325061,-2.46940819968902,0.0171797488618351,0.101005075204927,"ISOC2"
"5004",79767,0.466447380198249,-1.37806566938147,3.05729869953334,0.00366009908792993,0.039271925447063,"ELMO3"
"5005",79768,0.0521656306997214,-6.30822570300665,0.212535459898465,0.832598188732073,0.917593680032835,"KATNBL1"
"5006",79770,-0.210595401944828,-1.5364536851461,-1.49636559242432,0.141169581115017,0.358415914745818,"TXNDC15"
"5007",79778,0.146864962760502,-1.41988513604837,1.17359331009211,0.246405336745732,0.496747710169874,"MICALL2"
"5008",79784,0.315746498938054,2.11940759377279,3.0305538359909,0.00394204965285253,0.0409412872575446,"MYH14"
"5009",79789,0.476234574004852,-0.125623696352758,3.37667863236697,0.00147065471001879,0.0230866460616248,"CLMN"
"5010",79792,0.561879309795128,0.19141908303692,4.58803365521388,3.27743219752034e-05,0.00271887465934835,"GSDMD"
"5011",79796,0.0652079090690787,0.381269945089478,0.804367066401017,0.42519005745661,0.65927608800171,"ALG9"
"5012",79798,-0.225408260766777,-2.19634114928132,-1.64310083574355,0.106962068699499,0.306831880710324,"ARMC5"
"5013",79803,0.0795359937371414,-0.5518833449281,0.946971184639298,0.348443184620272,0.602065672033434,"HPS6"
"5014",79807,0.115525858827533,-2.43733881719687,0.861737418508666,0.393158790337608,0.63721389191723,"GSTCD"
"5015",79811,0.0306576964781782,1.18580553362567,0.357370301641015,0.722396562325051,0.85931591076573,"SLTM"
"5016",79813,0.31543708296206,-1.50815036398109,3.19378683343318,0.00249301652564333,0.0303012582859382,"EHMT1"
"5017",7982,-0.0242423477469484,-0.601978099622381,-0.26163200993569,0.794735616459911,0.896565450892183,"ST7"
"5018",79829,0.434785737682961,-3.74835425357549,2.84679706670743,0.00650149314606059,0.0552716965796674,"NAA40"
"5019",79831,0.101659339641154,-2.72342821426183,0.592773520427927,0.556142669732803,0.753519749904168,"KDM8"
"5020",79832,0.430761042278001,1.71343889767779,3.36145136695239,0.00153757418851621,0.0238323999220013,"QSER1"
"5021",79833,-0.00388595102298273,-1.27245458867237,-0.0355065885584188,0.971824492857885,0.985966202905999,"GEMIN6"
"5022",79834,-0.109867214509125,-4.98398935856434,-0.379053191958738,0.706336460113492,0.850930950378138,"PEAK1"
"5023",79837,-0.0233641646863529,0.601258818623222,-0.278231273342574,0.782041643809203,0.89090044723476,"PIP4K2C"
"5024",7984,0.132912774611821,-1.14528918599058,1.47214880662997,0.147571682464217,0.368359083759806,"ARHGEF5"
"5025",79863,-0.0666651974871444,-1.62838455420117,-0.50083495167067,0.618798758782435,0.795931848576401,"RBFA"
"5026",79868,0.0540280827283814,0.156122524727269,0.550057060715705,0.584855973676557,0.773673699660928,"ALG13"
"5027",79871,0.456726366986329,-3.44491432753425,2.24763092940458,0.0292780295147625,0.138764719637034,"RPAP2"
"5028",79872,0.236984999298137,1.06084602150099,1.76274494806292,0.0843724385460068,0.261422527912867,"CBLL1"
"5029",79873,-0.0306318635115923,-0.624798842907089,-0.24301320035514,0.809040866043819,0.904363477840615,"NUDT18"
"5030",79876,-0.161710691889438,1.61587284942784,-2.29945062446279,0.0259174124815467,0.129862104336109,"UBA5"
"5031",79877,-0.0568414095859003,0.880413806386331,-0.650896321399214,0.518247844015954,0.728286232515127,"DCAKD"
"5032",79879,0.00264041408101767,-1.83050608134065,0.0275500418923848,0.978136376935261,0.989257057444164,"CCDC134"
"5033",79884,0.126406793581595,-5.9149846813291,0.498916841712315,0.620139278151864,0.796274302412765,"MAP9"
"5034",79886,0.408741597656582,-3.03723179687836,1.9681745103442,0.0548962684197642,0.205209071595927,"CAAP1"
"5035",79888,-0.0640882622440169,0.989181451366188,-0.978589397196802,0.332737659562734,0.585910732296573,"LPCAT1"
"5036",79896,-0.26850866905074,1.39991099868023,-3.7699151339749,0.000451267800428287,0.0116381586513816,"THNSL1"
"5037",79901,-0.030573717541129,0.739624692283314,-0.128718386435049,0.898123606948948,0.952973191648222,"CYBRD1"
"5038",7991,0.0516642184954659,1.09709426119014,0.406465560237874,0.686224960247875,0.840057599920514,"TUSC3"
"5039",79912,-0.213935417306727,-2.4851057681699,-1.02352239477732,0.311242113960851,0.564284985886805,"PYROXD1"
"5040",79913,0.202644766398792,-1.97906694044848,2.0855264137172,0.0424152954372742,0.175446834484172,"ACTR5"
"5041",79919,-0.219924097485996,-1.73107698750828,-0.761540466068681,0.450096469828829,0.677130424463076,"MAB21L4"
"5042",79921,0.281571183471566,-2.38716320681899,1.52920792023857,0.132841404677487,0.347710252413824,"TCEAL4"
"5043",79922,-0.158747465423855,-1.4995654300997,-1.18017090690126,0.243805027695844,0.49423897417811,"MRM1"
"5044",7993,0.646965732877339,-6.23696989546091,1.90123739301322,0.0633429295950847,0.221156488619607,"UBXN8"
"5045",79932,0.0437717364429835,-0.475583026294674,0.401263662631742,0.690024368315438,0.842021783840986,"KIAA0319L"
"5046",79934,0.144867281509542,-1.00869972833336,0.812762317415042,0.42040679249464,0.65643777469654,"COQ8B"
"5047",79939,-0.0970768378817203,-0.95881395352254,-0.783353322176032,0.43730570146406,0.667707063578707,"SLC35E1"
"5048",7994,0.229429663428191,-3.0658351944513,1.1888836530286,0.24039133525678,0.489393703418281,"KAT6A"
"5049",79944,-0.307612076743536,1.0919760621121,-4.35697753541567,7.0045821519869e-05,0.00409467859513291,"L2HGDH"
"5050",79954,0.136269648062128,-2.09918620152424,0.936526578567533,0.353736432124081,0.604800618489584,"NOL10"
"5051",79960,-0.159684531699542,-4.41784811777539,-0.939112529864229,0.352421030989824,0.604219697480142,"JADE1"
"5052",79961,0.211493846533698,-2.42560571060842,1.36324651138401,0.1792278630622,0.409705781374109,"DENND2D"
"5053",79966,-0.331472801445938,1.91803408900004,-2.88480038474713,0.00587057207994929,0.0522225672851141,"SCD5"
"5054",79969,-0.0117188032009339,-1.25970561428304,-0.128554932451286,0.898252249098808,0.952973191648222,"ATAT1"
"5055",79971,-0.208105703933179,-0.132625056943494,-1.58229205965461,0.12021507297927,0.327921926079496,"WLS"
"5056",79979,0.0675148498038527,-2.30760667073342,0.469103637613024,0.641140252821524,0.809695218479097,"TRMT2B"
"5057",79980,0.0463453684858424,-2.96365756039508,0.248455213577369,0.804852591294577,0.901493650614255,"DSN1"
"5058",79982,0.1282761647966,-1.15284316518852,1.3851618641436,0.172469840377067,0.40053722294152,"DNAJB14"
"5059",79983,0.666397717656154,0.0907859421863041,2.41031308621126,0.0198586461813289,0.111345119514981,"POF1B"
"5060",79989,0.0487956656279636,1.79062545956787,0.52751959475262,0.600286751418391,0.785955648508123,"IFT56"
"5061",79990,-0.297155639276891,-3.30999381818699,-1.84678749445736,0.0710086658952289,0.236618453455437,"PLEKHH3"
"5062",800,-0.112248870645664,2.6911243837312,-0.675950147233298,0.502348140250676,0.715782207629208,"CALD1"
"5063",80004,0.103754158933849,-1.33538238648956,0.517415520697671,0.607265892793196,0.788609737401607,"ESRP2"
"5064",80011,0.112667469958781,-2.48253213930309,0.810993426738135,0.421411912683922,0.656628436754416,"PSME3IP1"
"5065",80012,0.0913979198387287,-0.654404224026797,0.793381983883,0.431498192318257,0.664126355177899,"PHC3"
"5066",80013,0.0940970364128986,-3.19491570838331,0.665070251045096,0.509219903516994,0.720372156589823,"MINDY3"
"5067",80017,-0.564532788498117,0.895763011326491,-1.93597662692284,0.0588301499583128,0.212488633475628,"DGLUCY"
"5068",80025,-0.0665590594175761,-0.755325370141776,-0.799233025862224,0.428131315065403,0.661865969903897,"PANK2"
"5069",80036,-0.211835384151345,-1.88159483944181,-1.67882863810308,0.0997489272354113,0.29336795178292,"TRPM3"
"5070",80055,-0.210185624337084,-0.49316455244146,-1.93091212375802,0.0594704047639541,0.213842615372671,"PGAP1"
"5071",80097,0.22380043131986,-2.49604290991827,1.38444418553122,0.17268799246241,0.400740604058327,"MZT2B"
"5072",801,0.217366422544504,2.54776928585334,1.33755755028252,0.187406071944668,0.418655627412928,"CALM1"
"5073",80115,-0.0616801051042584,-1.6202806753468,-0.419043788932835,0.677071871607312,0.832505438286394,"BAIAP2L2"
"5074",80124,0.18214345994891,-1.07047068171672,2.0449987839319,0.0464134671238128,0.184990818964911,"VCPIP1"
"5075",80128,0.000454620346140633,-2.06076347942193,0.00374725611313655,0.997025812814604,0.998489874213744,"TRIM46"
"5076",80135,0.248667313107928,-2.1013764539516,1.43848846522377,0.156847999696258,0.38128040480619,"RPF1"
"5077",80144,-0.30911270022464,-0.980775135687905,-2.68150693025398,0.0100463805519312,0.0701996977820072,"FRAS1"
"5078",80146,-0.0496830769259371,-2.47030669394402,-0.346195285689097,0.730723785193273,0.86543143976624,"UXS1"
"5079",80148,-0.259367485332831,0.422116504619112,-1.58368803162787,0.119896583719765,0.327732334699014,"SLC66A2"
"5080",80149,0.0229596549815914,-1.41148351850283,0.176807153670946,0.860411120671637,0.933375900916702,"ZC3H12A"
"5081",80150,0.277992197312267,-0.174308859641779,1.61382450359502,0.113185761982001,0.316767946680597,"ASRGL1"
"5082",80162,0.16906171621342,-3.44936587100744,0.554795065854817,0.581636347275568,0.771576377691255,"PGGHG"
"5083",80164,0.128370047424948,-1.5596668099616,0.763056850867343,0.449200264126949,0.676688079255194,"PRR36"
"5084",80173,-0.0384080786854559,-1.24651526726947,-0.420284406930723,0.676171715053186,0.832065354249489,"IFT74"
"5085",80177,-0.17075331513791,-1.86283642623649,-0.701373872724256,0.486489700790679,0.704761336665846,"MYCT1"
"5086",80179,-0.242435438166453,1.51992450003492,-0.886654160376502,0.379729489018519,0.62724865054962,"MYO19"
"5087",80185,-0.194428566067026,-2.9527454284691,-1.55480278947928,0.126627045776144,0.337592197041045,"TTI2"
"5088",8019,0.117661363744829,0.0416571717994906,1.63685691397479,0.108265426514137,0.308873618510695,"BRD3"
"5089",80195,0.118626025966155,-0.736890883649418,0.916551000468866,0.364005139011391,0.615160667194912,"TMEM254"
"5090",80196,-0.12309636781239,-1.60416695963104,-0.68772306631826,0.494969714186629,0.710838583452861,"RNF34"
"5091",80201,0.756329718018681,-0.27428265304445,2.64858260675872,0.0109369118340016,0.0746727083838728,"HKDC1"
"5092",80204,-0.174401921380081,-5.17951708413997,-0.683635392184847,0.497524786781064,0.712807582744474,"FBXO11"
"5093",80207,-0.285831991219267,0.786661468598751,-1.61893829335227,0.112077900002804,0.31484400467607,"OPA3"
"5094",80208,0.069546169087165,-2.19251683010813,0.566083532212012,0.574000113347222,0.765084190168349,"SPG11"
"5095",80210,0.130098460775582,0.205619735537157,1.32572357349285,0.191267820745825,0.423261981320793,"ARMC9"
"5096",80212,0.0904973229556796,-0.987827253151209,0.764964612106733,0.448074234213042,0.676242844750345,"CCDC92"
"5097",80219,-0.0191063920196253,-1.55042722851991,-0.106915456582602,0.915306054092788,0.960203137928822,"COQ10B"
"5098",80221,0.451646588108745,-1.3119275750704,1.88955375938853,0.0649255851717811,0.224135681543528,"ACSF2"
"5099",80222,-0.0826538480028348,0.279187974615216,-0.958333144970673,0.342744315398944,0.595124358675734,"TARS2"
"5100",80223,0.192182712935209,2.57860083139221,1.77580906173673,0.0821664951101824,0.256791215369806,"RAB11FIP1"
"5101",80224,0.0154894263989949,-0.225026572679741,0.113622961967777,0.910015263103948,0.958091541154723,"NUBPL"
"5102",80227,-0.00110641134222997,0.200748637961557,-0.011740056633764,0.99068214463577,0.996690215337544,"PAAF1"
"5103",80262,0.0619621511206927,-2.41287119292301,0.404379614349153,0.687747536090218,0.841005913609717,"PHAF1"
"5104",80271,0.218948856414232,-1.17743670264755,1.19138826881306,0.239416475878849,0.488380966747882,"ITPKC"
"5105",8030,0.0697374281559019,0.989291325445725,0.936618441386096,0.353689649293664,0.604800618489584,"CCDC6"
"5106",80301,0.0596020008373869,-0.8289401722828,0.51762481035144,0.607120952580766,0.788609737401607,"PLEKHO2"
"5107",80303,0.548412528069025,-3.34127688897065,1.81301844700909,0.0761465027146127,0.244950262957349,"EFHD1"
"5108",80305,0.186087252874253,0.313928437902119,2.14158781855557,0.0373816503141644,0.161128084668824,"TRABD"
"5109",80314,0.0818691778738869,-2.90570141931302,0.459813178089096,0.647746749986453,0.812888676059332,"EPC1"
"5110",80315,-0.0148986847862596,-1.07930723331128,-0.14794260786441,0.883013891612219,0.943747042785269,"CPEB4"
"5111",80318,0.0735906794411532,-1.20657810780361,0.553195358428436,0.582722443475166,0.771932297866176,"GKAP1"
"5112",80331,-0.305557772086473,1.59660426508642,-2.62941094272782,0.0114882411696119,0.0771191311302215,"DNAJC5"
"5113",80344,0.181321479940877,-0.312124196410069,2.12598310975651,0.0387272404195313,0.165304451804647,"DCAF11"
"5114",80346,0.0753756380662984,-0.70499251855429,0.667603607181044,0.507615305683958,0.719571073045758,"REEP4"
"5115",80381,-0.166382370334423,-1.53483321755513,-0.782555369738668,0.437769774470158,0.668249409524454,"CD276"
"5116",8045,0.137071677866694,-2.76327183381089,0.642960531336694,0.523339510340772,0.730954699356063,"RASSF7"
"5117",8050,-0.329388801561935,2.57239393376882,-4.4851131486449,4.6041500180058e-05,0.00310552448467248,"PDHX"
"5118",80700,-0.038169912086121,1.08348271236835,-0.477755307301367,0.635014248897998,0.805979623601304,"UBXN6"
"5119",80723,0.0362086009420968,-2.48126754592904,0.172627298997368,0.863677381643275,0.934933681572665,"SLC35G2"
"5120",80724,-0.0133407618255859,-0.556052441904737,-0.124473934142054,0.901464976725721,0.954162343821342,"ACAD10"
"5121",80725,-0.0480231936833141,-0.377711394844105,-0.376868803653225,0.707948441891463,0.852371034980345,"SRCIN1"
"5122",8073,-0.0734718785816487,-0.385607519182067,-0.485167946609962,0.62978597789873,0.801498306519263,"PTP4A2"
"5123",80737,-0.051903523863285,-2.24654333236655,-0.201665908853841,0.841038534303256,0.922662113235636,"VWA7"
"5124",80746,0.167045677271552,-2.58695151705743,0.665763810581503,0.508780338755653,0.720181327205238,"TSEN2"
"5125",80762,-0.135162517120111,-2.62158917036,-0.737620947937795,0.464370905497828,0.687318210259385,"NDFIP1"
"5126",80765,0.0784662695209399,-3.19631179187674,0.367903329983259,0.714578648536017,0.855806428689809,"STARD5"
"5127",80774,1.05470318145762,-5.54411194292028,2.7922844812327,0.00751688456706976,0.0598775041535392,"LIMD2"
"5128",80775,-0.19687929845579,0.356283183806193,-1.78133777517523,0.0812475813587172,0.254827621042313,"TMEM177"
"5129",80777,0.365991994628859,0.00509854393800361,3.30280581313879,0.00182331338638375,0.0262570785715532,"CYB5B"
"5130",80781,0.579242813520006,-0.0786544661218394,1.85291171326856,0.0701090102618205,0.234886603748351,"COL18A1"
"5131",8079,-0.408080285833908,0.60691490199248,-3.38721187679268,0.00142599398099412,0.0229129608778584,"MLF2"
"5132",80790,-0.197382739158318,-0.154452393763665,-1.55449566658072,0.126700206033599,0.337592197041045,"CMIP"
"5133",80817,-0.154360430181967,-0.825626715489491,-0.834892951629803,0.407954918191853,0.646990130615866,"CEP44"
"5134",80820,0.0370877698885255,-0.835084677217401,0.289671275509742,0.773327626241453,0.887477286933492,"EEPD1"
"5135",80829,0.146602197265271,-0.120666602885208,1.08177916337185,0.284808646155112,0.539326131775472,"ZFP91"
"5136",8085,0.3105658792735,-2.56318358116089,1.23206951435177,0.22398348678185,0.468280008959546,"KMT2D"
"5137",80851,0.0888692346510926,-2.69746666776531,0.642568806984051,0.523591528166529,0.731015723215048,"SH3BP5L"
"5138",80854,-0.202832789500182,-0.496180022014148,-2.0532950559836,0.0455693396172591,0.18269406046423,"SETD7"
"5139",80856,-0.192416805089194,1.7118468772763,-2.54198085860652,0.0143393789959923,0.089355439875534,"LNPK"
"5140",8089,0.0196719668438035,-0.92827391332336,0.195448026933228,0.845875357949769,0.926147511076647,"YEATS4"
"5141",81,0.292943823838532,4.28617139828641,3.14263206618984,0.00288184825340747,0.0333750652441794,"ACTN4"
"5142",810,0.281287399613116,-2.83250509329709,1.31803337796396,0.193809540574593,0.426137607650689,"CALML3"
"5143",8100,0.378998495850678,-3.06308391481786,1.92049916774809,0.060805567820912,0.216487572670973,"IFT88"
"5144",81034,-0.138805923887154,-0.747083060350866,-0.892155183485071,0.376804282159209,0.625087752403575,"SLC25A32"
"5145",81037,-0.11386480814547,-0.687139061257314,-1.19238057556151,0.239031041806225,0.487919033790026,"CLPTM1L"
"5146",8106,0.050826958596988,1.45817860082865,0.692382473248451,0.492066114774697,0.708159862247853,"PABPN1"
"5147",811,0.0111829352459818,4.17559605013615,0.132059654006366,0.895494560673232,0.950794951290832,"CALR"
"5148",8120,-0.0398303359914974,0.362969896308649,-0.388029343594154,0.69972678677479,0.847745199938259,"AP3B2"
"5149",8125,0.0393717772120121,4.71791377354189,0.415467247074109,0.679669568084542,0.834362361780583,"ANP32A"
"5150",813,-0.0850268451074554,0.874443511805995,-0.625567391818794,0.534591047970913,0.739530569908588,"CALU"
"5151",8131,0.0475921680405784,-1.15219818192161,0.569962112195668,0.571387749546472,0.763634778240251,"NPRL3"
"5152",8139,-0.0208040913767082,-1.31713353600721,-0.136617245144432,0.891910375494445,0.948912726422434,"GAN"
"5153",8140,-0.428061188757434,0.301818966917259,-2.84258684655809,0.00657513493940797,0.0555897772149946,"SLC7A5"
"5154",8148,0.127522801646229,-0.826442186624846,1.06363527742157,0.292867962573639,0.547555149033505,"TAF15"
"5155",81488,-0.102553315130702,-2.82684362407133,-0.457831186232672,0.649159891681105,0.813172125538494,"POLR2M"
"5156",81490,0.316230851996386,-2.7205417965668,1.91206805797915,0.0619053103321785,0.218441125741699,"PTDSS2"
"5157",81502,-0.191929354829637,3.01326869879546,-2.24732022298056,0.029299295641837,0.138764719637034,"HM13"
"5158",81532,-0.123366173106987,-0.120205032371373,-1.03190973728211,0.307336690582011,0.560737211573333,"MOB2"
"5159",81533,-0.101892775165599,1.4532526824221,-0.815225920742677,0.419009345439062,0.654920534876278,"ITFG1"
"5160",81537,-0.125941589048372,-1.12863213075568,-0.934626697896743,0.354704885984514,0.60557904224852,"SGPP1"
"5161",81545,0.21534269204246,-1.05025843556363,2.04121200106615,0.0468032568895768,0.186041974847673,"FBXO38"
"5162",81550,0.112666811392272,-0.858386218581971,1.09195716021256,0.280356069559742,0.535653867502958,"TDRD3"
"5163",81553,0.146949732474435,-3.57790853651813,0.695299399131156,0.490253185597942,0.706862344860802,"CYRIA"
"5164",81554,-0.101300943250115,-0.0646221599811153,-1.28078751611697,0.206482794696574,0.444698734683358,"RCC1L"
"5165",81556,0.0230638899981421,-1.97044577647039,0.232829995012514,0.816893141633676,0.908349656403533,"INTS14"
"5166",81562,-0.200503829001293,-0.159279191766963,-2.32205433002957,0.0245625222180044,0.126586701405635,"LMAN2L"
"5167",81565,-0.166865731750885,-2.16483807627158,-1.34793200876126,0.184069713038889,0.414931409684004,"NDEL1"
"5168",81567,-0.236544394320897,3.9377722234256,-2.70238382390017,0.00951674089699529,0.0680681531712778,"TXNDC5"
"5169",81572,0.279131011872368,-2.66170938418524,1.08766985172392,0.282225660529267,0.536984650483929,"PDRG1"
"5170",81577,0.0842733551063234,-0.612805704533647,0.905523101208298,0.369755765217453,0.618902029603431,"GFOD2"
"5171",816,-0.173075857871343,0.640801995321908,-1.357111205095,0.181155748737599,0.41121980362439,"CAMK2B"
"5172",81608,0.183600747409562,0.840680467580976,2.28560629135132,0.0267798133292077,0.1317597915011,"FIP1L1"
"5173",8161,0.21737964378971,-1.54775451038912,1.98960466151948,0.0524052353358435,0.1997686976781,"COIL"
"5174",81611,-0.193576020863478,2.40923532146365,-2.59351491479331,0.0125894505885958,0.0822654989870927,"ANP32E"
"5175",81615,0.0346894972966498,2.20668601061813,0.249809969559886,0.803810838347182,0.900869131467497,"TMEM163"
"5176",81617,-0.432691502829757,-0.737303685637787,-4.76518456427885,1.81583046564094e-05,0.00206399396261187,"CAB39L"
"5177",81618,0.00982159348329814,-1.42707408266401,0.0499181186392646,0.96039682146643,0.980741691819487,"ITM2C"
"5178",81622,0.639822203101218,-1.0429489708762,3.77617769248892,0.000442647615141254,0.0116109874433206,"UNC93B1"
"5179",81627,0.12074260023668,-0.889082038595417,1.11864243340724,0.268914486342983,0.523832788693504,"TRMT1L"
"5180",81628,0.182275990336124,-0.741558892278569,1.82082414843911,0.0749318831699144,0.242452239798068,"TSC22D4"
"5181",8165,0.275965476918496,-2.70875955236329,1.90652513271866,0.0626375381258311,0.219320712502197,"AKAP1"
"5182",81669,0.0562071736141898,-3.97245817514084,0.285412267980378,0.776568398154424,0.888428659072784,"CCNL2"
"5183",81689,-0.333512760507679,0.913081127364855,-2.67298938208146,0.0102701436668099,0.071310115188777,"ISCA1"
"5184",817,-0.0755523358225547,3.15708036899918,-1.09061291166552,0.280941327260747,0.535928198768558,"CAMK2D"
"5185",81706,-0.214999456596196,-1.91611991505615,-0.806903784510215,0.423741293873884,0.658461787796936,"PPP1R14C"
"5186",8178,0.0136785307299006,-1.06201638409196,0.149648694569913,0.881674987952778,0.943261232342117,"ELL"
"5187",81790,0.212880105821621,-0.857283664935526,1.98287195865306,0.0531771273871401,0.201852062444022,"RNF170"
"5188",818,-0.0114313780955257,-0.294544683916233,-0.086997963053417,0.931038611777263,0.969069072539765,"CAMK2G"
"5189",81839,0.211636752575215,-5.22687072839719,0.957825941073169,0.342997397946782,0.595395370078435,"VANGL1"
"5190",81846,0.0989554273403797,-2.12037513412915,0.809798931678992,0.422091471475125,0.656729392120232,"SBF2"
"5191",81847,-0.215787608976753,-1.70903394755153,-0.947625945683289,0.348113095236813,0.601860353435289,"RNF146"
"5192",81848,-0.74552520132957,-2.57241617228386,-3.68439746546917,0.000586410266704493,0.0134808472548022,"SPRY4"
"5193",81855,0.150735331062386,1.20963637377592,1.45613623573023,0.151929146243054,0.374152811423706,"SFXN3"
"5194",81857,0.155306068900585,-1.67126234209265,1.26555246979788,0.211842020515797,0.451018495291697,"MED25"
"5195",81858,-0.0202423237127421,-0.837677381757678,-0.232180161369004,0.817394882305739,0.908578375152594,"SHARPIN"
"5196",81876,-0.0661376890104801,3.4738954978845,-0.759331668802497,0.451403770182511,0.678081591614221,"RAB1B"
"5197",81888,-0.19968478378615,0.818444542180192,-2.11801117787893,0.0394309054576198,0.167841121843877,"HYI"
"5198",81889,-0.0143772409472758,0.0576247582077007,-0.127747075097926,0.89888809238688,0.953079134750504,"FAHD1"
"5199",81890,0.120359287685462,0.50093498417978,1.84615509894802,0.0711021194578791,0.236709919214288,"QTRT1"
"5200",81892,0.0324475984265931,2.28101383734688,0.194497267952385,0.846615476638133,0.926627281669911,"SLIRP"
"5201",819,0.0413943786709984,-0.64453366399047,0.353825728332385,0.725034235600725,0.861285105112687,"CAMLG"
"5202",81926,0.000645758724441503,-0.51848287637706,0.00694697552307105,0.994486236157615,0.997837193305396,"ABHD17A"
"5203",81932,0.144500248810695,1.7279939266343,1.51952962314681,0.135253829474381,0.351009689066072,"HDHD3"
"5204",8202,0.165898681673277,-1.01717179576563,1.09799300115947,0.2777387262259,0.532737594242055,"NCOA3"
"5205",8209,0.0137080445097832,2.82641904180606,0.150770137633438,0.880795091010795,0.943182182244288,"GATD3"
"5206",821,-0.173048105171231,3.99136263180721,-1.93409980222637,0.0590667263494408,0.212765003716472,"CANX"
"5207",8216,-0.0667127587864225,-3.18027024411598,-0.383933600839813,0.702739851328919,0.849245296412345,"LZTR1"
"5208",822,0.787358482707439,0.397139707179182,3.50039940303628,0.00102078712931334,0.0187032579096277,"CAPG"
"5209",8220,-0.145771517897173,-2.32983672594585,-0.630224188262425,0.531566284801138,0.737178910101533,"ESS2"
"5210",8225,-0.0775275417673725,-0.324951405920981,-0.929763172394339,0.357191904122516,0.607493462871711,"GTPBP6"
"5211",8226,0.176348450342051,-0.415512130250292,1.30316621136257,0.198795768189814,0.433005118931539,"PUDP"
"5212",8227,-0.355795493236117,1.76993693154464,-3.55570762333974,0.000865311625866442,0.0171036863434889,"AKAP17A"
"5213",8228,0.00779261676496135,-0.482151453632993,0.0498518116486357,0.960449382457956,0.980741691819487,"PNPLA4"
"5214",8237,-0.113048811581783,0.365494083027799,-1.27586075064802,0.208204657328089,0.446558186365746,"USP11"
"5215",824,0.20520339967037,2.56044356479395,2.37261329091508,0.0217586538881182,0.117981110923383,"CAPN2"
"5216",8242,-0.0575535846560156,-1.89307583263572,-0.441196495133338,0.661071246672277,0.821567621810525,"KDM5C"
"5217",826,0.286630759761595,3.11071102754076,3.91156341785334,0.000290759626615669,0.00896825421189435,"CAPNS1"
"5218",8266,0.0955221096206817,0.875977584984771,0.977266740066137,0.333385058190828,0.586673591506681,"UBL4A"
"5219",8270,0.116527069694392,-0.0058633355821914,1.06374735472521,0.292817698822973,0.547555149033505,"LAGE3"
"5220",828,0.430062824125857,1.79485785147301,2.14556488250362,0.0370453429272927,0.160625926316122,"CAPS"
"5221",8287,-0.00184590084559377,-1.43374857395059,-0.0347848479525045,0.972396976688429,0.986099678516009,"USP9Y"
"5222",8289,0.206667144243939,-0.221969447598225,2.6565688693813,0.0107144875837233,0.0734642652138134,"ARID1A"
"5223",8291,-0.404078007911315,-0.0306904484160762,-2.00718120023076,0.0504355213327728,0.195295161812773,"DYSF"
"5224",830,0.169522218385401,3.14788155995401,1.51340660671286,0.136798011492334,0.352352145477282,"CAPZA2"
"5225",831,0.210132499018461,1.72138667034115,2.13275494012543,0.0381381770563017,0.163612228042241,"CAST"
"5226",8310,0.0452397880688534,-0.262485438977427,0.329323388312499,0.743358107094164,0.872611112413469,"ACOX3"
"5227",8314,-0.365152666392322,-2.86373592663225,-2.24968312833777,0.029137911705612,0.138320573897174,"BAP1"
"5228",8315,0.121471221655579,-2.05626819786413,0.958596443861592,0.342612984159083,0.595124358675734,"BRAP"
"5229",8323,0.512907088196536,-4.35737561425717,1.87832929520469,0.0664776171961491,0.227568101983282,"FZD6"
"5230",8329,0.236624486189282,8.32691236764221,2.70991342588406,0.00933210667113319,0.0674681634245177,"H2AC13"
"5231",8334,0.179659900019047,5.18028136663074,1.63029269909588,0.109649595651371,0.310437831230681,"H2AC6"
"5232",834,0.3140730093774,-1.80245141008787,2.06241900104427,0.044656438939595,0.179738506368022,"CASP1"
"5233",83440,0.185800389868821,-1.00915416804799,1.55951308217516,0.125509244710044,0.336153929752411,"ADPGK"
"5234",83442,0.693205962922105,2.59086739294648,4.19262821216875,0.000119231876642394,0.00567321906070552,"SH3BGRL3"
"5235",83443,0.43866543269669,-1.19303990377924,2.67600076470782,0.0101905143225117,0.0709176608974795,"SF3B5"
"5236",83451,0.0585783832736873,1.2639579609949,0.645366321727679,0.521793142700913,0.730558008644663,"ABHD11"
"5237",83452,-0.174585024623937,0.673594222104062,-1.99711655162908,0.051555437044268,0.197706877173997,"RAB33B"
"5238",83460,-0.194742952888907,0.676967274587707,-1.59002063915043,0.1184603597096,0.326350847350773,"EMC6"
"5239",83464,-0.0202377813852093,-0.728296502613467,-0.159421535010909,0.87401229257765,0.939360436323169,"APH1B"
"5240",83468,-0.00814254619590304,-1.37009094086319,-0.0427049551547411,0.966115626087277,0.983743064301061,"GLT8D2"
"5241",83475,0.0545311735911975,-1.05469781210986,0.526587955147559,0.600928690322368,0.78612538388719,"DOHH"
"5242",83478,0.31413147705604,-0.147555820212047,1.64371787876234,0.106833966322929,0.306787713724821,"ARHGAP24"
"5243",83479,0.0553164786084965,-1.57350978191254,0.610223891688497,0.544620241419419,0.746645626088046,"DDX59"
"5244",83480,0.277245059843792,-2.65070441643052,1.37911501976478,0.174314559048721,0.403209813959964,"PUS3"
"5245",83481,0.653007955521203,-0.30925847224137,2.94593177972674,0.00497391455777311,0.0470414292074135,"EPPK1"
"5246",83483,-0.403277596331976,-0.318065310181716,-1.31643038067635,0.194342562502063,0.426741788081288,"PLVAP"
"5247",8349,-0.0708684549875587,5.40056170677166,-0.87773386281982,0.384503446754877,0.629859128951544,"H2BC21"
"5248",835,0.108530529306886,-3.21274973912608,0.520007332178651,0.605472099888866,0.787370285830055,"CASP2"
"5249",8350,-0.104575699379132,7.396779797605,-1.03305520367786,0.306805932854236,0.560702308185499,"H3C1"
"5250",83539,-0.274945054524816,-1.47029608375553,-2.06859622589172,0.0440474467095673,0.179008622488426,"CHST9"
"5251",83544,0.157482290664436,-3.78805523564542,0.862723206148773,0.3926219038186,0.63721389191723,"DNAL1"
"5252",83546,-0.367323593241786,-2.22263969943727,-1.73877641106528,0.0885482132108159,0.269464022155671,"RTBDN"
"5253",83548,-0.226736962443248,0.550456131525137,-3.04700958145154,0.00376625399104252,0.0397887555886729,"COG3"
"5254",83549,-0.0199455871279348,-0.330086810622145,-0.178387232444498,0.859177039041453,0.932725268064457,"UCK1"
"5255",83593,-0.196289430169529,-0.712816874722379,-1.49544883970664,0.141407863122653,0.358810030527839,"RASSF5"
"5256",83594,-0.218866493959271,0.78269941280328,-2.553532360342,0.0139289066514434,0.0878680668309962,"NUDT12"
"5257",836,0.25653151509606,1.33787978484629,2.77198174050539,0.00793118505986715,0.061311856294036,"CASP3"
"5258",83605,0.00281011813617882,-1.52292251275564,0.021219370846565,0.983159492060795,0.992488596679949,"CCM2"
"5259",83636,0.0443880210678518,-1.65167960945127,0.268661300712345,0.789353031276339,0.893590724082289,"C19orf12"
"5260",83638,-0.0323399768641006,0.72622098469021,-0.398287661917099,0.692201644641219,0.84304574694919,"C11orf68"
"5261",83641,0.591236848925632,-1.58345711253483,3.61646940164491,0.000720665169182779,0.0154833024107002,"FAM107B"
"5262",83648,-0.406012322753242,0.427447457763294,-2.76472935185507,0.00808422256143641,0.0618834464025294,"FAM167A"
"5263",83658,0.39085226991478,2.33826794250563,2.39199573056587,0.0207623210600953,0.114397779772769,"DYNLRB1"
"5264",83660,0.0662927394467192,0.36942777975434,0.522421753954915,0.603803284985638,0.787370285830055,"TLN2"
"5265",83666,0.15702591626593,0.15569801243292,1.5676384166889,0.123599678105007,0.334062009779186,"PARP9"
"5266",83667,0.0650289228740738,-0.705511786079309,0.479196992221298,0.633995918622501,0.805020055545079,"SESN2"
"5267",83693,-0.405364100933388,1.58941371957915,-3.20682629734749,0.00240213169088261,0.0298791342965956,"HSDL1"
"5268",83699,0.307079325711711,-1.05551744878926,1.90246670650857,0.0631783361103885,0.220962180652743,"SH3BGRL2"
"5269",83700,-0.293789638706088,0.186851206294819,-2.17102532507273,0.0349546811089651,0.154882788587152,"JAM3"
"5270",83706,0.219743255760221,-1.69858273101341,0.878989668423858,0.383829083647965,0.629821661315326,"FERMT3"
"5271",83707,0.157695478847629,-2.82124400622263,0.496813186094226,0.621610969537963,0.796355004564666,"TRPT1"
"5272",83714,-0.280625087219633,-1.43940780799417,-1.25182014005859,0.216760910616362,0.457924117912386,"NRIP2"
"5273",83732,-0.0631731830454219,-2.010701261704,-0.430033086678786,0.669115057755973,0.826878966338822,"RIOK1"
"5274",83743,-0.0311388614790372,-0.51996600834421,-0.293212888926364,0.770635834190368,0.886344245168433,"GRWD1"
"5275",83752,-0.182441663596555,-1.33815161095733,-1.80791501231624,0.0769495564026633,0.246254628362642,"LONP2"
"5276",83758,-0.630057702540983,-0.210559810210461,-2.06318770135471,0.0445802582329473,0.179654895508245,"RBP5"
"5277",83759,0.093017954706677,-2.67745524987248,0.353929207693242,0.724957184134931,0.861285105112687,"RBM4B"
"5278",83786,0.301390924704742,1.43945047584437,2.92938178939121,0.00520315351005567,0.0484223483600501,"FRMD8"
"5279",83787,0.113579563872277,-0.66692224808797,1.02177370680481,0.312060597621943,0.56485636927263,"ARMC10"
"5280",83851,-0.0704301827930578,-1.97505480826693,-0.330231456426063,0.742676255869033,0.872282215561447,"SYT16"
"5281",83856,-0.223961539343391,-0.283084102352062,-2.24621794079746,0.0293748513721115,0.13890819547151,"FSD1L"
"5282",83858,-0.0942650481239821,-0.67213354213741,-0.789930472876959,0.433491707910067,0.665026769095723,"ATAD3B"
"5283",83860,-0.163158066161059,-3.26533746017505,-0.563938052501571,0.575447674849472,0.766015577581014,"TAF3"
"5284",83862,0.301226993583371,-0.555693958009102,2.20483717509789,0.0323392644891419,0.146927021046893,"TMEM120A"
"5285",83871,0.520529223547942,-3.53762967715108,2.2854472123935,0.0267898696307223,0.1317597915011,"RAB34"
"5286",83874,-0.213721360679292,-0.0477235023631604,-2.19396621232493,0.0331606475042926,0.149705456283965,"TBC1D10A"
"5287",83892,0.0766935445918886,-2.75547826574544,0.57936161940841,0.565081159801425,0.759600427740362,"KCTD10"
"5288",839,0.307879016214996,-1.64707617887296,2.07691740507152,0.0432385310586792,0.177081203231299,"CASP6"
"5289",83930,-0.0814807164438216,0.705842088907342,-0.83264708458899,0.409208133049963,0.647517277819199,"STARD3NL"
"5290",83937,0.0677128538487284,-2.49357492329315,0.55837640615931,0.579208398975035,0.769353203399429,"RASSF4"
"5291",83938,0.062279372242066,-1.7945972985799,0.424542002541535,0.673086163716091,0.829598970459712,"LRMDA"
"5292",83939,0.00659406698993581,1.70225646524812,0.100111620937816,0.920676786311858,0.963531818308983,"EIF2A"
"5293",8394,0.233575166696981,-1.87255603388703,2.08338985865217,0.0426183170765561,0.175446834484172,"PIP5K1A"
"5294",83940,0.101586189656989,0.00395567154045377,1.03135481625236,0.307594041496042,0.560740192070896,"TATDN1"
"5295",8396,-0.0191841857947291,-0.395879718296797,-0.263498222831013,0.793305593612451,0.895917154294981,"PIP4K2B"
"5296",8398,-0.0968530916852672,-2.57827488245063,-0.856464386143831,0.396038412164188,0.638825062696193,"PLA2G6"
"5297",83985,0.13618198285156,0.11937609579884,1.2021228413234,0.235270895811469,0.482006928735247,"SPNS1"
"5298",83986,0.00193128025810752,-1.90509141482995,0.0148414005857692,0.988220833305976,0.995682776564688,"FAM234A"
"5299",83987,0.108161779325031,-3.16845416554966,0.539588492965299,0.591999854258235,0.779581178624141,"CCDC8"
"5300",83988,0.0369004976359402,0.499884065699096,0.349620926929824,0.728167582595896,0.863836996902514,"NCALD"
"5301",83992,0.60164224527979,-3.1539119619951,3.28742353351294,0.00190620767974586,0.0267514525461453,"CTTNBP2"
"5302",840,0.445968325047729,0.025984427909409,3.34460753243358,0.00161496475296563,0.0246583424221469,"CASP7"
"5303",8402,-0.161747267590635,4.12027504515147,-2.1319743320206,0.0382056768878539,0.163726551314412,"SLC25A11"
"5304",8404,0.141868383777337,-2.10605092642099,0.46913056378611,0.641121147690493,0.809695218479097,"SPARCL1"
"5305",84056,0.0305769507527809,-0.548970012807345,0.270174209959082,0.788195886690505,0.893104366347853,"KATNAL1"
"5306",84058,-0.323413946548458,-0.26784397132617,-2.27381668665221,0.0275342775258148,0.133355277848381,"WDR54"
"5307",84061,-0.0580691095821444,2.36511012948331,-0.678440578895934,0.500782325157915,0.714219331406648,"MAGT1"
"5308",84062,0.0329884753066989,-1.68576841414776,0.285363656246152,0.776605411181084,0.888428659072784,"DTNBP1"
"5309",84063,0.0680158609642336,-1.48202406149932,0.603783396068958,0.548858601490272,0.749475883414302,"KIRREL2"
"5310",84064,-0.0982034835598418,2.98311138030913,-1.05922175862385,0.294852063177477,0.549820052868345,"HDHD2"
"5311",84065,0.12791518561187,-1.90550412875191,0.841263849048951,0.404412759097338,0.643746243604631,"TMEM222"
"5312",84067,-0.378056720949157,-0.391648789527041,-3.91853187135962,0.000284489648533024,0.0088842413304956,"FHIP1B"
"5313",8407,0.226755044230194,5.14188433207197,2.21422154325925,0.0316447214307125,0.145276963456779,"TAGLN2"
"5314",84078,-0.237081411007017,-0.493113104740465,-2.91560384319752,0.00540146785767691,0.0494101485997331,"KBTBD7"
"5315",84079,0.0755661304263642,-2.83879279947053,0.37946753474179,0.706030846536369,0.850919903053296,"ANKRD27"
"5316",8408,-0.0380039748316934,-3.06283102714851,-0.149861490681025,0.881508014091876,0.943261232342117,"ULK1"
"5317",84081,0.0403913274966208,-1.53606467677381,0.324036422419906,0.747332099922621,0.874904525905978,"NSRP1"
"5318",84085,-0.0393678720205752,-3.69255956352238,-0.173795409117001,0.862764341517118,0.93483022922514,"FBXO30"
"5319",8409,0.0908943815798369,-0.986414412569734,0.805924782257114,0.424300065585398,0.658931323556173,"UXT"
"5320",841,0.324176445181355,-1.72703928014012,1.90692964449485,0.0625838527395867,0.21925781285136,"CASP8"
"5321",84100,-0.440162825510707,-1.31088615277639,-3.20189531502929,0.00243612646040518,0.0299658200680702,"ARL6"
"5322",84105,0.0608280139542,0.498936626214993,0.344281729764908,0.73215302109177,0.865605472490646,"PCBD2"
"5323",84108,0.150698082655148,-4.66616984096412,0.517330794736403,0.607324572938644,0.788609737401607,"PCGF6"
"5324",84126,-0.0628115707960333,0.16622316708513,-0.535352639525502,0.594902155179215,0.78174040430101,"ATRIP"
"5325",84129,-0.304836431312828,-0.32447991269833,-2.31777367694009,0.0248141439965203,0.127242452673886,"ACAD11"
"5326",84135,0.0356138308534396,-0.634398954908839,0.340092271368203,0.735285472559166,0.86725254238435,"UTP15"
"5327",84140,-0.155563025240617,-4.26438068739869,-0.792983616842643,0.431727999939867,0.66431347797215,"FAM161A"
"5328",84142,0.229405801308623,-4.35700977015564,1.12670137598269,0.265525058282313,0.519870114110634,"ABRAXAS1"
"5329",84146,-0.235517329744834,-3.15149523031966,-0.937967844983804,0.353002905696284,0.604219697480142,"ZNF644"
"5330",84148,0.0896812617993783,-1.75315823182835,0.510925772526129,0.611768150315214,0.791534855174841,"KAT8"
"5331",84152,0.752137846755033,-1.76685779642562,2.7561793877516,0.00826814171053083,0.062654140517578,"PPP1R1B"
"5332",84153,0.178152320529809,-0.61163962890079,1.06897563736531,0.290479590000117,0.54508215329279,"RNASEH2C"
"5333",84154,0.182210210734996,-0.752450090982174,1.38574505465756,0.17229272518673,0.400389027693221,"RPF2"
"5334",84159,0.230957306558214,-4.24027871795462,1.00826435197299,0.318433034341669,0.572172706320012,"ARID5B"
"5335",8416,0.115231319354109,-0.790834697706356,0.568351950708278,0.57247154282618,0.76404225480911,"ANXA9"
"5336",84162,-0.060950784347885,-0.067443685522897,-0.417142636097567,0.678452216715587,0.833701642882938,"BLTP1"
"5337",84168,0.2161577814803,-2.35375785290912,1.08851092263616,0.281858203798737,0.536947751370778,"ANTXR1"
"5338",84171,0.506263551877171,0.884111796519259,1.91457024251325,0.0615771700825084,0.217658502113575,"LOXL4"
"5339",84181,0.142762853965343,-2.2293495500128,0.794438843732028,0.43088887189574,0.663956746212916,"CHD6"
"5340",84188,0.0967193983082337,-1.10269774207413,1.00016941217929,0.322293315280334,0.576181580064144,"FAR1"
"5341",84196,0.123741214068474,-0.246794072779624,1.39839996158484,0.168483910082298,0.395924287934588,"USP48"
"5342",842,-0.270388923730779,-3.53895968783058,-1.79266152494734,0.0793923381673206,0.251320356715324,"CASP9"
"5343",84219,-0.198826733110103,-0.414057432657656,-1.26590904631631,0.211715413263447,0.451018495291697,"WDR24"
"5344",84236,0.335329329971314,-4.97923732442189,1.02888382868327,0.308741776386411,0.561831314396618,"RHBDD1"
"5345",84245,0.0772465014828517,1.05509944617042,0.522117567620881,0.60401341693306,0.787370285830055,"MRI1"
"5346",84248,-0.156541338779103,0.13806985984154,-1.66916843275613,0.101658618715143,0.297059392657736,"FYTTD1"
"5347",84254,-0.482354517345354,-0.0108900182861118,-3.56987884068146,0.00082927950576547,0.0167641708936314,"CAMKK1"
"5348",84259,-0.098054635498819,0.0686067477332801,-1.1862887839761,0.241404363755951,0.49096752310604,"DCUN1D5"
"5349",84261,0.205173722406026,-2.07010463491302,1.20481668009245,0.234238839886442,0.480373537996318,"FBXW9"
"5350",84262,0.245247439385613,-0.760509328202215,2.52142992299202,0.0150969394065294,0.0920586201865289,"PSMG3"
"5351",84263,-0.132282635272954,2.21095900942426,-1.86599649175729,0.068219140860467,0.231283520452171,"HSDL2"
"5352",84265,-0.0532636720419646,-4.29586006892267,-0.247328510461743,0.805719253213389,0.902135128825936,"POLR3GL"
"5353",84266,-0.167819112708617,-2.09332186578661,-1.07731435845234,0.286777362672613,0.541279044306426,"ALKBH7"
"5354",84270,0.00969165980727082,-0.648262332060448,0.0994598413459166,0.921191480511379,0.963906121271538,"CARD19"
"5355",84271,0.0833162115858093,1.02040725503514,0.720246726020505,0.474900339621287,0.695524877167498,"POLDIP3"
"5356",84272,-0.317144321706182,1.08007133224738,-1.93620364530695,0.0588015890726151,0.212488633475628,"YIPF4"
"5357",84273,0.184245289814089,-2.0345469042901,1.07183949566959,0.289204369651463,0.543853070135013,"NOA1"
"5358",84275,0.0119771329125914,0.114425722862153,0.138071700141268,0.890767037325981,0.948787520470574,"SLC25A33"
"5359",84277,-0.20192974347759,0.297187288030038,-2.37769607446272,0.0214933084491778,0.117163345702534,"DNAJC30"
"5360",84279,-0.379052081088067,-3.49415383413858,-2.34948975269965,0.0230033037434421,0.121331799411799,"PRADC1"
"5361",84284,0.0253048783665746,1.11899424027033,0.159470318094781,0.873974072634559,0.939360436323169,"NTPCR"
"5362",84285,0.466818654191639,-2.02960170693648,3.482179899788,0.00107760291787535,0.0193401365787102,"EIF1AD"
"5363",84293,-0.018815217840766,0.660563060103692,-0.220847103383104,0.826157443752328,0.913520877274687,"PRXL2A"
"5364",84294,0.0286739447253841,-3.28872297083243,0.120890009033497,0.904287764092849,0.955326413872066,"UTP23"
"5365",84298,0.406211389627588,-2.0009227329592,2.80912688199547,0.00718848584975749,0.0584262704955842,"LLPH"
"5366",84299,0.365301942660393,0.0782031998849512,2.21533559285837,0.0315631524993852,0.145158529920521,"MIEN1"
"5367",84300,-0.0684392103524818,-0.640204168905293,-0.68149267819629,0.498867017294179,0.713616252923032,"UQCC2"
"5368",84301,-0.14643924080586,1.63643638050631,-2.00346930896679,0.0508460799316814,0.196532266133917,"DDI2"
"5369",84302,-0.340677686681357,1.21985148147715,-2.79872650718046,0.00738967025379076,0.0595246666899838,"PGAP4"
"5370",84303,0.0247816808031348,0.915228956948556,0.305819489699547,0.761077549922679,0.882902445453116,"CHCHD6"
"5371",84305,0.207287023343945,-0.393747024572869,1.12274606499657,0.267184770526181,0.521954207985263,"PYM1"
"5372",84306,0.000997377526380738,-2.17586204244127,0.0051097924573891,0.995944379680049,0.997990161666464,"PDCD2L"
"5373",84310,0.366752841900901,-0.220658407751832,2.65279009561363,0.0108192074280365,0.0740337739055609,"C7orf50"
"5374",84312,-0.362308622668859,-2.52059537948242,-1.34568843122268,0.184787360960237,0.415010911662617,"BRMS1L"
"5375",84313,0.0729565869855577,0.758366667857718,0.982178358531676,0.330985199718347,0.584710611242327,"VPS25"
"5376",84315,0.0315313169172864,-0.942190905691106,0.273839777031161,0.785394291445185,0.891940599109743,"MON1A"
"5377",84317,-0.0374339613788601,-0.103275221831195,-0.279181359931339,0.78131685592436,0.89090044723476,"CCDC115"
"5378",84319,0.0786269470083001,-1.53486568112809,0.345692993730413,0.731098854195298,0.865586332116195,"CMSS1"
"5379",84320,-0.0244071006465276,-1.13330955540866,-0.185853270259429,0.853350724935586,0.93018411466074,"ACBD6"
"5380",84321,0.10377584087871,-0.130266310653229,1.30933262385991,0.196716022217213,0.430053306519229,"THOC3"
"5381",84324,0.0227663793030111,2.80666850275456,0.272286403001687,0.786581188405812,0.892167905965335,"SARNP"
"5382",84327,-0.0776052118298819,-1.08141470329609,-0.522711556885472,0.603603120626024,0.787370285830055,"ZBED3"
"5383",84328,0.00923723261322149,-0.173581751763238,0.113882808235241,0.909810381063237,0.958091541154723,"LZIC"
"5384",84329,-0.18953102727523,-1.51239462219937,-0.810288923744993,0.421812630518518,0.656628436754416,"HVCN1"
"5385",84335,-0.15502565219778,-2.0580070468093,-1.07090464580141,0.289620211634789,0.544301548993979,"AKT1S1"
"5386",84340,-0.543510724170876,0.321661062912959,-5.1171525582644,5.51859640049651e-06,0.00129723199099707,"GFM2"
"5387",84342,-0.25573373069385,0.809774927848084,-3.06669850292214,0.00356557850530621,0.038598802232045,"COG8"
"5388",84343,0.169917616132704,-2.33146473389256,1.45946878712899,0.151014032126643,0.373007697864521,"HPS3"
"5389",8436,-0.299972664644366,0.728761278558121,-1.53942041676855,0.13033322392762,0.343783983011489,"CAVIN2"
"5390",84364,-0.108226401409547,1.77944108266899,-1.16364140232033,0.250377632208678,0.500266245604449,"ARFGAP2"
"5391",84365,0.253319140835176,-0.660350742492898,2.17406970427725,0.0347117840050625,0.154446334899886,"NIFK"
"5392",8437,0.293902747781738,-4.94811024865924,1.01663702775538,0.314473308340367,0.567883838362216,"RASAL1"
"5393",84376,0.0895119481101843,-0.356153632871991,1.23130275523838,0.224267420516576,0.468559565919907,"HOOK3"
"5394",8440,0.224929462432568,-0.0181076737468429,1.74943610224116,0.086670329661737,0.265626747472478,"NCK2"
"5395",84418,0.307470870498207,2.06080381407249,2.6898291154416,0.00983208412641625,0.0692874079999345,"CYSTM1"
"5396",84419,0.271534803373744,1.34148011611656,1.51784924438369,0.135676219543678,0.351310522942329,"C15orf48"
"5397",8443,0.148099469983141,-0.88015641843503,1.37777386096161,0.174725760653999,0.403209813959964,"GNPAT"
"5398",84433,0.0688762009137998,-3.62299942580958,0.398239397739297,0.692236976967077,0.84304574694919,"CARD11"
"5399",84437,-1.18573572784244,0.487314263741462,-2.44878330529353,0.0180751403846492,0.104566646259167,"MSANTD4"
"5400",84440,-0.0641795791170198,-0.252238271328279,-0.303276655998496,0.763002545843946,0.883310001205232,"RAB11FIP4"
"5401",84447,-0.327409411550394,1.03536081414712,-3.28482818087207,0.00192054123127795,0.0267514525461453,"SYVN1"
"5402",84448,0.206032268868817,-0.0729766473541023,1.55574465567197,0.126402893837419,0.337408579080037,"ABLIM2"
"5403",84451,0.0547313775234208,-3.17127459994171,0.295272742491381,0.769071556674103,0.886323923181683,"MAP3K21"
"5404",84457,-0.185197213243982,0.295130877900535,-1.74374318139353,0.0876690642074577,0.267451648163705,"PHYHIPL"
"5405",84461,0.0260269770734669,-1.53584161789008,0.159426359540259,0.874008512703932,0.939360436323169,"NEURL4"
"5406",84498,-0.111603419674394,0.562894130510239,-1.20186100955595,0.235371384875129,0.482051905359874,"FAM120B"
"5407",8450,-0.0355834122298395,1.36995010206129,-0.453873789045026,0.651985376159573,0.815259982173352,"CUL4B"
"5408",84513,0.0837816811362391,-3.04618346691222,0.359015671278265,0.721173323960982,0.858969051320561,"PLPP5"
"5409",84516,-0.0822746083680856,-1.13474493757136,-0.768694683288018,0.44587739722316,0.674087552747723,"DCTN5"
"5410",84520,-0.398302666648142,-5.55480114820717,-1.22230551314838,0.227618983350498,0.472960500949681,"GON7"
"5411",84522,-0.0455742392657709,0.53857277319927,-0.416722516476021,0.678757397903562,0.833789215822809,"JAGN1"
"5412",84532,0.568847455953593,-0.092607703061275,1.91186772967369,0.0619316461217139,0.218441125741699,"ACSS1"
"5413",84545,-0.114012553866924,1.16274014102902,-1.32100048901533,0.192825852423235,0.424880293775332,"MRPL43"
"5414",84549,-0.134608173232973,-2.30959361041196,-0.773213833387787,0.443224328968362,0.671731094125384,"MAK16"
"5415",8455,0.000884699664908561,-1.35296403777521,0.00736612486154495,0.994153566351196,0.997837193305396,"ATRN"
"5416",84553,-0.120713363792962,-1.9951724479839,-0.7481603486583,0.458049494901915,0.683067978549066,"FAXC"
"5417",84557,-0.13993077365022,-0.272196628184521,-0.732463839979525,0.467482245418784,0.68929969101166,"MAP1LC3A"
"5418",84561,-0.0468796419184612,-2.58556001277661,-0.278383227549942,0.781925710112053,0.89090044723476,"SLC12A8"
"5419",84572,-0.178404442590505,-0.699695355048062,-1.432343880349,0.158589590209197,0.383190851677988,"GNPTG"
"5420",8459,0.441007960718844,-2.16938252886203,1.10732429301787,0.273726237186662,0.528478156877432,"TPST2"
"5421",846,-0.820489067829416,1.26228902889751,-5.56929748630215,1.1633894363186e-06,0.000476058957341571,"CASR"
"5422",8460,0.0449257250245385,-1.73137788823144,0.391876550555894,0.696900994308892,0.846231106030514,"TPST1"
"5423",84612,0.270313392359864,-0.58825911374128,2.12099192350769,0.0391665013506643,0.166831356898249,"PARD6B"
"5424",84617,0.568419745109503,1.041576978519,3.2384823231315,0.00219433455745759,0.0284753182107287,"TUBB6"
"5425",84619,0.110569263299164,-1.27696602697908,1.05278734503808,0.297761275740376,0.551472392389637,"ZGPAT"
"5426",84632,0.123465321139491,-3.49161881963712,0.56428263029776,0.575215067261818,0.765922089264975,"AFAP1L2"
"5427",84640,-0.127714300714004,-1.33893107880427,-0.987391825299262,0.328450500455122,0.582499038368546,"USP38"
"5428",84661,0.0950122459189791,-2.43839546035807,0.424844874566832,0.672866882646012,0.829495265250295,"DPY30"
"5429",84668,0.139892379324444,-2.3581080789873,0.695605393935651,0.490063218588396,0.706862344860802,"HYCC1"
"5430",84678,0.0604859251131573,-1.82626600067645,0.438605799583975,0.662934425122494,0.822703498059415,"KDM2B"
"5431",84679,0.0472114838432595,-0.786764061899625,0.458300850136694,0.648824907634708,0.813084377921976,"SLC9A7"
"5432",84681,0.0303357982029029,2.45439806971848,0.252630051801254,0.801643463328893,0.899994524897524,"HINT2"
"5433",84687,0.0770045669879788,0.181324558762661,0.964345421883442,0.339753719696105,0.592887050090823,"PPP1R9B"
"5434",84693,0.0569312810463217,0.737195033101967,0.356675518709819,0.722913313933363,0.859647145885755,"MCEE"
"5435",84695,-0.00177181553547123,-0.616929420667877,-0.0092351735165057,0.99267015627309,0.997382455263419,"LOXL3"
"5436",847,0.237290314410444,1.7826395401669,1.82151584419712,0.0748250423977838,0.242234235357382,"CAT"
"5437",8470,0.411484733371855,2.63004790078234,2.88833447777902,0.0058148888196504,0.0520659384935733,"SORBS2"
"5438",84705,-0.116972475174091,-1.9052793493298,-0.712335865338714,0.479739080072176,0.699616032411451,"GTPBP3"
"5439",84706,-0.187946742434645,-1.60234000391001,-0.701962349586014,0.486125963617497,0.704733387974539,"GPT2"
"5440",84708,-0.415063981875856,0.318679438694602,-1.77959797081257,0.0815358175619867,0.255383309125345,"LNX1"
"5441",84717,0.0962267904730757,0.927271896726995,0.830275460501777,0.410534084114907,0.648111679088811,"HDGFL2"
"5442",84726,-0.0968810269211654,-0.201747876995911,-0.99353197940672,0.325481959934749,0.578955791406861,"PRRC2B"
"5443",84747,-0.0924698672329121,1.22744479866665,-1.50937536709787,0.137822301130577,0.353735729591711,"UNC119B"
"5444",84752,-0.257668800625093,-1.06837286519004,-1.53231702799373,0.132073759777599,0.346587745837924,"B3GNT9"
"5445",8476,-0.285767097254103,0.0440342217437501,-3.78089654495483,0.000436257234788927,0.0114924759962851,"CDC42BPA"
"5446",84769,0.0149068529127121,-1.71589002115513,0.110231384969799,0.912689994709643,0.958769670978571,"MPV17L2"
"5447",8479,-0.0592326406231316,-1.33389275670746,-0.403375612712038,0.688480844454082,0.841141604948081,"HIRIP3"
"5448",84790,0.227380367082929,5.58941836741725,1.7541311562627,0.0858538034703277,0.263881144567287,"TUBA1C"
"5449",84795,0.718770505742842,-1.35243290036129,1.83634621411983,0.0725650180353967,0.238056697328308,"PYROXD2"
"5450",84803,0.453103095192288,-4.08749239051108,1.71132409422774,0.0935406153324837,0.280347801225969,"GPAT3"
"5451",84804,0.088446711574333,-3.65009521933507,0.408853132793192,0.684483832550688,0.838595162514197,"MFSD9"
"5452",8481,0.471155709730825,-2.1991028417448,3.16791787404681,0.00268301018885676,0.031669839498467,"OFD1"
"5453",84811,-0.000594839423439186,-1.56090612130398,-0.00638755785315637,0.994930235449523,0.997856500847904,"BUD13"
"5454",84817,0.24952655818338,2.53525293068357,1.8009163948304,0.078062397150694,0.248403617871715,"TXNDC17"
"5455",84826,-0.134432676260368,0.345461963758985,-0.969443177519719,0.337231584117326,0.590732723547987,"SFT2D3"
"5456",84833,-0.0142084482272926,2.0399207220944,-0.101017672295763,0.919961356997002,0.962947273064052,"ATP5MK"
"5457",84836,0.100990413495464,3.6221793330587,0.876034798400852,0.385417027683884,0.630773573835154,"ABHD14B"
"5458",84844,0.0860545809510436,1.01275826580832,0.740743087825486,0.462493076893708,0.686349914873296,"PHF5A"
"5459",84858,0.352376180121688,-2.67600474646047,2.3057413332377,0.0255337980811743,0.128675248458331,"ZNF503"
"5460",84859,0.143373625977865,-1.79773550118786,1.1758072583667,0.245527870729498,0.495740154782125,"LRCH3"
"5461",84861,-0.00495555475554577,-0.463492355902965,-0.0547574133528969,0.956561248194862,0.97985634091143,"KLHL22"
"5462",84864,-0.0637424330066106,-0.0314288287555071,-0.720244996240248,0.474901394625119,0.695524877167498,"RIOX2"
"5463",84869,-0.235470340403705,1.57031568466215,-2.54686704018691,0.0141644277393406,0.0887155688408905,"CBR4"
"5464",8487,-0.0661341208717181,-1.18053434351642,-0.36379070584974,0.717627533782807,0.856964552988107,"GEMIN2"
"5465",84875,0.280655401670976,-1.23237251419906,2.98042508303905,0.00452609548729755,0.0446539337387375,"PARP10"
"5466",84878,-0.0244020922720636,-2.47948678918355,-0.136764472468209,0.891794630407326,0.948912726422434,"ZBTB45"
"5467",84881,-0.381281699563846,-3.76356077988806,-1.98803120135728,0.0525847590061512,0.200102449336489,"RPUSD4"
"5468",84883,0.175891452916236,0.327310320213486,1.37803360640488,0.174646063970694,0.403209813959964,"AIFM2"
"5469",84886,0.223193706101114,-1.33654590328987,1.65411172749618,0.104694923874746,0.302835741160787,"C1orf198"
"5470",84888,0.311448961718222,-3.06152569434213,1.56824100608264,0.123458998210132,0.333975906132124,"SPPL2A"
"5471",84892,-0.0612244809425689,0.576735994729513,-0.618554532684304,0.539163011856776,0.742680109240775,"POMGNT2"
"5472",84893,-0.17690533926894,-1.38282299400419,-1.43494844187844,0.157849530553621,0.382201348535751,"FBH1"
"5473",84901,0.118632664263952,-3.42607674965423,0.520062195141804,0.605434155707481,0.787370285830055,"NFATC2IP"
"5474",84908,0.189783360891207,0.031939678477714,1.97937950815724,0.0535813764933617,0.202602447206208,"FAM136A"
"5475",8491,0.130620534124028,-1.72705647281304,1.42184528392835,0.161600164213648,0.386997784850888,"MAP4K3"
"5476",84910,-0.0312298160855837,0.483872432046596,-0.237519132431664,0.81327493625672,0.906451542452408,"TMEM87B"
"5477",84916,0.0930283319737919,-0.571804742161357,0.964777105173586,0.339539660187344,0.59274585728951,"UTP4"
"5478",84918,-0.11293157593254,0.153498909500501,-1.1137879061446,0.270970934848689,0.525907801040015,"LRP11"
"5479",84922,-0.277082571245032,-1.48956181555462,-1.92276463398208,0.0605129255027172,0.215946707404464,"FIZ1"
"5480",84926,-0.189219498602535,-0.928236295460852,-1.77266023318294,0.0826937296382237,0.257782687922507,"SPRYD3"
"5481",84932,-0.310292612187961,0.37862564521152,-2.94853965438664,0.00493866313645271,0.0468524178231016,"RAB2B"
"5482",84936,0.12709574369625,-0.193967647780001,0.793934887706923,0.431179357701935,0.663956746212916,"ZFYVE19"
"5483",84938,-0.144126045088152,-2.58020272366529,-0.983602581009185,0.330291474119839,0.584464723912536,"ATG4C"
"5484",84939,0.0621882041100141,-3.90608752128157,0.22157173645258,0.82559648577631,0.913394237508109,"PWWP3A"
"5485",84942,0.0194879568024384,-1.24716346066052,0.138046436236039,0.890786895134515,0.948787520470574,"WDR73"
"5486",84945,-0.174440997037702,-0.541968311690138,-1.97135465285907,0.0545202905606924,0.204801434186983,"ABHD13"
"5487",84946,0.363422785492157,-2.53486374818757,1.49423468918009,0.141723935354948,0.359096078667826,"LTV1"
"5488",84947,-0.0602709352931439,-0.744587984518624,-0.572985042335607,0.569355751958058,0.762204057910263,"SERAC1"
"5489",8495,0.0924580750656762,-0.974711460755722,0.805633490104537,0.424466408183574,0.658931323556173,"PPFIBP2"
"5490",84950,0.131751739909517,-1.55227492723943,1.22451580930868,0.226792232300083,0.472201737400918,"PRPF38A"
"5491",84952,0.323201182077376,-2.65970284181063,1.16793983645302,0.248656290220047,0.498938316237544,"CGNL1"
"5492",84958,-0.0531333954238662,1.1846665779584,-0.601143628770759,0.550600620008594,0.750352265899811,"SYTL1"
"5493",8496,0.309988638401113,-2.17438209709197,2.18773160390692,0.033639984410312,0.151269028798897,"PPFIBP1"
"5494",84961,-0.104249669436879,-1.8540204484831,-0.832835772422536,0.409102752611775,0.647517277819199,"FBXL20"
"5495",84975,0.0240402810990368,-1.70292946791599,0.176451737347789,0.860688758421071,0.933375900916702,"MFSD5"
"5496",84987,0.0938855791587405,-1.34089046793769,0.367509345890336,0.714870525261029,0.855806428689809,"COX14"
"5497",84988,0.100343260957325,-0.821700261378393,0.879289693951574,0.383668081630347,0.629821661315326,"PPP1R16A"
"5498",84993,-0.26725727435644,-1.90284963833346,-1.75985642682231,0.0848667988405011,0.262292251401307,"UBL7"
"5499",85007,0.0993613008874304,-0.449456124935654,0.762783984519305,0.449361455041409,0.676688079255194,"PHYKPL"
"5500",85013,-0.0276606290177388,-2.49505022198456,-0.156882374262931,0.876002058247061,0.94073192599534,"TMEM128"
"5501",8502,0.160493490952129,-1.04376146843345,1.57376372909973,0.122175668765153,0.33123421151966,"PKP4"
"5502",85021,-0.119488572829752,-0.489793715614772,-1.52405186848438,0.13412229619474,0.349452408677069,"REPS1"
"5503",8504,-0.221998184407832,0.326930803061653,-2.43073486021902,0.0188930429627162,0.107320611960678,"PEX3"
"5504",8508,-0.100477467718128,3.23172237745603,-1.24044479641584,0.220899342651912,0.463707306839069,"NIPSNAP1"
"5505",8509,0.287499580951972,-2.13115491663235,0.955806407895309,0.344006318187733,0.596809152356219,"NDST2"
"5506",8520,0.108672427869421,-0.188642602330487,1.10070331283739,0.276569046402271,0.531657001821841,"HAT1"
"5507",8525,-0.0813073594854479,0.0348689594642785,-0.855109969430021,0.39678018030512,0.638825062696193,"DGKZ"
"5508",8526,-0.312316814942053,-1.91015321948411,-1.9957522688965,0.0517088843605561,0.197873523818637,"DGKE"
"5509",8531,0.712151077968791,-0.0676502264733365,2.80210189292048,0.00732381279248305,0.0590987205440856,"YBX3"
"5510",85313,0.128779291834468,0.0228494331541141,1.41153783143844,0.164599056654785,0.390382152143382,"PPIL4"
"5511",8535,-0.139311032655825,-1.79463970669474,-1.21260822349986,0.231272403854141,0.476518971083155,"CBX4"
"5512",8536,0.178370390455422,-2.09901096077612,0.607885057244516,0.546157439273258,0.747950549366188,"CAMK1"
"5513",85363,0.437764794057143,-4.13145285620923,1.65589516285722,0.104331444927208,0.302411279151825,"TRIM5"
"5514",85364,0.0793486799832759,-1.07134198088708,0.681328939421388,0.49896966750718,0.713616252923032,"ZCCHC3"
"5515",85365,-0.254168268441302,1.26516404366902,-3.27918791583142,0.00195204392339568,0.0268463619075711,"ALG2"
"5516",85369,-0.064934800352964,0.223263427242153,-0.641764797615441,0.524108992775998,0.731298249070034,"STRIP1"
"5517",85377,0.45947586040974,-2.12093292786426,1.94753693208774,0.0573907841253434,0.209679279582874,"MICALL1"
"5518",85379,0.186885814428197,-0.815806186678718,1.78732491241772,0.0802621955703724,0.252950452750702,"KIAA1671"
"5519",85395,0.287069153694313,-2.21881619631066,1.0328088917252,0.306920009856143,0.560702308185499,"SLX9"
"5520",8540,0.250058402760022,0.653277199907404,2.63250558648973,0.011397558189513,0.076840682904507,"AGPS"
"5521",85403,-0.0480018089867005,-1.43513299929397,-0.286946524064115,0.775400483314281,0.887783653531628,"EAF1"
"5522",85406,0.318772302680111,-3.44447633098662,1.42324371707922,0.161196598053809,0.386494030802454,"DNAJC14"
"5523",8541,-0.00822272483982522,-0.808367840275547,-0.0713877613592235,0.943388686948301,0.975606058439122,"PPFIA3"
"5524",85415,0.254746946215539,-1.78190323444733,0.929829468882706,0.357157926670104,0.607493462871711,"RHPN2"
"5525",85437,0.550213730241967,-2.86752351127242,2.32803512621798,0.0242147835430784,0.125851262817456,"ZCRB1"
"5526",85439,-0.151747601051253,-3.52394880877197,-0.869656881849795,0.388858606716644,0.633779641005513,"STON2"
"5527",8544,-0.435840722758415,1.37370181587625,-4.4047445606721,5.9931769559314e-05,0.00371576971267747,"PIR"
"5528",85441,0.755203399953362,-2.5589327635633,3.76655647392381,0.00045595720872328,0.0117098968499728,"HELZ2"
"5529",85442,-0.0532988208328367,-2.27696956478494,-0.282949628991314,0.778444110768284,0.88919672566483,"KNDC1"
"5530",8545,0.00666782792014131,-0.633892763346649,0.070657326631031,0.943966941477181,0.975708261576007,"CGGBP1"
"5531",85453,-0.231894696562577,0.0606858728884797,-2.19455690878319,0.0331155470918006,0.149705456283965,"TSPYL5"
"5532",85455,-0.0413063087954817,-3.04289399282524,-0.17949249368123,0.858314012716029,0.932583031781485,"DISP2"
"5533",85456,0.459787770835463,1.11681846598869,4.46084416071668,4.98654605150534e-05,0.00329112039399352,"TNKS1BP1"
"5534",85461,-0.140715497534197,-2.18182266705691,-0.653659498478174,0.516481189339161,0.726761890191181,"TANC1"
"5535",85465,0.0774854074853537,-0.00397851549915144,0.462806651156521,0.645614913644681,0.811831034793197,"SELENOI"
"5536",85476,-0.321608706039589,2.18682521878746,-5.07901660446146,6.28506660055038e-06,0.00129723199099707,"GFM1"
"5537",85477,-0.0412849759904498,0.612350776202149,-0.217050171085775,0.829098241742547,0.915447856726182,"SCIN"
"5538",8548,0.0720107963036547,-2.49950586531946,0.361670628973107,0.719201066833587,0.857675567947262,"BLZF1"
"5539",8554,0.0585629582645264,-1.82287135584596,0.46363546808343,0.645025191770275,0.811470511802818,"PIAS1"
"5540",8559,-0.0673889427303915,-1.58133737398631,-0.715549695928689,0.477769975367346,0.698097859004593,"PRPF18"
"5541",8560,0.168136789881292,-1.52529133002885,1.10388763585216,0.27519923127165,0.529668638040101,"DEGS1"
"5542",8562,-0.064221811833534,1.86400419837201,-0.767907586192429,0.446340432850577,0.67452672069612,"DENR"
"5543",8565,-0.00351352431544583,1.8258708972584,-0.0574698328298809,0.954411861402284,0.978973931364843,"YARS1"
"5544",8567,-0.101397469207252,0.255294644220508,-0.999721256689404,0.322507946434908,0.576181580064144,"MADD"
"5545",8568,0.204079518407465,-0.16663160488371,2.36280049164333,0.0222792623367751,0.118913141063587,"RRP1"
"5546",8569,0.284597682132284,-2.08168648363958,1.64238179725875,0.107111504430555,0.307038797819719,"MKNK1"
"5547",857,-0.348873656755962,2.19351394086234,-1.62647784328074,0.110460627583321,0.311727509014449,"CAV1"
"5548",8572,0.488874429656006,0.605249886542815,3.70733052850594,0.000546771996518371,0.0132129390339754,"PDLIM4"
"5549",85865,-0.0900567274162922,-0.388503251712611,-1.17006957146908,0.247806591573794,0.497969160432157,"GTPBP10"
"5550",8602,0.162369763748386,-0.759430642440437,1.42521309639508,0.160629598060713,0.386163388188335,"NOP14"
"5551",8603,0.0318727209722809,-4.11979902249841,0.141820705388203,0.887821053505795,0.946804040521942,"FAM193A"
"5552",8604,-0.350190963814377,3.71119020161058,-3.84715702019364,0.00035539017231663,0.0100990040633309,"SLC25A12"
"5553",8605,-0.0333806239026895,-1.17400321577523,-0.16113604956638,0.872669209429284,0.939360436323169,"PLA2G4C"
"5554",8611,-0.158913229891131,-0.581528634255439,-0.993475138813772,0.325509357469058,0.578955791406861,"PLPP1"
"5555",8613,-0.537341118749029,-0.969300975648874,-2.41377447055787,0.0196919149572935,0.110787327229943,"PLPP3"
"5556",8618,-0.35430503055243,3.32458394814727,-3.0045048362149,0.00423611813266901,0.0429773439641693,"CADPS"
"5557",8621,-0.256127392832945,-0.727673841864568,-2.52853835107744,0.0148308845871939,0.0910319695961959,"CDK13"
"5558",8622,0.287293332814567,-2.45013682844795,1.60454913605933,0.115217903302232,0.320003389352533,"PDE8B"
"5559",8623,-0.236883631480923,0.761664884916733,-1.80145172412374,0.0779768002626835,0.248403617871715,"ASMTL"
"5560",8624,-0.00425188210706404,-0.117504935820496,-0.0510879770937075,0.959469513975424,0.980485582729086,"PSMG1"
"5561",8635,0.0185487003783686,-0.171995059613429,0.168735489721907,0.866720719446002,0.936818968708135,"RNASET2"
"5562",8639,-0.205237021871661,2.70953147844173,-0.955262754470412,0.344278250685845,0.597112151090624,"AOC3"
"5563",8644,1.10587616266306,3.4101256813527,3.56779721842956,0.000834480856769387,0.0167935852421328,"AKR1C3"
"5564",8648,0.115715076196171,-2.25414069455819,0.695999018626049,0.489818909485452,0.706862344860802,"NCOA1"
"5565",8649,0.0278342330600556,1.58339600442941,0.184606631800498,0.854323006605271,0.9305740279749,"LAMTOR3"
"5566",865,0.0378287943427578,0.76174761954209,0.490213166729279,0.626238384126468,0.79849619788134,"CBFB"
"5567",8650,0.3046600867191,0.359890535669126,3.89465435353232,0.000306533802959002,0.0093143786265463,"NUMB"
"5568",8653,0.512750990630526,-0.571591154052521,0.797541294069454,0.429103167162416,0.662766794172851,"DDX3Y"
"5569",8654,0.0788676362514256,-0.248444963374347,0.736407307242079,0.465102036649955,0.687770624662633,"PDE5A"
"5570",8655,0.194019232409461,2.52788342092991,1.54318546501722,0.129418151634039,0.342843597207481,"DYNLL1"
"5571",8659,-0.242160169778868,1.26058425504329,-2.06749356859715,0.0441556208138486,0.179008622488426,"ALDH4A1"
"5572",8660,-0.105905896633243,-1.09705849472717,-0.641014110346674,0.524592383058641,0.731640092527593,"IRS2"
"5573",8669,-0.0581085872154368,1.31161742650599,-0.686590421553099,0.495676968379696,0.71102248934671,"EIF3J"
"5574",867,-0.0229826892279883,-2.77728086240329,-0.15088031432857,0.880708653299167,0.943182182244288,"CBL"
"5575",8671,0.556493821543197,0.552714481051101,1.99898154434308,0.051346308716358,0.197470954198625,"SLC4A4"
"5576",8673,0.394508024813321,1.28205939439089,2.92185277311549,0.0053106663526205,0.049084416672442,"VAMP8"
"5577",8674,-0.184785836366425,-1.76646141229801,-1.35500640924078,0.181820781466151,0.41190082528402,"VAMP4"
"5578",8675,-0.161514914436509,-0.490143532730167,-1.20062233570944,0.23584720347861,0.482543378317237,"STX16"
"5579",8677,-0.0947445399480875,-1.15604635209446,-1.11265537578251,0.271452286691401,0.526317660135454,"STX10"
"5580",868,0.199611460657018,-2.16052383252262,1.55705905513362,0.126090616768814,0.337047494775725,"CBLB"
"5581",8682,0.286828901423414,1.21162707802995,2.01311295387352,0.0497853813687817,0.194020743391481,"PEA15"
"5582",8690,0.19252003379911,-4.08717015157462,0.995067956594264,0.324742194911469,0.578262288827433,"JRKL"
"5583",8694,0.299089054291763,-1.78523464570521,2.78626089198256,0.0076376654929604,0.0602734216903159,"DGAT1"
"5584",87,0.316170856855306,3.53254982397747,3.98068359873586,0.000234055813151555,0.00815271543224326,"ACTN1"
"5585",8702,-0.130461711351101,-0.322727664634081,-1.51393863491961,0.13666328331775,0.352305431753193,"B4GALT4"
"5586",8703,-0.304868683078224,-0.735200865233728,-3.01593075485335,0.00410468898996534,0.0421325541059041,"B4GALT3"
"5587",871,0.343701862936473,2.50006971598645,1.44234308618101,0.155763124459575,0.379997638288104,"SERPINH1"
"5588",8714,0.407976593573748,-1.24578346165509,2.42695969781853,0.0190682884206707,0.108071241298316,"ABCC3"
"5589",8715,-0.255885206270552,-0.0329131031550365,-2.43984575617756,0.0184760795879893,0.106285076392763,"NOL4"
"5590",8717,0.241713607141802,-0.764581557799927,2.34462391656245,0.0232732001819091,0.122199232435037,"TRADD"
"5591",8720,-0.0228493681634894,-1.35758609697371,-0.180564661696891,0.857476993627544,0.93186858832965,"MBTPS1"
"5592",8721,0.283099036735018,1.51541942254196,2.19352056192688,0.0331947093519837,0.149705456283965,"EDF1"
"5593",8724,0.0148240423742529,2.20226014684605,0.162343561411988,0.871723519214008,0.939064958313315,"SNX3"
"5594",8725,0.130029603411798,-1.11828209110162,1.22287673974832,0.2274051066119,0.472676107139805,"URI1"
"5595",8726,-0.101040432042054,-1.8941163814691,-0.496342128204933,0.621940730175862,0.796355004564666,"EED"
"5596",8727,0.0754246711583622,-0.788553569254996,0.494559117038051,0.623189622994981,0.79657182547755,"CTNNAL1"
"5597",873,0.350533641216006,3.79992615427558,3.3015026798276,0.00183020124635783,0.0262570785715532,"CBR1"
"5598",8732,-0.0875927245261838,-1.29877460296186,-0.820077545682834,0.416265581181299,0.651961759961933,"RNGTT"
"5599",8733,0.209070265337731,0.199767232562562,2.59378446721305,0.0125808337307683,0.0822654989870927,"GPAA1"
"5600",8737,0.11301918985328,-0.449241031404955,1.41957522008428,0.162256944792788,0.387522617563476,"RIPK1"
"5601",8738,0.000947480613691321,-0.981657016463585,0.00741022320150434,0.994118566508065,0.997837193305396,"CRADD"
"5602",874,0.513993371831568,-1.32540939918305,2.66739897215217,0.010419486260461,0.0721019570826331,"CBR3"
"5603",8743,0.600857550144254,-1.90232098455034,3.20432154361,0.00241934339286543,0.0298791342965956,"TNFSF10"
"5604",8751,0.0888099504944515,-4.98113246993302,0.260254679446112,0.795791480372961,0.896796571449212,"ADAM15"
"5605",8754,0.421073094174725,-1.48627859979094,2.38803392194866,0.0209625735303083,0.115000179578859,"ADAM9"
"5606",8760,-0.180069606129206,1.12220852203776,-1.72455737427385,0.0911056838671634,0.275200141523941,"CDS2"
"5607",8761,-0.0110109050937255,2.17582964727776,-0.121005568741008,0.9041967267545,0.955326413872066,"PABPC4"
"5608",8767,0.36917413595357,-0.884888073053417,3.1000679996329,0.003248208426847,0.0360833003560802,"RIPK2"
"5609",8772,0.355253145918109,-1.4801688876733,3.19619903893857,0.00247596251015126,0.030237024627818,"FADD"
"5610",8773,0.568434485107233,-0.608707842693043,4.37787333495831,6.54315001215764e-05,0.00389920920141977,"SNAP23"
"5611",8774,0.0817113009174939,1.28312919162597,0.567322094586472,0.573165262650483,0.764303363490911,"NAPG"
"5612",8775,-0.238161536676031,2.76198943763692,-3.33245737350069,0.00167307055086604,0.0251083301741216,"NAPA"
"5613",8776,0.160267392892699,-1.16248205420448,1.96373170660287,0.0554252598647355,0.205705968023266,"MTMR1"
"5614",87769,0.603492358317363,-0.248660920176059,3.73968083177229,0.000495207805252096,0.012406471463826,"GGACT"
"5615",8777,-0.187454694112037,-2.16978059935327,-1.70693868753933,0.0943593214176022,0.281975421061948,"MPDZ"
"5616",8780,0.0669619139730042,-0.689684157882407,0.321629976072532,0.749143230834332,0.87602231870092,"RIOK3"
"5617",8789,0.221194928570859,1.43079032076011,1.0667883986981,0.291456150368775,0.546246672049937,"FBP2"
"5618",8790,0.0143029775937351,-1.42937801993897,0.160085865726266,0.87349183739266,0.939360436323169,"FPGT"
"5619",8799,-0.278508537718345,0.96531131433016,-2.85908161492901,0.00629097326863366,0.0542331375321256,"PEX11B"
"5620",8801,0.152135573539164,2.53472015455245,1.57819853649138,0.121152946971703,0.329334273034682,"SUCLG2"
"5621",8803,-0.338921983803287,3.44097741051876,-4.95219328979308,9.66974393284184e-06,0.00159927698362553,"SUCLA2"
"5622",8805,0.0926365537726155,-1.43599773090253,0.772837553164155,0.443444876837968,0.671899445576759,"TRIM24"
"5623",8813,0.0201053184514972,2.47203008078331,0.265384557020561,0.791860880845372,0.894779471028883,"DPM1"
"5624",8815,0.303509453717093,1.0027870345311,1.53517809923567,0.131370492385306,0.345595586058541,"BANF1"
"5625",8816,0.072808455317922,-0.282132051085967,0.981337379750407,0.331395289038842,0.584710611242327,"DCAF5"
"5626",8821,0.675696034452023,-1.96210967702341,4.76780834877222,1.79993035249655e-05,0.00206399396261187,"INPP4B"
"5627",8824,0.126805991474668,-1.95800242039523,0.872441964719922,0.387353383857334,0.63250201386441,"CES2"
"5628",8825,-0.775209636980712,-2.71803807298288,-3.32746299704817,0.00169752594579546,0.0253466590569424,"LIN7A"
"5629",8829,0.183957491142202,0.416512703525326,1.73136787694099,0.0898731827534305,0.272146815856219,"NRP1"
"5630",883,0.00755319093366968,-1.06155455084979,0.0729858480873054,0.942123656514546,0.974738051669029,"KYAT1"
"5631",8834,-0.114803075691971,2.0394700685729,-1.39419968256247,0.169740795948995,0.397211760024659,"TMEM11"
"5632",8836,0.131464986586605,-0.110075593516379,1.2541846402267,0.215907960187182,0.456822840271949,"GGH"
"5633",8844,0.0228664723250982,-1.26584791943214,0.178388744239989,0.859175858460248,0.932725268064457,"KSR1"
"5634",88455,0.025605030546536,-0.515124903799336,0.339352289761994,0.735839229776935,0.867727574216293,"ANKRD13A"
"5635",8846,0.297625289592081,-4.03974400003558,1.22376665046847,0.227072203792092,0.472464131144359,"ALKBH1"
"5636",8848,-0.222931735607462,-0.62471907713143,-1.75669116023893,0.0854112963636321,0.263576941719444,"TSC22D1"
"5637",8850,0.175089976960338,-2.36703535024405,1.04734257061097,0.300238450178734,0.554616965820401,"KAT2B"
"5638",8853,0.0280994984755738,-3.7371177745257,0.113734524176017,0.909927298439767,0.958091541154723,"ASAP2"
"5639",8854,0.527004466949054,-2.61382594303776,1.5544091362542,0.126720824695759,0.337592197041045,"ALDH1A2"
"5640",8861,0.148942238682301,-0.418026051120322,1.3431086716977,0.18561518072862,0.415956911030401,"LDB1"
"5641",8867,-0.435169519073756,0.209534901709504,-5.04024048099659,7.17196507789385e-06,0.00137567255150351,"SYNJ1"
"5642",8871,0.127834297914401,-0.21966255452231,1.16996371445618,0.247848775679414,0.497969160432157,"SYNJ2"
"5643",8872,-0.119347256464881,-1.95068869182123,-0.605384113029925,0.547803635127276,0.748701561436477,"CDC123"
"5644",8878,-0.00327321004649361,2.52348466726487,-0.0139868776688201,0.988898995530437,0.995803149928982,"SQSTM1"
"5645",8882,0.156430048898436,0.100876852681717,2.1515001441936,0.0365483902303561,0.159060747572735,"ZPR1"
"5646",8884,0.15161912720691,-3.20070842334422,0.84680394988005,0.401347997929814,0.641773145820772,"SLC5A6"
"5647",8886,0.148108432846345,0.565173148830098,1.52923184662967,0.132835483623784,0.347710252413824,"DDX18"
"5648",8887,-0.0409019993063405,-0.752063679249042,-0.27130728627356,0.78732957190268,0.892617087613345,"TAX1BP1"
"5649",8888,0.0129127158340125,-0.863801080433142,0.16298400212336,0.871222020267326,0.93899223185265,"MCM3AP"
"5650",889,-0.409082151381796,-2.48135038442252,-3.21570439548764,0.00234205143874486,0.0294622260798353,"KRIT1"
"5651",8895,0.105123437267332,4.24190744584929,1.41259849870292,0.164288479611729,0.390074322744685,"CPNE3"
"5652",8896,0.15538385469682,-1.87232509401274,1.43374007876466,0.158192538330037,0.382729917331402,"BUD31"
"5653",8897,0.0224879051289399,-0.459804074303191,0.285173019787221,0.776750567035491,0.888428659072784,"MTMR3"
"5654",8898,0.12841240691144,-0.250607095644757,1.47757646996994,0.146117231799077,0.365769807823302,"MTMR2"
"5655",8899,-0.00963435120777345,-0.658078145793801,-0.120797509051624,0.904360636034413,0.955326413872066,"PRP4K"
"5656",8904,-0.00567874906425025,1.88087683218503,-0.0228711999212091,0.981848761991452,0.992030897300993,"CPNE1"
"5657",8905,-0.238460087386385,0.604002009891147,-1.52538076518971,0.13379122616522,0.348857496262584,"AP1S2"
"5658",8906,0.257811757415151,0.661285390831472,1.96425707977099,0.055362477605115,0.205705968023266,"AP1G2"
"5659",8910,-0.267927416677613,-1.64763673349698,-1.94336062419908,0.0579072496189666,0.21069039606474,"SGCE"
"5660",8912,-0.0149919565298426,-2.80359661380291,-0.0613012023952523,0.951376378078432,0.977166701580558,"CACNA1H"
"5661",89122,-0.0968930053462813,3.10507385656798,-1.03267857533481,0.306980376357596,0.560702308185499,"TRIM4"
"5662",8915,0.0726394117980462,-1.5926496481202,0.553942164290418,0.582215289859625,0.771837655778611,"BCL10"
"5663",8916,0.120415999600811,-2.15953709457576,0.641862337341509,0.524046201287891,0.731298249070034,"HERC3"
"5664",8924,-0.0608267411519266,-0.37151692644965,-0.792332580422947,0.432103723467514,0.66446316350246,"HERC2"
"5665",8925,0.000933200777316512,-1.09429652935894,0.00973924463235875,0.992270093804224,0.997274026106192,"HERC1"
"5666",8927,-0.242017549062333,-0.752632456740485,-1.97917768400675,0.0536048182246467,0.202602447206208,"BSN"
"5667",8932,0.264850295942716,-1.58677492653183,2.57636479537677,0.0131489014296501,0.0846883074241264,"MBD2"
"5668",8933,-0.168521538793122,-0.591636444683239,-0.766881337416064,0.446944581315717,0.675006445040859,"RTL8C"
"5669",8934,0.137799380578653,0.369578553234683,1.18093745562071,0.243503288075514,0.49409030816777,"RAB29"
"5670",8936,0.893303733314737,3.17042943826215,4.26608115369663,9.4089610822837e-05,0.00481268359358811,"WASF1"
"5671",8938,0.103499990433794,-2.91902840369662,0.417435574453317,0.678239454094716,0.833686403388613,"BAIAP3"
"5672",8940,0.135596650657217,-1.12238934500704,1.78677701270949,0.0803519526511747,0.253038022568449,"TOP3B"
"5673",8971,0.2068273681832,2.43415691341201,1.34843907392449,0.183907814659572,0.414931409684004,"H1-10"
"5674",8974,0.614824797731924,-0.511098738205178,3.7514359473318,0.000477655791592277,0.0121150878049314,"P4HA2"
"5675",8975,0.0707023625503314,-0.413297231890828,0.795640574712073,0.430196653782473,0.663535406995125,"USP13"
"5676",89777,-0.295236586351387,-0.838526769083557,-1.66118038840283,0.103260341538619,0.300100367596612,"SERPINB12"
"5677",89781,0.161503255637439,-2.86540023915687,1.04680365532429,0.300484405818511,0.554698731703464,"HPS4"
"5678",89796,-0.010794617014146,-0.0193809130794641,-0.081515524332145,0.935374272671111,0.97062347824434,"NAV1"
"5679",89797,-0.0509169066668897,-0.899704560564492,-0.322095089833751,0.748793066923756,0.87585831589853,"NAV2"
"5680",89822,0.160399580927975,-1.12937842438282,1.04374825000728,0.301881481985709,0.556404069965691,"KCNK17"
"5681",89848,0.370236060018532,-1.78605544614549,1.91722540239319,0.0612305941902215,0.217244732450624,"FCHSD1"
"5682",8985,0.120596725021677,1.66966007858362,1.50324486881851,0.139391668104308,0.356342244426559,"PLOD3"
"5683",8986,0.149864968250087,-0.894658257862927,1.83806768303872,0.0723064536039882,0.237971588322402,"RPS6KA4"
"5684",8987,0.0416482792400872,1.33228189778622,0.320371072348139,0.750091272203216,0.876111088092863,"STBD1"
"5685",89874,-0.470997720049022,-1.02630963414221,-3.84501055791905,0.000357766814445429,0.0101196898943136,"SLC25A21"
"5686",89890,-0.440746216906048,-0.337575701436769,-4.51970081384064,4.10828743694678e-05,0.00283333351550329,"KBTBD6"
"5687",89891,0.267732973149582,-3.54752029316291,1.33105537562552,0.189520493296875,0.42178273671364,"DYNC2I2"
"5688",8991,0.417331104885807,3.32791373035566,2.59697006604697,0.0124794060151704,0.0820528414157121,"SELENBP1"
"5689",89910,0.0343097948400888,-2.5913192839087,0.195977524139363,0.845463231432792,0.925861429890184,"UBE3B"
"5690",89927,-0.110920863923889,-0.709427763056483,-0.813677637468727,0.419887259606262,0.655960295103904,"BMERB1"
"5691",8994,0.523062074320529,-1.65071470666797,3.97925945899392,0.000235107990761545,0.00815271543224326,"LIMD1"
"5692",8996,0.113291640730596,-2.11999217091416,0.495877085650225,0.622266356654448,0.796355004564666,"NOL3"
"5693",89970,0.46296021750686,-2.56300944268484,2.14544497634123,0.0370554434121258,0.160625926316122,"RSPRY1"
"5694",89978,0.0443915185915698,-2.12971428542138,0.33166813407065,0.741597907312408,0.871645255541481,"DPH6"
"5695",9,0.343718839642852,-0.692370574693308,1.54860586790299,0.128109803724373,0.340111580994898,"NAT1"
"5696",90113,-0.328661424131071,3.12470367354926,-2.78018398242374,0.00776133182420797,0.0607641004298323,"VWA5B2"
"5697",9013,0.337099204584173,-1.40602683500601,1.50279875846931,0.139506421205119,0.356342244426559,"TAF1C"
"5698",9016,-0.528655626336455,-0.191987076596087,-3.17712648216266,0.002613864787834,0.0312070509151296,"SLC25A14"
"5699",9019,0.161294072104113,-0.358975787611206,1.21449232250568,0.230559231818396,0.475663772696529,"MPZL1"
"5700",9024,-0.901753299739007,-2.1338494101138,-4.54764254314318,3.7462113717456e-05,0.00271887465934835,"BRSK2"
"5701",90324,0.145121326601014,-2.85125187296229,0.845794116144709,0.401905559247926,0.642086497309674,"CCDC97"
"5702",90332,-0.652419466382998,-0.73520929628518,-2.99734211983519,0.00432050569472867,0.0434030506616114,"EXOC3L2"
"5703",90362,-0.386649510486825,-6.87573650197888,-1.28365597830844,0.205485217339426,0.442861047763131,"FAM110B"
"5704",9037,-0.40466376749029,-2.53600844376065,-1.96840945215748,0.0548684159108871,0.205209071595927,"SEMA5A"
"5705",90378,0.438439597897773,-2.34840816028978,1.86590032004801,0.0682328719931694,0.231283520452171,"SAMD1"
"5706",90390,0.0164305122121129,-2.39914445093868,0.0841470254959351,0.93329295528607,0.969665014744344,"MED30"
"5707",904,-0.0442749595352163,-1.70971497805986,-0.409304687003742,0.684154732564128,0.838391007827608,"CCNT1"
"5708",90407,-0.0186942530984984,-1.79477489336072,-0.138935751118435,0.890087922936041,0.948664641601219,"TMEM41A"
"5709",90410,-0.135392775034355,-4.14874872388366,-0.800563603186892,0.427367865435504,0.661084666845545,"IFT20"
"5710",9044,0.147606919278963,-1.02181894305388,2.0409653180652,0.0468287473345805,0.186041974847673,"BTAF1"
"5711",90441,0.133942616598878,-0.787425977049108,1.279885680955,0.206797178260364,0.445191239309132,"ZNF622"
"5712",9045,0.0355581163553396,3.82845248477386,0.476671600838251,0.635780191544995,0.806618192580236,"RPL14"
"5713",90459,0.161253164727612,-0.745957540432691,0.831678584411627,0.409749293828113,0.647638377616665,"ERI1"
"5714",90480,-0.101967148844993,-0.652004051615396,-1.06179539316277,0.29369395711552,0.548431246965337,"GADD45GIP1"
"5715",90488,-0.0811465344717947,0.900104289552797,-0.346119230854307,0.730780572223594,0.86543143976624,"TMEM263"
"5716",9049,-0.0195907484053499,1.73523921856369,-0.25395782679278,0.800623545452513,0.899549203666999,"AIP"
"5717",905,0.272830474149067,-2.37445872406786,1.45289357175157,0.152823753681789,0.375513290672066,"CCNT2"
"5718",90507,-0.237567900259403,0.456855338079582,-2.06562862299449,0.0443391043245119,0.179253159943349,"SCRN2"
"5719",90522,-0.385291332055177,-0.36601270688804,-4.55091720933244,3.70587920184174e-05,0.00271887465934835,"YIF1B"
"5720",90523,0.554356984531296,-0.536483055388728,2.10915789796343,0.0402254649865965,0.170161201990165,"MLIP"
"5721",9053,0.0810554118953286,2.20159442134523,0.653480823878125,0.516595328593047,0.726761890191181,"MAP7"
"5722",9054,-0.230511387619645,0.524982037354324,-3.25471379589656,0.00209449472844537,0.0278386982598919,"NFS1"
"5723",90580,-0.0369661912700386,0.751431490198319,-0.426503373946448,0.671666628938266,0.828578034482422,"TIMM29"
"5724",9060,0.123914296340597,3.55261481159557,0.731991094106312,0.467768053617464,0.68929969101166,"PAPSS2"
"5725",9061,0.0691725937977112,1.22106387787326,0.780703787525293,0.438847742781955,0.669229178930593,"PAPSS1"
"5726",90624,0.0537421856945102,-1.03622843687207,0.462351210272246,0.645939067999695,0.811954536019276,"LYRM7"
"5727",90627,0.420608767083491,-2.9673165049983,2.5960064331607,0.0125100084735336,0.0820688042586968,"STARD13"
"5728",9066,-0.229115470948885,1.97116823211595,-1.63168146281812,0.10935555517937,0.310034363829548,"SYT7"
"5729",90673,0.00156652235713878,-0.0437269478276664,0.013464307508929,0.989313719170239,0.995803149928982,"PPP1R3E"
"5730",90678,0.0315436890767415,-0.304791126133345,0.375428101470172,0.709012356303101,0.853286385397442,"LRSAM1"
"5731",90701,-0.160169597666735,2.56163864070472,-1.16826921777301,0.248524739960386,0.498837427690272,"SEC11C"
"5732",9076,1.26521370589629,-1.82814103481818,3.67166014985032,0.000609602946478981,0.0138583069832888,"CLDN1"
"5733",90780,0.312798255421145,-2.30423453854251,1.74441454865717,0.087550787262732,0.267356583193358,"PYGO2"
"5734",90806,0.13545771995505,-1.96644158877795,0.809139842912453,0.422466716478853,0.657146656296807,"ANGEL2"
"5735",90809,0.0693065719973136,-2.34944650564731,0.386752511548835,0.700665577637148,0.848243294231713,"PIP4P1"
"5736",90826,-0.000623816192859117,-1.1538472750456,-0.00658567744887816,0.994772991456921,0.997856500847904,"PRMT9"
"5737",90850,0.112259168496362,-0.883406265999382,1.1405465694869,0.259773146571989,0.512082750672772,"ZNF598"
"5738",90861,0.504307517057577,-0.501799618217226,2.6993089932288,0.00959310095812601,0.0683091109988137,"JPT2"
"5739",9091,-0.110189771836933,-2.56291678389052,-0.373473260088256,0.710456883363711,0.853286385397442,"PIGQ"
"5740",9093,-0.188966911817408,1.16678395354968,-2.53941170627506,0.0144321549620893,0.0897434083266674,"DNAJA3"
"5741",90933,0.0780512591821472,-2.82692832780811,0.328068424924339,0.744300777294848,0.872611112413469,"TRIM41"
"5742",9094,0.371093924218052,-3.25134909800315,1.94743835259408,0.0574029293260191,0.209679279582874,"UNC119"
"5743",90952,0.105469938754612,-1.83089016027074,0.507057943971409,0.614458684052163,0.794009979518353,"ESAM"
"5744",90957,0.0187491950343659,-1.24920476034374,0.16045763369993,0.873200608641093,0.939360436323169,"DHX57"
"5745",91,-0.252887412680482,-2.73767758113451,-2.23985302245125,0.0298145249184483,0.140016491162537,"ACVR1B"
"5746",9101,-0.0700404404775128,0.401370434294549,-0.96703637981265,0.338420805986097,0.591465520257023,"USP8"
"5747",91010,-0.149946397205162,-1.31088894172889,-0.882744602992855,0.381817156953132,0.628040335895107,"FMNL3"
"5748",91012,-0.0276462303831415,-1.53954698719973,-0.23255492168124,0.817105518057453,0.908421240687674,"CERS5"
"5749",9104,-0.171382777296092,1.45599337956591,-1.40827153620667,0.165558335827169,0.392051336924059,"RGN"
"5750",91050,-0.211563586165356,-1.75713227610709,-1.70764564661319,0.0942269408089225,0.281854270314408,"CCDC149"
"5751",9108,-0.235349509738924,0.812689012145402,-1.85141485858774,0.0703280043642994,0.235116171453197,"MTMR7"
"5752",91107,0.631771900598076,-1.59521338137536,3.20446921595974,0.00241832542399384,0.0298791342965956,"TRIM47"
"5753",9111,0.31169842259415,-0.909949178187386,1.49240681171064,0.142200831086391,0.360057716005207,"NMI"
"5754",9112,-0.0124395285200865,0.516781776568386,-0.193875392682111,0.847099651259516,0.926720575003362,"MTA1"
"5755",9113,0.208591181514168,-1.35196539661438,1.34417394194622,0.185273003533053,0.415341744224208,"LATS1"
"5756",91137,-0.23635287179943,0.294441796978265,-2.40434854286594,0.0201489373106751,0.112635862671151,"SLC25A46"
"5757",9114,-0.288677997761968,3.42570781325048,-2.8806255393356,0.0059369897183297,0.0524842890611551,"ATP6V0D1"
"5758",91147,-0.123479200182913,-2.54679325734532,-0.801550016612472,0.426802416352561,0.660400932214369,"TMEM67"
"5759",9118,0.444544103396699,1.57580078240504,2.4540325136392,0.0178433409715647,0.103788784129849,"INA"
"5760",9124,0.387999179780248,2.99584005612545,3.66811711309182,0.000616209199173485,0.013956797286077,"PDLIM1"
"5761",91289,0.117573371604351,1.67986484114104,1.09979129262604,0.276962256423391,0.531746740671495,"LMF2"
"5762",91298,-0.10882236084348,-2.0687320006156,-0.854375298386747,0.397182896357257,0.638825062696193,"RLIG1"
"5763",9130,0.14707057093558,0.427103163023366,1.70149597272089,0.0953836475479403,0.283930566755217,"FAM50A"
"5764",91304,0.221769438642839,-3.04261298799473,1.129044111015,0.264545470351648,0.518613892372538,"TMEM259"
"5765",91368,0.180627987642731,-1.62050206380589,0.944124312395264,0.349880783992059,0.602065672033434,"CDKN2AIPNL"
"5766",91369,0.11510981431611,-3.18679616335276,0.569729616725699,0.571544179086952,0.763634778240251,"ANKRD40"
"5767",91373,-0.262121206442252,0.173023212852893,-2.21521975181244,0.0315716255203479,0.145158529920521,"UAP1L1"
"5768",91408,0.0776291585264588,1.48098485634827,0.804008089471406,0.425395316219864,0.65927608800171,"BTF3L4"
"5769",9141,0.469685771735147,0.188626840735784,2.26113275412203,0.0283670405771861,0.135816610813392,"PDCD5"
"5770",9143,-0.315218277589483,0.525450022854462,-1.96319140822159,0.0554898895267459,0.205705968023266,"SYNGR3"
"5771",91433,0.286518066286595,-1.78126155607646,2.27803752718245,0.0272620220972934,0.132765447526679,"RCCD1"
"5772",9144,0.0635533059429711,3.25577500522767,0.500133029184954,0.619289163484148,0.796274302412765,"SYNGR2"
"5773",91445,0.0498852927645672,0.64861631762966,0.522390854479632,0.60382462879943,0.787370285830055,"RNF185"
"5774",9145,-0.0351098281956664,0.788064423335411,-0.390122694729941,0.698188674847444,0.846765873584986,"SYNGR1"
"5775",9148,-0.1118559470124,0.071056006281107,-0.934472268606589,0.354783681317315,0.60557904224852,"NEURL1"
"5776",9150,0.125517576039156,-0.196184678888736,1.45600493069418,0.151965291443353,0.374152811423706,"CTDP1"
"5777",91526,0.28901155525576,-2.23477462160983,2.73058633095997,0.00884200533907721,0.0654994048482989,"ANKRD44"
"5778",9158,-0.0335469518642797,-0.0492616090278056,-0.38149663289678,0.704534918548071,0.849668213003689,"FIBP"
"5779",91582,0.286685840232309,-1.05178212458798,2.55978023324599,0.0137113803462972,0.0869426162867481,"RPS19BP1"
"5780",91603,0.132046797667781,-5.028772931853,0.440995056897311,0.661216039710654,0.821567621810525,"ZNF830"
"5781",91624,0.0764881996631026,-0.602009246513993,0.450119449519271,0.65467065647773,0.81707370668164,"NEXN"
"5782",91647,-0.355000220256452,0.0141302803139677,-3.97205535528932,0.000240501029202942,0.00815271543224326,"ATPAF2"
"5783",9166,0.0538385259550981,-1.09202728482442,0.238086186335244,0.812837666239202,0.906302923774064,"EBAG9"
"5784",91663,0.166513922981093,3.18203938208445,1.63300687084082,0.109075529071366,0.309606767227659,"MYADM"
"5785",9167,0.182643107281901,0.921125181684806,1.62752186431976,0.110238186070106,0.311638082666788,"COX7A2L"
"5786",9168,0.0742371261566823,-0.620489298838444,0.405881166279732,0.686651389554216,0.840412009787393,"TMSB10"
"5787",91689,0.118964422793302,-0.360316572198321,0.555579865090678,0.581103877438844,0.771203372912352,"SMDT1"
"5788",9169,0.299989556639075,-1.31327872231627,2.95493548109448,0.00485319323072458,0.0464725429800116,"SCAF11"
"5789",91703,0.333817732946757,-1.836796155793,1.45842760192299,0.15129947355943,0.373262125686406,"ACY3"
"5790",9173,0.345951308472981,-0.707091395116628,2.76415263225325,0.00809650861982257,0.0618883809569999,"IL1RL1"
"5791",91748,0.167342839408986,-1.12648116840135,1.51940164648436,0.135285961535397,0.351009689066072,"MIDEAS"
"5792",91768,0.0392858451050246,-4.11407359445538,0.230207342660966,0.818918580302696,0.909119595930177,"CABLES1"
"5793",9179,0.242492503712795,-1.74996590295432,1.27081797226932,0.209978165638529,0.44831232049648,"AP4M1"
"5794",9181,0.293596930685311,-0.437605238484412,2.22818387999996,0.0306357826512197,0.142672559873434,"ARHGEF2"
"5795",91833,-0.00520560152339544,-1.24640366690194,-0.0531472354528032,0.957837347318982,0.980030944798118,"WDR20"
"5796",9185,0.015620377982779,-1.15637283954338,0.160553235975114,0.873125720354645,0.939360436323169,"REPS2"
"5797",91869,0.130693999187052,0.342662311955569,1.31597728889574,0.194493423703975,0.426741788081288,"RFT1"
"5798",91875,-0.297692638585583,-0.270705493963167,-2.89098226249244,0.00577349254593741,0.0520377345770393,"TTC5"
"5799",9188,0.118510842777162,2.02745889824803,1.11107130687237,0.272126566186486,0.526627545571677,"DDX21"
"5800",9189,0.168653164341285,-1.78229199991771,1.06492347233323,0.292290601089931,0.547063975350824,"ZBED1"
"5801",91894,-0.0927500322513113,-1.96221419018584,-0.527882892344087,0.600036510832304,0.785955648508123,"C11orf52"
"5802",9194,0.861513241071142,-2.81780720479733,4.07209618638996,0.000175268534464672,0.00702351133941402,"SLC16A7"
"5803",91942,-0.102690400810906,0.581176817408335,-0.945021572894522,0.349427271315723,0.602065672033434,"NDUFAF2"
"5804",9197,-0.263600755723977,0.87923995049805,-2.96337442097842,0.00474253187700377,0.0456908798872201,"SLC33A1"
"5805",91978,-0.130237938418115,-2.11278436756743,-0.905864722003704,0.369576753103087,0.618902029603431,"TPGS1"
"5806",92017,-0.0968491070255746,-0.709786342899615,-0.883034303769515,0.381662210590528,0.628040335895107,"SNX29"
"5807",9202,0.0989354567239356,-1.56234810740927,0.68269120657592,0.498115995210444,0.713187772008796,"ZMYM4"
"5808",9203,0.69854317650256,-3.38193237835023,2.20142103384846,0.0325954208921583,0.147762698254112,"ZMYM3"
"5809",9208,0.346255567490888,1.18119031095796,3.17643186876728,0.00261902132371078,0.0312070509151296,"LRRFIP1"
"5810",9209,0.212885195462944,-1.11124952183203,2.38235760720462,0.0212525132999297,0.115953712564417,"LRRFIP2"
"5811",92092,0.0270632997337356,-0.651641699513594,0.28301983256613,0.778390620466613,0.88919672566483,"ZC3HAV1L"
"5812",92104,-0.0813467516425883,-0.987993889888831,-1.00889085237447,0.318135579435536,0.571805618323667,"IFT70A"
"5813",92106,0.216429056907132,-2.58151702214346,1.44347766505547,0.15544492121008,0.379523041522464,"OXNAD1"
"5814",9213,-0.00667200700027598,-0.497307990151023,-0.0627781970124105,0.950206389832309,0.976373814617883,"XPR1"
"5815",92140,-0.00569342917514026,3.15082171295075,-0.0552847056358976,0.956143383011801,0.97985634091143,"MTDH"
"5816",92154,-0.0581645905934501,-0.581207763613951,-0.358891903231092,0.721265312887939,0.858969051320561,"MTSS2"
"5817",92162,-0.547823590225814,-1.40934616866796,-1.96738082149143,0.0549904507284044,0.205425734524012,"TMEM88"
"5818",92170,-0.0942953422652954,0.0208511288228816,-0.975601176323894,0.334201490949442,0.587941745900738,"MTG1"
"5819",92181,-0.525863899842671,-3.01096847675657,-1.96552439651226,0.0552112844535599,0.205705968023266,"UBTD2"
"5820",9221,0.0537062841279239,1.03316340105348,0.548924820309331,0.585626631162752,0.774192604367214,"NOLC1"
"5821",9223,0.315847016340017,-0.413679676220196,3.93520683516126,0.000270011925623825,0.00863194374728665,"MAGI1"
"5822",92255,-0.291229581300983,0.661741119789636,-2.82411163172492,0.00690752680165027,0.0573726650994984,"LMBRD2"
"5823",92259,0.179128440298036,0.638643648379877,0.89161783251884,0.377089388682805,0.625252245916006,"KGD4"
"5824",92291,-0.658513030066978,-0.531410138062262,-3.01429941592308,0.00412321736381217,0.0421325541059041,"CAPN13"
"5825",9230,-0.180435362292696,1.96897566339668,-0.706427639516133,0.483370921412806,0.702726579658022,"RAB11B"
"5826",9231,0.014576338204989,-1.78578554600708,0.124055469150052,0.901794504459275,0.954162343821342,"DLG5"
"5827",92344,0.117834396250576,-1.93258726301035,0.641497281552835,0.524281227455434,0.731372312300331,"GORAB"
"5828",92345,-0.149691179010317,-2.45389114184705,-0.819034333934788,0.416854629008838,0.652384934435555,"NAF1"
"5829",92359,0.459688385038351,-3.23479281746793,2.23910688281072,0.0298664468621378,0.14004602814347,"CRB3"
"5830",9236,-0.0560806135891103,-0.488841365765563,-0.57347574253159,0.569026241964955,0.761929117186059,"CCPG1"
"5831",9238,-0.132698557755837,0.658267333176007,-2.14566891857307,0.0370365812444364,0.160625926316122,"TBRG4"
"5832",92399,-0.0781540894707629,1.37124726893749,-0.930803713322885,0.356658861238173,0.607091539179121,"MRRF"
"5833",9240,-0.166584499790498,-1.08878917227915,-1.81217489342677,0.0762787519722435,0.244950262957349,"PNMA1"
"5834",92421,0.214690639457246,-1.36548582251151,1.66638852291065,0.102213701509672,0.29844796660984,"CHMP4C"
"5835",9245,0.254001356151368,-1.40088144665643,1.05901739967422,0.294944157487187,0.549820052868345,"GCNT3"
"5836",9246,0.272531988107209,-0.427257427023915,1.90741722708093,0.0625191946706306,0.219156377434798,"UBE2L6"
"5837",9249,0.243215473901845,-0.452534639408717,1.41993352532677,0.162153141105154,0.387425449631544,"DHRS3"
"5838",9252,0.326597257042438,-3.64160708507905,1.82901397454363,0.0736750819869732,0.239842358516245,"RPS6KA5"
"5839",92521,0.583828419750988,-2.81504477377717,2.9530584476163,0.00487813255714265,0.0465863752119781,"SPECC1"
"5840",9253,-0.0374818601690446,0.349887231024193,-0.423511857926675,0.673832208861871,0.830268104905651,"NUMBL"
"5841",9254,-0.360305628660501,1.24992921513272,-1.99788726155476,0.0514689255751027,0.197706877173997,"CACNA2D2"
"5842",92597,0.193420296134105,1.68722365382603,1.7164601976003,0.092589246822138,0.278175622611005,"MOB1B"
"5843",9260,0.47647799445525,-0.0704400540935557,3.15126846341812,0.00281242412663028,0.0327564692395762,"PDLIM7"
"5844",9266,0.0866110411997629,0.23095398548625,1.08323526461613,0.284168635609651,0.539007133922138,"CYTH2"
"5845",92675,0.0546595905639411,0.969655687520531,0.674105903881525,0.503509395517229,0.716896467103862,"DTD1"
"5846",92689,-0.0697113121372679,1.000951117974,-0.892442111771404,0.376652100562859,0.625087752403575,"FAM114A1"
"5847",9270,-0.129404291497265,-2.13392439083622,-0.820310696114691,0.416134002497263,0.651961759961933,"ITGB1BP1"
"5848",92714,0.207594149471287,-1.34516369498729,1.7723497886897,0.0827458628101922,0.257814266969015,"ARRDC1"
"5849",9274,0.02875425527521,-1.87624158310046,0.220452697489087,0.826462802481117,0.913529386210895,"BCL7C"
"5850",9277,0.114821515329549,-0.671990048927847,1.0968945356977,0.27821377558578,0.532982570082871,"WDR46"
"5851",928,0.141530031532968,1.61677611681738,0.920130099805596,0.362151243316032,0.613209470751394,"CD9"
"5852",9282,0.134075839271704,-1.57917618439997,1.41289085993307,0.164202952597881,0.390045558454255,"MED14"
"5853",92840,0.510937449114659,-0.55621747675882,2.08071939237594,0.0428732641468268,0.176024144035601,"REEP6"
"5854",92856,0.0945269229715016,-0.0491448499072224,1.06338093622348,0.292982050143662,0.547571271211499,"IMP4"
"5855",9289,-0.182297019972107,0.885412200022042,-1.37430471940282,0.175792870866722,0.404516866711643,"ADGRG1"
"5856",929,-0.0973890191620321,-1.00822154526583,-0.616219030071442,0.540690095059374,0.743615461231109,"CD14"
"5857",92935,-0.183368289983742,-0.239097518180028,-2.76051054518289,0.0081744963775268,0.0623292655469062,"MARS2"
"5858",9295,0.082221020484386,0.899105820729723,0.643863693760123,0.522758701114966,0.730954699356063,"SRSF11"
"5859",9296,0.24652215799626,-0.541978344702423,1.23386550994513,0.223319461202697,0.467189793068218,"ATP6V1F"
"5860",93010,0.532720611021507,-2.64678881833747,2.43059537420853,0.0188994920538448,0.107320611960678,"B3GNT7"
"5861",93100,-0.126687420542232,1.17550075505704,-0.522447423312065,0.60378555414214,0.787370285830055,"NAPRT"
"5862",93145,-0.347095823350299,0.386724775724985,-1.75431360727084,0.0858222029382855,0.263881144567287,"OLFM2"
"5863",9317,0.165355151806952,1.69338237496075,1.34717676914336,0.184311051667127,0.414954731161065,"PTER"
"5864",93183,0.612732927603203,-2.8649977939468,2.57312490300425,0.0132571025431215,0.0850564854084472,"PIGM"
"5865",93185,-0.0757387221299565,-0.63798858847171,-0.437877537190523,0.663458565769209,0.823021155353962,"IGSF8"
"5866",9320,0.244224299403525,0.152547201661234,3.00235277426573,0.00426130920979786,0.043161577441814,"TRIP12"
"5867",9322,0.428419520780084,-0.429385159867904,4.36000652235357,6.93577854378611e-05,0.00409344314439992,"TRIP10"
"5868",9324,0.354333165551862,-4.95764686698323,1.9540964257871,0.0565875797242749,0.208109385468903,"HMGN3"
"5869",93343,0.149906379731771,-3.77622728697669,0.527698260546225,0.600163679741472,0.785955648508123,"MVB12A"
"5870",93380,0.22950168597189,0.667960671847686,2.72869948706318,0.00888573384779087,0.0657116076599281,"MMGT1"
"5871",9341,0.354587947071144,0.637381874388037,2.31881697169856,0.024752606557176,0.127033025959821,"VAMP3"
"5872",9342,0.0113414520944292,0.282826458959611,0.121669217426391,0.903673932957412,0.955183502754021,"SNAP29"
"5873",93436,0.0423063094311282,-0.574925379858272,0.417346713740597,0.67830399128751,0.833686403388613,"ARMC6"
"5874",9344,0.0576083200672575,-1.09571190069395,0.695155046910906,0.490342816203808,0.706862344860802,"TAOK2"
"5875",93487,0.930456060151272,-2.30178862595927,3.24158042727405,0.00217493716641603,0.0283950679791097,"MAPK1IP1L"
"5876",9349,0.166235358053646,3.20380065311036,2.06492659947599,0.044408344998349,0.17932790894728,"RPL23"
"5877",9351,-0.202807904577578,0.208403049846058,-1.47347122814106,0.147216265413691,0.367771036674496,"NHERF2"
"5878",93587,0.250530051849375,-3.04951786602895,0.934766618959,0.354633503112425,0.60557904224852,"TRMT10A"
"5879",9360,0.141953247293578,0.00594933933333128,2.10997199590072,0.0401518213154729,0.169966813265085,"PPIG"
"5880",93624,0.136009084585192,-3.45628956962738,0.75342805978513,0.454908743291536,0.680367901150938,"TADA2B"
"5881",93627,-0.191946513050026,-1.18852670226506,-2.08269634828434,0.0426843984441651,0.175483481346474,"TBCK"
"5882",9364,-0.232882924192616,-0.351882674428764,-2.3072968177155,0.0254397278170946,0.128306531915634,"RAB28"
"5883",93643,0.029773402032512,-1.08835283040165,0.399512374106826,0.691305312000543,0.842988754186479,"TJAP1"
"5884",93663,-0.0686468413966956,0.466448210892431,-0.68863995830271,0.494397589641154,0.710349345790591,"ARHGAP18"
"5885",93664,0.163517982906298,-0.349195231538206,1.45029050189478,0.153544893530813,0.376682076935305,"CADPS2"
"5886",9367,0.193054545486717,-0.805137764368808,1.79405112847493,0.0791671376453068,0.25112552499581,"RAB9A"
"5887",9368,0.147915214652063,2.21114578364159,1.48583415225078,0.143926159113984,0.361642376268868,"NHERF1"
"5888",9371,-0.137369892020422,0.310386703156113,-1.80981080194493,0.0766504158211601,0.245553367594092,"KIF3B"
"5889",9372,-0.0657405980565335,-1.60580952709494,-0.533019008285507,0.59650396031761,0.783007123274057,"ZFYVE9"
"5890",9375,0.00713430852342678,1.64777308820526,0.0839332470942368,0.933462020391018,0.969665014744344,"TM9SF2"
"5891",9377,0.167604514722502,3.13215850113786,0.981302670612078,0.331412221653968,0.584710611242327,"COX5A"
"5892",9379,0.227612509627448,-1.16273207349546,0.728707912509088,0.469755722140479,0.691287610284886,"NRXN2"
"5893",9382,-0.288582275270189,0.95405806713674,-4.12723408262041,0.000147027177284209,0.0064924662889962,"COG1"
"5894",9391,-0.249158441147808,0.0971540378611507,-2.81693331773499,0.00704082342077139,0.0580088243714024,"CIAO1"
"5895",9394,-0.207694278086152,-0.2925424270359,-1.83684972246234,0.0724893104636614,0.238055684045317,"HS6ST1"
"5896",9397,0.00728388345036723,-1.50778627962049,0.0583137499803713,0.95374319005555,0.978778749466806,"NMT2"
"5897",93973,-0.161679911710599,-1.6428149537711,-1.71236716973826,0.0933467527692804,0.279903453101047,"ACTR8"
"5898",93974,0.195140062195545,1.32878458893931,0.847136272482134,0.401164616882497,0.641737925052063,"ATP5IF1"
"5899",94005,0.184201711666311,-0.0630831108876864,2.17419950127528,0.0347014612310457,0.154446334899886,"PIGS"
"5900",9403,0.184413062574873,1.24736089888671,1.35710895210656,0.181156459596017,0.41121980362439,"SELENOF"
"5901",94056,0.0557494473714529,0.101711697506993,0.596251068705153,0.553836694661334,0.752090626511343,"SYAP1"
"5902",94059,-0.0456870862933898,-0.689751180955971,-0.344074943740604,0.732307527197521,0.865605472490646,"LENG9"
"5903",9406,-0.0882863218806409,0.567302750925036,-0.700178301984029,0.487229149565007,0.70533104590889,"ZRANB2"
"5904",94081,-0.248720998610359,3.79314856609561,-2.80192950958073,0.00732716297394088,0.0590987205440856,"SFXN1"
"5905",9409,-0.0150316079846833,-0.216706687051295,-0.155094437564066,0.87740362745445,0.941113006538405,"PEX16"
"5906",94097,-0.204361188555685,0.270154401183068,-1.9653425776018,0.0552329539342826,0.205705968023266,"SFXN5"
"5907",94101,0.384558066504692,-1.05856094422975,2.764656150607,0.008085781038584,0.0618834464025294,"ORMDL1"
"5908",94103,0.354412102450209,0.847547543074153,3.34987022691622,0.00159039611710574,0.024409776849493,"ORMDL3"
"5909",94104,-0.0130028353280289,-0.564485990773396,-0.170366423937733,0.865445101848709,0.936053222052401,"PAXBP1"
"5910",9412,0.145420589575074,-3.31793127983192,0.833932314955552,0.408490673430292,0.647216250262037,"MED21"
"5911",94121,-0.0127535815302411,-1.19542687676986,-0.0847795615075251,0.932792736963796,0.969487356637592,"SYTL4"
"5912",94134,0.00433931215724459,-0.580014225433479,0.0457383190301997,0.963710450806219,0.982776740904122,"ARHGAP12"
"5913",9414,0.66958275320743,0.943000438930306,4.56486118225645,3.53884659386914e-05,0.00271887465934835,"TJP2"
"5914",9415,0.258777789837059,-0.777173436552149,1.74197332786291,0.0879815025327745,0.268103796609805,"FADS2"
"5915",9420,0.104663907646834,-0.0246034978806129,0.777750696133548,0.440570248596421,0.670045753754189,"CYP7B1"
"5916",9429,0.418239115507673,-2.7013838617872,1.44744635726026,0.154335868335323,0.378169085765353,"ABCG2"
"5917",9440,-0.0425434996639265,-2.09260447806004,-0.304714296112666,0.761914025565992,0.883115023883518,"MED17"
"5918",9441,-0.123810473488913,-0.817178427598142,-0.732827544864658,0.467262428177112,0.68929969101166,"MED26"
"5919",9442,0.143853273488591,-2.2405152926694,0.757343781801212,0.452582215243436,0.678640238092928,"MED27"
"5920",9444,0.415263432120811,-0.501352244270168,2.91908029919017,0.00535077549772016,0.0492399700224983,"QKI"
"5921",9445,0.156881062831758,-0.637200416465081,1.65076084913084,0.105380666113565,0.3042457801529,"ITM2B"
"5922",9446,-0.233202141525275,5.01292269247244,-2.82876364924408,0.00682239478885544,0.0568193476444976,"GSTO1"
"5923",9448,0.338172753152072,-0.271381154246551,3.31688149704362,0.00175046417248383,0.0254883678573658,"MAP4K4"
"5924",9451,-0.100497759777424,-1.38094869369485,-0.660372607643963,0.512202575056284,0.72278498043107,"EIF2AK3"
"5925",9455,0.0248814025888064,-0.587760638595356,0.249562009412932,0.804001482922605,0.900869131467497,"HOMER2"
"5926",9456,-0.164638916212927,-2.33551726243705,-1.25929397276525,0.214073382447849,0.454350768141389,"HOMER1"
"5927",9462,0.01000169568854,-1.30126724707101,0.0674034031933991,0.946543301961511,0.976373814617883,"RASAL2"
"5928",9465,0.37738707592532,-2.40012702193489,2.07095023421628,0.0438172832543781,0.178585979160274,"AKAP7"
"5929",947,0.284677157263568,-1.8492499126299,1.00413534194885,0.320398139041273,0.574358579858451,"CD34"
"5930",9470,0.191102219942821,-0.875930868096155,2.06034342717585,0.0448627012828383,0.180450367283133,"EIF4E2"
"5931",9477,0.115121904974447,-0.339419958875913,1.15026969356443,0.255787283987694,0.50793346784745,"MED20"
"5932",9479,-0.0304701274128636,-2.14758350805434,-0.171205000518672,0.864789358782698,0.935508826966549,"MAPK8IP1"
"5933",948,-0.228225966144146,0.642210717710273,-1.05089932135933,0.298618657259379,0.552566885412634,"CD36"
"5934",9482,0.00141922980277162,-0.018755113341618,0.0161132677568261,0.98721147682616,0.995155862170959,"STX8"
"5935",9486,0.0804197824668886,-2.13471760388894,0.557660760223952,0.579693174194328,0.769664006749899,"CHST10"
"5936",9488,0.165795266019754,-1.54143325100061,1.15671986775791,0.253167428722748,0.50387213926726,"PIGB"
"5937",9489,-0.318355631928943,-0.489558607646217,-3.53534002520613,0.000919731138366,0.0175320177866165,"PGS1"
"5938",949,-0.136219317015548,-0.756172715117925,-0.931869808382206,0.356113264281832,0.607048390163609,"SCARB1"
"5939",9491,0.098264490029937,1.52946814776285,1.06754813746243,0.29111668368925,0.545943844938776,"PSMF1"
"5940",9497,0.0571067939776517,-3.5511062294868,0.286372923761571,0.775837061295693,0.88811784450447,"SLC4A7"
"5941",9498,-0.184138820280261,-2.03105038510034,-1.52161309402585,0.134731572072213,0.350293724656602,"SLC4A8"
"5942",95,0.146080502730938,-0.425080473527031,1.34626673110598,0.184602177484464,0.415010911662617,"ACY1"
"5943",950,-0.103228630003597,4.37297980656289,-1.10898252129604,0.273017491976449,0.527638969065315,"SCARB2"
"5944",9500,0.334499685537184,-1.82932685906981,1.9671222448225,0.055021164476617,0.205425734524012,"MAGED1"
"5945",9501,-0.205871832724771,2.1581609007278,-1.33001993267217,0.189858873583612,0.42209085597121,"RPH3AL"
"5946",9509,0.106409510142572,-1.03361851504781,0.869920927693872,0.388715743330736,0.633715068410108,"ADAMTS2"
"5947",9515,-0.396854925496364,-0.784332686048962,-2.73548618608496,0.00872937341325731,0.0650007955601042,"STXBP5L"
"5948",9517,0.133081119415988,-1.05131918203506,0.985880683550813,0.329183851817628,0.583393458255102,"SPTLC2"
"5949",9519,-0.263946059489551,-2.23017715115694,-1.87308899525378,0.0672129337731301,0.229442074149216,"TBPL1"
"5950",9522,-0.259606407796122,1.55201011150743,-2.34203573786454,0.0234179128676512,0.122853973659524,"SCAMP1"
"5951",9526,0.000591720836260912,3.15669119744008,0.00689669978779832,0.994526138993963,0.997837193305396,"MPDU1"
"5952",9528,0.377635080036563,-1.75932804172941,3.07477033186586,0.00348624431532245,0.0380081129794835,"TMEM59"
"5953",9529,0.0168984741885324,-0.474597475912118,0.185399875058948,0.853704311644064,0.930404308393336,"BAG5"
"5954",953,-0.183704202392696,-0.731467208447084,-0.875685618431985,0.385604949918626,0.630821743763466,"ENTPD1"
"5955",9531,0.0662016132678063,-0.949521516522872,0.522236004758942,0.603931596518372,0.787370285830055,"BAG3"
"5956",9532,0.0277210443175424,0.340977648577997,0.293697348639158,0.7702678428131,0.886344245168433,"BAG2"
"5957",9535,0.0266795271341977,-2.47167787677628,0.133727741091092,0.894182482556896,0.949894786766049,"GMFG"
"5958",9537,0.384454673304528,-0.620447212855137,2.38761072482703,0.020984066654989,0.115000179578859,"TP53I11"
"5959",9538,-0.204073470660802,0.930393195945428,-1.55468559692129,0.126654958406096,0.337592197041045,"EI24"
"5960",954,-0.0952605168178084,-1.45222255269151,-0.505236494823486,0.615727577722003,0.794529883368491,"ENTPD2"
"5961",9540,0.435530038952002,1.48654901303534,3.67236492583309,0.00060829697039916,0.0138583069832888,"TP53I3"
"5962",9545,0.0379553633122356,2.71520770781536,0.39367788264385,0.695579394042897,0.845454214300399,"RAB3D"
"5963",9546,0.210451436978059,-1.78499322101541,1.68560579490451,0.0984268730844028,0.290873445831519,"APBA3"
"5964",9550,-0.198524760037914,3.21146419682328,-1.40243332864861,0.167283765542856,0.39446321663544,"ATP6V1G1"
"5965",9551,-0.0482251096236295,1.92577973440685,-0.453822491580369,0.652022035270281,0.815259982173352,"ATP5MF"
"5966",9552,0.107206702701302,-0.897465093103202,1.05745047502783,0.295650952442489,0.549820052868345,"SPAG7"
"5967",9553,0.0706667062338393,-1.18874886309636,0.601183502287637,0.550574286057253,0.750352265899811,"MRPL33"
"5968",9555,0.01364032674371,5.81256651535824,0.187797696002406,0.851834682424618,0.929723597680848,"MACROH2A1"
"5969",9556,0.130323108055856,-0.232530074481164,0.520201018028491,0.605338148289371,0.787370285830055,"ATP5MJ"
"5970",9557,-0.140238542248823,-0.63472026200555,-1.209234977032,0.232553286616105,0.478515612889592,"CHD1L"
"5971",956,-0.778005850932318,1.27440230837583,-4.88369018750174,1.21894594378929e-05,0.00178140242928063,"ENTPD3"
"5972",9563,0.412170579503585,0.336783114156726,2.96283732281396,0.00474950414929935,0.0456908798872201,"H6PD"
"5973",9564,0.355752433979247,-0.550193026373083,3.22365574242417,0.0022894501738388,0.0291641909784609,"BCAR1"
"5974",95681,0.0658210600189391,-1.20530813632558,0.53562569077659,0.59471486524552,0.781661636590364,"CEP41"
"5975",9577,-0.168100722597483,-0.351949305009167,-1.29861128183704,0.200342627754996,0.435601505193116,"BABAM2"
"5976",9580,-0.191658866592707,-4.63548913675628,-0.726673453749577,0.470989815492419,0.692108088937628,"SOX13"
"5977",9581,-0.192824958537206,0.0854250937802578,-1.71993683727224,0.091949823503538,0.276660792482704,"PREPL"
"5978",9583,-0.240201731809455,-1.15031435664425,-2.09842425942228,0.0412075413952883,0.172885775177225,"ENTPD4"
"5979",9586,-0.372125782532401,-1.62372342281175,-2.341202930826,0.0234646486116722,0.1228890897427,"CREB5"
"5980",9589,0.174034977502731,-0.224038410601516,2.16207644957777,0.0356773601840177,0.156833549096209,"WTAP"
"5981",9590,0.177165989308028,0.877045450301788,1.21915107982672,0.228802719714881,0.474296215336014,"AKAP12"
"5982",960,0.808467037130164,2.29607356528492,3.34979784056097,0.00159073162916214,0.024409776849493,"CD44"
"5983",9600,-0.434762754407321,0.396626145430863,-4.78106903290668,1.72163981988239e-05,0.00206399396261187,"PITPNM1"
"5984",9601,-0.136644366118069,4.04976569539274,-1.12479410667781,0.26632446247566,0.520936759297515,"PDIA4"
"5985",9604,-0.022703925086216,-0.555200692609984,-0.253004423666744,0.801355857707142,0.899876007063015,"RNF14"
"5986",9605,-0.266855245347634,-5.35526070111065,-0.696501092749986,0.489507387770024,0.706718849840803,"VPS9D1"
"5987",961,0.0198093990061547,2.0621655673436,0.227633551423003,0.82090749721932,0.910175256129369,"CD47"
"5988",9610,-0.129412552517087,-0.401926071497935,-1.22542018918648,0.226454590982874,0.471658730727139,"RIN1"
"5989",9611,0.199028972344712,-0.888248346131308,2.53461079999479,0.0146069879648181,0.0901988854406976,"NCOR1"
"5990",9612,-0.172053397283507,0.189126125917999,-1.62574441447723,0.110617112233848,0.312025659416983,"NCOR2"
"5991",9615,-0.292300325214931,2.99823870141732,-2.16099555765529,0.0357655331148799,0.157030645392799,"GDA"
"5992",9630,-0.087179160315823,-0.791036472708221,-0.750662166712543,0.456556280619331,0.682018877313165,"GNA14"
"5993",9636,0.505374303187154,0.0743850322970087,2.98173272432706,0.00450988355965055,0.0446539337387375,"ISG15"
"5994",9640,0.174807122835607,-0.770050710231919,1.63769986281203,0.108088715513831,0.308873618510695,"ZNF592"
"5995",9643,-0.283755691147283,-0.95803567045835,-2.8884461039294,0.00581313806347125,0.0520659384935733,"MORF4L2"
"5996",9644,0.293939375540695,-1.96644781431665,1.55945172259972,0.125523754804908,0.336153929752411,"SH3PXD2A"
"5997",9645,0.60820322912054,-0.884267642642398,3.08388058512414,0.0033986954962429,0.0373187709408567,"MICAL2"
"5998",9647,-0.112357557665302,0.0386468347441093,-1.39675607080571,0.168974964757446,0.396076718047154,"PPM1F"
"5999",9651,-0.0946568785539665,-1.43648192949903,-0.497941956031104,0.620821101423661,0.796274302412765,"PLCH2"
"6000",9656,-0.119290601090012,-0.0683896464728211,-1.42721565160035,0.160054642189682,0.385563341350184,"MDC1"
"6001",9657,-0.13372441562654,-3.83330646816803,-0.652773769622136,0.51704713471299,0.726993917145684,"IQCB1"
"6002",9658,-0.326232947346289,-1.44133698420441,-3.69638161047942,0.000565364270151683,0.0132226980200379,"ZNF516"
"6003",9659,-0.26230716901835,-0.0894601449246126,-2.97890516207231,0.00454500765662341,0.0446539337387375,"PDE4DIP"
"6004",966,0.290099058647106,2.44104670675798,2.26865396142521,0.0278705748240366,0.134172226094068,"CD59"
"6005",9662,-0.0424317134366443,1.01244943786758,-0.260194585924878,0.795837556970326,0.896796571449212,"CEP135"
"6006",9665,0.166450015767998,-1.63709140794901,1.18251456913624,0.242883334321286,0.492995339306896,"MARF1"
"6007",9666,-0.116299036673789,-3.51223758007566,-0.665043775258978,0.509236687429658,0.720372156589823,"DZIP3"
"6008",967,0.0524797553873659,4.48617137374332,0.539518095478451,0.592048034011706,0.779581178624141,"CD63"
"6009",9670,-0.109790774897306,-1.48618865894609,-1.1527441084676,0.254779966354288,0.506409403702863,"IPO13"
"6010",9673,-0.0408424471514943,-1.1302819052481,-0.464489909379999,0.64441747866698,0.811302620868143,"SLC25A44"
"6011",9675,0.0649580894408601,-0.988255667288748,0.669294995747068,0.506545526749854,0.71930709763568,"TTI1"
"6012",9677,-0.0316818441247311,-0.672558725297031,-0.398420428614611,0.692104454875917,0.84304574694919,"PPIP5K1"
"6013",9678,0.111843098356542,-0.0751498186298031,1.49221273159799,0.142251541432491,0.360057716005207,"PHF14"
"6014",9681,0.0098534524877687,-0.914980302998372,0.108198367369486,0.914293804102568,0.959633271132278,"DEPDC5"
"6015",9683,-0.0345062680832404,-4.52679365974249,-0.120327542746461,0.904730890631178,0.955478012163484,"N4BP1"
"6016",9685,-0.0529666020971082,2.14148879643466,-0.771378078952424,0.444300925460532,0.672532448946176,"CLINT1"
"6017",9689,-0.00374761954285496,1.93108009586013,-0.0455420486458445,0.963866064890564,0.982776740904122,"BZW1"
"6018",9690,-0.266109283058933,0.582770353001648,-3.98638697636848,0.000229887550538687,0.00815271543224326,"UBE3C"
"6019",9692,0.0391022174905062,-1.71502455875983,0.343279642127893,0.732901863886264,0.865605472490646,"PRORP"
"6020",9693,-0.0251107468846095,-3.07818870820724,-0.128071274916886,0.898632915161276,0.952973191648222,"RAPGEF2"
"6021",97,0.172859587639535,-0.0270827349744256,1.05996327211546,0.294518067262031,0.549802888337697,"ACYP1"
"6022",9701,0.0402569777452982,0.52615016018227,0.502338836085922,0.617748645491939,0.795376227049747,"PPP6R2"
"6023",9702,0.212354208289767,-1.041354888821,1.37929094007988,0.174260676935913,0.403209813959964,"CEP57"
"6024",9703,-0.0198738033709591,2.61502998722482,-0.160968046295523,0.872800799903798,0.939360436323169,"BLTP2"
"6025",9704,0.0355096509503678,-1.83056698059767,0.178593308750989,0.859016114310088,0.932725268064457,"DHX34"
"6026",9705,0.245052766543699,-2.81367993607573,1.59274080011368,0.117847720683228,0.325050263279954,"ST18"
"6027",9709,-0.471307334828142,-1.65554241948653,-3.7574327391712,0.000468933834613675,0.0119456494786469,"HERPUD1"
"6028",971,-0.0552245680895687,-3.45038703307654,-0.192651938866143,0.848052371721379,0.926720575003362,"CD72"
"6029",9712,0.143197451997817,-2.239063591336,0.698899182778258,0.488020965199585,0.705647275475866,"USP6NL"
"6030",9719,0.0783018913809428,-1.00911398808651,0.446845768336631,0.657015917076603,0.819001563569494,"ADAMTSL2"
"6031",972,0.61234464627222,-2.78158113207888,2.88489501480348,0.0058690746482461,0.0522225672851141,"CD74"
"6032",9723,0.218525941238276,-2.82839883893215,0.819038945308092,0.416852024088708,0.652384934435555,"SEMA3E"
"6033",9725,0.836873167567956,-1.0486427552319,3.05351688332265,0.00369878641957492,0.0393468822241782,"TMEM63A"
"6034",9728,-0.17386906619768,-2.899172555912,-0.606765094352879,0.546894319273482,0.748458713868592,"SECISBP2L"
"6035",9734,-0.365447600860537,0.113321806073684,-2.36613393199774,0.0221011697744374,0.118271124738881,"HDAC9"
"6036",9736,-0.0637916940784904,-1.67591937509457,-0.674566537577663,0.503219213689227,0.71664954376438,"USP34"
"6037",9737,-0.319570877783309,-1.11380188814657,-2.20694993651519,0.0321817328835559,0.146587365404843,"GPRASP1"
"6038",9738,-0.0687381301631389,-1.54642531020059,-0.46818161441192,0.641794610829503,0.809857134807496,"CCP110"
"6039",9739,0.0575720570096252,-1.11448851216777,0.623158913629121,0.5361589531927,0.740203251168869,"SETD1A"
"6040",9741,0.0570731260756387,-2.62577908435062,0.273460331456327,0.785684169588831,0.891940599109743,"LAPTM4A"
"6041",9742,0.0263629191385425,-0.734174380017632,0.288560789727003,0.774172228855656,0.887783653531628,"IFT140"
"6042",9743,0.217815206000262,-2.29643010569175,0.686864569263727,0.495505732049334,0.710943006853392,"ARHGAP32"
"6043",9744,-0.0762214741181337,1.58632014714524,-0.655735659805075,0.515155904714307,0.72540191400239,"ACAP1"
"6044",9746,0.319068801504507,-3.26712804633533,1.44426297884293,0.155224970930848,0.379287767346156,"CLSTN3"
"6045",9747,-0.158570006500143,0.764940067223682,-2.09748077895695,0.0412948590055836,0.173133773617672,"TCAF1"
"6046",9749,-0.0522977587190638,-1.67702445291169,-0.377510014258071,0.707475116448689,0.851968268542682,"PHACTR2"
"6047",975,0.338311435300642,-0.803981115302498,2.10230786714683,0.0408498165752847,0.171854814351677,"CD81"
"6048",9751,-0.0178247369335844,-4.19284512829126,-0.0847753189573261,0.932796091940821,0.969487356637592,"SNPH"
"6049",9757,0.145826770896638,-2.67259199711814,0.596603563145493,0.553603224204982,0.752090626511343,"KMT2B"
"6050",9759,-0.131562192693037,-1.06551243287253,-1.03603100530522,0.305430009160652,0.559453714183253,"HDAC4"
"6051",976,-0.061704414359125,-2.33430192745365,-0.320202441561469,0.750218292443156,0.876111088092863,"ADGRE5"
"6052",9760,-0.208560585386798,-3.70644074374443,-0.884918899492188,0.380655207243909,0.62740646134885,"TOX"
"6053",9761,0.0102797609923204,2.64587313722042,0.102301401266219,0.918947823368951,0.962375636650276,"MLEC"
"6054",9764,0.0979220985114209,-1.53773009049267,0.85501537251767,0.396832020126421,0.638825062696193,"KIAA0513"
"6055",9765,0.286707152197574,-0.405660773622503,2.96386111245204,0.00473622220701877,0.0456908798872201,"ZFYVE16"
"6056",9766,0.0721045300527372,-1.54422646912152,0.369906801648004,0.713095076278155,0.854525610651948,"SUSD6"
"6057",9774,-0.042057122081061,2.60487149604547,-0.499041679530692,0.620051992401915,0.796274302412765,"BCLAF1"
"6058",9776,0.0278039270719392,-1.95837940359126,0.226837071238127,0.821523224855547,0.910693435825058,"ATG13"
"6059",9788,-0.121368376394195,-0.391787131086822,-1.08178210553234,0.284807351952778,0.539326131775472,"MTSS1"
"6060",9789,-0.0963463490459318,3.66504994796525,-1.03218764528073,0.307207862891468,0.560702308185499,"SPCS2"
"6061",9790,0.216359736315482,0.108116233836801,2.28860369673661,0.0265909576270225,0.131459005369976,"BMS1"
"6062",9791,-0.0342591414654888,-0.582927724144586,-0.453832199869234,0.652015097292872,0.815259982173352,"PTDSS1"
"6063",98,0.00331196614389229,0.00956077606669439,0.0210776650584053,0.983271938157505,0.992488596679949,"ACYP2"
"6064",9801,-0.254063158866851,1.44503963366479,-3.69284199996292,0.00057150367514215,0.013287460447055,"MRPL19"
"6065",9804,0.0500175277005117,-1.11307876716329,0.33917628777653,0.735970959819163,0.867727574216293,"TOMM20"
"6066",9805,-0.201774466970408,3.75568178016388,-2.30927780204956,0.0253203727519935,0.128167146482975,"SCRN1"
"6067",9807,0.00691553227333053,-1.0999869662813,0.0847155904734912,0.932843324910658,0.969487356637592,"IP6K1"
"6068",9813,-0.327572504025422,-3.02088138985148,-1.99533681099051,0.0517556911182623,0.197929241173766,"EFCAB14"
"6069",9815,0.117555255573241,-0.343935934651526,1.38460317101786,0.17263964744663,0.400740604058327,"GIT2"
"6070",9816,0.0978162265430507,-2.18708991783003,0.998560307149254,0.323064397073561,0.576779892157509,"URB2"
"6071",9819,0.246629737761567,-2.33012178452169,2.04901566635155,0.0460030768508494,0.184072285339318,"TSC22D2"
"6072",9820,-0.106475914441364,-0.374659360033404,-1.16410463603476,0.250191714863688,0.50024773962829,"CUL7"
"6073",9823,-0.333366346799336,0.825618817511212,-3.11157865541248,0.00314503328857736,0.0353557038924685,"ARMCX2"
"6074",9826,0.0361373445127227,-0.807494654145178,0.344093789748364,0.73229344539877,0.865605472490646,"ARHGEF11"
"6075",9828,0.0652074446336322,-1.45822755886649,0.614240836698574,0.541985292194112,0.74489604198107,"ARHGEF17"
"6076",9829,-0.330163015200011,-0.649671147814909,-2.27611184575661,0.0273859350070036,0.133062577920267,"DNAJC6"
"6077",9836,-0.0041447731300388,-1.8579234070296,-0.0296765390740322,0.976449283383899,0.988688382863726,"LCMT2"
"6078",9844,0.0737594172113907,-2.58157336895186,0.279474759065821,0.781093071538894,0.89090044723476,"ELMO1"
"6079",9846,0.374743944505836,-4.42560196034907,1.28715904433716,0.204271848033693,0.44071022960661,"GAB2"
"6080",9851,-0.223654219487908,-3.8329419106875,-0.968368307399294,0.337762344865636,0.590819399482837,"KIAA0753"
"6081",9852,-0.293509880809921,1.3304212243792,-3.7354628276011,0.000501655803562645,0.0124228383213496,"EPM2AIP1"
"6082",9854,-0.152528073315739,-1.72086114595633,-1.16603990637161,0.24941607639529,0.499646173927641,"C2CD2L"
"6083",9855,-0.066103668542828,-0.570846189590398,-0.795321348738467,0.43038046853714,0.663570790223805,"FARP2"
"6084",9856,-0.00315532618998615,-2.30163874554557,-0.0155184161286988,0.98768354981014,0.995402223974459,"KIAA0319"
"6085",9857,0.0138254953546597,-1.96204263582145,0.12606695759981,0.900210682732778,0.953493213220672,"CEP350"
"6086",9859,0.0100937823718932,-0.929806346912977,0.138411870056591,0.890499665558818,0.948787520470574,"CEP170"
"6087",9862,0.327313499904361,-2.70871125716778,2.44796001501465,0.0181117418178093,0.104669427008229,"MED24"
"6088",9863,-0.0625211791234488,-1.35708434572057,-0.479281442423578,0.633936289588917,0.805020055545079,"MAGI2"
"6089",9867,-0.0311901537209782,-1.94773373539332,-0.186296543779751,0.853005061151188,0.929972480523267,"PJA2"
"6090",9869,-0.0473128792336093,-1.2181081162288,-0.359557809628464,0.720770436026156,0.858915570725085,"SETDB1"
"6091",9871,-0.271471292642715,2.50795466856409,-3.20557877556364,0.00241068967730083,0.0298791342965956,"SEC24D"
"6092",9873,-0.0309991739470101,-5.12039415754125,-0.0744067604988092,0.940999002007652,0.97416965328436,"FCHSD2"
"6093",9875,0.224773258725878,-2.24843207687621,1.32096342288739,0.192838117588192,0.424880293775332,"URB1"
"6094",9878,0.0939515909313279,-0.769683960343519,1.17710199933256,0.245015768083305,0.495146822347267,"TOX4"
"6095",9879,0.0680585360058155,1.4906611643619,1.01988939639943,0.312944197108525,0.565621755551273,"DDX46"
"6096",9882,-0.221039536735586,-0.0719440750291467,-2.54826563596914,0.0141147094754996,0.0885925864156052,"TBC1D4"
"6097",9885,0.0464059836621331,-1.57261670211598,0.423418836655422,0.673899592479627,0.830268104905651,"OSBPL2"
"6098",9887,-0.0904273513949225,-2.18027242621872,-0.880152745620171,0.383205182084765,0.629749238992313,"SMG7"
"6099",9892,-0.365723608977017,0.537341655919513,-2.77066427456472,0.00795878531694601,0.0614094809252615,"SNAP91"
"6100",9894,-0.0614843250510453,-2.32004859513034,-0.405086531532246,0.687231395610869,0.84078658685659,"TELO2"
"6101",9895,0.0842569387443173,-1.27055066214311,0.612465598839091,0.543148964974089,0.745493816415688,"TECPR2"
"6102",9898,0.0187710654994767,1.06120481139825,0.17377960566044,0.862776692851831,0.93483022922514,"UBAP2L"
"6103",9900,-0.531829941498121,1.3666805990584,-3.6581723412687,0.00063512105244081,0.0142797546515813,"SV2A"
"6104",9902,0.202827466581912,-2.31375794452373,1.52378497722808,0.134188865976522,0.349452408677069,"MRC2"
"6105",9904,0.179425183438303,-1.63237870324124,1.6002379386718,0.116172471741534,0.321780970915856,"RBM19"
"6106",9905,-0.171989359959682,-0.858055706167817,-1.51190622340953,0.137178530677109,0.35259707759468,"SGSM2"
"6107",9907,0.136341227293007,-2.51354189787688,0.856179169218357,0.396194543947363,0.638825062696193,"AP5Z1"
"6108",9909,0.0497873978404755,-1.21166557269633,0.498155397273419,0.620671794427296,0.796274302412765,"DENND4B"
"6109",9911,-0.183145698260381,-3.70895454509525,-1.05852126994131,0.295167820960121,0.549820052868345,"TMCC2"
"6110",9912,-0.248961787980707,-0.665498210213223,-2.24148897796533,0.0297009631004302,0.139804073244203,"ARHGAP44"
"6111",9913,-0.0222222555900295,-1.55615459893076,-0.137609085588281,0.89113067049737,0.948787520470574,"SUPT7L"
"6112",9917,-0.210534279326568,0.673410058888882,-2.48706620647623,0.0164452653833786,0.0975275738388194,"FAM20B"
"6113",9920,0.327441679207323,-0.414623742242598,2.17243269931783,0.034842207679405,0.154747808058023,"KBTBD11"
"6114",9923,0.179367553621273,-3.10453714803373,0.88746239803017,0.379298802408653,0.62702290578624,"ZBTB40"
"6115",9924,-0.053529432043776,-3.05165399109432,-0.335168610350554,0.738972697496293,0.869678504392099,"PAN2"
"6116",9926,-0.0071309746455849,-0.243081836723673,-0.0651392378260968,0.948336343299019,0.976373814617883,"LPGAT1"
"6117",9927,-0.154869448462505,1.29703848273619,-2.0838369517396,0.0425757629936314,0.175446834484172,"MFN2"
"6118",9931,-0.14268136393635,-1.97522909350715,-1.41590647447814,0.163322786585868,0.389008639528156,"HELZ"
"6119",9933,0.0949705585697655,-0.190090992223704,1.18463701524545,0.24205082196445,0.491793427745049,"PUM3"
"6120",9939,0.0122975304396387,1.66811242873724,0.146155202923015,0.88441698216715,0.944833426120823,"RBM8A"
"6121",9941,-0.205624205654326,-0.950419925990261,-1.41230878286977,0.164373266894538,0.390074322744685,"EXOG"
"6122",9942,0.0921109768460311,-1.79894834991348,0.553610786405801,0.582440301333419,0.771837655778611,"XYLB"
"6123",9953,0.249428843289201,-0.838504693328569,1.53170186510241,0.132225362688182,0.346834175811929,"HS3ST3B1"
"6124",996,0.0022146539425234,-0.96860322798449,0.0332258359069753,0.973633632959391,0.986491125636306,"CDC27"
"6125",9960,0.600361378839653,-3.71881788051601,2.34126746368984,0.0234610241521438,0.1228890897427,"USP3"
"6126",9961,0.595795387098224,2.90964543872603,4.13449187326134,0.000143656109703294,0.0064362131486045,"MVP"
"6127",9968,0.0551984241673247,-2.42453392646294,0.293298897873377,0.77057049865131,0.886344245168433,"MED12"
"6128",997,-0.202675082453846,-0.00366616043899015,-2.36942377516701,0.021926659986828,0.118186185280278,"CDC34"
"6129",9973,-0.0040079782557183,1.21503733950184,-0.0357080119956458,0.971664726676209,0.985966202905999,"CCS"
"6130",9978,0.16945869112987,0.776729857974653,1.83695960301918,0.0724727976816287,0.238055684045317,"RBX1"
"6131",9980,0.294827027850787,0.309177298427375,3.09973063500676,0.00325127983261006,0.0360833003560802,"DOP1B"
"6132",9987,-0.00369093358555794,2.89617201579717,-0.0593439428756009,0.952926970122439,0.978595573466878,"HNRNPDL"
"6133",9989,0.129861490058541,0.153790382702104,1.88430265067318,0.065647786926675,0.225547173978222,"PPP4R1"
"6134",999,0.207231222837933,1.9436938172701,2.85021261197611,0.00644231421757639,0.0548445557107959,"CDH1"
"6135",9991,-0.0143043330213219,1.98672472676024,-0.173415359302814,0.863061382480375,0.93483022922514,"PTBP3"
"6136",9997,0.122711879649433,-0.110390322380582,1.4919029335649,0.142332516895503,0.360114175063725,"SCO2"
